Linux 6.5.0-44-generic (npc2408016) 	07/01/2025 	_x86_64_	(22 CPU)

12:09:45 PM   UID       PID    %usr %system  %guest   %wait    %CPU   CPU  Command
12:09:46 PM  1000     32973    0.00    2.00    0.00    0.00    2.00    12  talker
12:09:46 PM  1000     32975    0.00    1.00    0.00    0.00    1.00     3  talker
12:09:46 PM  1000     32977    1.00    0.00    0.00    0.00    1.00    15  talker
12:09:46 PM  1000     32979    1.00    0.00    0.00    0.00    1.00     9  talker
12:09:46 PM  1000     32981    1.00    1.00    0.00    0.00    2.00     8  talker
12:09:46 PM  1000     32983    0.00    1.00    0.00    0.00    1.00    13  talker
12:09:46 PM  1000     32985    0.00    0.00    0.00    0.00    0.00     7  talker
12:09:46 PM  1000     32987    0.00    1.00    0.00    0.00    1.00    13  talker
12:09:46 PM  1000     32989    1.00    0.00    0.00    0.00    1.00    12  talker
12:09:46 PM  1000     32991    1.00    1.00    0.00    0.00    2.00    15  talker
12:09:46 PM  1000     32993    2.00    1.00    0.00    0.00    3.00     8  talker
12:09:46 PM  1000     32995    1.00    1.00    0.00    0.00    2.00     3  talker
12:09:46 PM  1000     32997    0.00    0.00    0.00    0.00    0.00    15  talker
12:09:46 PM  1000     32998    1.00    0.00    0.00    0.00    1.00     2  talker
12:09:46 PM  1000     33001    1.00    0.00    0.00    0.00    1.00     9  talker
12:09:46 PM  1000     33011    0.00    1.00    0.00    0.00    1.00     1  talker
12:09:46 PM  1000     33013    1.00    1.00    0.00    0.00    2.00     0  talker
12:09:46 PM  1000     33015    1.00    0.00    0.00    0.00    1.00     3  talker
12:09:46 PM  1000     33019    1.00    0.00    0.00    0.00    1.00     2  talker
12:09:46 PM  1000     33022    1.00    1.00    0.00    0.00    2.00     3  talker
12:09:46 PM  1000     33040    0.00    1.00    0.00    0.00    1.00    15  talker
12:09:46 PM  1000     33124    1.00    1.00    0.00    0.00    2.00    16  talker
12:09:46 PM  1000     33177    1.00    1.00    0.00    0.00    2.00    15  talker
12:09:46 PM  1000     33211    0.00    2.00    0.00    0.00    2.00     9  talker
12:09:46 PM  1000     33226    0.00    1.00    0.00    0.00    1.00    15  talker
12:09:46 PM  1000     33228    0.00    1.00    0.00    0.00    1.00    13  talker
12:09:46 PM  1000     33275    0.00    1.00    0.00    0.00    1.00    17  talker
12:09:46 PM  1000     33295    1.00    1.00    0.00    0.00    2.00    15  talker
12:09:46 PM  1000     33298    0.00    2.00    0.00    0.00    2.00    11  talker
12:09:46 PM  1000     33345    1.00    0.00    0.00    0.00    1.00     4  talker
12:09:46 PM  1000     33374    1.00    0.00    0.00    0.00    1.00    11  talker
12:09:46 PM  1000     33377    1.00    1.00    0.00    0.00    2.00    12  talker
12:09:46 PM  1000     33379    0.00    1.00    0.00    0.00    1.00    12  talker

12:09:46 PM   UID       PID    %usr %system  %guest   %wait    %CPU   CPU  Command
12:09:47 PM  1000     32973    1.00    1.00    0.00    0.00    2.00     4  talker
12:09:47 PM  1000     32975    1.00    0.00    0.00    0.00    1.00    15  talker
12:09:47 PM  1000     32977    1.00    1.00    0.00    0.00    2.00    16  talker
12:09:47 PM  1000     32979    1.00    1.00    0.00    0.00    2.00    13  talker
12:09:47 PM  1000     32981    1.00    1.00    0.00    0.00    2.00     3  talker
12:09:47 PM  1000     32983    1.00    0.00    0.00    0.00    1.00    13  talker
12:09:47 PM  1000     32985    1.00    1.00    0.00    0.00    2.00     8  talker
12:09:47 PM  1000     32987    1.00    1.00    0.00    0.00    2.00     6  talker
12:09:47 PM  1000     32989    1.00    1.00    0.00    0.00    2.00    17  talker
12:09:47 PM  1000     32991    0.00    1.00    0.00    0.00    1.00     5  talker
12:09:47 PM  1000     32993    0.00    0.00    0.00    0.00    0.00    16  talker
12:09:47 PM  1000     32995    1.00    1.00    0.00    0.00    2.00    12  talker
12:09:47 PM  1000     32997    0.00    0.00    0.00    0.00    0.00    15  talker
12:09:47 PM  1000     32998    0.00    1.00    0.00    0.00    1.00     7  talker
12:09:47 PM  1000     33001    1.00    1.00    0.00    0.00    2.00    15  talker
12:09:47 PM  1000     33011    0.00    1.00    0.00    0.00    1.00     6  talker
12:09:47 PM  1000     33013    0.00    0.00    0.00    0.00    0.00    10  talker
12:09:47 PM  1000     33015    0.00    1.00    0.00    0.00    1.00    12  talker
12:09:47 PM  1000     33019    1.00    0.00    0.00    0.00    1.00     5  talker
12:09:47 PM  1000     33022    1.00    0.00    0.00    0.00    1.00     5  talker
12:09:47 PM  1000     33040    1.00    0.00    0.00    0.00    1.00     4  talker
12:09:47 PM  1000     33124    0.00    1.00    0.00    1.00    1.00     7  talker
12:09:47 PM  1000     33177    1.00    1.00    0.00    0.00    2.00     5  talker
12:09:47 PM  1000     33211    0.00    1.00    0.00    0.00    1.00    12  talker
12:09:47 PM  1000     33226    1.00    0.00    0.00    0.00    1.00    14  talker
12:09:47 PM  1000     33228    1.00    0.00    0.00    0.00    1.00     8  talker
12:09:47 PM  1000     33275    1.00    0.00    0.00    0.00    1.00    12  talker
12:09:47 PM  1000     33295    1.00    0.00    0.00    0.00    1.00     4  talker
12:09:47 PM  1000     33298    0.00    2.00    0.00    0.00    2.00     3  talker
12:09:47 PM  1000     33345    1.00    1.00    0.00    0.00    2.00     2  talker
12:09:47 PM  1000     33374    0.00    2.00    0.00    0.00    2.00    16  talker
12:09:47 PM  1000     33377    0.00    1.00    0.00    0.00    1.00     8  talker
12:09:47 PM  1000     33379    0.00    1.00    0.00    0.00    1.00    13  talker

12:09:47 PM   UID       PID    %usr %system  %guest   %wait    %CPU   CPU  Command
12:09:48 PM  1000     32973    1.00    1.00    0.00    0.00    2.00     9  talker
12:09:48 PM  1000     32975    0.00    2.00    0.00    0.00    2.00    12  talker
12:09:48 PM  1000     32977    0.00    1.00    0.00    0.00    1.00    16  talker
12:09:48 PM  1000     32979    1.00    1.00    0.00    0.00    2.00    14  talker
12:09:48 PM  1000     32981    0.00    0.00    0.00    0.00    0.00     1  talker
12:09:48 PM  1000     32983    1.00    1.00    0.00    0.00    2.00     9  talker
12:09:48 PM  1000     32985    1.00    0.00    0.00    0.00    1.00     5  talker
12:09:48 PM  1000     32987    1.00    1.00    0.00    0.00    2.00     7  talker
12:09:48 PM  1000     32989    1.00    1.00    0.00    0.00    2.00    12  talker
12:09:48 PM  1000     32991    1.00    1.00    0.00    0.00    2.00     3  talker
12:09:48 PM  1000     32993    1.00    1.00    0.00    0.00    2.00    13  talker
12:09:48 PM  1000     32995    0.00    1.00    0.00    0.00    1.00    10  talker
12:09:48 PM  1000     32997    0.00    0.00    0.00    0.00    0.00    15  talker
12:09:48 PM  1000     32998    1.00    1.00    0.00    0.00    2.00    15  talker
12:09:48 PM  1000     33001    1.00    0.00    0.00    0.00    1.00     5  talker
12:09:48 PM  1000     33011    1.00    1.00    0.00    0.00    2.00     1  talker
12:09:48 PM  1000     33013    1.00    1.00    0.00    0.00    2.00    10  talker
12:09:48 PM  1000     33015    1.00    1.00    0.00    0.00    2.00    17  talker
12:09:48 PM  1000     33019    1.00    1.00    0.00    0.00    2.00    12  talker
12:09:48 PM  1000     33022    1.00    1.00    0.00    0.00    2.00     6  talker
12:09:48 PM  1000     33040    0.00    1.00    0.00    0.00    1.00    15  talker
12:09:48 PM  1000     33124    1.00    0.00    0.00    0.00    1.00     3  talker
12:09:48 PM  1000     33177    1.00    1.00    0.00    0.00    2.00     3  talker
12:09:48 PM  1000     33211    0.00    2.00    0.00    0.00    2.00     2  talker
12:09:48 PM  1000     33226    0.00    2.00    0.00    0.00    2.00    13  talker
12:09:48 PM  1000     33228    0.00    2.00    0.00    0.00    2.00    11  talker
12:09:48 PM  1000     33275    0.00    2.00    0.00    0.00    2.00     5  talker
12:09:48 PM  1000     33295    1.00    1.00    0.00    0.00    2.00     9  talker
12:09:48 PM  1000     33298    1.00    1.00    0.00    1.00    2.00    12  talker
12:09:48 PM  1000     33345    0.00    1.00    0.00    0.00    1.00     8  talker
12:09:48 PM  1000     33374    0.00    1.00    0.00    0.00    1.00    12  talker
12:09:48 PM  1000     33377    1.00    0.00    0.00    0.00    1.00     6  talker
12:09:48 PM  1000     33379    1.00    1.00    0.00    0.00    2.00     5  talker

12:09:48 PM   UID       PID    %usr %system  %guest   %wait    %CPU   CPU  Command
12:09:49 PM  1000     32973    1.00    0.00    0.00    1.00    1.00    13  talker
12:09:49 PM  1000     32975    0.00    0.00    0.00    0.00    0.00    14  talker
12:09:49 PM  1000     32977    0.00    0.00    0.00    0.00    0.00    19  talker
12:09:49 PM  1000     32979    0.00    0.00    0.00    0.00    0.00    13  talker
12:09:49 PM  1000     32981    1.00    1.00    0.00    0.00    2.00    10  talker
12:09:49 PM  1000     32983    0.00    1.00    0.00    0.00    1.00     4  talker
12:09:49 PM  1000     32985    1.00    1.00    0.00    0.00    2.00     5  talker
12:09:49 PM  1000     32987    0.00    0.00    0.00    0.00    0.00     8  talker
12:09:49 PM  1000     32989    0.00    0.00    0.00    0.00    0.00     7  talker
12:09:49 PM  1000     32991    1.00    0.00    0.00    0.00    1.00     7  talker
12:09:49 PM  1000     32993    1.00    1.00    0.00    0.00    2.00    12  talker
12:09:49 PM  1000     32995    1.00    1.00    0.00    0.00    2.00     1  talker
12:09:49 PM  1000     32997    0.00    0.00    0.00    0.00    0.00    15  talker
12:09:49 PM  1000     32998    0.00    1.00    0.00    0.00    1.00    14  talker
12:09:49 PM  1000     33001    1.00    1.00    0.00    0.00    2.00    15  talker
12:09:49 PM  1000     33011    1.00    0.00    0.00    0.00    1.00    16  talker
12:09:49 PM  1000     33013    1.00    1.00    0.00    0.00    2.00     9  talker
12:09:49 PM  1000     33015    0.00    1.00    0.00    0.00    1.00    10  talker
12:09:49 PM  1000     33019    0.00    1.00    0.00    0.00    1.00    15  talker
12:09:49 PM  1000     33022    1.00    0.00    0.00    0.00    1.00     5  talker
12:09:49 PM  1000     33040    0.00    1.00    0.00    0.00    1.00     3  talker
12:09:49 PM  1000     33124    1.00    1.00    0.00    0.00    2.00     9  talker
12:09:49 PM  1000     33177    0.00    0.00    0.00    0.00    0.00     5  talker
12:09:49 PM  1000     33211    0.00    1.00    0.00    0.00    1.00     9  talker
12:09:49 PM  1000     33226    1.00    0.00    0.00    0.00    1.00    13  talker
12:09:49 PM  1000     33228    1.00    0.00    0.00    0.00    1.00    11  talker
12:09:49 PM  1000     33275    1.00    0.00    0.00    0.00    1.00     7  talker
12:09:49 PM  1000     33295    0.00    0.00    0.00    0.00    0.00    15  talker
12:09:49 PM  1000     33298    1.00    0.00    0.00    0.00    1.00     6  talker
12:09:49 PM  1000     33345    1.00    0.00    0.00    0.00    1.00     6  talker
12:09:49 PM  1000     33374    1.00    0.00    0.00    0.00    1.00    12  talker
12:09:49 PM  1000     33377    1.00    1.00    0.00    0.00    2.00    10  talker
12:09:49 PM  1000     33379    0.00    1.00    0.00    0.00    1.00    17  talker

12:09:49 PM   UID       PID    %usr %system  %guest   %wait    %CPU   CPU  Command
12:09:50 PM  1000     32973    0.00    1.00    0.00    0.00    1.00     8  talker
12:09:50 PM  1000     32975    1.00    1.00    0.00    0.00    2.00     0  talker
12:09:50 PM  1000     32977    1.00    1.00    0.00    0.00    2.00     9  talker
12:09:50 PM  1000     32979    1.00    1.00    0.00    0.00    2.00    14  talker
12:09:50 PM  1000     32981    0.00    0.00    0.00    0.00    0.00     2  talker
12:09:50 PM  1000     32983    1.00    0.00    0.00    0.00    1.00     0  talker
12:09:50 PM  1000     32985    0.00    0.00    0.00    0.00    0.00    14  talker
12:09:50 PM  1000     32987    1.00    1.00    0.00    0.00    2.00    15  talker
12:09:50 PM  1000     32989    1.00    0.00    0.00    0.00    1.00    10  talker
12:09:50 PM  1000     32991    0.00    0.00    0.00    0.00    0.00    17  talker
12:09:50 PM  1000     32993    0.00    0.00    0.00    0.00    0.00     1  talker
12:09:50 PM  1000     32995    0.00    0.00    0.00    0.00    0.00    13  talker
12:09:50 PM  1000     32997    0.00    0.00    0.00    0.00    0.00    15  talker
12:09:50 PM  1000     32998    1.00    0.00    0.00    0.00    1.00    17  talker
12:09:50 PM  1000     33001    0.00    1.00    0.00    0.00    1.00    15  talker
12:09:50 PM  1000     33011    0.00    1.00    0.00    0.00    1.00     3  talker
12:09:50 PM  1000     33013    0.00    0.00    0.00    0.00    0.00     8  talker
12:09:50 PM  1000     33015    1.00    0.00    0.00    0.00    1.00     9  talker
12:09:50 PM  1000     33019    1.00    0.00    0.00    0.00    1.00    14  talker
12:09:50 PM  1000     33022    0.00    1.00    0.00    0.00    1.00     2  talker
12:09:50 PM  1000     33040    1.00    1.00    0.00    0.00    2.00    12  talker
12:09:50 PM  1000     33124    0.00    0.00    0.00    0.00    0.00    13  talker
12:09:50 PM  1000     33177    1.00    1.00    0.00    0.00    2.00     9  talker
12:09:50 PM  1000     33211    0.00    1.00    0.00    0.00    1.00     1  talker
12:09:50 PM  1000     33226    1.00    1.00    0.00    0.00    2.00    14  talker
12:09:50 PM  1000     33228    0.00    1.00    0.00    0.00    1.00    13  talker
12:09:50 PM  1000     33275    0.00    1.00    0.00    0.00    1.00     7  talker
12:09:50 PM  1000     33295    1.00    0.00    0.00    0.00    1.00     0  talker
12:09:50 PM  1000     33298    1.00    0.00    0.00    0.00    1.00    13  talker
12:09:50 PM  1000     33345    1.00    0.00    0.00    0.00    1.00     5  talker
12:09:50 PM  1000     33374    1.00    1.00    0.00    0.00    2.00    11  talker
12:09:50 PM  1000     33377    0.00    0.00    0.00    0.00    0.00    14  talker
12:09:50 PM  1000     33379    1.00    0.00    0.00    0.00    1.00    13  talker

12:09:50 PM   UID       PID    %usr %system  %guest   %wait    %CPU   CPU  Command
12:09:51 PM  1000     32973    0.00    1.00    0.00    0.00    1.00    13  talker
12:09:51 PM  1000     32975    0.00    0.00    0.00    0.00    0.00     1  talker
12:09:51 PM  1000     32977    0.00    0.00    0.00    0.00    0.00     9  talker
12:09:51 PM  1000     32979    0.00    1.00    0.00    0.00    1.00     2  talker
12:09:51 PM  1000     32981    1.00    1.00    0.00    0.00    2.00     1  talker
12:09:51 PM  1000     32983    0.00    0.00    0.00    0.00    0.00     4  talker
12:09:51 PM  1000     32985    1.00    0.00    0.00    0.00    1.00    13  talker
12:09:51 PM  1000     32987    0.00    0.00    0.00    0.00    0.00    16  talker
12:09:51 PM  1000     32989    0.00    1.00    0.00    0.00    1.00    11  talker
12:09:51 PM  1000     32991    0.00    1.00    0.00    0.00    1.00    13  talker
12:09:51 PM  1000     32993    0.00    1.00    0.00    0.00    1.00     5  talker
12:09:51 PM  1000     32995    1.00    1.00    0.00    0.00    2.00     8  talker
12:09:51 PM  1000     32997    0.00    0.00    0.00    0.00    0.00    15  talker
12:09:51 PM  1000     32998    0.00    1.00    0.00    0.00    1.00    13  talker
12:09:51 PM  1000     33001    1.00    0.00    0.00    0.00    1.00    10  talker
12:09:51 PM  1000     33011    0.00    0.00    0.00    0.00    0.00    16  talker
12:09:51 PM  1000     33013    0.00    1.00    0.00    0.00    1.00     8  talker
12:09:51 PM  1000     33015    1.00    0.00    0.00    0.00    1.00    19  talker
12:09:51 PM  1000     33019    0.00    1.00    0.00    0.00    1.00    15  talker
12:09:51 PM  1000     33022    1.00    0.00    0.00    0.00    1.00    15  talker
12:09:51 PM  1000     33040    0.00    0.00    0.00    0.00    0.00    13  talker
12:09:51 PM  1000     33124    0.00    1.00    0.00    0.00    1.00    15  talker
12:09:51 PM  1000     33177    0.00    0.00    0.00    0.00    0.00    12  talker
12:09:51 PM  1000     33211    0.00    2.00    0.00    0.00    2.00    16  talker
12:09:51 PM  1000     33226    0.00    0.00    0.00    0.00    0.00    12  talker
12:09:51 PM  1000     33228    1.00    0.00    0.00    0.00    1.00    13  talker
12:09:51 PM  1000     33275    1.00    0.00    0.00    0.00    1.00     7  talker
12:09:51 PM  1000     33295    0.00    1.00    0.00    0.00    1.00     5  talker
12:09:51 PM  1000     33298    1.00    0.00    0.00    0.00    1.00    18  talker
12:09:51 PM  1000     33345    1.00    0.00    0.00    1.00    1.00     5  talker
12:09:51 PM  1000     33374    1.00    0.00    0.00    0.00    1.00    11  talker
12:09:51 PM  1000     33377    0.00    1.00    0.00    0.00    1.00     3  talker
12:09:51 PM  1000     33379    0.00    1.00    0.00    0.00    1.00     4  talker

12:09:51 PM   UID       PID    %usr %system  %guest   %wait    %CPU   CPU  Command
12:09:52 PM  1000     32973    0.00    1.00    0.00    0.00    1.00    13  talker
12:09:52 PM  1000     32975    1.00    0.00    0.00    0.00    1.00     2  talker
12:09:52 PM  1000     32977    1.00    1.00    0.00    0.00    2.00     5  talker
12:09:52 PM  1000     32979    1.00    0.00    0.00    0.00    1.00    15  talker
12:09:52 PM  1000     32981    0.00    0.00    0.00    0.00    0.00     1  talker
12:09:52 PM  1000     32983    1.00    1.00    0.00    0.00    2.00     7  talker
12:09:52 PM  1000     32985    1.00    1.00    0.00    0.00    2.00    14  talker
12:09:52 PM  1000     32987    1.00    1.00    0.00    0.00    2.00    17  talker
12:09:52 PM  1000     32989    0.00    1.00    0.00    0.00    1.00     6  talker
12:09:52 PM  1000     32991    1.00    0.00    0.00    0.00    1.00     7  talker
12:09:52 PM  1000     32993    1.00    0.00    0.00    0.00    1.00    11  talker
12:09:52 PM  1000     32995    1.00    0.00    0.00    0.00    1.00     4  talker
12:09:52 PM  1000     32997    0.00    0.00    0.00    0.00    0.00    15  talker
12:09:52 PM  1000     32998    1.00    0.00    0.00    0.00    1.00     1  talker
12:09:52 PM  1000     33001    1.00    0.00    0.00    0.00    1.00     4  talker
12:09:52 PM  1000     33011    1.00    1.00    0.00    0.00    2.00    19  talker
12:09:52 PM  1000     33013    0.00    0.00    0.00    0.00    0.00    17  talker
12:09:52 PM  1000     33015    0.00    1.00    0.00    0.00    1.00    15  talker
12:09:52 PM  1000     33019    1.00    0.00    0.00    0.00    1.00     9  talker
12:09:52 PM  1000     33022    0.00    1.00    0.00    0.00    1.00     5  talker
12:09:52 PM  1000     33040    1.00    0.00    0.00    0.00    1.00    13  talker
12:09:52 PM  1000     33124    1.00    1.00    0.00    0.00    2.00    15  talker
12:09:52 PM  1000     33177    1.00    1.00    0.00    0.00    2.00     8  talker
12:09:52 PM  1000     33211    0.00    1.00    0.00    0.00    1.00    11  talker
12:09:52 PM  1000     33226    1.00    1.00    0.00    0.00    2.00    17  talker
12:09:52 PM  1000     33228    0.00    1.00    0.00    0.00    1.00    16  talker
12:09:52 PM  1000     33275    0.00    0.00    0.00    0.00    0.00    10  talker
12:09:52 PM  1000     33295    1.00    1.00    0.00    0.00    2.00     4  talker
12:09:52 PM  1000     33298    2.00    0.00    0.00    0.00    2.00    16  talker
12:09:52 PM  1000     33345    1.00    0.00    0.00    0.00    1.00     5  talker
12:09:52 PM  1000     33374    0.00    1.00    0.00    0.00    1.00    12  talker
12:09:52 PM  1000     33377    0.00    1.00    0.00    0.00    1.00    13  talker
12:09:52 PM  1000     33379    1.00    0.00    0.00    0.00    1.00    15  talker

12:09:52 PM   UID       PID    %usr %system  %guest   %wait    %CPU   CPU  Command
12:09:53 PM  1000     32973    1.00    1.00    0.00    0.00    2.00     6  talker
12:09:53 PM  1000     32975    1.00    0.00    0.00    0.00    1.00    18  talker
12:09:53 PM  1000     32977    0.00    0.00    0.00    0.00    0.00     4  talker
12:09:53 PM  1000     32979    1.00    0.00    0.00    0.00    1.00    12  talker
12:09:53 PM  1000     32981    1.00    1.00    0.00    0.00    2.00     1  talker
12:09:53 PM  1000     32983    1.00    0.00    0.00    0.00    1.00    13  talker
12:09:53 PM  1000     32985    0.00    0.00    0.00    0.00    0.00    10  talker
12:09:53 PM  1000     32987    0.00    0.00    0.00    0.00    0.00    11  talker
12:09:53 PM  1000     32989    1.00    0.00    0.00    0.00    1.00    16  talker
12:09:53 PM  1000     32991    0.00    1.00    0.00    0.00    1.00     7  talker
12:09:53 PM  1000     32993    1.00    1.00    0.00    0.00    2.00    11  talker
12:09:53 PM  1000     32995    1.00    0.00    0.00    0.00    1.00    13  talker
12:09:53 PM  1000     32997    0.00    0.00    0.00    0.00    0.00    16  talker
12:09:53 PM  1000     32998    0.00    0.00    0.00    0.00    0.00     7  talker
12:09:53 PM  1000     33001    0.00    1.00    0.00    0.00    1.00    14  talker
12:09:53 PM  1000     33011    0.00    0.00    0.00    0.00    0.00     8  talker
12:09:53 PM  1000     33013    1.00    1.00    0.00    0.00    2.00    13  talker
12:09:53 PM  1000     33015    1.00    0.00    0.00    0.00    1.00    14  talker
12:09:53 PM  1000     33019    1.00    1.00    0.00    0.00    2.00     9  talker
12:09:53 PM  1000     33022    1.00    0.00    0.00    0.00    1.00     6  talker
12:09:53 PM  1000     33040    1.00    1.00    0.00    0.00    2.00    14  talker
12:09:53 PM  1000     33124    1.00    0.00    0.00    0.00    1.00    15  talker
12:09:53 PM  1000     33177    0.00    0.00    0.00    0.00    0.00    13  talker
12:09:53 PM  1000     33211    1.00    0.00    0.00    0.00    1.00     1  talker
12:09:53 PM  1000     33226    0.00    1.00    0.00    0.00    1.00     9  talker
12:09:53 PM  1000     33228    0.00    1.00    0.00    0.00    1.00     2  talker
12:09:53 PM  1000     33275    1.00    1.00    0.00    0.00    2.00    18  talker
12:09:53 PM  1000     33295    0.00    0.00    0.00    0.00    0.00     8  talker
12:09:53 PM  1000     33298    1.00    0.00    0.00    0.00    1.00    14  talker
12:09:53 PM  1000     33345    0.00    0.00    0.00    0.00    0.00     0  talker
12:09:53 PM  1000     33374    1.00    0.00    0.00    0.00    1.00     5  talker
12:09:53 PM  1000     33377    1.00    0.00    0.00    0.00    1.00    13  talker
12:09:53 PM  1000     33379    1.00    0.00    0.00    0.00    1.00     1  talker

12:09:53 PM   UID       PID    %usr %system  %guest   %wait    %CPU   CPU  Command
12:09:54 PM  1000     32973    1.00    0.00    0.00    0.00    1.00     9  talker
12:09:54 PM  1000     32975    1.00    0.00    0.00    0.00    1.00     3  talker
12:09:54 PM  1000     32977    1.00    1.00    0.00    0.00    2.00    14  talker
12:09:54 PM  1000     32979    1.00    1.00    0.00    0.00    2.00    15  talker
12:09:54 PM  1000     32981    0.00    1.00    0.00    0.00    1.00     5  talker
12:09:54 PM  1000     32983    0.00    1.00    0.00    0.00    1.00    14  talker
12:09:54 PM  1000     32985    0.00    1.00    0.00    0.00    1.00     4  talker
12:09:54 PM  1000     32987    1.00    1.00    0.00    0.00    2.00    14  talker
12:09:54 PM  1000     32989    0.00    1.00    0.00    0.00    1.00    12  talker
12:09:54 PM  1000     32991    1.00    1.00    0.00    0.00    2.00    12  talker
12:09:54 PM  1000     32993    1.00    0.00    0.00    0.00    1.00     6  talker
12:09:54 PM  1000     32995    1.00    1.00    0.00    1.00    2.00    16  talker
12:09:54 PM  1000     32997    0.00    0.00    0.00    0.00    0.00    16  talker
12:09:54 PM  1000     32998    1.00    1.00    0.00    0.00    2.00    15  talker
12:09:54 PM  1000     33001    1.00    0.00    0.00    0.00    1.00    11  talker
12:09:54 PM  1000     33011    1.00    1.00    0.00    0.00    2.00     8  talker
12:09:54 PM  1000     33013    1.00    0.00    0.00    0.00    1.00     1  talker
12:09:54 PM  1000     33015    1.00    1.00    0.00    0.00    2.00     0  talker
12:09:54 PM  1000     33019    0.00    0.00    0.00    0.00    0.00     7  talker
12:09:54 PM  1000     33022    0.00    1.00    0.00    0.00    1.00    13  talker
12:09:54 PM  1000     33040    0.00    0.00    0.00    1.00    0.00     6  talker
12:09:54 PM  1000     33124    0.00    1.00    0.00    0.00    1.00    13  talker
12:09:54 PM  1000     33177    1.00    1.00    0.00    0.00    2.00     6  talker
12:09:54 PM  1000     33211    1.00    0.00    0.00    1.00    1.00     6  talker
12:09:54 PM  1000     33226    1.00    0.00    0.00    0.00    1.00    16  talker
12:09:54 PM  1000     33228    1.00    0.00    0.00    0.00    1.00     0  talker
12:09:54 PM  1000     33275    0.00    0.00    0.00    0.00    0.00     9  talker
12:09:54 PM  1000     33295    1.00    1.00    0.00    0.00    2.00    14  talker
12:09:54 PM  1000     33298    2.00    0.00    0.00    0.00    2.00    14  talker
12:09:54 PM  1000     33345    2.00    0.00    0.00    0.00    2.00    12  talker
12:09:54 PM  1000     33374    1.00    1.00    0.00    0.00    2.00    17  talker
12:09:54 PM  1000     33377    0.00    1.00    0.00    0.00    1.00     5  talker
12:09:54 PM  1000     33379    0.00    1.00    0.00    0.00    1.00    19  talker

12:09:54 PM   UID       PID    %usr %system  %guest   %wait    %CPU   CPU  Command
12:09:55 PM  1000     32973    1.00    1.00    0.00    0.00    2.00    10  talker
12:09:55 PM  1000     32975    2.00    0.00    0.00    0.00    2.00     3  talker
12:09:55 PM  1000     32977    0.00    1.00    0.00    0.00    1.00     7  talker
12:09:55 PM  1000     32979    0.00    1.00    0.00    0.00    1.00    10  talker
12:09:55 PM  1000     32981    1.00    0.00    0.00    0.00    1.00    15  talker
12:09:55 PM  1000     32983    1.00    1.00    0.00    0.00    2.00    14  talker
12:09:55 PM  1000     32985    1.00    1.00    0.00    0.00    2.00    16  talker
12:09:55 PM  1000     32987    1.00    0.00    0.00    0.00    1.00    17  talker
12:09:55 PM  1000     32989    1.00    0.00    0.00    0.00    1.00    12  talker
12:09:55 PM  1000     32991    0.00    1.00    0.00    0.00    1.00    13  talker
12:09:55 PM  1000     32993    0.00    1.00    0.00    0.00    1.00     8  talker
12:09:55 PM  1000     32995    1.00    0.00    0.00    0.00    1.00    13  talker
12:09:55 PM  1000     32997    0.00    0.00    0.00    0.00    0.00    16  talker
12:09:55 PM  1000     32998    1.00    1.00    0.00    0.00    2.00    15  talker
12:09:55 PM  1000     33001    1.00    1.00    0.00    0.00    2.00    11  talker
12:09:55 PM  1000     33011    1.00    1.00    0.00    0.00    2.00     6  talker
12:09:55 PM  1000     33013    0.00    1.00    0.00    0.00    1.00     1  talker
12:09:55 PM  1000     33015    1.00    0.00    0.00    0.00    1.00    17  talker
12:09:55 PM  1000     33019    1.00    1.00    0.00    0.00    2.00     1  talker
12:09:55 PM  1000     33022    1.00    1.00    0.00    0.00    2.00     2  talker
12:09:55 PM  1000     33040    0.00    2.00    0.00    0.00    2.00     1  talker
12:09:55 PM  1000     33124    1.00    1.00    0.00    0.00    2.00    17  talker
12:09:55 PM  1000     33177    1.00    1.00    0.00    0.00    2.00    12  talker
12:09:55 PM  1000     33211    0.00    2.00    0.00    0.00    2.00     4  talker
12:09:55 PM  1000     33226    0.00    2.00    0.00    0.00    2.00     1  talker
12:09:55 PM  1000     33228    1.00    1.00    0.00    0.00    2.00    12  talker
12:09:55 PM  1000     33275    1.00    1.00    0.00    0.00    2.00    15  talker
12:09:55 PM  1000     33295    0.00    0.00    0.00    0.00    0.00    18  talker
12:09:55 PM  1000     33298    1.00    0.00    0.00    0.00    1.00    17  talker
12:09:55 PM  1000     33345    1.00    0.00    0.00    0.00    1.00    11  talker
12:09:55 PM  1000     33374    0.00    0.00    0.00    0.00    0.00    16  talker
12:09:55 PM  1000     33377    1.00    1.00    0.00    0.00    2.00     2  talker
12:09:55 PM  1000     33379    1.00    1.00    0.00    0.00    2.00     1  talker

12:09:55 PM   UID       PID    %usr %system  %guest   %wait    %CPU   CPU  Command
12:09:56 PM  1000     32973    1.00    1.00    0.00    0.00    2.00     2  talker
12:09:56 PM  1000     32975    1.00    0.00    0.00    0.00    1.00     5  talker
12:09:56 PM  1000     32977    1.00    0.00    0.00    0.00    1.00     7  talker
12:09:56 PM  1000     32979    1.00    1.00    0.00    0.00    2.00    13  talker
12:09:56 PM  1000     32981    0.00    1.00    0.00    0.00    1.00    11  talker
12:09:56 PM  1000     32983    1.00    0.00    0.00    0.00    1.00     7  talker
12:09:56 PM  1000     32985    0.00    1.00    0.00    0.00    1.00    15  talker
12:09:56 PM  1000     32987    1.00    1.00    0.00    0.00    2.00     5  talker
12:09:56 PM  1000     32989    1.00    1.00    0.00    0.00    2.00    14  talker
12:09:56 PM  1000     32991    1.00    0.00    0.00    0.00    1.00    11  talker
12:09:56 PM  1000     32993    1.00    1.00    0.00    1.00    2.00    16  talker
12:09:56 PM  1000     32995    1.00    1.00    0.00    0.00    2.00    17  talker
12:09:56 PM  1000     32997    0.00    0.00    0.00    0.00    0.00    16  talker
12:09:56 PM  1000     32998    1.00    0.00    0.00    0.00    1.00     3  talker
12:09:56 PM  1000     33001    1.00    1.00    0.00    0.00    2.00    16  talker
12:09:56 PM  1000     33011    0.00    1.00    0.00    0.00    1.00    12  talker
12:09:56 PM  1000     33013    1.00    1.00    0.00    0.00    2.00    18  talker
12:09:56 PM  1000     33015    1.00    1.00    0.00    0.00    2.00    14  talker
12:09:56 PM  1000     33019    0.00    1.00    0.00    0.00    1.00    12  talker
12:09:56 PM  1000     33022    1.00    1.00    0.00    0.00    2.00    13  talker
12:09:56 PM  1000     33040    1.00    0.00    0.00    0.00    1.00    13  talker
12:09:56 PM  1000     33124    1.00    1.00    0.00    0.00    2.00    15  talker
12:09:56 PM  1000     33177    1.00    0.00    0.00    0.00    1.00     5  talker
12:09:56 PM  1000     33211    1.00    1.00    0.00    0.00    2.00     2  talker
12:09:56 PM  1000     33226    0.00    1.00    0.00    0.00    1.00    11  talker
12:09:56 PM  1000     33228    0.00    1.00    0.00    0.00    1.00     3  talker
12:09:56 PM  1000     33275    0.00    1.00    0.00    0.00    1.00    17  talker
12:09:56 PM  1000     33295    1.00    1.00    0.00    0.00    2.00    15  talker
12:09:56 PM  1000     33298    2.00    0.00    0.00    0.00    2.00    12  talker
12:09:56 PM  1000     33345    2.00    0.00    0.00    0.00    2.00    13  talker
12:09:56 PM  1000     33374    1.00    1.00    0.00    0.00    2.00    13  talker
12:09:56 PM  1000     33377    0.00    1.00    0.00    0.00    1.00     9  talker
12:09:56 PM  1000     33379    1.00    0.00    0.00    0.00    1.00    12  talker

12:09:56 PM   UID       PID    %usr %system  %guest   %wait    %CPU   CPU  Command
12:09:57 PM  1000     32973    1.00    0.00    0.00    0.00    1.00    17  talker
12:09:57 PM  1000     32975    1.00    0.00    0.00    0.00    1.00    12  talker
12:09:57 PM  1000     32977    0.00    1.00    0.00    0.00    1.00    10  talker
12:09:57 PM  1000     32979    0.00    0.00    0.00    0.00    0.00    14  talker
12:09:57 PM  1000     32981    1.00    1.00    0.00    0.00    2.00     1  talker
12:09:57 PM  1000     32983    1.00    1.00    0.00    0.00    2.00     8  talker
12:09:57 PM  1000     32985    1.00    0.00    0.00    0.00    1.00     2  talker
12:09:57 PM  1000     32987    1.00    1.00    0.00    0.00    2.00     4  talker
12:09:57 PM  1000     32989    1.00    0.00    0.00    0.00    1.00    12  talker
12:09:57 PM  1000     32991    0.00    1.00    0.00    0.00    1.00    15  talker
12:09:57 PM  1000     32993    1.00    0.00    0.00    0.00    1.00     0  talker
12:09:57 PM  1000     32995    0.00    0.00    0.00    0.00    0.00    12  talker
12:09:57 PM  1000     32997    0.00    0.00    0.00    0.00    0.00    16  talker
12:09:57 PM  1000     32998    0.00    1.00    0.00    0.00    1.00    18  talker
12:09:57 PM  1000     33001    1.00    0.00    0.00    0.00    1.00    16  talker
12:09:57 PM  1000     33011    0.00    1.00    0.00    0.00    1.00    19  talker
12:09:57 PM  1000     33013    1.00    0.00    0.00    0.00    1.00     2  talker
12:09:57 PM  1000     33015    0.00    0.00    0.00    0.00    0.00    12  talker
12:09:57 PM  1000     33019    1.00    1.00    0.00    0.00    2.00     8  talker
12:09:57 PM  1000     33022    1.00    0.00    0.00    1.00    1.00    14  talker
12:09:57 PM  1000     33040    1.00    1.00    0.00    0.00    2.00    11  talker
12:09:57 PM  1000     33124    0.00    0.00    0.00    1.00    0.00     8  talker
12:09:57 PM  1000     33177    0.00    1.00    0.00    0.00    1.00     6  talker
12:09:57 PM  1000     33211    1.00    0.00    0.00    0.00    1.00     7  talker
12:09:57 PM  1000     33226    1.00    0.00    0.00    0.00    1.00     4  talker
12:09:57 PM  1000     33228    0.00    1.00    0.00    0.00    1.00     4  talker
12:09:57 PM  1000     33275    1.00    0.00    0.00    0.00    1.00     9  talker
12:09:57 PM  1000     33295    1.00    0.00    0.00    0.00    1.00    12  talker
12:09:57 PM  1000     33298    1.00    0.00    0.00    0.00    1.00    12  talker
12:09:57 PM  1000     33345    1.00    0.00    0.00    0.00    1.00     4  talker
12:09:57 PM  1000     33374    1.00    1.00    0.00    0.00    2.00    13  talker
12:09:57 PM  1000     33377    1.00    1.00    0.00    0.00    2.00     6  talker
12:09:57 PM  1000     33379    0.00    1.00    0.00    0.00    1.00    12  talker

12:09:57 PM   UID       PID    %usr %system  %guest   %wait    %CPU   CPU  Command
12:09:58 PM  1000     32973    1.00    0.00    0.00    0.00    1.00     7  talker
12:09:58 PM  1000     32975    1.00    0.00    0.00    0.00    1.00     0  talker
12:09:58 PM  1000     32977    1.00    0.00    0.00    0.00    1.00    13  talker
12:09:58 PM  1000     32979    1.00    0.00    0.00    0.00    1.00    15  talker
12:09:58 PM  1000     32981    0.00    0.00    0.00    0.00    0.00    11  talker
12:09:58 PM  1000     32983    0.00    0.00    0.00    0.00    0.00    13  talker
12:09:58 PM  1000     32985    0.00    1.00    0.00    0.00    1.00     3  talker
12:09:58 PM  1000     32987    0.00    0.00    0.00    0.00    0.00     7  talker
12:09:58 PM  1000     32989    0.00    0.00    0.00    0.00    0.00     6  talker
12:09:58 PM  1000     32991    1.00    0.00    0.00    1.00    1.00     9  talker
12:09:58 PM  1000     32993    0.00    1.00    0.00    0.00    1.00     5  talker
12:09:58 PM  1000     32995    1.00    1.00    0.00    0.00    2.00     0  talker
12:09:58 PM  1000     32997    0.00    0.00    0.00    0.00    0.00    16  talker
12:09:58 PM  1000     32998    1.00    0.00    0.00    0.00    1.00    18  talker
12:09:58 PM  1000     33001    1.00    1.00    0.00    1.00    2.00    16  talker
12:09:58 PM  1000     33011    0.00    0.00    0.00    0.00    0.00    13  talker
12:09:58 PM  1000     33013    0.00    0.00    0.00    0.00    0.00     5  talker
12:09:58 PM  1000     33015    1.00    1.00    0.00    0.00    2.00     7  talker
12:09:58 PM  1000     33019    0.00    1.00    0.00    1.00    1.00    10  talker
12:09:58 PM  1000     33022    0.00    1.00    0.00    0.00    1.00     2  talker
12:09:58 PM  1000     33040    0.00    0.00    0.00    0.00    0.00     2  talker
12:09:58 PM  1000     33124    1.00    1.00    0.00    0.00    2.00     3  talker
12:09:58 PM  1000     33177    1.00    0.00    0.00    0.00    1.00     7  talker
12:09:58 PM  1000     33211    0.00    1.00    0.00    0.00    1.00     7  talker
12:09:58 PM  1000     33226    1.00    1.00    0.00    0.00    2.00    11  talker
12:09:58 PM  1000     33228    0.00    0.00    0.00    0.00    0.00    17  talker
12:09:58 PM  1000     33275    0.00    1.00    0.00    0.00    1.00     9  talker
12:09:58 PM  1000     33295    0.00    1.00    0.00    0.00    1.00     2  talker
12:09:58 PM  1000     33298    1.00    0.00    0.00    1.00    1.00     2  talker
12:09:58 PM  1000     33345    1.00    0.00    0.00    0.00    1.00     9  talker
12:09:58 PM  1000     33374    0.00    0.00    0.00    0.00    0.00    15  talker
12:09:58 PM  1000     33377    0.00    0.00    0.00    0.00    0.00     1  talker
12:09:58 PM  1000     33379    1.00    0.00    0.00    0.00    1.00     7  talker

12:09:58 PM   UID       PID    %usr %system  %guest   %wait    %CPU   CPU  Command
12:09:59 PM  1000     32973    0.00    1.00    0.00    0.00    1.00     1  talker
12:09:59 PM  1000     32975    1.00    0.00    0.00    0.00    1.00     0  talker
12:09:59 PM  1000     32977    0.00    1.00    0.00    0.00    1.00     0  talker
12:09:59 PM  1000     32979    1.00    1.00    0.00    0.00    2.00     4  talker
12:09:59 PM  1000     32981    1.00    1.00    0.00    0.00    2.00     4  talker
12:09:59 PM  1000     32983    1.00    0.00    0.00    0.00    1.00    14  talker
12:09:59 PM  1000     32985    0.00    0.00    0.00    0.00    0.00    15  talker
12:09:59 PM  1000     32987    0.00    1.00    0.00    0.00    1.00    12  talker
12:09:59 PM  1000     32989    1.00    1.00    0.00    0.00    2.00     2  talker
12:09:59 PM  1000     32991    0.00    1.00    0.00    0.00    1.00    13  talker
12:09:59 PM  1000     32993    1.00    0.00    0.00    0.00    1.00    14  talker
12:09:59 PM  1000     32995    1.00    0.00    0.00    0.00    1.00    17  talker
12:09:59 PM  1000     32997    0.00    0.00    0.00    0.00    0.00    16  talker
12:09:59 PM  1000     32998    0.00    0.00    0.00    0.00    0.00    10  talker
12:09:59 PM  1000     33001    0.00    0.00    0.00    0.00    0.00    10  talker
12:09:59 PM  1000     33011    1.00    0.00    0.00    0.00    1.00    12  talker
12:09:59 PM  1000     33013    1.00    1.00    0.00    0.00    2.00     5  talker
12:09:59 PM  1000     33015    1.00    0.00    0.00    0.00    1.00     8  talker
12:09:59 PM  1000     33019    1.00    0.00    0.00    0.00    1.00    11  talker
12:09:59 PM  1000     33022    1.00    0.00    0.00    0.00    1.00     1  talker
12:09:59 PM  1000     33040    0.00    1.00    0.00    0.00    1.00    10  talker
12:09:59 PM  1000     33124    0.00    0.00    0.00    0.00    0.00     4  talker
12:09:59 PM  1000     33177    0.00    1.00    0.00    0.00    1.00    10  talker
12:09:59 PM  1000     33211    1.00    0.00    0.00    0.00    1.00     2  talker
12:09:59 PM  1000     33226    0.00    0.00    0.00    0.00    0.00    13  talker
12:09:59 PM  1000     33228    1.00    1.00    0.00    0.00    2.00    11  talker
12:09:59 PM  1000     33275    1.00    0.00    0.00    0.00    1.00    15  talker
12:09:59 PM  1000     33295    1.00    0.00    0.00    0.00    1.00    10  talker
12:09:59 PM  1000     33298    2.00    0.00    0.00    0.00    2.00     3  talker
12:09:59 PM  1000     33345    1.00    0.00    0.00    0.00    1.00     2  talker
12:09:59 PM  1000     33374    1.00    0.00    0.00    0.00    1.00    16  talker
12:09:59 PM  1000     33377    1.00    0.00    0.00    0.00    1.00    18  talker
12:09:59 PM  1000     33379    0.00    1.00    0.00    0.00    1.00     2  talker

12:09:59 PM   UID       PID    %usr %system  %guest   %wait    %CPU   CPU  Command
12:10:00 PM  1000     32973    2.00    0.00    0.00    0.00    2.00     2  talker
12:10:00 PM  1000     32975    1.00    0.00    0.00    0.00    1.00    16  talker
12:10:00 PM  1000     32977    1.00    0.00    0.00    0.00    1.00     6  talker
12:10:00 PM  1000     32979    0.00    0.00    0.00    0.00    0.00    14  talker
12:10:00 PM  1000     32981    0.00    0.00    0.00    1.00    0.00     1  talker
12:10:00 PM  1000     32983    0.00    1.00    0.00    0.00    1.00     2  talker
12:10:00 PM  1000     32985    1.00    0.00    0.00    0.00    1.00    12  talker
12:10:00 PM  1000     32987    1.00    0.00    0.00    0.00    1.00    10  talker
12:10:00 PM  1000     32989    0.00    0.00    0.00    0.00    0.00    14  talker
12:10:00 PM  1000     32991    1.00    0.00    0.00    0.00    1.00    17  talker
12:10:00 PM  1000     32993    1.00    0.00    0.00    0.00    1.00     4  talker
12:10:00 PM  1000     32995    0.00    0.00    0.00    0.00    0.00     5  talker
12:10:00 PM  1000     32997    0.00    0.00    0.00    0.00    0.00    16  talker
12:10:00 PM  1000     32998    1.00    0.00    0.00    0.00    1.00     9  talker
12:10:00 PM  1000     33001    1.00    1.00    0.00    0.00    2.00    12  talker
12:10:00 PM  1000     33011    0.00    1.00    0.00    0.00    1.00    16  talker
12:10:00 PM  1000     33013    0.00    0.00    0.00    1.00    0.00     0  talker
12:10:00 PM  1000     33015    0.00    1.00    0.00    0.00    1.00    16  talker
12:10:00 PM  1000     33019    1.00    0.00    0.00    0.00    1.00     9  talker
12:10:00 PM  1000     33022    0.00    1.00    0.00    0.00    1.00    14  talker
12:10:00 PM  1000     33040    1.00    0.00    0.00    0.00    1.00    12  talker
12:10:00 PM  1000     33124    1.00    1.00    0.00    0.00    2.00     5  talker
12:10:00 PM  1000     33177    1.00    1.00    0.00    0.00    2.00    14  talker
12:10:00 PM  1000     33211    1.00    1.00    0.00    0.00    2.00    19  talker
12:10:00 PM  1000     33226    1.00    1.00    0.00    1.00    2.00    15  talker
12:10:00 PM  1000     33228    0.00    0.00    0.00    0.00    0.00     8  talker
12:10:00 PM  1000     33275    0.00    0.00    0.00    0.00    0.00    14  talker
12:10:00 PM  1000     33295    0.00    0.00    0.00    0.00    0.00    17  talker
12:10:00 PM  1000     33298    1.00    0.00    0.00    0.00    1.00    12  talker
12:10:00 PM  1000     33345    1.00    0.00    0.00    0.00    1.00    15  talker
12:10:00 PM  1000     33374    1.00    1.00    0.00    0.00    2.00    12  talker
12:10:00 PM  1000     33377    1.00    1.00    0.00    0.00    2.00     9  talker
12:10:00 PM  1000     33379    0.00    1.00    0.00    0.00    1.00     8  talker

12:10:00 PM   UID       PID    %usr %system  %guest   %wait    %CPU   CPU  Command
12:10:01 PM  1000     32973    1.00    0.00    0.00    0.00    1.00     0  talker
12:10:01 PM  1000     32975    1.00    0.00    0.00    0.00    1.00     2  talker
12:10:01 PM  1000     32977    1.00    0.00    0.00    0.00    1.00    10  talker
12:10:01 PM  1000     32979    1.00    0.00    0.00    0.00    1.00    13  talker
12:10:01 PM  1000     32981    0.00    1.00    0.00    0.00    1.00    13  talker
12:10:01 PM  1000     32983    1.00    0.00    0.00    0.00    1.00     1  talker
12:10:01 PM  1000     32985    0.00    1.00    0.00    1.00    1.00    13  talker
12:10:01 PM  1000     32987    1.00    1.00    0.00    0.00    2.00    11  talker
12:10:01 PM  1000     32989    1.00    1.00    0.00    0.00    2.00     4  talker
12:10:01 PM  1000     32991    0.00    1.00    0.00    0.00    1.00     4  talker
12:10:01 PM  1000     32993    1.00    1.00    0.00    0.00    2.00    13  talker
12:10:01 PM  1000     32995    1.00    1.00    0.00    0.00    2.00     6  talker
12:10:01 PM  1000     32997    0.00    0.00    0.00    0.00    0.00    16  talker
12:10:01 PM  1000     32998    1.00    1.00    0.00    0.00    2.00    14  talker
12:10:01 PM  1000     33001    1.00    0.00    0.00    0.00    1.00     6  talker
12:10:01 PM  1000     33011    1.00    1.00    0.00    0.00    2.00    14  talker
12:10:01 PM  1000     33013    1.00    0.00    0.00    0.00    1.00     0  talker
12:10:01 PM  1000     33015    1.00    0.00    0.00    0.00    1.00    12  talker
12:10:01 PM  1000     33019    0.00    1.00    0.00    0.00    1.00     9  talker
12:10:01 PM  1000     33022    1.00    0.00    0.00    0.00    1.00    14  talker
12:10:01 PM  1000     33040    1.00    0.00    0.00    0.00    1.00    11  talker
12:10:01 PM  1000     33124    0.00    0.00    0.00    0.00    0.00    14  talker
12:10:01 PM  1000     33177    0.00    0.00    0.00    1.00    0.00     8  talker
12:10:01 PM  1000     33211    0.00    0.00    0.00    1.00    0.00     1  talker
12:10:01 PM  1000     33226    0.00    0.00    0.00    0.00    0.00     8  talker
12:10:01 PM  1000     33228    1.00    1.00    0.00    0.00    2.00    14  talker
12:10:01 PM  1000     33275    1.00    1.00    0.00    0.00    2.00    13  talker
12:10:01 PM  1000     33295    1.00    1.00    0.00    0.00    2.00    17  talker
12:10:01 PM  1000     33298    1.00    0.00    0.00    0.00    1.00     3  talker
12:10:01 PM  1000     33345    1.00    0.00    0.00    0.00    1.00    13  talker
12:10:01 PM  1000     33374    1.00    0.00    0.00    0.00    1.00    16  talker
12:10:01 PM  1000     33377    0.00    0.00    0.00    0.00    0.00    11  talker
12:10:01 PM  1000     33379    1.00    0.00    0.00    0.00    1.00    14  talker

12:10:01 PM   UID       PID    %usr %system  %guest   %wait    %CPU   CPU  Command
12:10:02 PM  1000     32973    2.00    0.00    0.00    0.00    2.00     1  talker
12:10:02 PM  1000     32975    0.00    1.00    0.00    0.00    1.00     4  talker
12:10:02 PM  1000     32977    1.00    0.00    0.00    0.00    1.00     1  talker
12:10:02 PM  1000     32979    0.00    2.00    0.00    0.00    2.00    16  talker
12:10:02 PM  1000     32981    1.00    0.00    0.00    0.00    1.00     6  talker
12:10:02 PM  1000     32983    1.00    1.00    0.00    0.00    2.00     6  talker
12:10:02 PM  1000     32985    1.00    0.00    0.00    0.00    1.00    12  talker
12:10:02 PM  1000     32987    0.00    0.00    0.00    0.00    0.00    11  talker
12:10:02 PM  1000     32989    0.00    0.00    0.00    0.00    0.00    14  talker
12:10:02 PM  1000     32991    0.00    1.00    0.00    0.00    1.00    14  talker
12:10:02 PM  1000     32993    0.00    1.00    0.00    0.00    1.00    10  talker
12:10:02 PM  1000     32995    1.00    0.00    0.00    0.00    1.00     2  talker
12:10:02 PM  1000     32997    0.00    0.00    0.00    0.00    0.00    16  talker
12:10:02 PM  1000     32998    0.00    1.00    0.00    0.00    1.00     3  talker
12:10:02 PM  1000     33001    0.00    2.00    0.00    0.00    2.00     5  talker
12:10:02 PM  1000     33011    0.00    1.00    0.00    0.00    1.00     3  talker
12:10:02 PM  1000     33013    0.00    2.00    0.00    0.00    2.00    16  talker
12:10:02 PM  1000     33015    0.00    2.00    0.00    0.00    2.00    10  talker
12:10:02 PM  1000     33019    1.00    1.00    0.00    0.00    2.00    16  talker
12:10:02 PM  1000     33022    1.00    1.00    0.00    0.00    2.00    10  talker
12:10:02 PM  1000     33040    0.00    1.00    0.00    0.00    1.00     2  talker
12:10:02 PM  1000     33124    1.00    1.00    0.00    0.00    2.00    13  talker
12:10:02 PM  1000     33177    1.00    1.00    0.00    0.00    2.00     2  talker
12:10:02 PM  1000     33211    2.00    0.00    0.00    0.00    2.00     6  talker
12:10:02 PM  1000     33226    0.00    2.00    0.00    0.00    2.00    14  talker
12:10:02 PM  1000     33228    1.00    0.00    0.00    0.00    1.00    14  talker
12:10:02 PM  1000     33275    1.00    0.00    0.00    0.00    1.00    13  talker
12:10:02 PM  1000     33295    1.00    0.00    0.00    1.00    1.00    14  talker
12:10:02 PM  1000     33298    1.00    1.00    0.00    0.00    2.00    16  talker
12:10:02 PM  1000     33345    0.00    2.00    0.00    0.00    2.00     3  talker
12:10:02 PM  1000     33374    0.00    1.00    0.00    0.00    1.00     5  talker
12:10:02 PM  1000     33377    0.00    1.00    0.00    0.00    1.00    15  talker
12:10:02 PM  1000     33379    1.00    0.00    0.00    0.00    1.00     8  talker

12:10:02 PM   UID       PID    %usr %system  %guest   %wait    %CPU   CPU  Command
12:10:03 PM  1000     32973    1.00    0.00    0.00    0.00    1.00    13  talker
12:10:03 PM  1000     32975    0.00    2.00    0.00    1.00    2.00     6  talker
12:10:03 PM  1000     32977    0.00    1.00    0.00    0.00    1.00    18  talker
12:10:03 PM  1000     32979    1.00    0.00    0.00    0.00    1.00    19  talker
12:10:03 PM  1000     32981    1.00    1.00    0.00    0.00    2.00     6  talker
12:10:03 PM  1000     32983    0.00    1.00    0.00    0.00    1.00    16  talker
12:10:03 PM  1000     32985    1.00    1.00    0.00    0.00    2.00    15  talker
12:10:03 PM  1000     32987    1.00    1.00    0.00    0.00    2.00    10  talker
12:10:03 PM  1000     32989    1.00    1.00    0.00    0.00    2.00     5  talker
12:10:03 PM  1000     32991    1.00    0.00    0.00    0.00    1.00     1  talker
12:10:03 PM  1000     32993    1.00    0.00    0.00    0.00    1.00    15  talker
12:10:03 PM  1000     32995    1.00    0.00    0.00    0.00    1.00     5  talker
12:10:03 PM  1000     32997    0.00    0.00    0.00    0.00    0.00    16  talker
12:10:03 PM  1000     32998    0.00    1.00    0.00    0.00    1.00    13  talker
12:10:03 PM  1000     33001    1.00    0.00    0.00    0.00    1.00    10  talker
12:10:03 PM  1000     33011    0.00    1.00    0.00    0.00    1.00    12  talker
12:10:03 PM  1000     33013    1.00    0.00    0.00    0.00    1.00     2  talker
12:10:03 PM  1000     33015    0.00    0.00    0.00    0.00    0.00     3  talker
12:10:03 PM  1000     33019    0.00    0.00    0.00    0.00    0.00    15  talker
12:10:03 PM  1000     33022    0.00    0.00    0.00    0.00    0.00    10  talker
12:10:03 PM  1000     33040    1.00    0.00    0.00    0.00    1.00     2  talker
12:10:03 PM  1000     33124    1.00    1.00    0.00    1.00    2.00    10  talker
12:10:03 PM  1000     33177    0.00    1.00    0.00    0.00    1.00     3  talker
12:10:03 PM  1000     33211    1.00    1.00    0.00    0.00    2.00    10  talker
12:10:03 PM  1000     33226    1.00    1.00    0.00    0.00    2.00    13  talker
12:10:03 PM  1000     33228    1.00    1.00    0.00    0.00    2.00    12  talker
12:10:03 PM  1000     33275    1.00    1.00    0.00    0.00    2.00     6  talker
12:10:03 PM  1000     33295    0.00    1.00    0.00    0.00    1.00    18  talker
12:10:03 PM  1000     33298    0.00    0.00    0.00    0.00    0.00    17  talker
12:10:03 PM  1000     33345    0.00    1.00    0.00    0.00    1.00     8  talker
12:10:03 PM  1000     33374    1.00    1.00    0.00    0.00    2.00    13  talker
12:10:03 PM  1000     33377    1.00    1.00    0.00    0.00    2.00     2  talker
12:10:03 PM  1000     33379    1.00    1.00    0.00    0.00    2.00    18  talker

12:10:03 PM   UID       PID    %usr %system  %guest   %wait    %CPU   CPU  Command
12:10:04 PM  1000     32973    0.00    1.00    0.00    0.00    1.00    14  talker
12:10:04 PM  1000     32975    0.00    1.00    0.00    0.00    1.00    10  talker
12:10:04 PM  1000     32977    1.00    0.00    0.00    0.00    1.00     0  talker
12:10:04 PM  1000     32979    2.00    0.00    0.00    0.00    2.00     0  talker
12:10:04 PM  1000     32981    0.00    1.00    0.00    0.00    1.00     2  talker
12:10:04 PM  1000     32983    1.00    0.00    0.00    0.00    1.00     7  talker
12:10:04 PM  1000     32985    1.00    0.00    0.00    0.00    1.00    13  talker
12:10:04 PM  1000     32987    1.00    1.00    0.00    0.00    2.00    13  talker
12:10:04 PM  1000     32989    1.00    0.00    0.00    0.00    1.00     9  talker
12:10:04 PM  1000     32991    1.00    1.00    0.00    0.00    2.00     9  talker
12:10:04 PM  1000     32993    0.00    2.00    0.00    0.00    2.00    16  talker
12:10:04 PM  1000     32995    1.00    1.00    0.00    0.00    2.00    11  talker
12:10:04 PM  1000     32997    0.00    0.00    0.00    0.00    0.00    16  talker
12:10:04 PM  1000     32998    0.00    1.00    0.00    0.00    1.00    18  talker
12:10:04 PM  1000     33001    1.00    1.00    0.00    0.00    2.00     3  talker
12:10:04 PM  1000     33011    1.00    1.00    0.00    0.00    2.00    14  talker
12:10:04 PM  1000     33013    0.00    1.00    0.00    0.00    1.00     4  talker
12:10:04 PM  1000     33015    1.00    1.00    0.00    0.00    2.00    14  talker
12:10:04 PM  1000     33019    2.00    1.00    0.00    0.00    3.00    17  talker
12:10:04 PM  1000     33022    1.00    1.00    0.00    0.00    2.00    16  talker
12:10:04 PM  1000     33040    0.00    2.00    0.00    0.00    2.00    14  talker
12:10:04 PM  1000     33124    1.00    0.00    0.00    0.00    1.00     9  talker
12:10:04 PM  1000     33177    1.00    1.00    0.00    0.00    2.00    15  talker
12:10:04 PM  1000     33211    0.00    1.00    0.00    0.00    1.00     2  talker
12:10:04 PM  1000     33226    0.00    1.00    0.00    0.00    1.00     0  talker
12:10:04 PM  1000     33228    1.00    0.00    0.00    0.00    1.00     4  talker
12:10:04 PM  1000     33275    0.00    1.00    0.00    0.00    1.00    11  talker
12:10:04 PM  1000     33295    1.00    1.00    0.00    0.00    2.00     4  talker
12:10:04 PM  1000     33298    1.00    1.00    0.00    0.00    2.00     6  talker
12:10:04 PM  1000     33345    0.00    2.00    0.00    0.00    2.00     2  talker
12:10:04 PM  1000     33374    0.00    1.00    0.00    0.00    1.00    16  talker
12:10:04 PM  1000     33377    0.00    1.00    0.00    0.00    1.00     8  talker
12:10:04 PM  1000     33379    0.00    2.00    0.00    0.00    2.00    10  talker

12:10:04 PM   UID       PID    %usr %system  %guest   %wait    %CPU   CPU  Command
12:10:05 PM  1000     32973    2.00    0.00    0.00    0.00    2.00     6  talker
12:10:05 PM  1000     32975    0.00    1.00    0.00    0.00    1.00    10  talker
12:10:05 PM  1000     32977    1.00    1.00    0.00    0.00    2.00    14  talker
12:10:05 PM  1000     32979    0.00    1.00    0.00    0.00    1.00    12  talker
12:10:05 PM  1000     32981    1.00    0.00    0.00    0.00    1.00     2  talker
12:10:05 PM  1000     32983    1.00    1.00    0.00    0.00    2.00    14  talker
12:10:05 PM  1000     32985    1.00    1.00    0.00    0.00    2.00    14  talker
12:10:05 PM  1000     32987    0.00    0.00    0.00    0.00    0.00     5  talker
12:10:05 PM  1000     32989    1.00    0.00    0.00    0.00    1.00    13  talker
12:10:05 PM  1000     32991    0.00    1.00    0.00    0.00    1.00     5  talker
12:10:05 PM  1000     32993    1.00    0.00    0.00    0.00    1.00    17  talker
12:10:05 PM  1000     32995    0.00    1.00    0.00    0.00    1.00    17  talker
12:10:05 PM  1000     32997    0.00    0.00    0.00    0.00    0.00    16  talker
12:10:05 PM  1000     32998    1.00    0.00    0.00    0.00    1.00    13  talker
12:10:05 PM  1000     33001    1.00    0.00    0.00    0.00    1.00     3  talker
12:10:05 PM  1000     33011    0.00    0.00    0.00    0.00    0.00     8  talker
12:10:05 PM  1000     33013    0.00    1.00    0.00    0.00    1.00     4  talker
12:10:05 PM  1000     33015    1.00    0.00    0.00    0.00    1.00     5  talker
12:10:05 PM  1000     33019    0.00    0.00    0.00    0.00    0.00    16  talker
12:10:05 PM  1000     33022    1.00    0.00    0.00    0.00    1.00    15  talker
12:10:05 PM  1000     33040    1.00    0.00    0.00    0.00    1.00    11  talker
12:10:05 PM  1000     33124    1.00    1.00    0.00    0.00    2.00    12  talker
12:10:05 PM  1000     33177    1.00    0.00    0.00    0.00    1.00     9  talker
12:10:05 PM  1000     33211    1.00    1.00    0.00    0.00    2.00     6  talker
12:10:05 PM  1000     33226    1.00    1.00    0.00    0.00    2.00     1  talker
12:10:05 PM  1000     33228    0.00    0.00    0.00    0.00    0.00     4  talker
12:10:05 PM  1000     33275    1.00    0.00    0.00    0.00    1.00    11  talker
12:10:05 PM  1000     33295    1.00    0.00    0.00    0.00    1.00     4  talker
12:10:05 PM  1000     33298    1.00    1.00    0.00    0.00    2.00    10  talker
12:10:05 PM  1000     33345    0.00    1.00    0.00    0.00    1.00     3  talker
12:10:05 PM  1000     33374    1.00    0.00    0.00    0.00    1.00     8  talker
12:10:05 PM  1000     33377    1.00    0.00    0.00    0.00    1.00    11  talker
12:10:05 PM  1000     33379    0.00    0.00    0.00    0.00    0.00    17  talker

12:10:05 PM   UID       PID    %usr %system  %guest   %wait    %CPU   CPU  Command
12:10:06 PM  1000     32973    1.00    0.00    0.00    0.00    1.00    14  talker
12:10:06 PM  1000     32975    0.00    1.00    0.00    0.00    1.00     5  talker
12:10:06 PM  1000     32977    0.00    0.00    0.00    0.00    0.00    14  talker
12:10:06 PM  1000     32979    1.00    0.00    0.00    0.00    1.00     4  talker
12:10:06 PM  1000     32981    0.00    0.00    0.00    0.00    0.00    10  talker
12:10:06 PM  1000     32983    0.00    1.00    0.00    0.00    1.00     9  talker
12:10:06 PM  1000     32985    1.00    0.00    0.00    0.00    1.00    16  talker
12:10:06 PM  1000     32987    1.00    1.00    0.00    0.00    2.00    12  talker
12:10:06 PM  1000     32989    1.00    1.00    0.00    0.00    2.00     7  talker
12:10:06 PM  1000     32991    0.00    0.00    0.00    0.00    0.00    16  talker
12:10:06 PM  1000     32993    1.00    0.00    0.00    0.00    1.00     2  talker
12:10:06 PM  1000     32995    1.00    0.00    0.00    0.00    1.00     9  talker
12:10:06 PM  1000     32997    0.00    0.00    0.00    0.00    0.00    16  talker
12:10:06 PM  1000     32998    0.00    1.00    0.00    0.00    1.00    15  talker
12:10:06 PM  1000     33001    1.00    0.00    0.00    0.00    1.00    11  talker
12:10:06 PM  1000     33011    1.00    1.00    0.00    0.00    2.00    17  talker
12:10:06 PM  1000     33013    1.00    0.00    0.00    0.00    1.00    16  talker
12:10:06 PM  1000     33015    1.00    1.00    0.00    1.00    2.00     1  talker
12:10:06 PM  1000     33019    1.00    1.00    0.00    0.00    2.00     3  talker
12:10:06 PM  1000     33022    0.00    1.00    0.00    0.00    1.00     8  talker
12:10:06 PM  1000     33040    0.00    1.00    0.00    0.00    1.00    11  talker
12:10:06 PM  1000     33124    0.00    0.00    0.00    0.00    0.00    12  talker
12:10:06 PM  1000     33177    0.00    1.00    0.00    0.00    1.00     9  talker
12:10:06 PM  1000     33211    0.00    0.00    0.00    0.00    0.00    12  talker
12:10:06 PM  1000     33226    0.00    0.00    0.00    0.00    0.00     3  talker
12:10:06 PM  1000     33228    1.00    1.00    0.00    0.00    2.00     2  talker
12:10:06 PM  1000     33275    0.00    0.00    0.00    0.00    0.00    11  talker
12:10:06 PM  1000     33295    0.00    1.00    0.00    0.00    1.00    10  talker
12:10:06 PM  1000     33298    0.00    0.00    0.00    0.00    0.00     2  talker
12:10:06 PM  1000     33345    0.00    1.00    0.00    0.00    1.00     4  talker
12:10:06 PM  1000     33374    1.00    1.00    0.00    0.00    2.00    15  talker
12:10:06 PM  1000     33377    1.00    1.00    0.00    0.00    2.00    10  talker
12:10:06 PM  1000     33379    1.00    1.00    0.00    0.00    2.00    13  talker

12:10:06 PM   UID       PID    %usr %system  %guest   %wait    %CPU   CPU  Command
12:10:07 PM  1000     32973    1.00    0.00    0.00    0.00    1.00    16  talker
12:10:07 PM  1000     32975    0.00    1.00    0.00    0.00    1.00    13  talker
12:10:07 PM  1000     32977    1.00    0.00    0.00    0.00    1.00     7  talker
12:10:07 PM  1000     32979    0.00    1.00    0.00    0.00    1.00     4  talker
12:10:07 PM  1000     32981    1.00    1.00    0.00    0.00    2.00     4  talker
12:10:07 PM  1000     32983    0.00    0.00    0.00    0.00    0.00    10  talker
12:10:07 PM  1000     32985    0.00    0.00    0.00    0.00    0.00    16  talker
12:10:07 PM  1000     32987    0.00    0.00    0.00    0.00    0.00     9  talker
12:10:07 PM  1000     32989    0.00    0.00    0.00    0.00    0.00     3  talker
12:10:07 PM  1000     32991    1.00    1.00    0.00    0.00    2.00     3  talker
12:10:07 PM  1000     32993    0.00    1.00    0.00    0.00    1.00    13  talker
12:10:07 PM  1000     32995    1.00    1.00    0.00    0.00    2.00    16  talker
12:10:07 PM  1000     32997    0.00    0.00    0.00    0.00    0.00    19  talker
12:10:07 PM  1000     32998    1.00    0.00    0.00    0.00    1.00    15  talker
12:10:07 PM  1000     33001    1.00    0.00    0.00    0.00    1.00    15  talker
12:10:07 PM  1000     33011    0.00    0.00    0.00    0.00    0.00     0  talker
12:10:07 PM  1000     33013    0.00    0.00    0.00    0.00    0.00    12  talker
12:10:07 PM  1000     33015    0.00    0.00    0.00    0.00    0.00    16  talker
12:10:07 PM  1000     33019    0.00    0.00    0.00    0.00    0.00     5  talker
12:10:07 PM  1000     33022    1.00    0.00    0.00    0.00    1.00    15  talker
12:10:07 PM  1000     33040    0.00    0.00    0.00    0.00    0.00     8  talker
12:10:07 PM  1000     33124    1.00    1.00    0.00    0.00    2.00    16  talker
12:10:07 PM  1000     33177    1.00    0.00    0.00    0.00    1.00    15  talker
12:10:07 PM  1000     33211    1.00    1.00    0.00    0.00    2.00    14  talker
12:10:07 PM  1000     33226    1.00    1.00    0.00    0.00    2.00     6  talker
12:10:07 PM  1000     33228    0.00    0.00    0.00    0.00    0.00     3  talker
12:10:07 PM  1000     33275    1.00    1.00    0.00    0.00    2.00    10  talker
12:10:07 PM  1000     33295    0.00    0.00    0.00    0.00    0.00    13  talker
12:10:07 PM  1000     33298    1.00    1.00    0.00    0.00    2.00    15  talker
12:10:07 PM  1000     33345    0.00    1.00    0.00    0.00    1.00     0  talker
12:10:07 PM  1000     33374    0.00    0.00    0.00    0.00    0.00     6  talker
12:10:07 PM  1000     33377    0.00    0.00    0.00    0.00    0.00    11  talker
12:10:07 PM  1000     33379    1.00    0.00    0.00    0.00    1.00     5  talker

12:10:07 PM   UID       PID    %usr %system  %guest   %wait    %CPU   CPU  Command
12:10:08 PM  1000     32973    2.00    0.00    0.00    0.00    2.00    12  talker
12:10:08 PM  1000     32975    0.00    1.00    0.00    0.00    1.00     8  talker
12:10:08 PM  1000     32977    1.00    0.00    0.00    0.00    1.00     7  talker
12:10:08 PM  1000     32979    0.00    1.00    0.00    0.00    1.00    16  talker
12:10:08 PM  1000     32981    1.00    0.00    0.00    0.00    1.00     4  talker
12:10:08 PM  1000     32983    1.00    0.00    0.00    0.00    1.00    14  talker
12:10:08 PM  1000     32985    1.00    0.00    0.00    0.00    1.00    12  talker
12:10:08 PM  1000     32987    1.00    1.00    0.00    0.00    2.00    14  talker
12:10:08 PM  1000     32989    0.00    1.00    0.00    0.00    1.00     6  talker
12:10:08 PM  1000     32991    1.00    0.00    0.00    0.00    1.00     3  talker
12:10:08 PM  1000     32993    0.00    1.00    0.00    0.00    1.00    12  talker
12:10:08 PM  1000     32995    0.00    0.00    0.00    0.00    0.00    11  talker
12:10:08 PM  1000     32997    0.00    0.00    0.00    0.00    0.00    19  talker
12:10:08 PM  1000     32998    1.00    0.00    0.00    0.00    1.00    16  talker
12:10:08 PM  1000     33001    2.00    0.00    0.00    0.00    2.00    13  talker
12:10:08 PM  1000     33011    1.00    0.00    0.00    0.00    1.00     5  talker
12:10:08 PM  1000     33013    1.00    0.00    0.00    0.00    1.00     3  talker
12:10:08 PM  1000     33015    1.00    0.00    0.00    0.00    1.00     6  talker
12:10:08 PM  1000     33019    0.00    1.00    0.00    0.00    1.00    16  talker
12:10:08 PM  1000     33022    1.00    1.00    0.00    0.00    2.00    17  talker
12:10:08 PM  1000     33040    1.00    1.00    0.00    0.00    2.00    14  talker
12:10:08 PM  1000     33124    0.00    0.00    0.00    0.00    0.00    16  talker
12:10:08 PM  1000     33177    1.00    1.00    0.00    0.00    2.00     7  talker
12:10:08 PM  1000     33211    0.00    0.00    0.00    0.00    0.00    12  talker
12:10:08 PM  1000     33226    0.00    0.00    0.00    0.00    0.00     8  talker
12:10:08 PM  1000     33228    0.00    1.00    0.00    0.00    1.00     6  talker
12:10:08 PM  1000     33275    1.00    0.00    0.00    0.00    1.00    13  talker
12:10:08 PM  1000     33295    1.00    1.00    0.00    0.00    2.00     5  talker
12:10:08 PM  1000     33298    0.00    1.00    0.00    1.00    1.00    15  talker
12:10:08 PM  1000     33345    0.00    1.00    0.00    0.00    1.00     2  talker
12:10:08 PM  1000     33374    1.00    0.00    0.00    0.00    1.00     5  talker
12:10:08 PM  1000     33377    1.00    0.00    0.00    0.00    1.00     6  talker
12:10:08 PM  1000     33379    1.00    0.00    0.00    0.00    1.00     1  talker

12:10:08 PM   UID       PID    %usr %system  %guest   %wait    %CPU   CPU  Command
12:10:09 PM  1000     32973    1.00    0.00    0.00    1.00    1.00     7  talker
12:10:09 PM  1000     32975    0.00    1.00    0.00    0.00    1.00     1  talker
12:10:09 PM  1000     32977    0.00    1.00    0.00    0.00    1.00     7  talker
12:10:09 PM  1000     32979    1.00    0.00    0.00    0.00    1.00     4  talker
12:10:09 PM  1000     32981    0.00    0.00    0.00    0.00    0.00     4  talker
12:10:09 PM  1000     32983    1.00    1.00    0.00    0.00    2.00    17  talker
12:10:09 PM  1000     32985    0.00    1.00    0.00    0.00    1.00     5  talker
12:10:09 PM  1000     32987    1.00    0.00    0.00    0.00    1.00    14  talker
12:10:09 PM  1000     32989    1.00    0.00    0.00    0.00    1.00    15  talker
12:10:09 PM  1000     32991    0.00    0.00    0.00    0.00    0.00    19  talker
12:10:09 PM  1000     32993    1.00    1.00    0.00    0.00    2.00    12  talker
12:10:09 PM  1000     32995    1.00    1.00    0.00    0.00    2.00    14  talker
12:10:09 PM  1000     32997    0.00    0.00    0.00    0.00    0.00    19  talker
12:10:09 PM  1000     32998    0.00    1.00    0.00    0.00    1.00     7  talker
12:10:09 PM  1000     33001    1.00    0.00    0.00    0.00    1.00    13  talker
12:10:09 PM  1000     33011    0.00    1.00    0.00    0.00    1.00    14  talker
12:10:09 PM  1000     33013    1.00    0.00    0.00    0.00    1.00     5  talker
12:10:09 PM  1000     33015    0.00    1.00    0.00    0.00    1.00    13  talker
12:10:09 PM  1000     33019    1.00    1.00    0.00    0.00    2.00     5  talker
12:10:09 PM  1000     33022    0.00    0.00    0.00    0.00    0.00    16  talker
12:10:09 PM  1000     33040    0.00    0.00    0.00    0.00    0.00    14  talker
12:10:09 PM  1000     33124    1.00    1.00    0.00    0.00    2.00     2  talker
12:10:09 PM  1000     33177    0.00    0.00    0.00    0.00    0.00    14  talker
12:10:09 PM  1000     33211    1.00    1.00    0.00    0.00    2.00    12  talker
12:10:09 PM  1000     33226    1.00    1.00    0.00    0.00    2.00    12  talker
12:10:09 PM  1000     33228    1.00    0.00    0.00    0.00    1.00     9  talker
12:10:09 PM  1000     33275    0.00    0.00    0.00    0.00    0.00    10  talker
12:10:09 PM  1000     33295    0.00    0.00    0.00    0.00    0.00     5  talker
12:10:09 PM  1000     33298    1.00    0.00    0.00    0.00    1.00    15  talker
12:10:09 PM  1000     33345    0.00    0.00    0.00    0.00    0.00    15  talker
12:10:09 PM  1000     33374    0.00    1.00    0.00    0.00    1.00     5  talker
12:10:09 PM  1000     33377    0.00    1.00    0.00    0.00    1.00     6  talker
12:10:09 PM  1000     33379    0.00    0.00    0.00    0.00    0.00     3  talker

12:10:09 PM   UID       PID    %usr %system  %guest   %wait    %CPU   CPU  Command
12:10:10 PM  1000     32973    1.00    0.00    0.00    0.00    1.00    14  talker
12:10:10 PM  1000     32975    0.00    1.00    0.00    0.00    1.00    11  talker
12:10:10 PM  1000     32977    2.00    0.00    0.00    0.00    2.00    11  talker
12:10:10 PM  1000     32979    0.00    1.00    0.00    0.00    1.00     7  talker
12:10:10 PM  1000     32981    1.00    1.00    0.00    0.00    2.00     1  talker
12:10:10 PM  1000     32983    0.00    0.00    0.00    0.00    0.00     1  talker
12:10:10 PM  1000     32985    1.00    0.00    0.00    0.00    1.00     5  talker
12:10:10 PM  1000     32987    0.00    1.00    0.00    1.00    1.00    16  talker
12:10:10 PM  1000     32989    0.00    1.00    0.00    0.00    1.00     0  talker
12:10:10 PM  1000     32991    0.00    1.00    0.00    0.00    1.00    11  talker
12:10:10 PM  1000     32993    0.00    1.00    0.00    0.00    1.00    12  talker
12:10:10 PM  1000     32995    1.00    0.00    0.00    0.00    1.00    12  talker
12:10:10 PM  1000     32997    0.00    0.00    0.00    0.00    0.00    19  talker
12:10:10 PM  1000     32998    1.00    0.00    0.00    0.00    1.00    16  talker
12:10:10 PM  1000     33001    0.00    2.00    0.00    0.00    2.00     4  talker
12:10:10 PM  1000     33011    1.00    1.00    0.00    0.00    2.00    12  talker
12:10:10 PM  1000     33013    2.00    0.00    0.00    0.00    2.00     8  talker
12:10:10 PM  1000     33015    1.00    1.00    0.00    0.00    2.00    16  talker
12:10:10 PM  1000     33019    0.00    1.00    0.00    0.00    1.00     4  talker
12:10:10 PM  1000     33022    1.00    1.00    0.00    0.00    2.00     7  talker
12:10:10 PM  1000     33040    1.00    1.00    0.00    0.00    2.00    18  talker
12:10:10 PM  1000     33124    0.00    1.00    0.00    1.00    1.00    15  talker
12:10:10 PM  1000     33177    1.00    1.00    0.00    0.00    2.00    14  talker
12:10:10 PM  1000     33211    1.00    1.00    0.00    0.00    2.00     5  talker
12:10:10 PM  1000     33226    0.00    1.00    0.00    0.00    1.00     5  talker
12:10:10 PM  1000     33228    1.00    1.00    0.00    0.00    2.00    17  talker
12:10:10 PM  1000     33275    0.00    1.00    0.00    0.00    1.00    14  talker
12:10:10 PM  1000     33295    1.00    1.00    0.00    0.00    2.00    15  talker
12:10:10 PM  1000     33298    0.00    1.00    0.00    0.00    1.00    16  talker
12:10:10 PM  1000     33345    0.00    2.00    0.00    0.00    2.00     8  talker
12:10:10 PM  1000     33374    1.00    1.00    0.00    0.00    2.00     6  talker
12:10:10 PM  1000     33377    1.00    0.00    0.00    0.00    1.00     5  talker
12:10:10 PM  1000     33379    0.00    2.00    0.00    0.00    2.00     4  talker

12:10:10 PM   UID       PID    %usr %system  %guest   %wait    %CPU   CPU  Command
12:10:11 PM  1000     32973    2.00    0.00    0.00    0.00    2.00     3  talker
12:10:11 PM  1000     32975    0.00    2.00    0.00    0.00    2.00    10  talker
12:10:11 PM  1000     32977    0.00    0.00    0.00    0.00    0.00    13  talker
12:10:11 PM  1000     32979    1.00    0.00    0.00    0.00    1.00    14  talker
12:10:11 PM  1000     32981    0.00    1.00    0.00    0.00    1.00     9  talker
12:10:11 PM  1000     32983    1.00    1.00    0.00    0.00    2.00    10  talker
12:10:11 PM  1000     32985    1.00    1.00    0.00    0.00    2.00    13  talker
12:10:11 PM  1000     32987    1.00    1.00    0.00    0.00    2.00     6  talker
12:10:11 PM  1000     32989    0.00    1.00    0.00    0.00    1.00    11  talker
12:10:11 PM  1000     32991    1.00    1.00    0.00    0.00    2.00     0  talker
12:10:11 PM  1000     32993    1.00    1.00    0.00    0.00    2.00     3  talker
12:10:11 PM  1000     32995    1.00    1.00    0.00    1.00    2.00    12  talker
12:10:11 PM  1000     32997    0.00    0.00    0.00    0.00    0.00    19  talker
12:10:11 PM  1000     32998    1.00    0.00    0.00    0.00    1.00    14  talker
12:10:11 PM  1000     33001    1.00    0.00    0.00    0.00    1.00    10  talker
12:10:11 PM  1000     33011    1.00    0.00    0.00    0.00    1.00    14  talker
12:10:11 PM  1000     33013    1.00    0.00    0.00    0.00    1.00     3  talker
12:10:11 PM  1000     33015    1.00    0.00    0.00    0.00    1.00     5  talker
12:10:11 PM  1000     33019    0.00    1.00    0.00    0.00    1.00    12  talker
12:10:11 PM  1000     33022    1.00    0.00    0.00    0.00    1.00    13  talker
12:10:11 PM  1000     33040    0.00    1.00    0.00    0.00    1.00    13  talker
12:10:11 PM  1000     33124    1.00    0.00    0.00    0.00    1.00    12  talker
12:10:11 PM  1000     33177    1.00    1.00    0.00    0.00    2.00     4  talker
12:10:11 PM  1000     33211    0.00    0.00    0.00    0.00    0.00     2  talker
12:10:11 PM  1000     33226    1.00    1.00    0.00    0.00    2.00     3  talker
12:10:11 PM  1000     33228    0.00    1.00    0.00    0.00    1.00    14  talker
12:10:11 PM  1000     33275    1.00    1.00    0.00    0.00    2.00     3  talker
12:10:11 PM  1000     33295    1.00    0.00    0.00    0.00    1.00     2  talker
12:10:11 PM  1000     33298    1.00    1.00    0.00    0.00    2.00    17  talker
12:10:11 PM  1000     33345    0.00    1.00    0.00    0.00    1.00     0  talker
12:10:11 PM  1000     33374    1.00    0.00    0.00    1.00    1.00    16  talker
12:10:11 PM  1000     33377    0.00    1.00    0.00    0.00    1.00     3  talker
12:10:11 PM  1000     33379    0.00    1.00    0.00    0.00    1.00    11  talker

12:10:11 PM   UID       PID    %usr %system  %guest   %wait    %CPU   CPU  Command
12:10:12 PM  1000     32973    1.00    0.00    0.00    0.00    1.00    12  talker
12:10:12 PM  1000     32975    0.00    1.00    0.00    0.00    1.00     3  talker
12:10:12 PM  1000     32977    2.00    0.00    0.00    0.00    2.00    15  talker
12:10:12 PM  1000     32979    1.00    1.00    0.00    0.00    2.00    11  talker
12:10:12 PM  1000     32981    1.00    1.00    0.00    0.00    2.00    11  talker
12:10:12 PM  1000     32983    1.00    1.00    0.00    0.00    2.00    16  talker
12:10:12 PM  1000     32985    0.00    1.00    0.00    0.00    1.00     3  talker
12:10:12 PM  1000     32987    1.00    1.00    0.00    0.00    2.00     8  talker
12:10:12 PM  1000     32989    1.00    1.00    0.00    0.00    2.00     4  talker
12:10:12 PM  1000     32991    0.00    1.00    0.00    0.00    1.00     3  talker
12:10:12 PM  1000     32993    1.00    0.00    0.00    0.00    1.00    12  talker
12:10:12 PM  1000     32995    1.00    0.00    0.00    0.00    1.00    17  talker
12:10:12 PM  1000     32997    0.00    0.00    0.00    0.00    0.00    19  talker
12:10:12 PM  1000     32998    1.00    1.00    0.00    0.00    2.00     4  talker
12:10:12 PM  1000     33001    2.00    0.00    0.00    0.00    2.00     4  talker
12:10:12 PM  1000     33011    0.00    1.00    0.00    0.00    1.00    17  talker
12:10:12 PM  1000     33013    1.00    0.00    0.00    0.00    1.00    12  talker
12:10:12 PM  1000     33015    1.00    1.00    0.00    0.00    2.00    11  talker
12:10:12 PM  1000     33019    1.00    1.00    0.00    1.00    2.00     8  talker
12:10:12 PM  1000     33022    0.00    1.00    0.00    0.00    1.00     7  talker
12:10:12 PM  1000     33040    1.00    1.00    0.00    0.00    2.00    13  talker
12:10:12 PM  1000     33124    1.00    1.00    0.00    0.00    2.00     6  talker
12:10:12 PM  1000     33177    1.00    0.00    0.00    0.00    1.00     2  talker
12:10:12 PM  1000     33211    1.00    1.00    0.00    0.00    2.00    14  talker
12:10:12 PM  1000     33226    1.00    0.00    0.00    0.00    1.00    11  talker
12:10:12 PM  1000     33228    0.00    1.00    0.00    0.00    1.00    10  talker
12:10:12 PM  1000     33275    0.00    1.00    0.00    0.00    1.00     2  talker
12:10:12 PM  1000     33295    1.00    0.00    0.00    0.00    1.00    15  talker
12:10:12 PM  1000     33298    1.00    1.00    0.00    0.00    2.00     9  talker
12:10:12 PM  1000     33345    0.00    2.00    0.00    0.00    2.00    10  talker
12:10:12 PM  1000     33374    1.00    0.00    0.00    0.00    1.00    12  talker
12:10:12 PM  1000     33377    1.00    1.00    0.00    0.00    2.00    10  talker
12:10:12 PM  1000     33379    1.00    1.00    0.00    0.00    2.00    13  talker

12:10:12 PM   UID       PID    %usr %system  %guest   %wait    %CPU   CPU  Command
12:10:13 PM  1000     32973    2.00    0.00    0.00    0.00    2.00    11  talker
12:10:13 PM  1000     32975    0.00    1.00    0.00    0.00    1.00    17  talker
12:10:13 PM  1000     32977    0.00    0.00    0.00    0.00    0.00     5  talker
12:10:13 PM  1000     32979    1.00    1.00    0.00    0.00    2.00     6  talker
12:10:13 PM  1000     32981    0.00    0.00    0.00    0.00    0.00    14  talker
12:10:13 PM  1000     32983    0.00    0.00    0.00    0.00    0.00    12  talker
12:10:13 PM  1000     32985    1.00    0.00    0.00    0.00    1.00     3  talker
12:10:13 PM  1000     32987    0.00    0.00    0.00    0.00    0.00    11  talker
12:10:13 PM  1000     32989    1.00    0.00    0.00    0.00    1.00     2  talker
12:10:13 PM  1000     32991    1.00    0.00    0.00    0.00    1.00    12  talker
12:10:13 PM  1000     32993    0.00    1.00    0.00    0.00    1.00    15  talker
12:10:13 PM  1000     32995    0.00    1.00    0.00    0.00    1.00    12  talker
12:10:13 PM  1000     32997    0.00    0.00    0.00    0.00    0.00    19  talker
12:10:13 PM  1000     32998    1.00    0.00    0.00    0.00    1.00     5  talker
12:10:13 PM  1000     33001    1.00    0.00    0.00    0.00    1.00    14  talker
12:10:13 PM  1000     33011    1.00    0.00    0.00    0.00    1.00     1  talker
12:10:13 PM  1000     33013    1.00    0.00    0.00    0.00    1.00    15  talker
12:10:13 PM  1000     33015    0.00    0.00    0.00    0.00    0.00     5  talker
12:10:13 PM  1000     33019    1.00    0.00    0.00    0.00    1.00    15  talker
12:10:13 PM  1000     33022    1.00    1.00    0.00    0.00    2.00     7  talker
12:10:13 PM  1000     33040    0.00    0.00    0.00    0.00    0.00     3  talker
12:10:13 PM  1000     33124    0.00    1.00    0.00    0.00    1.00     2  talker
12:10:13 PM  1000     33177    0.00    1.00    0.00    0.00    1.00     7  talker
12:10:13 PM  1000     33211    1.00    1.00    0.00    0.00    2.00    16  talker
12:10:13 PM  1000     33226    0.00    1.00    0.00    0.00    1.00     0  talker
12:10:13 PM  1000     33228    1.00    1.00    0.00    0.00    2.00    11  talker
12:10:13 PM  1000     33275    0.00    1.00    0.00    0.00    1.00     2  talker
12:10:13 PM  1000     33295    1.00    0.00    0.00    0.00    1.00    15  talker
12:10:13 PM  1000     33298    0.00    1.00    0.00    0.00    1.00    15  talker
12:10:13 PM  1000     33345    0.00    1.00    0.00    0.00    1.00     8  talker
12:10:13 PM  1000     33374    1.00    1.00    0.00    0.00    2.00    13  talker
12:10:13 PM  1000     33377    0.00    1.00    0.00    0.00    1.00     2  talker
12:10:13 PM  1000     33379    0.00    0.00    0.00    0.00    0.00     5  talker

12:10:13 PM   UID       PID    %usr %system  %guest   %wait    %CPU   CPU  Command
12:10:14 PM  1000     32973    0.00    1.00    0.00    0.00    1.00    12  talker
12:10:14 PM  1000     32975    0.00    1.00    0.00    0.00    1.00     8  talker
12:10:14 PM  1000     32977    1.00    1.00    0.00    0.00    2.00     9  talker
12:10:14 PM  1000     32979    1.00    0.00    0.00    0.00    1.00     6  talker
12:10:14 PM  1000     32981    0.00    1.00    0.00    0.00    1.00    15  talker
12:10:14 PM  1000     32983    1.00    1.00    0.00    0.00    2.00    10  talker
12:10:14 PM  1000     32985    0.00    0.00    0.00    0.00    0.00     6  talker
12:10:14 PM  1000     32987    1.00    1.00    0.00    0.00    2.00     0  talker
12:10:14 PM  1000     32989    0.00    1.00    0.00    0.00    1.00    12  talker
12:10:14 PM  1000     32991    0.00    1.00    0.00    0.00    1.00    10  talker
12:10:14 PM  1000     32993    1.00    0.00    0.00    0.00    1.00    10  talker
12:10:14 PM  1000     32995    1.00    0.00    0.00    0.00    1.00    11  talker
12:10:14 PM  1000     32997    0.00    0.00    0.00    0.00    0.00    19  talker
12:10:14 PM  1000     32998    0.00    1.00    0.00    0.00    1.00     7  talker
12:10:14 PM  1000     33001    1.00    1.00    0.00    0.00    2.00    15  talker
12:10:14 PM  1000     33011    1.00    0.00    0.00    0.00    1.00     0  talker
12:10:14 PM  1000     33013    1.00    0.00    0.00    0.00    1.00    14  talker
12:10:14 PM  1000     33015    1.00    1.00    0.00    0.00    2.00    12  talker
12:10:14 PM  1000     33019    0.00    1.00    0.00    0.00    1.00     8  talker
12:10:14 PM  1000     33022    0.00    0.00    0.00    0.00    0.00     8  talker
12:10:14 PM  1000     33040    1.00    1.00    0.00    0.00    2.00    14  talker
12:10:14 PM  1000     33124    1.00    0.00    0.00    0.00    1.00     7  talker
12:10:14 PM  1000     33177    1.00    0.00    0.00    0.00    1.00    16  talker
12:10:14 PM  1000     33211    0.00    0.00    0.00    0.00    0.00     7  talker
12:10:14 PM  1000     33226    1.00    0.00    0.00    0.00    1.00     7  talker
12:10:14 PM  1000     33228    0.00    0.00    0.00    0.00    0.00    10  talker
12:10:14 PM  1000     33275    1.00    0.00    0.00    0.00    1.00    10  talker
12:10:14 PM  1000     33295    0.00    1.00    0.00    0.00    1.00     1  talker
12:10:14 PM  1000     33298    1.00    0.00    0.00    0.00    1.00    15  talker
12:10:14 PM  1000     33345    0.00    1.00    0.00    0.00    1.00     2  talker
12:10:14 PM  1000     33374    1.00    0.00    0.00    0.00    1.00    11  talker
12:10:14 PM  1000     33377    1.00    0.00    0.00    0.00    1.00    10  talker
12:10:14 PM  1000     33379    1.00    1.00    0.00    0.00    2.00    14  talker

12:10:14 PM   UID       PID    %usr %system  %guest   %wait    %CPU   CPU  Command
12:10:15 PM  1000     32973    0.00    2.00    0.00    0.00    2.00    12  talker
12:10:15 PM  1000     32975    0.00    1.00    0.00    0.00    1.00    13  talker
12:10:15 PM  1000     32977    0.00    1.00    0.00    0.00    1.00     9  talker
12:10:15 PM  1000     32979    0.00    0.00    0.00    0.00    0.00    13  talker
12:10:15 PM  1000     32981    1.00    0.00    0.00    0.00    1.00     7  talker
12:10:15 PM  1000     32983    0.00    0.00    0.00    0.00    0.00     5  talker
12:10:15 PM  1000     32985    1.00    1.00    0.00    0.00    2.00    19  talker
12:10:15 PM  1000     32987    0.00    0.00    0.00    0.00    0.00     1  talker
12:10:15 PM  1000     32989    1.00    0.00    0.00    0.00    1.00    13  talker
12:10:15 PM  1000     32991    1.00    0.00    0.00    0.00    1.00    13  talker
12:10:15 PM  1000     32993    0.00    1.00    0.00    0.00    1.00     9  talker
12:10:15 PM  1000     32995    0.00    1.00    0.00    0.00    1.00    19  talker
12:10:15 PM  1000     32997    0.00    0.00    0.00    0.00    0.00    19  talker
12:10:15 PM  1000     32998    1.00    0.00    0.00    0.00    1.00     6  talker
12:10:15 PM  1000     33001    0.00    1.00    0.00    0.00    1.00    15  talker
12:10:15 PM  1000     33011    0.00    1.00    0.00    0.00    1.00    14  talker
12:10:15 PM  1000     33013    0.00    1.00    0.00    0.00    1.00     1  talker
12:10:15 PM  1000     33015    0.00    1.00    0.00    0.00    1.00    12  talker
12:10:15 PM  1000     33019    1.00    0.00    0.00    0.00    1.00     2  talker
12:10:15 PM  1000     33022    1.00    1.00    0.00    0.00    2.00    12  talker
12:10:15 PM  1000     33040    0.00    0.00    0.00    0.00    0.00     5  talker
12:10:15 PM  1000     33124    0.00    1.00    0.00    0.00    1.00    16  talker
12:10:15 PM  1000     33177    0.00    1.00    0.00    0.00    1.00    12  talker
12:10:15 PM  1000     33211    1.00    1.00    0.00    1.00    2.00    12  talker
12:10:15 PM  1000     33226    0.00    1.00    0.00    0.00    1.00     2  talker
12:10:15 PM  1000     33228    1.00    0.00    0.00    0.00    1.00    13  talker
12:10:15 PM  1000     33275    0.00    1.00    0.00    0.00    1.00     8  talker
12:10:15 PM  1000     33295    0.00    0.00    0.00    0.00    0.00     7  talker
12:10:15 PM  1000     33298    1.00    1.00    0.00    0.00    2.00     4  talker
12:10:15 PM  1000     33345    0.00    1.00    0.00    0.00    1.00     5  talker
12:10:15 PM  1000     33374    0.00    1.00    0.00    0.00    1.00     4  talker
12:10:15 PM  1000     33377    0.00    0.00    0.00    0.00    0.00     3  talker
12:10:15 PM  1000     33379    0.00    0.00    0.00    0.00    0.00    14  talker

12:10:15 PM   UID       PID    %usr %system  %guest   %wait    %CPU   CPU  Command
12:10:16 PM  1000     32973    0.00    1.00    0.00    0.00    1.00    11  talker
12:10:16 PM  1000     32975    0.00    1.00    0.00    0.00    1.00    10  talker
12:10:16 PM  1000     32977    1.00    0.00    0.00    0.00    1.00     9  talker
12:10:16 PM  1000     32979    1.00    1.00    0.00    0.00    2.00     6  talker
12:10:16 PM  1000     32981    0.00    1.00    0.00    0.00    1.00     4  talker
12:10:16 PM  1000     32983    1.00    1.00    0.00    0.00    2.00    15  talker
12:10:16 PM  1000     32985    0.00    0.00    0.00    0.00    0.00     6  talker
12:10:16 PM  1000     32987    1.00    1.00    0.00    0.00    2.00     8  talker
12:10:16 PM  1000     32989    0.00    1.00    0.00    0.00    1.00     5  talker
12:10:16 PM  1000     32991    0.00    1.00    0.00    0.00    1.00    14  talker
12:10:16 PM  1000     32993    0.00    1.00    0.00    0.00    1.00    13  talker
12:10:16 PM  1000     32995    2.00    0.00    0.00    0.00    2.00     5  talker
12:10:16 PM  1000     32997    0.00    0.00    0.00    0.00    0.00    19  talker
12:10:16 PM  1000     32998    0.00    0.00    0.00    0.00    0.00    12  talker
12:10:16 PM  1000     33001    0.00    1.00    0.00    0.00    1.00    12  talker
12:10:16 PM  1000     33011    0.00    1.00    0.00    0.00    1.00    17  talker
12:10:16 PM  1000     33013    0.00    1.00    0.00    0.00    1.00     8  talker
12:10:16 PM  1000     33015    0.00    1.00    0.00    0.00    1.00    17  talker
12:10:16 PM  1000     33019    1.00    1.00    0.00    0.00    2.00     6  talker
12:10:16 PM  1000     33022    1.00    0.00    0.00    0.00    1.00    13  talker
12:10:16 PM  1000     33040    0.00    1.00    0.00    0.00    1.00     5  talker
12:10:16 PM  1000     33124    1.00    0.00    0.00    0.00    1.00    13  talker
12:10:16 PM  1000     33177    1.00    0.00    0.00    0.00    1.00    16  talker
12:10:16 PM  1000     33211    0.00    1.00    0.00    0.00    1.00     2  talker
12:10:16 PM  1000     33226    1.00    1.00    0.00    0.00    2.00    11  talker
12:10:16 PM  1000     33228    0.00    1.00    0.00    0.00    1.00    14  talker
12:10:16 PM  1000     33275    1.00    0.00    0.00    0.00    1.00     6  talker
12:10:16 PM  1000     33295    1.00    1.00    0.00    0.00    2.00     4  talker
12:10:16 PM  1000     33298    0.00    0.00    0.00    0.00    0.00    12  talker
12:10:16 PM  1000     33345    0.00    1.00    0.00    0.00    1.00     8  talker
12:10:16 PM  1000     33374    1.00    0.00    0.00    0.00    1.00    16  talker
12:10:16 PM  1000     33377    0.00    2.00    0.00    0.00    2.00     6  talker
12:10:16 PM  1000     33379    2.00    0.00    0.00    1.00    2.00    10  talker

12:10:16 PM   UID       PID    %usr %system  %guest   %wait    %CPU   CPU  Command
12:10:17 PM  1000     32973    0.00    1.00    0.00    0.00    1.00     9  talker
12:10:17 PM  1000     32975    0.00    0.00    0.00    0.00    0.00     4  talker
12:10:17 PM  1000     32977    0.00    0.00    0.00    0.00    0.00     9  talker
12:10:17 PM  1000     32979    0.00    0.00    0.00    0.00    0.00     6  talker
12:10:17 PM  1000     32981    1.00    0.00    0.00    0.00    1.00    11  talker
12:10:17 PM  1000     32983    0.00    0.00    0.00    0.00    0.00    10  talker
12:10:17 PM  1000     32985    1.00    0.00    0.00    0.00    1.00    12  talker
12:10:17 PM  1000     32987    0.00    0.00    0.00    0.00    0.00    10  talker
12:10:17 PM  1000     32989    1.00    0.00    0.00    0.00    1.00     3  talker
12:10:17 PM  1000     32991    0.00    0.00    0.00    0.00    0.00    12  talker
12:10:17 PM  1000     32993    1.00    0.00    0.00    0.00    1.00    14  talker
12:10:17 PM  1000     32995    0.00    0.00    0.00    0.00    0.00     7  talker
12:10:17 PM  1000     32997    0.00    0.00    0.00    0.00    0.00    19  talker
12:10:17 PM  1000     32998    1.00    1.00    0.00    0.00    2.00    15  talker
12:10:17 PM  1000     33001    0.00    1.00    0.00    0.00    1.00    14  talker
12:10:17 PM  1000     33011    1.00    0.00    0.00    0.00    1.00    10  talker
12:10:17 PM  1000     33013    0.00    1.00    0.00    0.00    1.00    13  talker
12:10:17 PM  1000     33015    0.00    1.00    0.00    0.00    1.00     8  talker
12:10:17 PM  1000     33019    0.00    0.00    0.00    0.00    0.00    13  talker
12:10:17 PM  1000     33022    0.00    0.00    0.00    0.00    0.00    12  talker
12:10:17 PM  1000     33040    1.00    0.00    0.00    0.00    1.00     6  talker
12:10:17 PM  1000     33124    1.00    1.00    0.00    1.00    2.00    14  talker
12:10:17 PM  1000     33177    0.00    1.00    0.00    0.00    1.00     7  talker
12:10:17 PM  1000     33211    1.00    0.00    0.00    0.00    1.00    15  talker
12:10:17 PM  1000     33226    0.00    0.00    0.00    0.00    0.00     6  talker
12:10:17 PM  1000     33228    0.00    1.00    0.00    0.00    1.00    17  talker
12:10:17 PM  1000     33275    1.00    0.00    0.00    0.00    1.00    14  talker
12:10:17 PM  1000     33295    0.00    0.00    0.00    0.00    0.00    12  talker
12:10:17 PM  1000     33298    1.00    1.00    0.00    0.00    2.00    14  talker
12:10:17 PM  1000     33345    0.00    1.00    0.00    0.00    1.00    15  talker
12:10:17 PM  1000     33374    1.00    1.00    0.00    0.00    2.00    13  talker
12:10:17 PM  1000     33377    1.00    0.00    0.00    0.00    1.00     6  talker
12:10:17 PM  1000     33379    0.00    1.00    0.00    0.00    1.00    11  talker

12:10:17 PM   UID       PID    %usr %system  %guest   %wait    %CPU   CPU  Command
12:10:18 PM  1000     32973    0.00    2.00    0.00    0.00    2.00    12  talker
12:10:18 PM  1000     32975    0.00    2.00    0.00    0.00    2.00    12  talker
12:10:18 PM  1000     32977    0.00    1.00    0.00    0.00    1.00     2  talker
12:10:18 PM  1000     32979    0.00    2.00    0.00    0.00    2.00     7  talker
12:10:18 PM  1000     32981    0.00    1.00    0.00    0.00    1.00     5  talker
12:10:18 PM  1000     32983    1.00    1.00    0.00    0.00    2.00     6  talker
12:10:18 PM  1000     32985    0.00    1.00    0.00    0.00    1.00     2  talker
12:10:18 PM  1000     32987    1.00    1.00    0.00    0.00    2.00    15  talker
12:10:18 PM  1000     32989    0.00    1.00    0.00    0.00    1.00    10  talker
12:10:18 PM  1000     32991    1.00    1.00    0.00    0.00    2.00    11  talker
12:10:18 PM  1000     32993    0.00    2.00    0.00    0.00    2.00     2  talker
12:10:18 PM  1000     32995    1.00    1.00    0.00    0.00    2.00     5  talker
12:10:18 PM  1000     32997    0.00    0.00    0.00    0.00    0.00    19  talker
12:10:18 PM  1000     32998    0.00    1.00    0.00    0.00    1.00    13  talker
12:10:18 PM  1000     33001    0.00    2.00    0.00    0.00    2.00    12  talker
12:10:18 PM  1000     33011    0.00    1.00    0.00    0.00    1.00     9  talker
12:10:18 PM  1000     33013    0.00    2.00    0.00    0.00    2.00     9  talker
12:10:18 PM  1000     33015    1.00    0.00    0.00    0.00    1.00     4  talker
12:10:18 PM  1000     33019    0.00    1.00    0.00    0.00    1.00     5  talker
12:10:18 PM  1000     33022    1.00    1.00    0.00    0.00    2.00    12  talker
12:10:18 PM  1000     33040    1.00    1.00    0.00    0.00    2.00     4  talker
12:10:18 PM  1000     33124    0.00    0.00    0.00    0.00    0.00    15  talker
12:10:18 PM  1000     33177    1.00    1.00    0.00    0.00    2.00     7  talker
12:10:18 PM  1000     33211    1.00    1.00    0.00    0.00    2.00    14  talker
12:10:18 PM  1000     33226    1.00    1.00    0.00    0.00    2.00     7  talker
12:10:18 PM  1000     33228    1.00    0.00    0.00    0.00    1.00     4  talker
12:10:18 PM  1000     33275    0.00    1.00    0.00    0.00    1.00     3  talker
12:10:18 PM  1000     33295    2.00    0.00    0.00    0.00    2.00    19  talker
12:10:18 PM  1000     33298    1.00    1.00    0.00    0.00    2.00    15  talker
12:10:18 PM  1000     33345    0.00    1.00    0.00    1.00    1.00    17  talker
12:10:18 PM  1000     33374    1.00    0.00    0.00    0.00    1.00     6  talker
12:10:18 PM  1000     33377    0.00    2.00    0.00    0.00    2.00    12  talker
12:10:18 PM  1000     33379    1.00    0.00    0.00    0.00    1.00    15  talker

12:10:18 PM   UID       PID    %usr %system  %guest   %wait    %CPU   CPU  Command
12:10:19 PM  1000     32973    0.00    1.00    0.00    0.00    1.00     5  talker
12:10:19 PM  1000     32975    0.00    1.00    0.00    0.00    1.00    14  talker
12:10:19 PM  1000     32977    1.00    1.00    0.00    0.00    2.00    13  talker
12:10:19 PM  1000     32979    1.00    1.00    0.00    0.00    2.00     9  talker
12:10:19 PM  1000     32981    1.00    1.00    0.00    0.00    2.00    17  talker
12:10:19 PM  1000     32983    0.00    1.00    0.00    0.00    1.00    12  talker
12:10:19 PM  1000     32985    0.00    1.00    0.00    0.00    1.00    17  talker
12:10:19 PM  1000     32987    0.00    1.00    0.00    0.00    1.00     3  talker
12:10:19 PM  1000     32989    0.00    1.00    0.00    0.00    1.00    18  talker
12:10:19 PM  1000     32991    0.00    1.00    0.00    0.00    1.00    10  talker
12:10:19 PM  1000     32993    0.00    1.00    0.00    0.00    1.00    15  talker
12:10:19 PM  1000     32995    0.00    1.00    0.00    0.00    1.00    12  talker
12:10:19 PM  1000     32997    0.00    0.00    0.00    0.00    0.00    19  talker
12:10:19 PM  1000     32998    1.00    0.00    0.00    0.00    1.00    10  talker
12:10:19 PM  1000     33001    0.00    2.00    0.00    1.00    2.00     7  talker
12:10:19 PM  1000     33011    0.00    2.00    0.00    0.00    2.00    16  talker
12:10:19 PM  1000     33013    0.00    1.00    0.00    0.00    1.00     2  talker
12:10:19 PM  1000     33015    0.00    2.00    0.00    0.00    2.00    10  talker
12:10:19 PM  1000     33019    1.00    1.00    0.00    0.00    2.00    10  talker
12:10:19 PM  1000     33022    1.00    1.00    0.00    0.00    2.00    14  talker
12:10:19 PM  1000     33040    0.00    1.00    0.00    0.00    1.00    12  talker
12:10:19 PM  1000     33124    1.00    1.00    0.00    0.00    2.00    16  talker
12:10:19 PM  1000     33177    1.00    0.00    0.00    1.00    1.00    17  talker
12:10:19 PM  1000     33211    1.00    1.00    0.00    0.00    2.00    12  talker
12:10:19 PM  1000     33226    1.00    0.00    0.00    0.00    1.00    10  talker
12:10:19 PM  1000     33228    0.00    1.00    0.00    0.00    1.00     5  talker
12:10:19 PM  1000     33275    0.00    1.00    0.00    0.00    1.00     4  talker
12:10:19 PM  1000     33295    1.00    1.00    0.00    0.00    2.00     3  talker
12:10:19 PM  1000     33298    1.00    0.00    0.00    0.00    1.00     4  talker
12:10:19 PM  1000     33345    0.00    2.00    0.00    0.00    2.00     1  talker
12:10:19 PM  1000     33374    0.00    1.00    0.00    0.00    1.00     9  talker
12:10:19 PM  1000     33377    0.00    1.00    0.00    0.00    1.00    12  talker
12:10:19 PM  1000     33379    1.00    1.00    0.00    0.00    2.00     6  talker

12:10:19 PM   UID       PID    %usr %system  %guest   %wait    %CPU   CPU  Command
12:10:20 PM  1000     32973    0.00    2.00    0.00    0.00    2.00    12  talker
12:10:20 PM  1000     32975    0.00    2.00    0.00    0.00    2.00    14  talker
12:10:20 PM  1000     32977    1.00    0.00    0.00    0.00    1.00    14  talker
12:10:20 PM  1000     32979    0.00    1.00    0.00    0.00    1.00     5  talker
12:10:20 PM  1000     32981    1.00    0.00    0.00    0.00    1.00     7  talker
12:10:20 PM  1000     32983    1.00    1.00    0.00    0.00    2.00    14  talker
12:10:20 PM  1000     32985    1.00    1.00    0.00    0.00    2.00    11  talker
12:10:20 PM  1000     32987    1.00    1.00    0.00    0.00    2.00     1  talker
12:10:20 PM  1000     32989    1.00    1.00    0.00    0.00    2.00    13  talker
12:10:20 PM  1000     32991    1.00    1.00    0.00    0.00    2.00    12  talker
12:10:20 PM  1000     32993    1.00    1.00    0.00    1.00    2.00    14  talker
12:10:20 PM  1000     32995    2.00    0.00    0.00    0.00    2.00     6  talker
12:10:20 PM  1000     32997    0.00    0.00    0.00    0.00    0.00    19  talker
12:10:20 PM  1000     32998    1.00    0.00    0.00    0.00    1.00    13  talker
12:10:20 PM  1000     33001    0.00    2.00    0.00    0.00    2.00    18  talker
12:10:20 PM  1000     33011    0.00    0.00    0.00    0.00    0.00     6  talker
12:10:20 PM  1000     33013    0.00    2.00    0.00    0.00    2.00    10  talker
12:10:20 PM  1000     33015    1.00    1.00    0.00    0.00    2.00    19  talker
12:10:20 PM  1000     33019    1.00    1.00    0.00    0.00    2.00    12  talker
12:10:20 PM  1000     33022    0.00    1.00    0.00    0.00    1.00    10  talker
12:10:20 PM  1000     33040    0.00    1.00    0.00    0.00    1.00    12  talker
12:10:20 PM  1000     33124    1.00    1.00    0.00    0.00    2.00    13  talker
12:10:20 PM  1000     33177    0.00    1.00    0.00    0.00    1.00     6  talker
12:10:20 PM  1000     33211    0.00    1.00    0.00    0.00    1.00     6  talker
12:10:20 PM  1000     33226    1.00    1.00    0.00    1.00    2.00    13  talker
12:10:20 PM  1000     33228    1.00    1.00    0.00    0.00    2.00    17  talker
12:10:20 PM  1000     33275    1.00    1.00    0.00    0.00    2.00     0  talker
12:10:20 PM  1000     33295    0.00    0.00    0.00    0.00    0.00    14  talker
12:10:20 PM  1000     33298    0.00    1.00    0.00    0.00    1.00    14  talker
12:10:20 PM  1000     33345    0.00    1.00    0.00    0.00    1.00     6  talker
12:10:20 PM  1000     33374    1.00    1.00    0.00    0.00    2.00    10  talker
12:10:20 PM  1000     33377    1.00    0.00    0.00    0.00    1.00    15  talker
12:10:20 PM  1000     33379    0.00    1.00    0.00    0.00    1.00    13  talker

12:10:20 PM   UID       PID    %usr %system  %guest   %wait    %CPU   CPU  Command
12:10:21 PM  1000     32973    0.00    1.00    0.00    0.00    1.00    16  talker
12:10:21 PM  1000     32975    0.00    1.00    0.00    0.00    1.00    10  talker
12:10:21 PM  1000     32977    0.00    1.00    0.00    0.00    1.00     3  talker
12:10:21 PM  1000     32979    0.00    0.00    0.00    0.00    0.00    15  talker
12:10:21 PM  1000     32981    0.00    0.00    0.00    0.00    0.00    16  talker
12:10:21 PM  1000     32983    0.00    1.00    0.00    0.00    1.00    16  talker
12:10:21 PM  1000     32985    1.00    0.00    0.00    0.00    1.00     0  talker
12:10:21 PM  1000     32987    0.00    0.00    0.00    0.00    0.00     1  talker
12:10:21 PM  1000     32989    0.00    0.00    0.00    0.00    0.00    10  talker
12:10:21 PM  1000     32991    0.00    1.00    0.00    0.00    1.00    13  talker
12:10:21 PM  1000     32993    0.00    0.00    0.00    0.00    0.00    14  talker
12:10:21 PM  1000     32995    0.00    1.00    0.00    0.00    1.00     6  talker
12:10:21 PM  1000     32997    0.00    0.00    0.00    0.00    0.00    19  talker
12:10:21 PM  1000     32998    1.00    1.00    0.00    0.00    2.00    14  talker
12:10:21 PM  1000     33001    0.00    1.00    0.00    0.00    1.00    11  talker
12:10:21 PM  1000     33011    1.00    1.00    0.00    0.00    2.00    14  talker
12:10:21 PM  1000     33013    0.00    1.00    0.00    0.00    1.00     6  talker
12:10:21 PM  1000     33015    0.00    0.00    0.00    0.00    0.00    15  talker
12:10:21 PM  1000     33019    0.00    0.00    0.00    0.00    0.00    17  talker
12:10:21 PM  1000     33022    1.00    0.00    0.00    0.00    1.00     2  talker
12:10:21 PM  1000     33040    1.00    0.00    0.00    0.00    1.00    15  talker
12:10:21 PM  1000     33124    0.00    0.00    0.00    0.00    0.00     7  talker
12:10:21 PM  1000     33177    1.00    1.00    0.00    0.00    2.00    11  talker
12:10:21 PM  1000     33211    1.00    0.00    0.00    0.00    1.00     6  talker
12:10:21 PM  1000     33226    0.00    0.00    0.00    0.00    0.00     2  talker
12:10:21 PM  1000     33228    1.00    0.00    0.00    0.00    1.00     7  talker
12:10:21 PM  1000     33275    0.00    0.00    0.00    0.00    0.00    10  talker
12:10:21 PM  1000     33295    1.00    1.00    0.00    0.00    2.00     4  talker
12:10:21 PM  1000     33298    1.00    1.00    0.00    0.00    2.00    14  talker
12:10:21 PM  1000     33345    0.00    1.00    0.00    0.00    1.00     7  talker
12:10:21 PM  1000     33374    0.00    0.00    0.00    0.00    0.00     5  talker
12:10:21 PM  1000     33377    0.00    1.00    0.00    0.00    1.00     9  talker
12:10:21 PM  1000     33379    1.00    0.00    0.00    0.00    1.00     5  talker

12:10:21 PM   UID       PID    %usr %system  %guest   %wait    %CPU   CPU  Command
12:10:22 PM  1000     32973    0.00    2.00    0.00    0.00    2.00    15  talker
12:10:22 PM  1000     32975    0.00    0.00    0.00    0.00    0.00    16  talker
12:10:22 PM  1000     32977    1.00    0.00    0.00    0.00    1.00     4  talker
12:10:22 PM  1000     32979    0.00    1.00    0.00    0.00    1.00     4  talker
12:10:22 PM  1000     32981    1.00    1.00    0.00    0.00    2.00    18  talker
12:10:22 PM  1000     32983    1.00    0.00    0.00    0.00    1.00     8  talker
12:10:22 PM  1000     32985    0.00    0.00    0.00    0.00    0.00     5  talker
12:10:22 PM  1000     32987    1.00    1.00    0.00    0.00    2.00     3  talker
12:10:22 PM  1000     32989    0.00    1.00    0.00    0.00    1.00    16  talker
12:10:22 PM  1000     32991    0.00    0.00    0.00    0.00    0.00    13  talker
12:10:22 PM  1000     32993    0.00    1.00    0.00    0.00    1.00     3  talker
12:10:22 PM  1000     32995    1.00    0.00    0.00    0.00    1.00    15  talker
12:10:22 PM  1000     32997    0.00    0.00    0.00    0.00    0.00    19  talker
12:10:22 PM  1000     32998    0.00    0.00    0.00    0.00    0.00    18  talker
12:10:22 PM  1000     33001    0.00    1.00    0.00    0.00    1.00     1  talker
12:10:22 PM  1000     33011    0.00    1.00    0.00    0.00    1.00    15  talker
12:10:22 PM  1000     33013    0.00    0.00    0.00    0.00    0.00     3  talker
12:10:22 PM  1000     33015    1.00    0.00    0.00    0.00    1.00    15  talker
12:10:22 PM  1000     33019    1.00    1.00    0.00    0.00    2.00    15  talker
12:10:22 PM  1000     33022    0.00    1.00    0.00    0.00    1.00    15  talker
12:10:22 PM  1000     33040    0.00    1.00    0.00    0.00    1.00    13  talker
12:10:22 PM  1000     33124    1.00    1.00    0.00    0.00    2.00     7  talker
12:10:22 PM  1000     33177    0.00    0.00    0.00    0.00    0.00    12  talker
12:10:22 PM  1000     33211    0.00    1.00    0.00    0.00    1.00     1  talker
12:10:22 PM  1000     33226    1.00    1.00    0.00    0.00    2.00     1  talker
12:10:22 PM  1000     33228    1.00    0.00    0.00    0.00    1.00     4  talker
12:10:22 PM  1000     33275    1.00    1.00    0.00    0.00    2.00     4  talker
12:10:22 PM  1000     33295    0.00    0.00    0.00    0.00    0.00    15  talker
12:10:22 PM  1000     33298    1.00    0.00    0.00    1.00    1.00     3  talker
12:10:22 PM  1000     33345    0.00    1.00    0.00    0.00    1.00     5  talker
12:10:22 PM  1000     33374    1.00    0.00    0.00    0.00    1.00    14  talker
12:10:22 PM  1000     33377    1.00    0.00    0.00    1.00    1.00    11  talker
12:10:22 PM  1000     33379    0.00    1.00    0.00    0.00    1.00    15  talker

12:10:22 PM   UID       PID    %usr %system  %guest   %wait    %CPU   CPU  Command
12:10:23 PM  1000     32973    0.00    1.00    0.00    0.00    1.00    11  talker
12:10:23 PM  1000     32975    0.00    1.00    0.00    0.00    1.00    11  talker
12:10:23 PM  1000     32977    0.00    1.00    0.00    0.00    1.00     5  talker
12:10:23 PM  1000     32979    1.00    1.00    0.00    0.00    2.00     4  talker
12:10:23 PM  1000     32981    0.00    0.00    0.00    0.00    0.00     0  talker
12:10:23 PM  1000     32983    0.00    0.00    0.00    0.00    0.00     6  talker
12:10:23 PM  1000     32985    1.00    1.00    0.00    0.00    2.00    10  talker
12:10:23 PM  1000     32987    0.00    0.00    0.00    0.00    0.00     4  talker
12:10:23 PM  1000     32989    1.00    1.00    0.00    0.00    2.00    16  talker
12:10:23 PM  1000     32991    1.00    1.00    0.00    0.00    2.00    14  talker
12:10:23 PM  1000     32993    1.00    1.00    0.00    0.00    2.00     1  talker
12:10:23 PM  1000     32995    1.00    0.00    0.00    0.00    1.00    16  talker
12:10:23 PM  1000     32997    0.00    0.00    0.00    0.00    0.00    19  talker
12:10:23 PM  1000     32998    1.00    0.00    0.00    0.00    1.00    12  talker
12:10:23 PM  1000     33001    0.00    1.00    0.00    0.00    1.00    12  talker
12:10:23 PM  1000     33011    1.00    0.00    0.00    0.00    1.00    15  talker
12:10:23 PM  1000     33013    0.00    1.00    0.00    0.00    1.00     4  talker
12:10:23 PM  1000     33015    0.00    1.00    0.00    0.00    1.00    11  talker
12:10:23 PM  1000     33019    1.00    0.00    0.00    0.00    1.00    14  talker
12:10:23 PM  1000     33022    1.00    0.00    0.00    0.00    1.00     3  talker
12:10:23 PM  1000     33040    1.00    0.00    0.00    0.00    1.00     3  talker
12:10:23 PM  1000     33124    1.00    0.00    0.00    0.00    1.00    11  talker
12:10:23 PM  1000     33177    1.00    1.00    0.00    0.00    2.00     7  talker
12:10:23 PM  1000     33211    1.00    0.00    0.00    0.00    1.00    17  talker
12:10:23 PM  1000     33226    0.00    0.00    0.00    0.00    0.00    11  talker
12:10:23 PM  1000     33228    0.00    0.00    0.00    0.00    0.00     4  talker
12:10:23 PM  1000     33275    0.00    0.00    0.00    0.00    0.00     5  talker
12:10:23 PM  1000     33295    0.00    1.00    0.00    0.00    1.00     9  talker
12:10:23 PM  1000     33298    0.00    1.00    0.00    0.00    1.00    14  talker
12:10:23 PM  1000     33345    0.00    1.00    0.00    0.00    1.00     3  talker
12:10:23 PM  1000     33374    1.00    1.00    0.00    0.00    2.00     7  talker
12:10:23 PM  1000     33377    0.00    0.00    0.00    0.00    0.00    14  talker
12:10:23 PM  1000     33379    0.00    1.00    0.00    0.00    1.00    11  talker

12:10:23 PM   UID       PID    %usr %system  %guest   %wait    %CPU   CPU  Command
12:10:24 PM  1000     32973    0.00    1.00    0.00    0.00    1.00     1  talker
12:10:24 PM  1000     32975    1.00    1.00    0.00    0.00    2.00    12  talker
12:10:24 PM  1000     32977    0.00    0.00    0.00    0.00    0.00    13  talker
12:10:24 PM  1000     32979    0.00    1.00    0.00    0.00    1.00     4  talker
12:10:24 PM  1000     32981    0.00    1.00    0.00    0.00    1.00    18  talker
12:10:24 PM  1000     32983    1.00    1.00    0.00    0.00    2.00    11  talker
12:10:24 PM  1000     32985    0.00    0.00    0.00    0.00    0.00    16  talker
12:10:24 PM  1000     32987    1.00    1.00    0.00    0.00    2.00     4  talker
12:10:24 PM  1000     32989    0.00    0.00    0.00    0.00    0.00    13  talker
12:10:24 PM  1000     32991    0.00    1.00    0.00    0.00    1.00     3  talker
12:10:24 PM  1000     32993    0.00    0.00    0.00    0.00    0.00     5  talker
12:10:24 PM  1000     32995    0.00    2.00    0.00    0.00    2.00    10  talker
12:10:24 PM  1000     32997    0.00    0.00    0.00    0.00    0.00    19  talker
12:10:24 PM  1000     32998    0.00    1.00    0.00    0.00    1.00     3  talker
12:10:24 PM  1000     33001    0.00    1.00    0.00    0.00    1.00     7  talker
12:10:24 PM  1000     33011    0.00    0.00    0.00    0.00    0.00    16  talker
12:10:24 PM  1000     33013    0.00    1.00    0.00    0.00    1.00     3  talker
12:10:24 PM  1000     33015    1.00    0.00    0.00    0.00    1.00     8  talker
12:10:24 PM  1000     33019    0.00    1.00    0.00    0.00    1.00    15  talker
12:10:24 PM  1000     33022    0.00    1.00    0.00    0.00    1.00     3  talker
12:10:24 PM  1000     33040    0.00    1.00    0.00    0.00    1.00     9  talker
12:10:24 PM  1000     33124    1.00    0.00    0.00    0.00    1.00     3  talker
12:10:24 PM  1000     33177    1.00    0.00    0.00    0.00    1.00     8  talker
12:10:24 PM  1000     33211    0.00    1.00    0.00    0.00    1.00    12  talker
12:10:24 PM  1000     33226    0.00    1.00    0.00    0.00    1.00     5  talker
12:10:24 PM  1000     33228    0.00    1.00    0.00    0.00    1.00     7  talker
12:10:24 PM  1000     33275    1.00    0.00    0.00    0.00    1.00     4  talker
12:10:24 PM  1000     33295    1.00    0.00    0.00    0.00    1.00     7  talker
12:10:24 PM  1000     33298    1.00    0.00    0.00    0.00    1.00     4  talker
12:10:24 PM  1000     33345    0.00    0.00    0.00    0.00    0.00     4  talker
12:10:24 PM  1000     33374    0.00    1.00    0.00    0.00    1.00    12  talker
12:10:24 PM  1000     33377    1.00    1.00    0.00    0.00    2.00    14  talker
12:10:24 PM  1000     33379    0.00    1.00    0.00    0.00    1.00    10  talker

12:10:24 PM   UID       PID    %usr %system  %guest   %wait    %CPU   CPU  Command
12:10:25 PM  1000     32973    0.00    1.00    0.00    1.00    1.00    14  talker
12:10:25 PM  1000     32975    0.00    0.00    0.00    0.00    0.00     8  talker
12:10:25 PM  1000     32977    1.00    1.00    0.00    0.00    2.00     3  talker
12:10:25 PM  1000     32979    0.00    0.00    0.00    0.00    0.00     8  talker
12:10:25 PM  1000     32981    1.00    0.00    0.00    0.00    1.00     5  talker
12:10:25 PM  1000     32983    0.00    1.00    0.00    0.00    1.00    11  talker
12:10:25 PM  1000     32985    0.00    1.00    0.00    0.00    1.00    11  talker
12:10:25 PM  1000     32987    0.00    0.00    0.00    0.00    0.00    13  talker
12:10:25 PM  1000     32989    1.00    0.00    0.00    0.00    1.00     2  talker
12:10:25 PM  1000     32991    0.00    0.00    0.00    0.00    0.00    12  talker
12:10:25 PM  1000     32993    1.00    1.00    0.00    0.00    2.00    17  talker
12:10:25 PM  1000     32995    0.00    0.00    0.00    0.00    0.00     2  talker
12:10:25 PM  1000     32997    0.00    0.00    0.00    0.00    0.00    19  talker
12:10:25 PM  1000     32998    1.00    1.00    0.00    0.00    2.00    12  talker
12:10:25 PM  1000     33001    0.00    2.00    0.00    0.00    2.00     7  talker
12:10:25 PM  1000     33011    1.00    0.00    0.00    0.00    1.00    16  talker
12:10:25 PM  1000     33013    0.00    1.00    0.00    0.00    1.00     3  talker
12:10:25 PM  1000     33015    0.00    1.00    0.00    0.00    1.00     5  talker
12:10:25 PM  1000     33019    1.00    0.00    0.00    0.00    1.00    14  talker
12:10:25 PM  1000     33022    1.00    0.00    0.00    0.00    1.00     7  talker
12:10:25 PM  1000     33040    1.00    0.00    0.00    0.00    1.00     9  talker
12:10:25 PM  1000     33124    0.00    1.00    0.00    0.00    1.00    12  talker
12:10:25 PM  1000     33177    0.00    1.00    0.00    0.00    1.00    15  talker
12:10:25 PM  1000     33211    1.00    1.00    0.00    0.00    2.00    15  talker
12:10:25 PM  1000     33226    1.00    1.00    0.00    0.00    2.00     3  talker
12:10:25 PM  1000     33228    1.00    1.00    0.00    0.00    2.00    17  talker
12:10:25 PM  1000     33275    1.00    0.00    0.00    0.00    1.00     3  talker
12:10:25 PM  1000     33295    0.00    1.00    0.00    0.00    1.00    15  talker
12:10:25 PM  1000     33298    1.00    1.00    0.00    0.00    2.00    14  talker
12:10:25 PM  1000     33345    1.00    1.00    0.00    0.00    2.00     1  talker
12:10:25 PM  1000     33374    0.00    1.00    0.00    0.00    1.00    10  talker
12:10:25 PM  1000     33377    0.00    0.00    0.00    0.00    0.00    13  talker
12:10:25 PM  1000     33379    1.00    0.00    0.00    0.00    1.00     0  talker

12:10:25 PM   UID       PID    %usr %system  %guest   %wait    %CPU   CPU  Command
12:10:26 PM  1000     32973    0.00    2.00    0.00    0.00    2.00    10  talker
12:10:26 PM  1000     32975    1.00    1.00    0.00    0.00    2.00     7  talker
12:10:26 PM  1000     32977    0.00    1.00    0.00    0.00    1.00     0  talker
12:10:26 PM  1000     32979    1.00    1.00    0.00    0.00    2.00     8  talker
12:10:26 PM  1000     32981    0.00    1.00    0.00    0.00    1.00    15  talker
12:10:26 PM  1000     32983    0.00    1.00    0.00    0.00    1.00    17  talker
12:10:26 PM  1000     32985    1.00    0.00    0.00    0.00    1.00    11  talker
12:10:26 PM  1000     32987    1.00    1.00    0.00    0.00    2.00    12  talker
12:10:26 PM  1000     32989    1.00    0.00    0.00    0.00    1.00     9  talker
12:10:26 PM  1000     32991    1.00    1.00    0.00    0.00    2.00     2  talker
12:10:26 PM  1000     32993    1.00    0.00    0.00    0.00    1.00     5  talker
12:10:26 PM  1000     32995    1.00    1.00    0.00    0.00    2.00    14  talker
12:10:26 PM  1000     32997    0.00    0.00    0.00    0.00    0.00    19  talker
12:10:26 PM  1000     32998    0.00    1.00    0.00    1.00    1.00     6  talker
12:10:26 PM  1000     33001    0.00    1.00    0.00    0.00    1.00    12  talker
12:10:26 PM  1000     33011    0.00    1.00    0.00    0.00    1.00    13  talker
12:10:26 PM  1000     33013    0.00    2.00    0.00    0.00    2.00     3  talker
12:10:26 PM  1000     33015    1.00    1.00    0.00    0.00    2.00    12  talker
12:10:26 PM  1000     33019    1.00    0.00    0.00    0.00    1.00    15  talker
12:10:26 PM  1000     33022    0.00    1.00    0.00    0.00    1.00     8  talker
12:10:26 PM  1000     33040    1.00    0.00    0.00    0.00    1.00     7  talker
12:10:26 PM  1000     33124    1.00    1.00    0.00    0.00    2.00     2  talker
12:10:26 PM  1000     33177    1.00    1.00    0.00    0.00    2.00     7  talker
12:10:26 PM  1000     33211    0.00    1.00    0.00    1.00    1.00    14  talker
12:10:26 PM  1000     33226    0.00    1.00    0.00    0.00    1.00    12  talker
12:10:26 PM  1000     33228    1.00    0.00    0.00    1.00    1.00    18  talker
12:10:26 PM  1000     33275    0.00    1.00    0.00    0.00    1.00    19  talker
12:10:26 PM  1000     33295    1.00    0.00    0.00    0.00    1.00     4  talker
12:10:26 PM  1000     33298    0.00    1.00    0.00    0.00    1.00     5  talker
12:10:26 PM  1000     33345    1.00    0.00    0.00    0.00    1.00     8  talker
12:10:26 PM  1000     33374    1.00    1.00    0.00    0.00    2.00    15  talker
12:10:26 PM  1000     33377    1.00    1.00    0.00    0.00    2.00    14  talker
12:10:26 PM  1000     33379    0.00    1.00    0.00    0.00    1.00    15  talker

12:10:26 PM   UID       PID    %usr %system  %guest   %wait    %CPU   CPU  Command
12:10:27 PM  1000     32973    0.00    2.00    0.00    0.00    2.00     8  talker
12:10:27 PM  1000     32975    0.00    1.00    0.00    0.00    1.00    14  talker
12:10:27 PM  1000     32977    1.00    0.00    0.00    0.00    1.00     5  talker
12:10:27 PM  1000     32979    1.00    0.00    0.00    0.00    1.00    14  talker
12:10:27 PM  1000     32981    1.00    0.00    0.00    0.00    1.00     9  talker
12:10:27 PM  1000     32983    1.00    0.00    0.00    0.00    1.00     8  talker
12:10:27 PM  1000     32985    1.00    1.00    0.00    0.00    2.00    14  talker
12:10:27 PM  1000     32987    1.00    1.00    0.00    0.00    2.00    12  talker
12:10:27 PM  1000     32989    1.00    0.00    0.00    0.00    1.00    14  talker
12:10:27 PM  1000     32991    1.00    0.00    0.00    0.00    1.00    17  talker
12:10:27 PM  1000     32993    1.00    0.00    0.00    0.00    1.00    13  talker
12:10:27 PM  1000     32995    0.00    1.00    0.00    0.00    1.00     4  talker
12:10:27 PM  1000     32997    0.00    0.00    0.00    0.00    0.00    19  talker
12:10:27 PM  1000     32998    1.00    0.00    0.00    0.00    1.00    15  talker
12:10:27 PM  1000     33001    0.00    2.00    0.00    0.00    2.00     2  talker
12:10:27 PM  1000     33011    1.00    1.00    0.00    0.00    2.00    17  talker
12:10:27 PM  1000     33013    0.00    1.00    0.00    0.00    1.00     7  talker
12:10:27 PM  1000     33015    0.00    1.00    0.00    0.00    1.00    11  talker
12:10:27 PM  1000     33019    2.00    0.00    0.00    0.00    2.00     9  talker
12:10:27 PM  1000     33022    1.00    1.00    0.00    0.00    2.00    12  talker
12:10:27 PM  1000     33040    0.00    1.00    0.00    0.00    1.00    11  talker
12:10:27 PM  1000     33124    0.00    0.00    0.00    0.00    0.00    14  talker
12:10:27 PM  1000     33177    1.00    0.00    0.00    0.00    1.00     4  talker
12:10:27 PM  1000     33211    1.00    0.00    0.00    0.00    1.00     2  talker
12:10:27 PM  1000     33226    2.00    0.00    0.00    0.00    2.00     3  talker
12:10:27 PM  1000     33228    1.00    0.00    0.00    0.00    1.00    15  talker
12:10:27 PM  1000     33275    1.00    0.00    0.00    0.00    1.00     4  talker
12:10:27 PM  1000     33295    0.00    1.00    0.00    0.00    1.00    15  talker
12:10:27 PM  1000     33298    1.00    0.00    0.00    0.00    1.00     3  talker
12:10:27 PM  1000     33345    0.00    1.00    0.00    0.00    1.00    16  talker
12:10:27 PM  1000     33374    0.00    1.00    0.00    0.00    1.00    14  talker
12:10:27 PM  1000     33377    0.00    1.00    0.00    0.00    1.00     4  talker
12:10:27 PM  1000     33379    0.00    2.00    0.00    0.00    2.00     8  talker

12:10:27 PM   UID       PID    %usr %system  %guest   %wait    %CPU   CPU  Command
12:10:28 PM  1000     32973    0.00    1.00    0.00    0.00    1.00    14  talker
12:10:28 PM  1000     32975    1.00    1.00    0.00    0.00    2.00     4  talker
12:10:28 PM  1000     32977    2.00    0.00    0.00    0.00    2.00     1  talker
12:10:28 PM  1000     32979    1.00    0.00    0.00    0.00    1.00     8  talker
12:10:28 PM  1000     32981    1.00    1.00    0.00    0.00    2.00     8  talker
12:10:28 PM  1000     32983    1.00    1.00    0.00    0.00    2.00     5  talker
12:10:28 PM  1000     32985    1.00    0.00    0.00    0.00    1.00    15  talker
12:10:28 PM  1000     32987    0.00    1.00    0.00    0.00    1.00     4  talker
12:10:28 PM  1000     32989    1.00    1.00    0.00    0.00    2.00     7  talker
12:10:28 PM  1000     32991    0.00    1.00    0.00    0.00    1.00    12  talker
12:10:28 PM  1000     32993    1.00    1.00    0.00    0.00    2.00     2  talker
12:10:28 PM  1000     32995    0.00    2.00    0.00    0.00    2.00    15  talker
12:10:28 PM  1000     32997    0.00    0.00    0.00    0.00    0.00    15  talker
12:10:28 PM  1000     32998    1.00    1.00    0.00    0.00    2.00    11  talker
12:10:28 PM  1000     33001    0.00    2.00    0.00    0.00    2.00     7  talker
12:10:28 PM  1000     33011    1.00    0.00    0.00    0.00    1.00    14  talker
12:10:28 PM  1000     33013    0.00    1.00    0.00    0.00    1.00     3  talker
12:10:28 PM  1000     33015    1.00    1.00    0.00    1.00    2.00    14  talker
12:10:28 PM  1000     33019    0.00    1.00    0.00    0.00    1.00    13  talker
12:10:28 PM  1000     33022    1.00    1.00    0.00    0.00    2.00    14  talker
12:10:28 PM  1000     33040    0.00    1.00    0.00    0.00    1.00    15  talker
12:10:28 PM  1000     33124    1.00    1.00    0.00    0.00    2.00     6  talker
12:10:28 PM  1000     33177    1.00    1.00    0.00    0.00    2.00    15  talker
12:10:28 PM  1000     33211    1.00    1.00    0.00    0.00    2.00     6  talker
12:10:28 PM  1000     33226    0.00    1.00    0.00    0.00    1.00    17  talker
12:10:28 PM  1000     33228    0.00    1.00    0.00    0.00    1.00    16  talker
12:10:28 PM  1000     33275    1.00    1.00    0.00    0.00    2.00     5  talker
12:10:28 PM  1000     33295    1.00    1.00    0.00    0.00    2.00     4  talker
12:10:28 PM  1000     33298    1.00    1.00    0.00    0.00    2.00     9  talker
12:10:28 PM  1000     33345    1.00    1.00    0.00    0.00    2.00     3  talker
12:10:28 PM  1000     33374    1.00    0.00    0.00    0.00    1.00    13  talker
12:10:28 PM  1000     33377    1.00    1.00    0.00    0.00    2.00    15  talker
12:10:28 PM  1000     33379    0.00    1.00    0.00    0.00    1.00     4  talker

12:10:28 PM   UID       PID    %usr %system  %guest   %wait    %CPU   CPU  Command
12:10:29 PM  1000     32973    0.00    2.00    0.00    0.00    2.00     4  talker
12:10:29 PM  1000     32975    0.00    0.00    0.00    0.00    0.00     5  talker
12:10:29 PM  1000     32977    1.00    0.00    0.00    0.00    1.00     4  talker
12:10:29 PM  1000     32979    1.00    1.00    0.00    0.00    2.00    13  talker
12:10:29 PM  1000     32981    0.00    0.00    0.00    0.00    0.00    10  talker
12:10:29 PM  1000     32983    0.00    0.00    0.00    0.00    0.00     0  talker
12:10:29 PM  1000     32985    0.00    1.00    0.00    0.00    1.00    16  talker
12:10:29 PM  1000     32987    1.00    0.00    0.00    0.00    1.00     4  talker
12:10:29 PM  1000     32989    0.00    1.00    0.00    0.00    1.00     9  talker
12:10:29 PM  1000     32991    1.00    1.00    0.00    0.00    2.00    10  talker
12:10:29 PM  1000     32993    0.00    0.00    0.00    0.00    0.00     9  talker
12:10:29 PM  1000     32995    1.00    0.00    0.00    0.00    1.00    14  talker
12:10:29 PM  1000     32997    0.00    0.00    0.00    0.00    0.00    15  talker
12:10:29 PM  1000     32998    0.00    0.00    0.00    0.00    0.00    11  talker
12:10:29 PM  1000     33001    0.00    1.00    0.00    0.00    1.00    11  talker
12:10:29 PM  1000     33011    0.00    1.00    0.00    0.00    1.00    14  talker
12:10:29 PM  1000     33013    0.00    1.00    0.00    0.00    1.00     1  talker
12:10:29 PM  1000     33015    1.00    0.00    0.00    0.00    1.00    17  talker
12:10:29 PM  1000     33019    1.00    1.00    0.00    0.00    2.00     2  talker
12:10:29 PM  1000     33022    0.00    0.00    0.00    0.00    0.00     8  talker
12:10:29 PM  1000     33040    1.00    1.00    0.00    0.00    2.00     4  talker
12:10:29 PM  1000     33124    1.00    1.00    0.00    1.00    2.00    10  talker
12:10:29 PM  1000     33177    0.00    0.00    0.00    0.00    0.00     9  talker
12:10:29 PM  1000     33211    1.00    1.00    0.00    0.00    2.00     3  talker
12:10:29 PM  1000     33226    1.00    0.00    0.00    0.00    1.00     7  talker
12:10:29 PM  1000     33228    1.00    0.00    0.00    0.00    1.00     4  talker
12:10:29 PM  1000     33275    1.00    0.00    0.00    0.00    1.00     4  talker
12:10:29 PM  1000     33295    0.00    1.00    0.00    0.00    1.00    14  talker
12:10:29 PM  1000     33298    0.00    1.00    0.00    0.00    1.00    15  talker
12:10:29 PM  1000     33345    0.00    0.00    0.00    0.00    0.00     0  talker
12:10:29 PM  1000     33374    1.00    1.00    0.00    0.00    2.00     8  talker
12:10:29 PM  1000     33377    0.00    1.00    0.00    0.00    1.00    12  talker
12:10:29 PM  1000     33379    1.00    0.00    0.00    0.00    1.00    16  talker

12:10:29 PM   UID       PID    %usr %system  %guest   %wait    %CPU   CPU  Command
12:10:30 PM  1000     32973    0.00    1.00    0.00    0.00    1.00    12  talker
12:10:30 PM  1000     32975    1.00    1.00    0.00    0.00    2.00    16  talker
12:10:30 PM  1000     32977    1.00    0.00    0.00    0.00    1.00    13  talker
12:10:30 PM  1000     32979    0.00    0.00    0.00    0.00    0.00    13  talker
12:10:30 PM  1000     32981    1.00    1.00    0.00    0.00    2.00     1  talker
12:10:30 PM  1000     32983    1.00    1.00    0.00    0.00    2.00     7  talker
12:10:30 PM  1000     32985    1.00    0.00    0.00    0.00    1.00    15  talker
12:10:30 PM  1000     32987    0.00    1.00    0.00    0.00    1.00    14  talker
12:10:30 PM  1000     32989    1.00    0.00    0.00    0.00    1.00     0  talker
12:10:30 PM  1000     32991    0.00    0.00    0.00    0.00    0.00     7  talker
12:10:30 PM  1000     32993    1.00    1.00    0.00    0.00    2.00     3  talker
12:10:30 PM  1000     32995    0.00    1.00    0.00    0.00    1.00     2  talker
12:10:30 PM  1000     32997    0.00    0.00    0.00    0.00    0.00    15  talker
12:10:30 PM  1000     32998    1.00    0.00    0.00    0.00    1.00    15  talker
12:10:30 PM  1000     33001    0.00    1.00    0.00    0.00    1.00    11  talker
12:10:30 PM  1000     33011    1.00    1.00    0.00    0.00    2.00    17  talker
12:10:30 PM  1000     33013    0.00    1.00    0.00    0.00    1.00    17  talker
12:10:30 PM  1000     33015    0.00    0.00    0.00    0.00    0.00    15  talker
12:10:30 PM  1000     33019    0.00    0.00    0.00    0.00    0.00    17  talker
12:10:30 PM  1000     33022    1.00    1.00    0.00    0.00    2.00    10  talker
12:10:30 PM  1000     33040    1.00    0.00    0.00    0.00    1.00     6  talker
12:10:30 PM  1000     33124    0.00    0.00    0.00    0.00    0.00     4  talker
12:10:30 PM  1000     33177    1.00    1.00    0.00    0.00    2.00    13  talker
12:10:30 PM  1000     33211    0.00    0.00    0.00    0.00    0.00    15  talker
12:10:30 PM  1000     33226    0.00    1.00    0.00    0.00    1.00    16  talker
12:10:30 PM  1000     33228    0.00    1.00    0.00    0.00    1.00    12  talker
12:10:30 PM  1000     33275    0.00    1.00    0.00    0.00    1.00     4  talker
12:10:30 PM  1000     33295    1.00    0.00    0.00    0.00    1.00    14  talker
12:10:30 PM  1000     33298    1.00    0.00    0.00    0.00    1.00    11  talker
12:10:30 PM  1000     33345    1.00    1.00    0.00    0.00    2.00     8  talker
12:10:30 PM  1000     33374    0.00    0.00    0.00    0.00    0.00    12  talker
12:10:30 PM  1000     33377    1.00    0.00    0.00    0.00    1.00    11  talker
12:10:30 PM  1000     33379    0.00    1.00    0.00    0.00    1.00     0  talker

12:10:30 PM   UID       PID    %usr %system  %guest   %wait    %CPU   CPU  Command
12:10:31 PM  1000     32973    0.00    1.00    0.00    0.00    1.00     1  talker
12:10:31 PM  1000     32975    0.00    0.00    0.00    0.00    0.00    16  talker
12:10:31 PM  1000     32977    0.00    0.00    0.00    0.00    0.00     9  talker
12:10:31 PM  1000     32979    1.00    1.00    0.00    0.00    2.00    14  talker
12:10:31 PM  1000     32981    0.00    0.00    0.00    0.00    0.00    10  talker
12:10:31 PM  1000     32983    1.00    0.00    0.00    0.00    1.00    18  talker
12:10:31 PM  1000     32985    0.00    0.00    0.00    0.00    0.00     7  talker
12:10:31 PM  1000     32987    1.00    1.00    0.00    0.00    2.00    11  talker
12:10:31 PM  1000     32989    0.00    1.00    0.00    0.00    1.00     0  talker
12:10:31 PM  1000     32991    1.00    1.00    0.00    0.00    2.00     4  talker
12:10:31 PM  1000     32993    0.00    1.00    0.00    0.00    1.00     6  talker
12:10:31 PM  1000     32995    1.00    0.00    0.00    0.00    1.00     5  talker
12:10:31 PM  1000     32997    0.00    0.00    0.00    0.00    0.00    15  talker
12:10:31 PM  1000     32998    0.00    1.00    0.00    0.00    1.00     9  talker
12:10:31 PM  1000     33001    0.00    1.00    0.00    0.00    1.00    14  talker
12:10:31 PM  1000     33011    0.00    0.00    0.00    0.00    0.00    14  talker
12:10:31 PM  1000     33013    0.00    1.00    0.00    0.00    1.00    11  talker
12:10:31 PM  1000     33015    1.00    1.00    0.00    0.00    2.00     3  talker
12:10:31 PM  1000     33019    1.00    0.00    0.00    0.00    1.00     0  talker
12:10:31 PM  1000     33022    0.00    0.00    0.00    0.00    0.00    14  talker
12:10:31 PM  1000     33040    0.00    0.00    0.00    0.00    0.00    13  talker
12:10:31 PM  1000     33124    1.00    1.00    0.00    0.00    2.00    10  talker
12:10:31 PM  1000     33177    0.00    1.00    0.00    0.00    1.00     2  talker
12:10:31 PM  1000     33211    1.00    1.00    0.00    0.00    2.00    16  talker
12:10:31 PM  1000     33226    1.00    0.00    0.00    0.00    1.00    10  talker
12:10:31 PM  1000     33228    1.00    0.00    0.00    0.00    1.00     5  talker
12:10:31 PM  1000     33275    0.00    0.00    0.00    0.00    0.00     3  talker
12:10:31 PM  1000     33295    0.00    0.00    0.00    0.00    0.00    13  talker
12:10:31 PM  1000     33298    0.00    1.00    0.00    0.00    1.00     6  talker
12:10:31 PM  1000     33345    0.00    0.00    0.00    0.00    0.00    12  talker
12:10:31 PM  1000     33374    1.00    0.00    0.00    0.00    1.00    12  talker
12:10:31 PM  1000     33377    1.00    0.00    0.00    0.00    1.00    15  talker
12:10:31 PM  1000     33379    0.00    1.00    0.00    1.00    1.00    18  talker

12:10:31 PM   UID       PID    %usr %system  %guest   %wait    %CPU   CPU  Command
12:10:32 PM  1000     32973    0.00    1.00    0.00    0.00    1.00    11  talker
12:10:32 PM  1000     32975    1.00    0.00    0.00    0.00    1.00     8  talker
12:10:32 PM  1000     32977    1.00    0.00    0.00    0.00    1.00     3  talker
12:10:32 PM  1000     32979    0.00    1.00    0.00    0.00    1.00    15  talker
12:10:32 PM  1000     32981    1.00    1.00    0.00    0.00    2.00    10  talker
12:10:32 PM  1000     32983    0.00    1.00    0.00    0.00    1.00    14  talker
12:10:32 PM  1000     32985    1.00    0.00    0.00    0.00    1.00    18  talker
12:10:32 PM  1000     32987    0.00    0.00    0.00    0.00    0.00    11  talker
12:10:32 PM  1000     32989    1.00    0.00    0.00    0.00    1.00     3  talker
12:10:32 PM  1000     32991    0.00    0.00    0.00    0.00    0.00     4  talker
12:10:32 PM  1000     32993    0.00    0.00    0.00    0.00    0.00    13  talker
12:10:32 PM  1000     32995    0.00    1.00    0.00    0.00    1.00    14  talker
12:10:32 PM  1000     32997    0.00    0.00    0.00    0.00    0.00    15  talker
12:10:32 PM  1000     32998    0.00    1.00    0.00    0.00    1.00     0  talker
12:10:32 PM  1000     33001    0.00    2.00    0.00    0.00    2.00    10  talker
12:10:32 PM  1000     33011    0.00    1.00    0.00    1.00    1.00     5  talker
12:10:32 PM  1000     33013    1.00    1.00    0.00    0.00    2.00     3  talker
12:10:32 PM  1000     33015    0.00    1.00    0.00    0.00    1.00    14  talker
12:10:32 PM  1000     33019    1.00    1.00    0.00    1.00    2.00    10  talker
12:10:32 PM  1000     33022    1.00    0.00    0.00    0.00    1.00     4  talker
12:10:32 PM  1000     33040    0.00    1.00    0.00    0.00    1.00     6  talker
12:10:32 PM  1000     33124    0.00    0.00    0.00    0.00    0.00     6  talker
12:10:32 PM  1000     33177    1.00    0.00    0.00    0.00    1.00    16  talker
12:10:32 PM  1000     33211    0.00    0.00    0.00    0.00    0.00    11  talker
12:10:32 PM  1000     33226    0.00    1.00    0.00    0.00    1.00     6  talker
12:10:32 PM  1000     33228    1.00    1.00    0.00    0.00    2.00    12  talker
12:10:32 PM  1000     33275    1.00    0.00    0.00    0.00    1.00    19  talker
12:10:32 PM  1000     33295    1.00    1.00    0.00    0.00    2.00    14  talker
12:10:32 PM  1000     33298    1.00    1.00    0.00    0.00    2.00    15  talker
12:10:32 PM  1000     33345    1.00    1.00    0.00    0.00    2.00    13  talker
12:10:32 PM  1000     33374    1.00    1.00    0.00    0.00    2.00    15  talker
12:10:32 PM  1000     33377    0.00    1.00    0.00    0.00    1.00     8  talker
12:10:32 PM  1000     33379    0.00    1.00    0.00    0.00    1.00    18  talker

12:10:32 PM   UID       PID    %usr %system  %guest   %wait    %CPU   CPU  Command
12:10:33 PM  1000     32973    0.00    1.00    0.00    0.00    1.00    12  talker
12:10:33 PM  1000     32975    0.00    1.00    0.00    0.00    1.00     2  talker
12:10:33 PM  1000     32977    1.00    0.00    0.00    0.00    1.00     8  talker
12:10:33 PM  1000     32979    0.00    0.00    0.00    0.00    0.00    16  talker
12:10:33 PM  1000     32981    0.00    0.00    0.00    0.00    0.00    14  talker
12:10:33 PM  1000     32983    1.00    0.00    0.00    0.00    1.00     9  talker
12:10:33 PM  1000     32985    1.00    1.00    0.00    0.00    2.00    13  talker
12:10:33 PM  1000     32987    1.00    1.00    0.00    0.00    2.00    11  talker
12:10:33 PM  1000     32989    0.00    0.00    0.00    0.00    0.00     2  talker
12:10:33 PM  1000     32991    0.00    1.00    0.00    0.00    1.00    14  talker
12:10:33 PM  1000     32993    1.00    1.00    0.00    0.00    2.00    16  talker
12:10:33 PM  1000     32995    1.00    1.00    0.00    0.00    2.00     9  talker
12:10:33 PM  1000     32997    0.00    0.00    0.00    0.00    0.00    15  talker
12:10:33 PM  1000     32998    0.00    1.00    0.00    0.00    1.00    10  talker
12:10:33 PM  1000     33001    0.00    1.00    0.00    0.00    1.00     7  talker
12:10:33 PM  1000     33011    1.00    0.00    0.00    0.00    1.00     5  talker
12:10:33 PM  1000     33013    0.00    0.00    0.00    0.00    0.00    11  talker
12:10:33 PM  1000     33015    0.00    0.00    0.00    0.00    0.00    11  talker
12:10:33 PM  1000     33019    1.00    0.00    0.00    0.00    1.00     6  talker
12:10:33 PM  1000     33022    1.00    1.00    0.00    0.00    2.00     4  talker
12:10:33 PM  1000     33040    1.00    0.00    0.00    0.00    1.00    11  talker
12:10:33 PM  1000     33124    1.00    1.00    0.00    0.00    2.00     5  talker
12:10:33 PM  1000     33177    0.00    1.00    0.00    0.00    1.00    12  talker
12:10:33 PM  1000     33211    1.00    1.00    0.00    0.00    2.00     2  talker
12:10:33 PM  1000     33226    1.00    0.00    0.00    0.00    1.00     1  talker
12:10:33 PM  1000     33228    0.00    0.00    0.00    0.00    0.00    13  talker
12:10:33 PM  1000     33275    1.00    1.00    0.00    0.00    2.00     0  talker
12:10:33 PM  1000     33295    0.00    0.00    0.00    0.00    0.00    14  talker
12:10:33 PM  1000     33298    0.00    1.00    0.00    0.00    1.00    11  talker
12:10:33 PM  1000     33345    0.00    0.00    0.00    0.00    0.00     9  talker
12:10:33 PM  1000     33374    1.00    0.00    0.00    0.00    1.00    14  talker
12:10:33 PM  1000     33377    1.00    0.00    0.00    0.00    1.00     6  talker
12:10:33 PM  1000     33379    0.00    1.00    0.00    0.00    1.00     6  talker

12:10:33 PM   UID       PID    %usr %system  %guest   %wait    %CPU   CPU  Command
12:10:34 PM  1000     32973    0.00    2.00    0.00    0.00    2.00    16  talker
12:10:34 PM  1000     32975    1.00    0.00    0.00    0.00    1.00    15  talker
12:10:34 PM  1000     32977    2.00    0.00    0.00    0.00    2.00    10  talker
12:10:34 PM  1000     32979    1.00    1.00    0.00    0.00    2.00    16  talker
12:10:34 PM  1000     32981    1.00    1.00    0.00    0.00    2.00    13  talker
12:10:34 PM  1000     32983    0.00    1.00    0.00    0.00    1.00     0  talker
12:10:34 PM  1000     32985    1.00    0.00    0.00    0.00    1.00    15  talker
12:10:34 PM  1000     32987    1.00    0.00    0.00    0.00    1.00     7  talker
12:10:34 PM  1000     32989    0.00    2.00    0.00    0.00    2.00     2  talker
12:10:34 PM  1000     32991    1.00    0.00    0.00    0.00    1.00    14  talker
12:10:34 PM  1000     32993    1.00    0.00    0.00    0.00    1.00    12  talker
12:10:34 PM  1000     32995    0.00    0.00    0.00    1.00    0.00     0  talker
12:10:34 PM  1000     32997    0.00    0.00    0.00    0.00    0.00    15  talker
12:10:34 PM  1000     32998    0.00    1.00    0.00    0.00    1.00    13  talker
12:10:34 PM  1000     33001    0.00    1.00    0.00    0.00    1.00     9  talker
12:10:34 PM  1000     33011    1.00    1.00    0.00    0.00    2.00     8  talker
12:10:34 PM  1000     33013    1.00    1.00    0.00    1.00    2.00    13  talker
12:10:34 PM  1000     33015    2.00    1.00    0.00    0.00    3.00    12  talker
12:10:34 PM  1000     33019    0.00    1.00    0.00    0.00    1.00    10  talker
12:10:34 PM  1000     33022    0.00    0.00    0.00    0.00    0.00    10  talker
12:10:34 PM  1000     33040    1.00    1.00    0.00    0.00    2.00     9  talker
12:10:34 PM  1000     33124    0.00    1.00    0.00    0.00    1.00    11  talker
12:10:34 PM  1000     33177    1.00    0.00    0.00    0.00    1.00    11  talker
12:10:34 PM  1000     33211    0.00    1.00    0.00    0.00    1.00    14  talker
12:10:34 PM  1000     33226    0.00    2.00    0.00    0.00    2.00    10  talker
12:10:34 PM  1000     33228    1.00    1.00    0.00    0.00    2.00    13  talker
12:10:34 PM  1000     33275    0.00    0.00    0.00    1.00    0.00    13  talker
12:10:34 PM  1000     33295    1.00    0.00    0.00    0.00    1.00    18  talker
12:10:34 PM  1000     33298    1.00    1.00    0.00    1.00    2.00    10  talker
12:10:34 PM  1000     33345    1.00    1.00    0.00    0.00    2.00     6  talker
12:10:34 PM  1000     33374    0.00    2.00    0.00    0.00    2.00    16  talker
12:10:34 PM  1000     33377    0.00    1.00    0.00    0.00    1.00    13  talker
12:10:34 PM  1000     33379    1.00    1.00    0.00    0.00    2.00    15  talker

12:10:34 PM   UID       PID    %usr %system  %guest   %wait    %CPU   CPU  Command
12:10:35 PM  1000     32973    0.00    2.00    0.00    0.00    2.00     1  talker
12:10:35 PM  1000     32975    0.00    1.00    0.00    0.00    1.00    15  talker
12:10:35 PM  1000     32977    0.00    1.00    0.00    0.00    1.00    14  talker
12:10:35 PM  1000     32979    1.00    1.00    0.00    0.00    2.00     2  talker
12:10:35 PM  1000     32981    1.00    0.00    0.00    0.00    1.00     0  talker
12:10:35 PM  1000     32983    1.00    0.00    0.00    0.00    1.00    18  talker
12:10:35 PM  1000     32985    0.00    1.00    0.00    0.00    1.00    13  talker
12:10:35 PM  1000     32987    0.00    1.00    0.00    0.00    1.00     1  talker
12:10:35 PM  1000     32989    1.00    0.00    0.00    0.00    1.00     5  talker
12:10:35 PM  1000     32991    1.00    1.00    0.00    0.00    2.00     0  talker
12:10:35 PM  1000     32993    1.00    1.00    0.00    0.00    2.00    14  talker
12:10:35 PM  1000     32995    2.00    1.00    0.00    0.00    3.00    15  talker
12:10:35 PM  1000     32997    0.00    0.00    0.00    0.00    0.00    15  talker
12:10:35 PM  1000     32998    1.00    0.00    0.00    0.00    1.00     0  talker
12:10:35 PM  1000     33001    0.00    2.00    0.00    1.00    2.00    14  talker
12:10:35 PM  1000     33011    0.00    0.00    0.00    0.00    0.00    15  talker
12:10:35 PM  1000     33013    0.00    0.00    0.00    0.00    0.00    16  talker
12:10:35 PM  1000     33015    0.00    0.00    0.00    0.00    0.00    19  talker
12:10:35 PM  1000     33019    1.00    1.00    0.00    0.00    2.00    11  talker
12:10:35 PM  1000     33022    1.00    1.00    0.00    0.00    2.00    13  talker
12:10:35 PM  1000     33040    0.00    0.00    0.00    0.00    0.00     0  talker
12:10:35 PM  1000     33124    1.00    0.00    0.00    0.00    1.00    16  talker
12:10:35 PM  1000     33177    1.00    1.00    0.00    0.00    2.00    14  talker
12:10:35 PM  1000     33211    1.00    1.00    0.00    1.00    2.00    16  talker
12:10:35 PM  1000     33226    1.00    0.00    0.00    0.00    1.00     2  talker
12:10:35 PM  1000     33228    0.00    0.00    0.00    0.00    0.00     1  talker
12:10:35 PM  1000     33275    1.00    1.00    0.00    0.00    2.00     0  talker
12:10:35 PM  1000     33295    1.00    1.00    0.00    0.00    2.00    10  talker
12:10:35 PM  1000     33298    1.00    0.00    0.00    0.00    1.00     3  talker
12:10:35 PM  1000     33345    0.00    1.00    0.00    0.00    1.00     5  talker
12:10:35 PM  1000     33374    0.00    1.00    0.00    0.00    1.00     8  talker
12:10:35 PM  1000     33377    1.00    1.00    0.00    0.00    2.00     5  talker
12:10:35 PM  1000     33379    0.00    0.00    0.00    0.00    0.00    11  talker

12:10:35 PM   UID       PID    %usr %system  %guest   %wait    %CPU   CPU  Command
12:10:36 PM  1000     32973    0.00    1.00    0.00    0.00    1.00     9  talker
12:10:36 PM  1000     32975    1.00    1.00    0.00    0.00    2.00    17  talker
12:10:36 PM  1000     32977    0.00    2.00    0.00    1.00    2.00    12  talker
12:10:36 PM  1000     32979    1.00    0.00    0.00    0.00    1.00    10  talker
12:10:36 PM  1000     32981    0.00    1.00    0.00    0.00    1.00     9  talker
12:10:36 PM  1000     32983    1.00    1.00    0.00    0.00    2.00    14  talker
12:10:36 PM  1000     32985    1.00    0.00    0.00    0.00    1.00    16  talker
12:10:36 PM  1000     32987    1.00    1.00    0.00    0.00    2.00     9  talker
12:10:36 PM  1000     32989    0.00    1.00    0.00    0.00    1.00    11  talker
12:10:36 PM  1000     32991    1.00    0.00    0.00    0.00    1.00    14  talker
12:10:36 PM  1000     32993    0.00    1.00    0.00    0.00    1.00    14  talker
12:10:36 PM  1000     32995    1.00    0.00    0.00    0.00    1.00    18  talker
12:10:36 PM  1000     32997    0.00    0.00    0.00    0.00    0.00    15  talker
12:10:36 PM  1000     32998    1.00    1.00    0.00    0.00    2.00    10  talker
12:10:36 PM  1000     33001    0.00    1.00    0.00    0.00    1.00    12  talker
12:10:36 PM  1000     33011    2.00    0.00    0.00    0.00    2.00     0  talker
12:10:36 PM  1000     33013    1.00    1.00    0.00    0.00    2.00    10  talker
12:10:36 PM  1000     33015    2.00    0.00    0.00    0.00    2.00     1  talker
12:10:36 PM  1000     33019    0.00    1.00    0.00    0.00    1.00    14  talker
12:10:36 PM  1000     33022    1.00    1.00    0.00    0.00    2.00    11  talker
12:10:36 PM  1000     33040    0.00    2.00    0.00    0.00    2.00     7  talker
12:10:36 PM  1000     33124    1.00    1.00    0.00    0.00    2.00     5  talker
12:10:36 PM  1000     33177    0.00    1.00    0.00    0.00    1.00    16  talker
12:10:36 PM  1000     33211    1.00    0.00    0.00    0.00    1.00    12  talker
12:10:36 PM  1000     33226    1.00    1.00    0.00    0.00    2.00     7  talker
12:10:36 PM  1000     33228    0.00    2.00    0.00    0.00    2.00    16  talker
12:10:36 PM  1000     33275    1.00    0.00    0.00    0.00    1.00     4  talker
12:10:36 PM  1000     33295    1.00    0.00    0.00    0.00    1.00    17  talker
12:10:36 PM  1000     33298    1.00    1.00    0.00    0.00    2.00    15  talker
12:10:36 PM  1000     33345    1.00    0.00    0.00    1.00    1.00     7  talker
12:10:36 PM  1000     33374    1.00    1.00    0.00    0.00    2.00     9  talker
12:10:36 PM  1000     33377    1.00    0.00    0.00    0.00    1.00    14  talker
12:10:36 PM  1000     33379    1.00    1.00    0.00    0.00    2.00    10  talker

12:10:36 PM   UID       PID    %usr %system  %guest   %wait    %CPU   CPU  Command
12:10:37 PM  1000     32973    0.00    2.00    0.00    0.00    2.00     9  talker
12:10:37 PM  1000     32975    0.00    0.00    0.00    0.00    0.00     0  talker
12:10:37 PM  1000     32977    0.00    0.00    0.00    0.00    0.00     2  talker
12:10:37 PM  1000     32979    0.00    1.00    0.00    0.00    1.00     6  talker
12:10:37 PM  1000     32981    1.00    1.00    0.00    0.00    2.00     9  talker
12:10:37 PM  1000     32983    0.00    0.00    0.00    0.00    0.00     5  talker
12:10:37 PM  1000     32985    1.00    1.00    0.00    0.00    2.00     7  talker
12:10:37 PM  1000     32987    0.00    1.00    0.00    0.00    1.00     1  talker
12:10:37 PM  1000     32989    1.00    1.00    0.00    0.00    2.00    11  talker
12:10:37 PM  1000     32991    0.00    1.00    0.00    0.00    1.00    15  talker
12:10:37 PM  1000     32993    1.00    0.00    0.00    0.00    1.00    12  talker
12:10:37 PM  1000     32995    1.00    0.00    0.00    0.00    1.00    15  talker
12:10:37 PM  1000     32997    0.00    0.00    0.00    0.00    0.00    15  talker
12:10:37 PM  1000     32998    0.00    0.00    0.00    0.00    0.00    11  talker
12:10:37 PM  1000     33001    0.00    2.00    0.00    0.00    2.00    13  talker
12:10:37 PM  1000     33011    0.00    1.00    0.00    0.00    1.00     2  talker
12:10:37 PM  1000     33013    0.00    1.00    0.00    0.00    1.00    16  talker
12:10:37 PM  1000     33015    1.00    1.00    0.00    0.00    2.00    10  talker
12:10:37 PM  1000     33019    1.00    0.00    0.00    0.00    1.00     3  talker
12:10:37 PM  1000     33022    0.00    0.00    0.00    0.00    0.00    10  talker
12:10:37 PM  1000     33040    0.00    0.00    0.00    0.00    0.00     5  talker
12:10:37 PM  1000     33124    1.00    0.00    0.00    0.00    1.00    14  talker
12:10:37 PM  1000     33177    1.00    1.00    0.00    0.00    2.00     8  talker
12:10:37 PM  1000     33211    0.00    1.00    0.00    0.00    1.00    13  talker
12:10:37 PM  1000     33226    0.00    0.00    0.00    0.00    0.00    13  talker
12:10:37 PM  1000     33228    0.00    1.00    0.00    0.00    1.00     8  talker
12:10:37 PM  1000     33275    1.00    1.00    0.00    0.00    2.00    12  talker
12:10:37 PM  1000     33295    0.00    1.00    0.00    0.00    1.00    17  talker
12:10:37 PM  1000     33298    0.00    1.00    0.00    0.00    1.00    12  talker
12:10:37 PM  1000     33345    0.00    1.00    0.00    0.00    1.00     3  talker
12:10:37 PM  1000     33374    0.00    0.00    0.00    0.00    0.00     4  talker
12:10:37 PM  1000     33377    1.00    0.00    0.00    0.00    1.00    15  talker
12:10:37 PM  1000     33379    0.00    1.00    0.00    0.00    1.00    14  talker

12:10:37 PM   UID       PID    %usr %system  %guest   %wait    %CPU   CPU  Command
12:10:38 PM  1000     32973    0.00    1.00    0.00    0.00    1.00    17  talker
12:10:38 PM  1000     32975    1.00    1.00    0.00    0.00    2.00     8  talker
12:10:38 PM  1000     32977    0.00    1.00    0.00    0.00    1.00     2  talker
12:10:38 PM  1000     32979    0.00    1.00    0.00    0.00    1.00    11  talker
12:10:38 PM  1000     32981    0.00    0.00    0.00    0.00    0.00     9  talker
12:10:38 PM  1000     32983    1.00    1.00    0.00    0.00    2.00     0  talker
12:10:38 PM  1000     32985    0.00    0.00    0.00    0.00    0.00    17  talker
12:10:38 PM  1000     32987    1.00    0.00    0.00    0.00    1.00     9  talker
12:10:38 PM  1000     32989    0.00    0.00    0.00    0.00    0.00     1  talker
12:10:38 PM  1000     32991    0.00    0.00    0.00    0.00    0.00    14  talker
12:10:38 PM  1000     32993    1.00    1.00    0.00    0.00    2.00     6  talker
12:10:38 PM  1000     32995    0.00    1.00    0.00    0.00    1.00    17  talker
12:10:38 PM  1000     32997    0.00    0.00    0.00    0.00    0.00    15  talker
12:10:38 PM  1000     32998    1.00    1.00    0.00    0.00    2.00     7  talker
12:10:38 PM  1000     33001    0.00    1.00    0.00    0.00    1.00     8  talker
12:10:38 PM  1000     33011    0.00    0.00    0.00    0.00    0.00    17  talker
12:10:38 PM  1000     33013    1.00    0.00    0.00    0.00    1.00     3  talker
12:10:38 PM  1000     33015    0.00    0.00    0.00    0.00    0.00     8  talker
12:10:38 PM  1000     33019    0.00    1.00    0.00    0.00    1.00     7  talker
12:10:38 PM  1000     33022    1.00    1.00    0.00    0.00    2.00     2  talker
12:10:38 PM  1000     33040    1.00    1.00    0.00    0.00    2.00     3  talker
12:10:38 PM  1000     33124    0.00    1.00    0.00    1.00    1.00    17  talker
12:10:38 PM  1000     33177    0.00    0.00    0.00    0.00    0.00    14  talker
12:10:38 PM  1000     33211    1.00    1.00    0.00    0.00    2.00    14  talker
12:10:38 PM  1000     33226    1.00    1.00    0.00    0.00    2.00     0  talker
12:10:38 PM  1000     33228    1.00    0.00    0.00    0.00    1.00     8  talker
12:10:38 PM  1000     33275    0.00    0.00    0.00    0.00    0.00    16  talker
12:10:38 PM  1000     33295    1.00    0.00    0.00    0.00    1.00     4  talker
12:10:38 PM  1000     33298    1.00    0.00    0.00    0.00    1.00    16  talker
12:10:38 PM  1000     33345    1.00    0.00    0.00    0.00    1.00     9  talker
12:10:38 PM  1000     33374    1.00    0.00    0.00    0.00    1.00    14  talker
12:10:38 PM  1000     33377    0.00    1.00    0.00    0.00    1.00    17  talker
12:10:38 PM  1000     33379    1.00    0.00    0.00    0.00    1.00     3  talker

12:10:38 PM   UID       PID    %usr %system  %guest   %wait    %CPU   CPU  Command
12:10:39 PM  1000     32973    0.00    1.00    0.00    0.00    1.00    10  talker
12:10:39 PM  1000     32975    0.00    0.00    0.00    0.00    0.00    11  talker
12:10:39 PM  1000     32977    0.00    1.00    0.00    0.00    1.00     9  talker
12:10:39 PM  1000     32979    0.00    1.00    0.00    0.00    1.00    11  talker
12:10:39 PM  1000     32981    1.00    0.00    0.00    0.00    1.00     1  talker
12:10:39 PM  1000     32983    0.00    1.00    0.00    0.00    1.00     9  talker
12:10:39 PM  1000     32985    1.00    0.00    0.00    0.00    1.00    17  talker
12:10:39 PM  1000     32987    1.00    0.00    0.00    0.00    1.00    14  talker
12:10:39 PM  1000     32989    1.00    1.00    0.00    0.00    2.00    14  talker
12:10:39 PM  1000     32991    1.00    1.00    0.00    0.00    2.00     3  talker
12:10:39 PM  1000     32993    0.00    0.00    0.00    0.00    0.00     9  talker
12:10:39 PM  1000     32995    1.00    0.00    0.00    0.00    1.00     5  talker
12:10:39 PM  1000     32997    0.00    0.00    0.00    0.00    0.00    15  talker
12:10:39 PM  1000     32998    1.00    0.00    0.00    0.00    1.00     7  talker
12:10:39 PM  1000     33001    0.00    1.00    0.00    0.00    1.00     2  talker
12:10:39 PM  1000     33011    1.00    1.00    0.00    0.00    2.00     1  talker
12:10:39 PM  1000     33013    0.00    0.00    0.00    0.00    0.00    16  talker
12:10:39 PM  1000     33015    1.00    1.00    0.00    0.00    2.00    13  talker
12:10:39 PM  1000     33019    1.00    0.00    0.00    0.00    1.00     9  talker
12:10:39 PM  1000     33022    0.00    0.00    0.00    0.00    0.00     2  talker
12:10:39 PM  1000     33040    1.00    0.00    0.00    0.00    1.00    12  talker
12:10:39 PM  1000     33124    1.00    1.00    0.00    0.00    2.00    10  talker
12:10:39 PM  1000     33177    1.00    1.00    0.00    0.00    2.00     2  talker
12:10:39 PM  1000     33211    0.00    0.00    0.00    0.00    0.00     5  talker
12:10:39 PM  1000     33226    0.00    1.00    0.00    0.00    1.00    12  talker
12:10:39 PM  1000     33228    0.00    0.00    0.00    0.00    0.00     6  talker
12:10:39 PM  1000     33275    0.00    1.00    0.00    0.00    1.00    16  talker
12:10:39 PM  1000     33295    0.00    1.00    0.00    0.00    1.00    16  talker
12:10:39 PM  1000     33298    1.00    0.00    0.00    0.00    1.00    13  talker
12:10:39 PM  1000     33345    0.00    1.00    0.00    0.00    1.00     6  talker
12:10:39 PM  1000     33374    0.00    1.00    0.00    0.00    1.00    14  talker
12:10:39 PM  1000     33377    0.00    1.00    0.00    0.00    1.00    13  talker
12:10:39 PM  1000     33379    1.00    0.00    0.00    0.00    1.00     7  talker

12:10:39 PM   UID       PID    %usr %system  %guest   %wait    %CPU   CPU  Command
12:10:40 PM  1000     32973    0.00    1.00    0.00    0.00    1.00    17  talker
12:10:40 PM  1000     32975    1.00    1.00    0.00    0.00    2.00    10  talker
12:10:40 PM  1000     32977    0.00    1.00    0.00    0.00    1.00     1  talker
12:10:40 PM  1000     32979    1.00    0.00    0.00    0.00    1.00     5  talker
12:10:40 PM  1000     32981    1.00    0.00    0.00    0.00    1.00     1  talker
12:10:40 PM  1000     32983    1.00    0.00    0.00    1.00    1.00    13  talker
12:10:40 PM  1000     32985    0.00    1.00    0.00    0.00    1.00    12  talker
12:10:40 PM  1000     32987    0.00    1.00    0.00    0.00    1.00    18  talker
12:10:40 PM  1000     32989    0.00    0.00    0.00    0.00    0.00     6  talker
12:10:40 PM  1000     32991    0.00    0.00    0.00    0.00    0.00     1  talker
12:10:40 PM  1000     32993    1.00    1.00    0.00    0.00    2.00    13  talker
12:10:40 PM  1000     32995    0.00    1.00    0.00    0.00    1.00    13  talker
12:10:40 PM  1000     32997    0.00    0.00    0.00    0.00    0.00    15  talker
12:10:40 PM  1000     32998    0.00    0.00    0.00    0.00    0.00     8  talker
12:10:40 PM  1000     33001    0.00    1.00    0.00    0.00    1.00     0  talker
12:10:40 PM  1000     33011    0.00    1.00    0.00    0.00    1.00    13  talker
12:10:40 PM  1000     33013    1.00    1.00    0.00    0.00    2.00     4  talker
12:10:40 PM  1000     33015    0.00    0.00    0.00    0.00    0.00     3  talker
12:10:40 PM  1000     33019    0.00    1.00    0.00    0.00    1.00     3  talker
12:10:40 PM  1000     33022    1.00    1.00    0.00    0.00    2.00     1  talker
12:10:40 PM  1000     33040    0.00    1.00    0.00    0.00    1.00     2  talker
12:10:40 PM  1000     33124    0.00    0.00    0.00    0.00    0.00     4  talker
12:10:40 PM  1000     33177    1.00    0.00    0.00    1.00    1.00    11  talker
12:10:40 PM  1000     33211    1.00    1.00    0.00    0.00    2.00    14  talker
12:10:40 PM  1000     33226    1.00    0.00    0.00    0.00    1.00    14  talker
12:10:40 PM  1000     33228    1.00    1.00    0.00    0.00    2.00     8  talker
12:10:40 PM  1000     33275    1.00    0.00    0.00    0.00    1.00     1  talker
12:10:40 PM  1000     33295    0.00    1.00    0.00    0.00    1.00     8  talker
12:10:40 PM  1000     33298    0.00    1.00    0.00    0.00    1.00     3  talker
12:10:40 PM  1000     33345    1.00    1.00    0.00    0.00    2.00     4  talker
12:10:40 PM  1000     33374    0.00    1.00    0.00    0.00    1.00    15  talker
12:10:40 PM  1000     33377    1.00    0.00    0.00    0.00    1.00    13  talker
12:10:40 PM  1000     33379    0.00    0.00    0.00    0.00    0.00     4  talker

12:10:40 PM   UID       PID    %usr %system  %guest   %wait    %CPU   CPU  Command
12:10:41 PM  1000     32973    0.00    1.00    0.00    1.00    1.00    12  talker
12:10:41 PM  1000     32975    0.00    0.00    0.00    0.00    0.00     9  talker
12:10:41 PM  1000     32977    0.00    1.00    0.00    0.00    1.00     8  talker
12:10:41 PM  1000     32979    1.00    1.00    0.00    0.00    2.00     5  talker
12:10:41 PM  1000     32981    0.00    1.00    0.00    0.00    1.00     3  talker
12:10:41 PM  1000     32983    0.00    0.00    0.00    0.00    0.00     3  talker
12:10:41 PM  1000     32985    1.00    0.00    0.00    0.00    1.00    12  talker
12:10:41 PM  1000     32987    0.00    1.00    0.00    0.00    1.00     0  talker
12:10:41 PM  1000     32989    1.00    0.00    0.00    0.00    1.00     4  talker
12:10:41 PM  1000     32991    0.00    1.00    0.00    0.00    1.00    10  talker
12:10:41 PM  1000     32993    0.00    1.00    0.00    0.00    1.00    13  talker
12:10:41 PM  1000     32995    1.00    0.00    0.00    0.00    1.00     7  talker
12:10:41 PM  1000     32997    0.00    0.00    0.00    0.00    0.00     0  talker
12:10:41 PM  1000     32998    1.00    0.00    0.00    0.00    1.00    18  talker
12:10:41 PM  1000     33001    0.00    1.00    0.00    0.00    1.00    13  talker
12:10:41 PM  1000     33011    0.00    1.00    0.00    0.00    1.00    19  talker
12:10:41 PM  1000     33013    0.00    0.00    0.00    0.00    0.00    13  talker
12:10:41 PM  1000     33015    1.00    1.00    0.00    0.00    2.00    15  talker
12:10:41 PM  1000     33019    1.00    0.00    0.00    0.00    1.00    11  talker
12:10:41 PM  1000     33022    0.00    0.00    0.00    0.00    0.00     1  talker
12:10:41 PM  1000     33040    0.00    0.00    0.00    0.00    0.00     2  talker
12:10:41 PM  1000     33124    0.00    1.00    0.00    0.00    1.00    11  talker
12:10:41 PM  1000     33177    0.00    0.00    0.00    0.00    0.00    16  talker
12:10:41 PM  1000     33211    0.00    0.00    0.00    0.00    0.00    12  talker
12:10:41 PM  1000     33226    0.00    1.00    0.00    0.00    1.00     4  talker
12:10:41 PM  1000     33228    0.00    0.00    0.00    0.00    0.00     3  talker
12:10:41 PM  1000     33275    0.00    1.00    0.00    0.00    1.00     3  talker
12:10:41 PM  1000     33295    1.00    0.00    0.00    0.00    1.00     8  talker
12:10:41 PM  1000     33298    1.00    1.00    0.00    0.00    2.00    16  talker
12:10:41 PM  1000     33345    0.00    0.00    0.00    0.00    0.00     8  talker
12:10:41 PM  1000     33374    1.00    1.00    0.00    0.00    2.00    14  talker
12:10:41 PM  1000     33377    0.00    1.00    0.00    0.00    1.00    13  talker
12:10:41 PM  1000     33379    1.00    1.00    0.00    0.00    2.00     4  talker

12:10:41 PM   UID       PID    %usr %system  %guest   %wait    %CPU   CPU  Command
12:10:42 PM  1000     32973    0.00    2.00    0.00    0.00    2.00    13  talker
12:10:42 PM  1000     32975    1.00    1.00    0.00    0.00    2.00    13  talker
12:10:42 PM  1000     32977    0.00    2.00    0.00    0.00    2.00     6  talker
12:10:42 PM  1000     32979    0.00    0.00    0.00    0.00    0.00    10  talker
12:10:42 PM  1000     32981    1.00    0.00    0.00    0.00    1.00    17  talker
12:10:42 PM  1000     32983    1.00    1.00    0.00    0.00    2.00     7  talker
12:10:42 PM  1000     32985    1.00    0.00    0.00    0.00    1.00    13  talker
12:10:42 PM  1000     32987    1.00    1.00    0.00    0.00    2.00     7  talker
12:10:42 PM  1000     32989    0.00    1.00    0.00    0.00    1.00    13  talker
12:10:42 PM  1000     32991    1.00    1.00    0.00    0.00    2.00     9  talker
12:10:42 PM  1000     32993    0.00    1.00    0.00    0.00    1.00    15  talker
12:10:42 PM  1000     32995    1.00    1.00    0.00    0.00    2.00     4  talker
12:10:42 PM  1000     32997    0.00    0.00    0.00    0.00    0.00     0  talker
12:10:42 PM  1000     32998    0.00    1.00    0.00    0.00    1.00    11  talker
12:10:42 PM  1000     33001    0.00    2.00    0.00    0.00    2.00     2  talker
12:10:42 PM  1000     33011    1.00    0.00    0.00    0.00    1.00     2  talker
12:10:42 PM  1000     33013    1.00    1.00    0.00    0.00    2.00    14  talker
12:10:42 PM  1000     33015    1.00    0.00    0.00    0.00    1.00     3  talker
12:10:42 PM  1000     33019    0.00    1.00    0.00    0.00    1.00    19  talker
12:10:42 PM  1000     33022    1.00    1.00    0.00    1.00    2.00     1  talker
12:10:42 PM  1000     33040    1.00    1.00    0.00    0.00    2.00    14  talker
12:10:42 PM  1000     33124    1.00    1.00    0.00    0.00    2.00     8  talker
12:10:42 PM  1000     33177    1.00    1.00    0.00    0.00    2.00    15  talker
12:10:42 PM  1000     33211    1.00    1.00    0.00    0.00    2.00     9  talker
12:10:42 PM  1000     33226    2.00    0.00    0.00    0.00    2.00     9  talker
12:10:42 PM  1000     33228    1.00    1.00    0.00    0.00    2.00     9  talker
12:10:42 PM  1000     33275    0.00    1.00    0.00    0.00    1.00    10  talker
12:10:42 PM  1000     33295    0.00    1.00    0.00    0.00    1.00     8  talker
12:10:42 PM  1000     33298    0.00    1.00    0.00    0.00    1.00     2  talker
12:10:42 PM  1000     33345    1.00    1.00    0.00    0.00    2.00     5  talker
12:10:42 PM  1000     33374    1.00    0.00    0.00    0.00    1.00    13  talker
12:10:42 PM  1000     33377    1.00    0.00    0.00    0.00    1.00    12  talker
12:10:42 PM  1000     33379    0.00    1.00    0.00    0.00    1.00    13  talker

12:10:42 PM   UID       PID    %usr %system  %guest   %wait    %CPU   CPU  Command
12:10:43 PM  1000     32973    0.00    2.00    0.00    0.00    2.00    14  talker
12:10:43 PM  1000     32975    1.00    0.00    0.00    0.00    1.00    12  talker
12:10:43 PM  1000     32977    0.00    1.00    0.00    0.00    1.00     7  talker
12:10:43 PM  1000     32979    1.00    1.00    0.00    1.00    2.00    11  talker
12:10:43 PM  1000     32981    0.00    1.00    0.00    0.00    1.00     1  talker
12:10:43 PM  1000     32983    0.00    1.00    0.00    0.00    1.00    12  talker
12:10:43 PM  1000     32985    1.00    1.00    0.00    0.00    2.00     3  talker
12:10:43 PM  1000     32987    0.00    0.00    0.00    0.00    0.00     4  talker
12:10:43 PM  1000     32989    0.00    1.00    0.00    0.00    1.00    11  talker
12:10:43 PM  1000     32991    1.00    0.00    0.00    0.00    1.00    13  talker
12:10:43 PM  1000     32993    1.00    1.00    0.00    0.00    2.00    12  talker
12:10:43 PM  1000     32995    0.00    1.00    0.00    0.00    1.00    13  talker
12:10:43 PM  1000     32997    0.00    0.00    0.00    0.00    0.00     0  talker
12:10:43 PM  1000     32998    1.00    1.00    0.00    0.00    2.00     6  talker
12:10:43 PM  1000     33001    0.00    1.00    0.00    0.00    1.00     2  talker
12:10:43 PM  1000     33011    0.00    1.00    0.00    0.00    1.00     1  talker
12:10:43 PM  1000     33013    1.00    0.00    0.00    0.00    1.00    11  talker
12:10:43 PM  1000     33015    0.00    1.00    0.00    0.00    1.00    17  talker
12:10:43 PM  1000     33019    1.00    1.00    0.00    0.00    2.00     0  talker
12:10:43 PM  1000     33022    1.00    1.00    0.00    0.00    2.00    14  talker
12:10:43 PM  1000     33040    0.00    1.00    0.00    1.00    1.00     3  talker
12:10:43 PM  1000     33124    1.00    0.00    0.00    0.00    1.00     8  talker
12:10:43 PM  1000     33177    1.00    1.00    0.00    0.00    2.00     5  talker
12:10:43 PM  1000     33211    1.00    1.00    0.00    0.00    2.00    14  talker
12:10:43 PM  1000     33226    0.00    1.00    0.00    1.00    1.00    12  talker
12:10:43 PM  1000     33228    1.00    0.00    0.00    0.00    1.00    11  talker
12:10:43 PM  1000     33275    1.00    0.00    0.00    0.00    1.00    15  talker
12:10:43 PM  1000     33295    0.00    1.00    0.00    0.00    1.00    13  talker
12:10:43 PM  1000     33298    1.00    0.00    0.00    0.00    1.00     5  talker
12:10:43 PM  1000     33345    1.00    0.00    0.00    0.00    1.00     5  talker
12:10:43 PM  1000     33374    1.00    0.00    0.00    0.00    1.00     9  talker
12:10:43 PM  1000     33377    1.00    1.00    0.00    0.00    2.00    10  talker
12:10:43 PM  1000     33379    0.00    1.00    0.00    0.00    1.00    11  talker

12:10:43 PM   UID       PID    %usr %system  %guest   %wait    %CPU   CPU  Command
12:10:44 PM  1000     32973    0.00    1.00    0.00    0.00    1.00     5  talker
12:10:44 PM  1000     32975    0.00    1.00    0.00    1.00    1.00     7  talker
12:10:44 PM  1000     32977    0.00    1.00    0.00    0.00    1.00     6  talker
12:10:44 PM  1000     32979    1.00    0.00    0.00    0.00    1.00    17  talker
12:10:44 PM  1000     32981    1.00    1.00    0.00    0.00    2.00     2  talker
12:10:44 PM  1000     32983    1.00    1.00    0.00    0.00    2.00     2  talker
12:10:44 PM  1000     32985    0.00    1.00    0.00    0.00    1.00    12  talker
12:10:44 PM  1000     32987    1.00    1.00    0.00    0.00    2.00     2  talker
12:10:44 PM  1000     32989    1.00    1.00    0.00    0.00    2.00    12  talker
12:10:44 PM  1000     32991    0.00    1.00    0.00    0.00    1.00    16  talker
12:10:44 PM  1000     32993    1.00    0.00    0.00    0.00    1.00     5  talker
12:10:44 PM  1000     32995    1.00    1.00    0.00    0.00    2.00     5  talker
12:10:44 PM  1000     32997    0.00    0.00    0.00    0.00    0.00     0  talker
12:10:44 PM  1000     32998    1.00    0.00    0.00    0.00    1.00    16  talker
12:10:44 PM  1000     33001    0.00    2.00    0.00    0.00    2.00    14  talker
12:10:44 PM  1000     33011    1.00    1.00    0.00    0.00    2.00     8  talker
12:10:44 PM  1000     33013    0.00    1.00    0.00    0.00    1.00     8  talker
12:10:44 PM  1000     33015    1.00    0.00    0.00    0.00    1.00    19  talker
12:10:44 PM  1000     33019    0.00    1.00    0.00    0.00    1.00    16  talker
12:10:44 PM  1000     33022    0.00    0.00    0.00    0.00    0.00    15  talker
12:10:44 PM  1000     33040    0.00    1.00    0.00    0.00    1.00    16  talker
12:10:44 PM  1000     33124    1.00    1.00    0.00    0.00    2.00     7  talker
12:10:44 PM  1000     33177    0.00    1.00    0.00    0.00    1.00    10  talker
12:10:44 PM  1000     33211    1.00    1.00    0.00    1.00    2.00     7  talker
12:10:44 PM  1000     33226    1.00    0.00    0.00    0.00    1.00    16  talker
12:10:44 PM  1000     33228    1.00    1.00    0.00    0.00    2.00    16  talker
12:10:44 PM  1000     33275    1.00    1.00    0.00    0.00    2.00    15  talker
12:10:44 PM  1000     33295    1.00    1.00    0.00    0.00    2.00     4  talker
12:10:44 PM  1000     33298    1.00    1.00    0.00    1.00    2.00    15  talker
12:10:44 PM  1000     33345    0.00    1.00    0.00    0.00    1.00     2  talker
12:10:44 PM  1000     33374    1.00    1.00    0.00    0.00    2.00    14  talker
12:10:44 PM  1000     33377    1.00    0.00    0.00    0.00    1.00    14  talker
12:10:44 PM  1000     33379    1.00    1.00    0.00    0.00    2.00    16  talker

12:10:44 PM   UID       PID    %usr %system  %guest   %wait    %CPU   CPU  Command
12:10:45 PM  1000     32973    0.00    2.00    0.00    0.00    2.00    12  talker
12:10:45 PM  1000     32975    1.00    0.00    0.00    0.00    1.00    11  talker
12:10:45 PM  1000     32977    0.00    1.00    0.00    0.00    1.00     1  talker
12:10:45 PM  1000     32979    1.00    1.00    0.00    0.00    2.00     5  talker
12:10:45 PM  1000     32981    1.00    0.00    0.00    0.00    1.00     3  talker
12:10:45 PM  1000     32983    0.00    0.00    0.00    0.00    0.00     6  talker
12:10:45 PM  1000     32985    1.00    0.00    0.00    0.00    1.00     2  talker
12:10:45 PM  1000     32987    1.00    1.00    0.00    0.00    2.00     7  talker
12:10:45 PM  1000     32989    0.00    0.00    0.00    0.00    0.00    13  talker
12:10:45 PM  1000     32991    0.00    1.00    0.00    0.00    1.00     9  talker
12:10:45 PM  1000     32993    1.00    1.00    0.00    0.00    2.00     8  talker
12:10:45 PM  1000     32995    1.00    0.00    0.00    0.00    1.00     2  talker
12:10:45 PM  1000     32997    0.00    0.00    0.00    0.00    0.00     0  talker
12:10:45 PM  1000     32998    0.00    1.00    0.00    0.00    1.00    10  talker
12:10:45 PM  1000     33001    0.00    1.00    0.00    0.00    1.00     9  talker
12:10:45 PM  1000     33011    0.00    0.00    0.00    0.00    0.00     5  talker
12:10:45 PM  1000     33013    1.00    1.00    0.00    0.00    2.00     2  talker
12:10:45 PM  1000     33015    1.00    1.00    0.00    0.00    2.00     8  talker
12:10:45 PM  1000     33019    1.00    1.00    0.00    0.00    2.00    15  talker
12:10:45 PM  1000     33022    1.00    1.00    0.00    0.00    2.00    15  talker
12:10:45 PM  1000     33040    1.00    1.00    0.00    0.00    2.00     5  talker
12:10:45 PM  1000     33124    0.00    0.00    0.00    0.00    0.00    16  talker
12:10:45 PM  1000     33177    1.00    0.00    0.00    0.00    1.00     4  talker
12:10:45 PM  1000     33211    0.00    0.00    0.00    0.00    0.00     9  talker
12:10:45 PM  1000     33226    0.00    1.00    0.00    0.00    1.00     9  talker
12:10:45 PM  1000     33228    0.00    0.00    0.00    0.00    0.00     9  talker
12:10:45 PM  1000     33275    0.00    0.00    0.00    0.00    0.00    14  talker
12:10:45 PM  1000     33295    0.00    0.00    0.00    0.00    0.00    11  talker
12:10:45 PM  1000     33298    1.00    1.00    0.00    0.00    2.00    13  talker
12:10:45 PM  1000     33345    1.00    0.00    0.00    0.00    1.00     1  talker
12:10:45 PM  1000     33374    0.00    1.00    0.00    0.00    1.00    16  talker
12:10:45 PM  1000     33377    0.00    1.00    0.00    0.00    1.00    19  talker
12:10:45 PM  1000     33379    1.00    0.00    0.00    0.00    1.00    16  talker

Average:      UID       PID    %usr %system  %guest   %wait    %CPU   CPU  Command
Average:     1000     32973    0.47    0.95    0.00    0.07    1.42     -  talker
Average:     1000     32975    0.42    0.67    0.00    0.03    1.08     -  talker
Average:     1000     32977    0.55    0.52    0.00    0.02    1.07     -  talker
Average:     1000     32979    0.60    0.60    0.00    0.02    1.20     -  talker
Average:     1000     32981    0.55    0.53    0.00    0.02    1.08     -  talker
Average:     1000     32983    0.57    0.57    0.00    0.02    1.13     -  talker
Average:     1000     32985    0.60    0.45    0.00    0.02    1.05     -  talker
Average:     1000     32987    0.58    0.63    0.00    0.02    1.22     -  talker
Average:     1000     32989    0.53    0.53    0.00    0.00    1.07     -  talker
Average:     1000     32991    0.47    0.62    0.00    0.02    1.08     -  talker
Average:     1000     32993    0.60    0.65    0.00    0.03    1.25     -  talker
Average:     1000     32995    0.70    0.57    0.00    0.05    1.27     -  talker
Average:     1000     32997    0.00    0.00    0.00    0.00    0.00     -  talker
Average:     1000     32998    0.57    0.52    0.00    0.02    1.08     -  talker
Average:     1000     33001    0.43    0.93    0.00    0.05    1.37     -  talker
Average:     1000     33011    0.47    0.62    0.00    0.02    1.08     -  talker
Average:     1000     33013    0.45    0.65    0.00    0.03    1.10     -  talker
Average:     1000     33015    0.62    0.58    0.00    0.03    1.20     -  talker
Average:     1000     33019    0.62    0.60    0.00    0.05    1.22     -  talker
Average:     1000     33022    0.63    0.57    0.00    0.03    1.20     -  talker
Average:     1000     33040    0.47    0.62    0.00    0.03    1.08     -  talker
Average:     1000     33124    0.62    0.60    0.00    0.12    1.22     -  talker
Average:     1000     33177    0.63    0.62    0.00    0.05    1.25     -  talker
Average:     1000     33211    0.57    0.73    0.00    0.10    1.30     -  talker
Average:     1000     33226    0.55    0.67    0.00    0.05    1.22     -  talker
Average:     1000     33228    0.52    0.57    0.00    0.02    1.08     -  talker
Average:     1000     33275    0.53    0.52    0.00    0.02    1.05     -  talker
Average:     1000     33295    0.57    0.50    0.00    0.02    1.07     -  talker
Average:     1000     33298    0.78    0.58    0.00    0.10    1.37     -  talker
Average:     1000     33345    0.47    0.67    0.00    0.05    1.13     -  talker
Average:     1000     33374    0.63    0.60    0.00    0.02    1.23     -  talker
Average:     1000     33377    0.52    0.62    0.00    0.02    1.13     -  talker
Average:     1000     33379    0.48    0.67    0.00    0.03    1.15     -  talker
