Linux 6.5.0-44-generic (npc2408016) 	07/01/2025 	_x86_64_	(22 CPU)

03:00:00 PM   UID       PID    %usr %system  %guest   %wait    %CPU   CPU  Command
03:00:01 PM  1000     69460    0.00    1.00    0.00    0.00    1.00     5  listener
03:00:01 PM  1000     69462    1.00    1.00    0.00    0.00    2.00     9  listener
03:00:01 PM  1000     69464    1.00    0.00    0.00    0.00    1.00    16  listener
03:00:01 PM  1000     69466    1.00    0.00    0.00    0.00    1.00     6  listener
03:00:01 PM  1000     69468    1.00    1.00    0.00    0.00    2.00     5  listener
03:00:01 PM  1000     69470    0.00    1.00    0.00    0.00    1.00    12  listener
03:00:01 PM  1000     69472    1.00    1.00    0.00    0.00    2.00     4  listener
03:00:01 PM  1000     69474    1.00    0.00    0.00    0.00    1.00     0  listener
03:00:01 PM  1000     69476    1.00    0.00    0.00    0.00    1.00     6  listener
03:00:01 PM  1000     69486    1.00    1.00    0.00    0.00    2.00     6  listener
03:00:01 PM  1000     69490    2.00    0.00    0.00    0.00    2.00     1  listener
03:00:01 PM  1000     69547    1.00    0.00    0.00    0.00    1.00    19  listener
03:00:01 PM  1000     69583    1.00    0.00    0.00    0.00    1.00     1  listener
03:00:01 PM  1000     69594    0.00    1.00    0.00    0.00    1.00     6  listener
03:00:01 PM  1000     69614    1.00    1.00    0.00    0.00    2.00    11  listener
03:00:01 PM  1000     69625    2.00    1.00    0.00    0.00    3.00     9  listener
03:00:01 PM  1000     69634    1.00    1.00    0.00    0.00    2.00    17  listener
03:00:01 PM  1000     69656    1.00    1.00    0.00    0.00    2.00    13  listener
03:00:01 PM  1000     69666    1.00    1.00    0.00    0.00    2.00    13  listener
03:00:01 PM  1000     69679    2.00    1.00    0.00    0.00    3.00    10  listener
03:00:01 PM  1000     69724    0.00    2.00    0.00    0.00    2.00    18  listener
03:00:01 PM  1000     69728    0.00    1.00    0.00    0.00    1.00     1  listener
03:00:01 PM  1000     69733    0.00    1.00    0.00    0.00    1.00    17  listener
03:00:01 PM  1000     69785    1.00    0.00    0.00    0.00    1.00     1  listener
03:00:01 PM  1000     69787    1.00    1.00    0.00    0.00    2.00     8  listener
03:00:01 PM  1000     69789    1.00    1.00    0.00    0.00    2.00     3  listener
03:00:01 PM  1000     69791    1.00    1.00    0.00    0.00    2.00    12  listener
03:00:01 PM  1000     69811    1.00    1.00    0.00    0.00    2.00     3  listener
03:00:01 PM  1000     69813    0.00    1.00    0.00    0.00    1.00    14  listener
03:00:01 PM  1000     69815    1.00    0.00    0.00    0.00    1.00     3  listener
03:00:01 PM  1000     69826    1.00    0.00    0.00    0.00    1.00     0  listener
03:00:01 PM  1000     69836    0.00    1.00    0.00    0.00    1.00    14  listener
03:00:01 PM  1000     69917    1.00    0.00    0.00    0.00    1.00     1  listener
03:00:01 PM  1000     70039    1.00    1.00    0.00    0.00    2.00     2  listener
03:00:01 PM  1000     70041    1.00    1.00    0.00    0.00    2.00    11  listener
03:00:01 PM  1000     70063    1.00    0.00    0.00    0.00    1.00    16  listener
03:00:01 PM  1000     70090    1.00    1.00    0.00    0.00    2.00    18  listener
03:00:01 PM  1000     70100    1.00    0.00    0.00    0.00    1.00     9  listener
03:00:01 PM  1000     70139    1.00    1.00    0.00    0.00    2.00     7  listener
03:00:01 PM  1000     70168    1.00    0.00    0.00    0.00    1.00     6  listener
03:00:01 PM  1000     70171    1.00    1.00    0.00    0.00    2.00    17  listener
03:00:01 PM  1000     70208    1.00    1.00    0.00    0.00    2.00    18  listener
03:00:01 PM  1000     70246    1.00    0.00    0.00    0.00    1.00     3  listener
03:00:01 PM  1000     70248    1.00    1.00    0.00    0.00    2.00    19  listener
03:00:01 PM  1000     70259    0.00    1.00    0.00    0.00    1.00    14  listener
03:00:01 PM  1000     70261    1.00    0.00    0.00    0.00    1.00     3  listener
03:00:01 PM  1000     70272    2.00    0.00    0.00    0.00    2.00    15  listener
03:00:01 PM  1000     70301    0.00    0.00    0.00    0.00    0.00     6  listener
03:00:01 PM  1000     70316    0.00    1.00    0.00    0.00    1.00    12  listener
03:00:01 PM  1000     70332    1.00    1.00    0.00    0.00    2.00     6  listener
03:00:01 PM  1000     70343    1.00    1.00    0.00    0.00    2.00    16  listener
03:00:01 PM  1000     70345    1.00    1.00    0.00    0.00    2.00     9  listener
03:00:01 PM  1000     70348    1.00    1.00    0.00    0.00    2.00    18  listener
03:00:01 PM  1000     70357    0.00    1.00    0.00    0.00    1.00     9  listener
03:00:01 PM  1000     70386    1.00    0.00    0.00    0.00    1.00     5  listener
03:00:01 PM  1000     70479    1.00    0.00    0.00    0.00    1.00    13  listener
03:00:01 PM  1000     70498    2.00    0.00    0.00    0.00    2.00     0  listener
03:00:01 PM  1000     70501    1.00    1.00    0.00    0.00    2.00     0  listener
03:00:01 PM  1000     70530    1.00    1.00    0.00    0.00    2.00    10  listener
03:00:01 PM  1000     70541    1.00    0.00    0.00    0.00    1.00    14  listener
03:00:01 PM  1000     70544    1.00    1.00    0.00    0.00    2.00     3  listener
03:00:01 PM  1000     70581    1.00    0.00    0.00    0.00    1.00     1  listener
03:00:01 PM  1000     70592    1.00    0.00    0.00    0.00    1.00    17  listener
03:00:01 PM  1000     70602    1.00    0.00    0.00    0.00    1.00    17  listener
03:00:01 PM  1000     70623    1.00    0.00    0.00    0.00    1.00     9  listener
03:00:01 PM  1000     70679    1.00    0.00    0.00    0.00    1.00     3  listener
03:00:01 PM  1000     70690    1.00    1.00    0.00    0.00    2.00    17  listener
03:00:01 PM  1000     70701    0.00    0.00    0.00    0.00    0.00    12  listener
03:00:01 PM  1000     70719    1.00    0.00    0.00    0.00    1.00     3  listener
03:00:01 PM  1000     70758    1.00    1.00    0.00    0.00    2.00    12  listener
03:00:01 PM  1000     70797    0.00    1.00    0.00    0.00    1.00    19  listener
03:00:01 PM  1000     70800    1.00    1.00    0.00    0.00    2.00     0  listener
03:00:01 PM  1000     70846    1.00    0.00    0.00    0.00    1.00    19  listener
03:00:01 PM  1000     70848    1.00    1.00    0.00    0.00    2.00     6  listener
03:00:01 PM  1000     70850    1.00    0.00    0.00    0.00    1.00    16  listener
03:00:01 PM  1000     70896    0.00    2.00    0.00    0.00    2.00    11  listener
03:00:01 PM  1000     70899    1.00    1.00    0.00    0.00    2.00    13  listener
03:00:01 PM  1000     70919    1.00    1.00    0.00    0.00    2.00     1  listener
03:00:01 PM  1000     70939    1.00    0.00    0.00    0.00    1.00    10  listener
03:00:01 PM  1000     70941    0.00    1.00    0.00    0.00    1.00     5  listener
03:00:01 PM  1000     70943    1.00    1.00    0.00    0.00    2.00     6  listener
03:00:01 PM  1000     70994    0.00    1.00    0.00    0.00    1.00     0  listener
03:00:01 PM  1000     71010    1.00    0.00    0.00    0.00    1.00    14  listener
03:00:01 PM  1000     71012    1.00    1.00    0.00    0.00    2.00     5  listener
03:00:01 PM  1000     71014    1.00    1.00    0.00    0.00    2.00     2  listener
03:00:01 PM  1000     71016    0.00    2.00    0.00    0.00    2.00    16  listener
03:00:01 PM  1000     71037    1.00    0.00    0.00    0.00    1.00     8  listener
03:00:01 PM  1000     71056    1.00    1.00    0.00    0.00    2.00     4  listener
03:00:01 PM  1000     71077    1.00    1.00    0.00    0.00    2.00    18  listener
03:00:01 PM  1000     71096    0.00    1.00    0.00    0.00    1.00     3  listener
03:00:01 PM  1000     71118    2.00    1.00    0.00    0.00    3.00     8  listener
03:00:01 PM  1000     71138    2.00    0.00    0.00    0.00    2.00    12  listener
03:00:01 PM  1000     71140    0.00    1.00    0.00    0.00    1.00    15  listener
03:00:01 PM  1000     71160    1.00    1.00    0.00    0.00    2.00    11  listener
03:00:01 PM  1000     71162    1.00    1.00    0.00    0.00    2.00     8  listener
03:00:01 PM  1000     71173    1.00    1.00    0.00    0.00    2.00     7  listener

03:00:01 PM   UID       PID    %usr %system  %guest   %wait    %CPU   CPU  Command
03:00:02 PM  1000     69460    1.00    0.00    0.00    0.00    1.00     6  listener
03:00:02 PM  1000     69462    1.00    1.00    0.00    0.00    2.00    12  listener
03:00:02 PM  1000     69464    0.00    1.00    0.00    0.00    1.00     0  listener
03:00:02 PM  1000     69466    0.00    0.00    0.00    0.00    0.00     3  listener
03:00:02 PM  1000     69468    0.00    0.00    0.00    0.00    0.00    13  listener
03:00:02 PM  1000     69470    1.00    1.00    0.00    0.00    2.00    19  listener
03:00:02 PM  1000     69472    0.00    0.00    0.00    0.00    0.00     2  listener
03:00:02 PM  1000     69474    1.00    1.00    0.00    0.00    2.00    15  listener
03:00:02 PM  1000     69476    0.00    0.00    0.00    0.00    0.00    12  listener
03:00:02 PM  1000     69486    0.00    1.00    0.00    0.00    1.00     1  listener
03:00:02 PM  1000     69490    0.00    1.00    0.00    0.00    1.00     1  listener
03:00:02 PM  1000     69547    1.00    1.00    0.00    0.00    2.00     7  listener
03:00:02 PM  1000     69583    1.00    0.00    0.00    0.00    1.00    12  listener
03:00:02 PM  1000     69594    1.00    0.00    0.00    0.00    1.00    16  listener
03:00:02 PM  1000     69614    0.00    0.00    0.00    0.00    0.00     1  listener
03:00:02 PM  1000     69625    0.00    0.00    0.00    0.00    0.00     3  listener
03:00:02 PM  1000     69634    0.00    0.00    0.00    0.00    0.00    19  listener
03:00:02 PM  1000     69656    0.00    0.00    0.00    0.00    0.00    12  listener
03:00:02 PM  1000     69666    0.00    0.00    0.00    0.00    0.00     7  listener
03:00:02 PM  1000     69679    1.00    0.00    0.00    0.00    1.00    12  listener
03:00:02 PM  1000     69724    0.00    0.00    0.00    0.00    0.00    12  listener
03:00:02 PM  1000     69728    2.00    0.00    0.00    0.00    2.00     8  listener
03:00:02 PM  1000     69733    1.00    1.00    0.00    0.00    2.00    13  listener
03:00:02 PM  1000     69785    0.00    1.00    0.00    0.00    1.00     3  listener
03:00:02 PM  1000     69787    0.00    1.00    0.00    0.00    1.00    10  listener
03:00:02 PM  1000     69789    1.00    1.00    0.00    0.00    2.00    11  listener
03:00:02 PM  1000     69791    0.00    1.00    0.00    0.00    1.00     3  listener
03:00:02 PM  1000     69811    1.00    0.00    0.00    0.00    1.00    18  listener
03:00:02 PM  1000     69813    0.00    1.00    0.00    0.00    1.00    12  listener
03:00:02 PM  1000     69815    1.00    1.00    0.00    0.00    2.00    10  listener
03:00:02 PM  1000     69826    1.00    1.00    0.00    0.00    2.00     8  listener
03:00:02 PM  1000     69836    1.00    1.00    0.00    0.00    2.00    15  listener
03:00:02 PM  1000     69917    1.00    0.00    0.00    0.00    1.00     6  listener
03:00:02 PM  1000     70039    0.00    0.00    0.00    0.00    0.00     1  listener
03:00:02 PM  1000     70041    1.00    1.00    0.00    0.00    2.00    18  listener
03:00:02 PM  1000     70063    1.00    0.00    0.00    0.00    1.00    16  listener
03:00:02 PM  1000     70090    1.00    0.00    0.00    0.00    1.00     5  listener
03:00:02 PM  1000     70100    1.00    1.00    0.00    0.00    2.00    12  listener
03:00:02 PM  1000     70139    1.00    0.00    0.00    0.00    1.00    11  listener
03:00:02 PM  1000     70168    1.00    1.00    0.00    0.00    2.00    12  listener
03:00:02 PM  1000     70171    1.00    1.00    0.00    0.00    2.00     6  listener
03:00:02 PM  1000     70208    1.00    0.00    0.00    0.00    1.00    14  listener
03:00:02 PM  1000     70246    1.00    0.00    0.00    0.00    1.00    16  listener
03:00:02 PM  1000     70248    0.00    1.00    0.00    0.00    1.00     1  listener
03:00:02 PM  1000     70259    1.00    0.00    0.00    0.00    1.00     8  listener
03:00:02 PM  1000     70261    1.00    1.00    0.00    0.00    2.00     9  listener
03:00:02 PM  1000     70272    0.00    0.00    0.00    0.00    0.00     2  listener
03:00:02 PM  1000     70301    1.00    0.00    0.00    0.00    1.00     5  listener
03:00:02 PM  1000     70316    1.00    0.00    0.00    0.00    1.00    16  listener
03:00:02 PM  1000     70332    1.00    0.00    0.00    0.00    1.00     3  listener
03:00:02 PM  1000     70343    0.00    0.00    0.00    0.00    0.00     9  listener
03:00:02 PM  1000     70345    0.00    1.00    0.00    0.00    1.00     1  listener
03:00:02 PM  1000     70348    1.00    0.00    0.00    0.00    1.00    10  listener
03:00:02 PM  1000     70357    0.00    1.00    0.00    0.00    1.00     0  listener
03:00:02 PM  1000     70386    1.00    1.00    0.00    0.00    2.00    12  listener
03:00:02 PM  1000     70479    1.00    1.00    0.00    0.00    2.00     1  listener
03:00:02 PM  1000     70498    1.00    0.00    0.00    0.00    1.00    16  listener
03:00:02 PM  1000     70501    1.00    0.00    0.00    0.00    1.00    10  listener
03:00:02 PM  1000     70530    1.00    0.00    0.00    0.00    1.00    10  listener
03:00:02 PM  1000     70541    1.00    0.00    0.00    0.00    1.00    19  listener
03:00:02 PM  1000     70544    1.00    1.00    0.00    0.00    2.00    10  listener
03:00:02 PM  1000     70581    1.00    1.00    0.00    0.00    2.00     1  listener
03:00:02 PM  1000     70592    1.00    0.00    0.00    0.00    1.00     6  listener
03:00:02 PM  1000     70602    1.00    1.00    0.00    0.00    2.00     1  listener
03:00:02 PM  1000     70623    1.00    1.00    0.00    0.00    2.00     3  listener
03:00:02 PM  1000     70679    1.00    1.00    0.00    0.00    2.00     6  listener
03:00:02 PM  1000     70690    0.00    1.00    0.00    0.00    1.00    13  listener
03:00:02 PM  1000     70701    1.00    1.00    0.00    0.00    2.00    19  listener
03:00:02 PM  1000     70719    1.00    1.00    0.00    0.00    2.00     7  listener
03:00:02 PM  1000     70758    0.00    0.00    0.00    0.00    0.00    14  listener
03:00:02 PM  1000     70797    1.00    1.00    0.00    0.00    2.00     8  listener
03:00:02 PM  1000     70800    0.00    1.00    0.00    0.00    1.00    16  listener
03:00:02 PM  1000     70846    1.00    0.00    0.00    1.00    1.00    10  listener
03:00:02 PM  1000     70848    1.00    0.00    0.00    0.00    1.00     7  listener
03:00:02 PM  1000     70850    0.00    1.00    0.00    0.00    1.00     3  listener
03:00:02 PM  1000     70896    0.00    1.00    0.00    0.00    1.00     8  listener
03:00:02 PM  1000     70899    1.00    1.00    0.00    0.00    2.00     2  listener
03:00:02 PM  1000     70919    1.00    0.00    0.00    0.00    1.00    10  listener
03:00:02 PM  1000     70939    0.00    1.00    0.00    0.00    1.00    16  listener
03:00:02 PM  1000     70941    1.00    0.00    0.00    0.00    1.00     1  listener
03:00:02 PM  1000     70943    0.00    0.00    0.00    0.00    0.00     8  listener
03:00:02 PM  1000     70994    1.00    0.00    0.00    0.00    1.00    18  listener
03:00:02 PM  1000     71010    1.00    1.00    0.00    0.00    2.00    16  listener
03:00:02 PM  1000     71012    0.00    1.00    0.00    0.00    1.00    19  listener
03:00:02 PM  1000     71014    1.00    0.00    0.00    0.00    1.00    18  listener
03:00:02 PM  1000     71016    1.00    0.00    0.00    0.00    1.00    15  listener
03:00:02 PM  1000     71037    1.00    0.00    0.00    0.00    1.00     1  listener
03:00:02 PM  1000     71056    0.00    1.00    0.00    0.00    1.00     6  listener
03:00:02 PM  1000     71077    1.00    1.00    0.00    0.00    2.00     5  listener
03:00:02 PM  1000     71096    1.00    0.00    0.00    0.00    1.00     6  listener
03:00:02 PM  1000     71118    0.00    0.00    0.00    0.00    0.00     6  listener
03:00:02 PM  1000     71138    1.00    0.00    0.00    0.00    1.00     0  listener
03:00:02 PM  1000     71140    0.00    1.00    0.00    0.00    1.00     0  listener
03:00:02 PM  1000     71160    0.00    0.00    0.00    0.00    0.00     3  listener
03:00:02 PM  1000     71162    1.00    1.00    0.00    0.00    2.00     2  listener
03:00:02 PM  1000     71173    1.00    0.00    0.00    0.00    1.00     7  listener

03:00:02 PM   UID       PID    %usr %system  %guest   %wait    %CPU   CPU  Command
03:00:03 PM  1000     69460    1.00    1.00    0.00    0.00    2.00     0  listener
03:00:03 PM  1000     69462    1.00    0.00    0.00    0.00    1.00     7  listener
03:00:03 PM  1000     69464    1.00    0.00    0.00    0.00    1.00     1  listener
03:00:03 PM  1000     69466    1.00    1.00    0.00    0.00    2.00     5  listener
03:00:03 PM  1000     69468    1.00    1.00    0.00    0.00    2.00     0  listener
03:00:03 PM  1000     69470    0.00    0.00    0.00    0.00    0.00    10  listener
03:00:03 PM  1000     69472    1.00    1.00    0.00    0.00    2.00     2  listener
03:00:03 PM  1000     69474    1.00    0.00    0.00    0.00    1.00    10  listener
03:00:03 PM  1000     69476    1.00    0.00    0.00    0.00    1.00     3  listener
03:00:03 PM  1000     69486    1.00    0.00    0.00    0.00    1.00     0  listener
03:00:03 PM  1000     69490    0.00    0.00    0.00    0.00    0.00    17  listener
03:00:03 PM  1000     69547    1.00    0.00    0.00    0.00    1.00     2  listener
03:00:03 PM  1000     69583    1.00    1.00    0.00    0.00    2.00     5  listener
03:00:03 PM  1000     69594    1.00    0.00    0.00    0.00    1.00    11  listener
03:00:03 PM  1000     69614    1.00    1.00    0.00    0.00    2.00    14  listener
03:00:03 PM  1000     69625    1.00    1.00    0.00    0.00    2.00    14  listener
03:00:03 PM  1000     69634    1.00    1.00    0.00    0.00    2.00     4  listener
03:00:03 PM  1000     69656    1.00    1.00    0.00    0.00    2.00    17  listener
03:00:03 PM  1000     69666    1.00    1.00    0.00    0.00    2.00     8  listener
03:00:03 PM  1000     69679    0.00    1.00    0.00    0.00    1.00     5  listener
03:00:03 PM  1000     69724    1.00    1.00    0.00    0.00    2.00     0  listener
03:00:03 PM  1000     69728    0.00    0.00    0.00    0.00    0.00    11  listener
03:00:03 PM  1000     69733    0.00    0.00    0.00    0.00    0.00     1  listener
03:00:03 PM  1000     69785    1.00    0.00    0.00    0.00    1.00     4  listener
03:00:03 PM  1000     69787    1.00    0.00    0.00    0.00    1.00    13  listener
03:00:03 PM  1000     69789    0.00    0.00    0.00    0.00    0.00    16  listener
03:00:03 PM  1000     69791    0.00    0.00    0.00    0.00    0.00    10  listener
03:00:03 PM  1000     69811    1.00    0.00    0.00    0.00    1.00     1  listener
03:00:03 PM  1000     69813    0.00    0.00    0.00    0.00    0.00    12  listener
03:00:03 PM  1000     69815    0.00    0.00    0.00    0.00    0.00     7  listener
03:00:03 PM  1000     69826    1.00    0.00    0.00    0.00    1.00    13  listener
03:00:03 PM  1000     69836    0.00    0.00    0.00    0.00    0.00    10  listener
03:00:03 PM  1000     69917    0.00    1.00    0.00    0.00    1.00    10  listener
03:00:03 PM  1000     70039    1.00    0.00    0.00    0.00    1.00    18  listener
03:00:03 PM  1000     70041    0.00    0.00    0.00    0.00    0.00    15  listener
03:00:03 PM  1000     70063    0.00    1.00    0.00    0.00    1.00    18  listener
03:00:03 PM  1000     70090    0.00    1.00    0.00    0.00    1.00     2  listener
03:00:03 PM  1000     70100    0.00    0.00    0.00    0.00    0.00     9  listener
03:00:03 PM  1000     70139    0.00    0.00    0.00    0.00    0.00    16  listener
03:00:03 PM  1000     70168    0.00    0.00    0.00    0.00    0.00    10  listener
03:00:03 PM  1000     70171    0.00    0.00    0.00    0.00    0.00     5  listener
03:00:03 PM  1000     70208    1.00    1.00    0.00    0.00    2.00     9  listener
03:00:03 PM  1000     70246    1.00    1.00    0.00    0.00    2.00     1  listener
03:00:03 PM  1000     70248    1.00    0.00    0.00    0.00    1.00    15  listener
03:00:03 PM  1000     70259    1.00    0.00    0.00    0.00    1.00     1  listener
03:00:03 PM  1000     70261    1.00    0.00    0.00    0.00    1.00    15  listener
03:00:03 PM  1000     70272    1.00    1.00    0.00    0.00    2.00     2  listener
03:00:03 PM  1000     70301    1.00    0.00    0.00    0.00    1.00     1  listener
03:00:03 PM  1000     70316    1.00    1.00    0.00    0.00    2.00     3  listener
03:00:03 PM  1000     70332    0.00    1.00    0.00    0.00    1.00     4  listener
03:00:03 PM  1000     70343    1.00    1.00    0.00    0.00    2.00    10  listener
03:00:03 PM  1000     70345    1.00    0.00    0.00    0.00    1.00    15  listener
03:00:03 PM  1000     70348    0.00    0.00    0.00    0.00    0.00    14  listener
03:00:03 PM  1000     70357    1.00    0.00    0.00    0.00    1.00    13  listener
03:00:03 PM  1000     70386    0.00    0.00    0.00    0.00    0.00     2  listener
03:00:03 PM  1000     70479    1.00    0.00    0.00    0.00    1.00     3  listener
03:00:03 PM  1000     70498    0.00    1.00    0.00    0.00    1.00    19  listener
03:00:03 PM  1000     70501    1.00    1.00    0.00    0.00    2.00     5  listener
03:00:03 PM  1000     70530    0.00    1.00    0.00    0.00    1.00     8  listener
03:00:03 PM  1000     70541    1.00    1.00    0.00    0.00    2.00     1  listener
03:00:03 PM  1000     70544    0.00    0.00    0.00    0.00    0.00     8  listener
03:00:03 PM  1000     70581    0.00    1.00    0.00    0.00    1.00     4  listener
03:00:03 PM  1000     70592    1.00    0.00    0.00    0.00    1.00     6  listener
03:00:03 PM  1000     70602    0.00    0.00    0.00    0.00    0.00    10  listener
03:00:03 PM  1000     70623    0.00    0.00    0.00    0.00    0.00     4  listener
03:00:03 PM  1000     70679    1.00    0.00    0.00    0.00    1.00    14  listener
03:00:03 PM  1000     70690    1.00    0.00    0.00    0.00    1.00     6  listener
03:00:03 PM  1000     70701    0.00    0.00    0.00    0.00    0.00     8  listener
03:00:03 PM  1000     70719    1.00    0.00    0.00    0.00    1.00    14  listener
03:00:03 PM  1000     70758    1.00    1.00    0.00    0.00    2.00    11  listener
03:00:03 PM  1000     70797    0.00    1.00    0.00    0.00    1.00     4  listener
03:00:03 PM  1000     70800    1.00    0.00    0.00    0.00    1.00     7  listener
03:00:03 PM  1000     70846    1.00    1.00    0.00    0.00    2.00    19  listener
03:00:03 PM  1000     70848    1.00    1.00    0.00    0.00    2.00    11  listener
03:00:03 PM  1000     70850    1.00    1.00    0.00    0.00    2.00     6  listener
03:00:03 PM  1000     70896    1.00    0.00    0.00    0.00    1.00     9  listener
03:00:03 PM  1000     70899    0.00    0.00    0.00    0.00    0.00    10  listener
03:00:03 PM  1000     70919    0.00    0.00    0.00    0.00    0.00    13  listener
03:00:03 PM  1000     70939    1.00    0.00    0.00    0.00    1.00     3  listener
03:00:03 PM  1000     70941    1.00    0.00    0.00    0.00    1.00     0  listener
03:00:03 PM  1000     70943    1.00    0.00    0.00    0.00    1.00     4  listener
03:00:03 PM  1000     70994    1.00    0.00    0.00    0.00    1.00     5  listener
03:00:03 PM  1000     71010    0.00    0.00    0.00    0.00    0.00    14  listener
03:00:03 PM  1000     71012    0.00    0.00    0.00    0.00    0.00     5  listener
03:00:03 PM  1000     71014    1.00    0.00    0.00    0.00    1.00    11  listener
03:00:03 PM  1000     71016    1.00    1.00    0.00    0.00    2.00    10  listener
03:00:03 PM  1000     71037    1.00    1.00    0.00    0.00    2.00     2  listener
03:00:03 PM  1000     71056    1.00    0.00    0.00    0.00    1.00    17  listener
03:00:03 PM  1000     71077    0.00    0.00    0.00    0.00    0.00    12  listener
03:00:03 PM  1000     71096    1.00    0.00    0.00    0.00    1.00    18  listener
03:00:03 PM  1000     71118    1.00    1.00    0.00    0.00    2.00    16  listener
03:00:03 PM  1000     71138    0.00    0.00    0.00    0.00    0.00    18  listener
03:00:03 PM  1000     71140    1.00    0.00    0.00    0.00    1.00    17  listener
03:00:03 PM  1000     71160    1.00    1.00    0.00    0.00    2.00     2  listener
03:00:03 PM  1000     71162    0.00    0.00    0.00    0.00    0.00     6  listener
03:00:03 PM  1000     71173    1.00    0.00    0.00    0.00    1.00    11  listener

03:00:03 PM   UID       PID    %usr %system  %guest   %wait    %CPU   CPU  Command
03:00:04 PM  1000     69460    0.00    1.00    0.00    0.00    1.00     1  listener
03:00:04 PM  1000     69462    0.00    0.00    0.00    0.00    0.00     7  listener
03:00:04 PM  1000     69464    0.00    1.00    0.00    0.00    1.00    15  listener
03:00:04 PM  1000     69466    1.00    0.00    0.00    0.00    1.00    12  listener
03:00:04 PM  1000     69468    1.00    0.00    0.00    0.00    1.00     0  listener
03:00:04 PM  1000     69470    1.00    1.00    0.00    0.00    2.00    10  listener
03:00:04 PM  1000     69472    1.00    0.00    0.00    0.00    1.00     1  listener
03:00:04 PM  1000     69474    1.00    0.00    0.00    0.00    1.00     7  listener
03:00:04 PM  1000     69476    1.00    1.00    0.00    0.00    2.00     3  listener
03:00:04 PM  1000     69486    0.00    1.00    0.00    0.00    1.00    15  listener
03:00:04 PM  1000     69490    1.00    1.00    0.00    0.00    2.00    11  listener
03:00:04 PM  1000     69547    0.00    0.00    0.00    0.00    0.00     0  listener
03:00:04 PM  1000     69583    1.00    0.00    0.00    0.00    1.00    10  listener
03:00:04 PM  1000     69594    1.00    0.00    0.00    0.00    1.00    13  listener
03:00:04 PM  1000     69614    0.00    0.00    0.00    0.00    0.00    12  listener
03:00:04 PM  1000     69625    1.00    0.00    0.00    0.00    1.00    13  listener
03:00:04 PM  1000     69634    1.00    1.00    0.00    0.00    2.00     3  listener
03:00:04 PM  1000     69656    1.00    0.00    0.00    0.00    1.00     3  listener
03:00:04 PM  1000     69666    1.00    0.00    0.00    0.00    1.00     6  listener
03:00:04 PM  1000     69679    0.00    0.00    0.00    0.00    0.00    15  listener
03:00:04 PM  1000     69724    0.00    1.00    0.00    0.00    1.00     2  listener
03:00:04 PM  1000     69728    1.00    1.00    0.00    0.00    2.00     8  listener
03:00:04 PM  1000     69733    1.00    1.00    0.00    0.00    2.00     4  listener
03:00:04 PM  1000     69785    1.00    0.00    0.00    0.00    1.00    18  listener
03:00:04 PM  1000     69787    1.00    0.00    0.00    0.00    1.00    19  listener
03:00:04 PM  1000     69789    0.00    1.00    0.00    0.00    1.00    15  listener
03:00:04 PM  1000     69791    1.00    0.00    0.00    0.00    1.00    14  listener
03:00:04 PM  1000     69811    0.00    1.00    0.00    0.00    1.00     4  listener
03:00:04 PM  1000     69813    1.00    1.00    0.00    0.00    2.00     5  listener
03:00:04 PM  1000     69815    1.00    1.00    0.00    0.00    2.00    18  listener
03:00:04 PM  1000     69826    1.00    1.00    0.00    0.00    2.00    10  listener
03:00:04 PM  1000     69836    1.00    0.00    0.00    0.00    1.00    16  listener
03:00:04 PM  1000     69917    1.00    1.00    0.00    0.00    2.00     5  listener
03:00:04 PM  1000     70039    1.00    0.00    0.00    0.00    1.00     3  listener
03:00:04 PM  1000     70041    1.00    1.00    0.00    0.00    2.00    18  listener
03:00:04 PM  1000     70063    1.00    0.00    0.00    0.00    1.00    14  listener
03:00:04 PM  1000     70090    1.00    0.00    0.00    0.00    1.00    11  listener
03:00:04 PM  1000     70100    1.00    1.00    0.00    0.00    2.00    13  listener
03:00:04 PM  1000     70139    1.00    0.00    0.00    0.00    1.00     9  listener
03:00:04 PM  1000     70168    1.00    0.00    0.00    0.00    1.00     4  listener
03:00:04 PM  1000     70171    1.00    1.00    0.00    0.00    2.00     8  listener
03:00:04 PM  1000     70208    0.00    0.00    0.00    0.00    0.00     1  listener
03:00:04 PM  1000     70246    1.00    0.00    0.00    0.00    1.00     8  listener
03:00:04 PM  1000     70248    0.00    1.00    0.00    0.00    1.00    15  listener
03:00:04 PM  1000     70259    1.00    1.00    0.00    0.00    2.00     9  listener
03:00:04 PM  1000     70261    0.00    1.00    0.00    0.00    1.00     3  listener
03:00:04 PM  1000     70272    1.00    0.00    0.00    0.00    1.00    17  listener
03:00:04 PM  1000     70301    1.00    1.00    0.00    0.00    2.00    10  listener
03:00:04 PM  1000     70316    1.00    0.00    0.00    0.00    1.00     0  listener
03:00:04 PM  1000     70332    1.00    0.00    0.00    0.00    1.00    19  listener
03:00:04 PM  1000     70343    1.00    0.00    0.00    0.00    1.00    17  listener
03:00:04 PM  1000     70345    1.00    1.00    0.00    0.00    2.00    18  listener
03:00:04 PM  1000     70348    1.00    1.00    0.00    0.00    2.00    17  listener
03:00:04 PM  1000     70357    1.00    1.00    0.00    0.00    2.00    11  listener
03:00:04 PM  1000     70386    1.00    1.00    0.00    0.00    2.00     8  listener
03:00:04 PM  1000     70479    1.00    0.00    0.00    0.00    1.00    15  listener
03:00:04 PM  1000     70498    1.00    0.00    0.00    0.00    1.00    18  listener
03:00:04 PM  1000     70501    0.00    0.00    0.00    0.00    0.00    16  listener
03:00:04 PM  1000     70530    1.00    1.00    0.00    0.00    2.00     2  listener
03:00:04 PM  1000     70541    0.00    0.00    0.00    0.00    0.00     1  listener
03:00:04 PM  1000     70544    1.00    0.00    0.00    0.00    1.00     1  listener
03:00:04 PM  1000     70581    1.00    0.00    0.00    0.00    1.00    12  listener
03:00:04 PM  1000     70592    0.00    1.00    0.00    0.00    1.00    12  listener
03:00:04 PM  1000     70602    1.00    0.00    0.00    0.00    1.00     8  listener
03:00:04 PM  1000     70623    1.00    1.00    0.00    0.00    2.00    18  listener
03:00:04 PM  1000     70679    0.00    0.00    0.00    0.00    0.00     3  listener
03:00:04 PM  1000     70690    1.00    1.00    0.00    0.00    2.00    18  listener
03:00:04 PM  1000     70701    1.00    1.00    0.00    0.00    2.00    17  listener
03:00:04 PM  1000     70719    0.00    1.00    0.00    0.00    1.00    16  listener
03:00:04 PM  1000     70758    1.00    0.00    0.00    0.00    1.00    16  listener
03:00:04 PM  1000     70797    1.00    0.00    0.00    0.00    1.00     3  listener
03:00:04 PM  1000     70800    0.00    1.00    0.00    0.00    1.00    19  listener
03:00:04 PM  1000     70846    1.00    0.00    0.00    0.00    1.00     5  listener
03:00:04 PM  1000     70848    1.00    0.00    0.00    0.00    1.00     7  listener
03:00:04 PM  1000     70850    0.00    0.00    0.00    0.00    0.00    17  listener
03:00:04 PM  1000     70896    1.00    0.00    0.00    0.00    1.00     6  listener
03:00:04 PM  1000     70899    1.00    1.00    0.00    0.00    2.00     3  listener
03:00:04 PM  1000     70919    2.00    1.00    0.00    0.00    3.00    19  listener
03:00:04 PM  1000     70939    1.00    1.00    0.00    0.00    2.00     3  listener
03:00:04 PM  1000     70941    1.00    1.00    0.00    0.00    2.00    12  listener
03:00:04 PM  1000     70943    1.00    0.00    0.00    0.00    1.00     4  listener
03:00:04 PM  1000     70994    0.00    1.00    0.00    0.00    1.00     3  listener
03:00:04 PM  1000     71010    1.00    1.00    0.00    0.00    2.00     4  listener
03:00:04 PM  1000     71012    1.00    1.00    0.00    0.00    2.00     2  listener
03:00:04 PM  1000     71014    1.00    1.00    0.00    0.00    2.00    18  listener
03:00:04 PM  1000     71016    0.00    0.00    0.00    0.00    0.00     0  listener
03:00:04 PM  1000     71037    0.00    1.00    0.00    0.00    1.00    15  listener
03:00:04 PM  1000     71056    1.00    1.00    0.00    0.00    2.00    13  listener
03:00:04 PM  1000     71077    1.00    1.00    0.00    0.00    2.00     1  listener
03:00:04 PM  1000     71096    0.00    1.00    0.00    0.00    1.00     3  listener
03:00:04 PM  1000     71118    1.00    0.00    0.00    0.00    1.00     1  listener
03:00:04 PM  1000     71138    1.00    1.00    0.00    0.00    2.00     2  listener
03:00:04 PM  1000     71140    1.00    0.00    0.00    0.00    1.00    10  listener
03:00:04 PM  1000     71160    1.00    0.00    0.00    0.00    1.00     9  listener
03:00:04 PM  1000     71162    1.00    1.00    0.00    0.00    2.00    19  listener
03:00:04 PM  1000     71173    1.00    0.00    0.00    0.00    1.00     2  listener

03:00:04 PM   UID       PID    %usr %system  %guest   %wait    %CPU   CPU  Command
03:00:05 PM  1000     69460    1.00    0.00    0.00    0.00    1.00     1  listener
03:00:05 PM  1000     69462    1.00    0.00    0.00    0.00    1.00    14  listener
03:00:05 PM  1000     69464    1.00    0.00    0.00    0.00    1.00     9  listener
03:00:05 PM  1000     69466    1.00    0.00    0.00    0.00    1.00     2  listener
03:00:05 PM  1000     69468    0.00    1.00    0.00    0.00    1.00    11  listener
03:00:05 PM  1000     69470    0.00    0.00    0.00    0.00    0.00    13  listener
03:00:05 PM  1000     69472    1.00    1.00    0.00    0.00    2.00     0  listener
03:00:05 PM  1000     69474    1.00    0.00    0.00    0.00    1.00    15  listener
03:00:05 PM  1000     69476    0.00    0.00    0.00    0.00    0.00     3  listener
03:00:05 PM  1000     69486    1.00    0.00    0.00    0.00    1.00     3  listener
03:00:05 PM  1000     69490    1.00    0.00    0.00    0.00    1.00    11  listener
03:00:05 PM  1000     69547    1.00    1.00    0.00    0.00    2.00    18  listener
03:00:05 PM  1000     69583    1.00    1.00    0.00    0.00    2.00     6  listener
03:00:05 PM  1000     69594    0.00    1.00    0.00    0.00    1.00    12  listener
03:00:05 PM  1000     69614    1.00    1.00    0.00    0.00    2.00    16  listener
03:00:05 PM  1000     69625    0.00    0.00    0.00    0.00    0.00    12  listener
03:00:05 PM  1000     69634    0.00    0.00    0.00    0.00    0.00     3  listener
03:00:05 PM  1000     69656    1.00    0.00    0.00    0.00    1.00     5  listener
03:00:05 PM  1000     69666    1.00    0.00    0.00    0.00    1.00     9  listener
03:00:05 PM  1000     69679    1.00    1.00    0.00    0.00    2.00    10  listener
03:00:05 PM  1000     69724    1.00    0.00    0.00    0.00    1.00     2  listener
03:00:05 PM  1000     69728    1.00    0.00    0.00    0.00    1.00    12  listener
03:00:05 PM  1000     69733    1.00    0.00    0.00    0.00    1.00     2  listener
03:00:05 PM  1000     69785    1.00    0.00    0.00    0.00    1.00    15  listener
03:00:05 PM  1000     69787    1.00    1.00    0.00    0.00    2.00     9  listener
03:00:05 PM  1000     69789    1.00    1.00    0.00    0.00    2.00     3  listener
03:00:05 PM  1000     69791    1.00    1.00    0.00    0.00    2.00    13  listener
03:00:05 PM  1000     69811    1.00    0.00    0.00    0.00    1.00    16  listener
03:00:05 PM  1000     69813    1.00    0.00    0.00    0.00    1.00    15  listener
03:00:05 PM  1000     69815    0.00    0.00    0.00    0.00    0.00    19  listener
03:00:05 PM  1000     69826    1.00    0.00    0.00    0.00    1.00     8  listener
03:00:05 PM  1000     69836    0.00    1.00    0.00    0.00    1.00    15  listener
03:00:05 PM  1000     69917    0.00    0.00    0.00    0.00    0.00     8  listener
03:00:05 PM  1000     70039    1.00    1.00    0.00    0.00    2.00    15  listener
03:00:05 PM  1000     70041    0.00    0.00    0.00    0.00    0.00    17  listener
03:00:05 PM  1000     70063    1.00    0.00    0.00    0.00    1.00     5  listener
03:00:05 PM  1000     70090    1.00    1.00    0.00    0.00    2.00     2  listener
03:00:05 PM  1000     70100    1.00    0.00    0.00    0.00    1.00     5  listener
03:00:05 PM  1000     70139    1.00    0.00    0.00    0.00    1.00    15  listener
03:00:05 PM  1000     70168    1.00    0.00    0.00    0.00    1.00     0  listener
03:00:05 PM  1000     70171    1.00    0.00    0.00    0.00    1.00     5  listener
03:00:05 PM  1000     70208    1.00    0.00    0.00    0.00    1.00     1  listener
03:00:05 PM  1000     70246    1.00    0.00    0.00    0.00    1.00    13  listener
03:00:05 PM  1000     70248    1.00    0.00    0.00    0.00    1.00    15  listener
03:00:05 PM  1000     70259    0.00    0.00    0.00    0.00    0.00    14  listener
03:00:05 PM  1000     70261    1.00    0.00    0.00    0.00    1.00     6  listener
03:00:05 PM  1000     70272    0.00    1.00    0.00    0.00    1.00     1  listener
03:00:05 PM  1000     70301    1.00    0.00    0.00    0.00    1.00    10  listener
03:00:05 PM  1000     70316    0.00    0.00    0.00    1.00    0.00    19  listener
03:00:05 PM  1000     70332    0.00    1.00    0.00    0.00    1.00    11  listener
03:00:05 PM  1000     70343    0.00    1.00    0.00    0.00    1.00     6  listener
03:00:05 PM  1000     70345    0.00    0.00    0.00    0.00    0.00     7  listener
03:00:05 PM  1000     70348    1.00    0.00    0.00    0.00    1.00    12  listener
03:00:05 PM  1000     70357    0.00    0.00    0.00    0.00    0.00     3  listener
03:00:05 PM  1000     70386    1.00    0.00    0.00    0.00    1.00     8  listener
03:00:05 PM  1000     70479    0.00    0.00    0.00    0.00    0.00    14  listener
03:00:05 PM  1000     70498    0.00    1.00    0.00    0.00    1.00     0  listener
03:00:05 PM  1000     70501    1.00    0.00    0.00    0.00    1.00    18  listener
03:00:05 PM  1000     70530    1.00    0.00    0.00    0.00    1.00    10  listener
03:00:05 PM  1000     70541    1.00    1.00    0.00    0.00    2.00     3  listener
03:00:05 PM  1000     70544    1.00    1.00    0.00    0.00    2.00     0  listener
03:00:05 PM  1000     70581    0.00    1.00    0.00    0.00    1.00     0  listener
03:00:05 PM  1000     70592    1.00    1.00    0.00    0.00    2.00     7  listener
03:00:05 PM  1000     70602    1.00    1.00    0.00    0.00    2.00     3  listener
03:00:05 PM  1000     70623    1.00    0.00    0.00    0.00    1.00     2  listener
03:00:05 PM  1000     70679    1.00    1.00    0.00    0.00    2.00     6  listener
03:00:05 PM  1000     70690    0.00    0.00    0.00    0.00    0.00     1  listener
03:00:05 PM  1000     70701    1.00    0.00    0.00    0.00    1.00    11  listener
03:00:05 PM  1000     70719    1.00    0.00    0.00    0.00    1.00     3  listener
03:00:05 PM  1000     70758    1.00    1.00    0.00    0.00    2.00     3  listener
03:00:05 PM  1000     70797    1.00    1.00    0.00    0.00    2.00     1  listener
03:00:05 PM  1000     70800    1.00    0.00    0.00    0.00    1.00    19  listener
03:00:05 PM  1000     70846    0.00    0.00    0.00    0.00    0.00    13  listener
03:00:05 PM  1000     70848    0.00    0.00    0.00    0.00    0.00     4  listener
03:00:05 PM  1000     70850    1.00    1.00    0.00    0.00    2.00     6  listener
03:00:05 PM  1000     70896    1.00    1.00    0.00    0.00    2.00     8  listener
03:00:05 PM  1000     70899    0.00    0.00    0.00    0.00    0.00     7  listener
03:00:05 PM  1000     70919    0.00    0.00    0.00    0.00    0.00     8  listener
03:00:05 PM  1000     70939    1.00    1.00    0.00    0.00    2.00     4  listener
03:00:05 PM  1000     70941    0.00    0.00    0.00    0.00    0.00    15  listener
03:00:05 PM  1000     70943    1.00    0.00    0.00    0.00    1.00    17  listener
03:00:05 PM  1000     70994    1.00    0.00    0.00    0.00    1.00    14  listener
03:00:05 PM  1000     71010    1.00    0.00    0.00    0.00    1.00    10  listener
03:00:05 PM  1000     71012    0.00    1.00    0.00    0.00    1.00    14  listener
03:00:05 PM  1000     71014    1.00    0.00    0.00    0.00    1.00     9  listener
03:00:05 PM  1000     71016    1.00    1.00    0.00    0.00    2.00     0  listener
03:00:05 PM  1000     71037    1.00    0.00    0.00    0.00    1.00    17  listener
03:00:05 PM  1000     71056    1.00    0.00    0.00    0.00    1.00    10  listener
03:00:05 PM  1000     71077    0.00    1.00    0.00    0.00    1.00    10  listener
03:00:05 PM  1000     71096    1.00    0.00    0.00    0.00    1.00     3  listener
03:00:05 PM  1000     71118    1.00    1.00    0.00    0.00    2.00     0  listener
03:00:05 PM  1000     71138    1.00    0.00    0.00    0.00    1.00    16  listener
03:00:05 PM  1000     71140    1.00    1.00    0.00    0.00    2.00    17  listener
03:00:05 PM  1000     71160    1.00    0.00    0.00    0.00    1.00     5  listener
03:00:05 PM  1000     71162    0.00    0.00    0.00    0.00    0.00    13  listener
03:00:05 PM  1000     71173    0.00    1.00    0.00    0.00    1.00     2  listener

03:00:05 PM   UID       PID    %usr %system  %guest   %wait    %CPU   CPU  Command
03:00:06 PM  1000     69460    1.00    0.00    0.00    0.00    1.00     0  listener
03:00:06 PM  1000     69462    1.00    0.00    0.00    0.00    1.00     1  listener
03:00:06 PM  1000     69464    0.00    1.00    0.00    0.00    1.00    12  listener
03:00:06 PM  1000     69466    0.00    1.00    0.00    0.00    1.00    18  listener
03:00:06 PM  1000     69468    1.00    0.00    0.00    0.00    1.00    13  listener
03:00:06 PM  1000     69470    1.00    0.00    0.00    0.00    1.00    12  listener
03:00:06 PM  1000     69472    0.00    0.00    0.00    0.00    0.00     3  listener
03:00:06 PM  1000     69474    0.00    1.00    0.00    0.00    1.00    10  listener
03:00:06 PM  1000     69476    1.00    0.00    0.00    0.00    1.00     2  listener
03:00:06 PM  1000     69486    1.00    0.00    0.00    0.00    1.00     3  listener
03:00:06 PM  1000     69490    0.00    1.00    0.00    0.00    1.00     3  listener
03:00:06 PM  1000     69547    1.00    0.00    0.00    0.00    1.00    12  listener
03:00:06 PM  1000     69583    0.00    0.00    0.00    0.00    0.00     8  listener
03:00:06 PM  1000     69594    1.00    0.00    0.00    0.00    1.00    18  listener
03:00:06 PM  1000     69614    0.00    0.00    0.00    0.00    0.00     8  listener
03:00:06 PM  1000     69625    1.00    1.00    0.00    0.00    2.00     2  listener
03:00:06 PM  1000     69634    1.00    1.00    0.00    0.00    2.00    19  listener
03:00:06 PM  1000     69656    0.00    0.00    0.00    0.00    0.00    18  listener
03:00:06 PM  1000     69666    0.00    1.00    0.00    0.00    1.00     3  listener
03:00:06 PM  1000     69679    1.00    0.00    0.00    0.00    1.00    15  listener
03:00:06 PM  1000     69724    0.00    0.00    0.00    0.00    0.00     2  listener
03:00:06 PM  1000     69728    0.00    1.00    0.00    0.00    1.00     4  listener
03:00:06 PM  1000     69733    1.00    1.00    0.00    0.00    2.00     3  listener
03:00:06 PM  1000     69785    1.00    1.00    0.00    0.00    2.00    12  listener
03:00:06 PM  1000     69787    0.00    0.00    0.00    0.00    0.00    15  listener
03:00:06 PM  1000     69789    1.00    0.00    0.00    0.00    1.00     1  listener
03:00:06 PM  1000     69791    1.00    0.00    0.00    0.00    1.00     8  listener
03:00:06 PM  1000     69811    1.00    0.00    0.00    0.00    1.00     1  listener
03:00:06 PM  1000     69813    1.00    1.00    0.00    0.00    2.00    18  listener
03:00:06 PM  1000     69815    1.00    0.00    0.00    0.00    1.00     8  listener
03:00:06 PM  1000     69826    0.00    0.00    0.00    0.00    0.00     7  listener
03:00:06 PM  1000     69836    1.00    0.00    0.00    0.00    1.00     1  listener
03:00:06 PM  1000     69917    1.00    0.00    0.00    0.00    1.00    13  listener
03:00:06 PM  1000     70039    1.00    0.00    0.00    0.00    1.00     9  listener
03:00:06 PM  1000     70041    1.00    1.00    0.00    0.00    2.00     5  listener
03:00:06 PM  1000     70063    0.00    1.00    0.00    0.00    1.00     5  listener
03:00:06 PM  1000     70090    0.00    0.00    0.00    0.00    0.00     0  listener
03:00:06 PM  1000     70100    0.00    0.00    0.00    0.00    0.00    13  listener
03:00:06 PM  1000     70139    0.00    1.00    0.00    0.00    1.00     6  listener
03:00:06 PM  1000     70168    1.00    1.00    0.00    0.00    2.00     4  listener
03:00:06 PM  1000     70171    1.00    1.00    0.00    0.00    2.00     6  listener
03:00:06 PM  1000     70208    1.00    1.00    0.00    0.00    2.00     1  listener
03:00:06 PM  1000     70246    0.00    0.00    0.00    0.00    0.00    18  listener
03:00:06 PM  1000     70248    1.00    1.00    0.00    0.00    2.00    18  listener
03:00:06 PM  1000     70259    1.00    0.00    0.00    0.00    1.00    11  listener
03:00:06 PM  1000     70261    0.00    1.00    0.00    0.00    1.00     1  listener
03:00:06 PM  1000     70272    1.00    0.00    0.00    0.00    1.00     5  listener
03:00:06 PM  1000     70301    0.00    0.00    0.00    0.00    0.00     9  listener
03:00:06 PM  1000     70316    1.00    1.00    0.00    0.00    2.00     1  listener
03:00:06 PM  1000     70332    0.00    0.00    0.00    0.00    0.00    11  listener
03:00:06 PM  1000     70343    1.00    0.00    0.00    0.00    1.00    15  listener
03:00:06 PM  1000     70345    1.00    1.00    0.00    0.00    2.00    17  listener
03:00:06 PM  1000     70348    1.00    0.00    0.00    0.00    1.00    10  listener
03:00:06 PM  1000     70357    1.00    0.00    0.00    0.00    1.00    16  listener
03:00:06 PM  1000     70386    1.00    0.00    0.00    0.00    1.00     4  listener
03:00:06 PM  1000     70479    1.00    1.00    0.00    0.00    2.00     5  listener
03:00:06 PM  1000     70498    1.00    0.00    0.00    0.00    1.00    17  listener
03:00:06 PM  1000     70501    1.00    1.00    0.00    0.00    2.00     1  listener
03:00:06 PM  1000     70530    0.00    0.00    0.00    0.00    0.00     4  listener
03:00:06 PM  1000     70541    0.00    0.00    0.00    0.00    0.00     3  listener
03:00:06 PM  1000     70544    1.00    0.00    0.00    0.00    1.00     0  listener
03:00:06 PM  1000     70581    1.00    0.00    0.00    0.00    1.00    10  listener
03:00:06 PM  1000     70592    0.00    0.00    0.00    0.00    0.00    14  listener
03:00:06 PM  1000     70602    1.00    0.00    0.00    0.00    1.00     8  listener
03:00:06 PM  1000     70623    0.00    1.00    0.00    0.00    1.00    14  listener
03:00:06 PM  1000     70679    0.00    0.00    0.00    0.00    0.00     0  listener
03:00:06 PM  1000     70690    1.00    1.00    0.00    0.00    2.00     7  listener
03:00:06 PM  1000     70701    0.00    1.00    0.00    0.00    1.00    15  listener
03:00:06 PM  1000     70719    0.00    0.00    0.00    0.00    0.00     6  listener
03:00:06 PM  1000     70758    0.00    0.00    0.00    0.00    0.00     5  listener
03:00:06 PM  1000     70797    0.00    0.00    0.00    0.00    0.00    11  listener
03:00:06 PM  1000     70800    0.00    0.00    0.00    0.00    0.00    16  listener
03:00:06 PM  1000     70846    1.00    1.00    0.00    0.00    2.00    13  listener
03:00:06 PM  1000     70848    1.00    1.00    0.00    0.00    2.00    17  listener
03:00:06 PM  1000     70850    0.00    0.00    0.00    0.00    0.00     3  listener
03:00:06 PM  1000     70896    1.00    0.00    0.00    0.00    1.00    12  listener
03:00:06 PM  1000     70899    1.00    1.00    0.00    0.00    2.00    17  listener
03:00:06 PM  1000     70919    1.00    0.00    0.00    0.00    1.00    10  listener
03:00:06 PM  1000     70939    0.00    0.00    0.00    0.00    0.00    19  listener
03:00:06 PM  1000     70941    1.00    1.00    0.00    0.00    2.00    14  listener
03:00:06 PM  1000     70943    0.00    1.00    0.00    0.00    1.00     9  listener
03:00:06 PM  1000     70994    1.00    1.00    0.00    0.00    2.00    15  listener
03:00:06 PM  1000     71010    1.00    0.00    0.00    0.00    1.00     1  listener
03:00:06 PM  1000     71012    0.00    0.00    0.00    0.00    0.00     0  listener
03:00:06 PM  1000     71014    0.00    0.00    0.00    0.00    0.00     7  listener
03:00:06 PM  1000     71016    0.00    0.00    0.00    0.00    0.00    10  listener
03:00:06 PM  1000     71037    0.00    0.00    0.00    0.00    0.00    19  listener
03:00:06 PM  1000     71056    1.00    0.00    0.00    0.00    1.00     6  listener
03:00:06 PM  1000     71077    1.00    0.00    0.00    0.00    1.00    17  listener
03:00:06 PM  1000     71096    1.00    0.00    0.00    0.00    1.00     0  listener
03:00:06 PM  1000     71118    0.00    0.00    0.00    0.00    0.00     0  listener
03:00:06 PM  1000     71138    0.00    0.00    0.00    0.00    0.00     6  listener
03:00:06 PM  1000     71140    0.00    0.00    0.00    0.00    0.00     3  listener
03:00:06 PM  1000     71160    0.00    1.00    0.00    0.00    1.00     6  listener
03:00:06 PM  1000     71162    1.00    1.00    0.00    0.00    2.00     8  listener
03:00:06 PM  1000     71173    1.00    0.00    0.00    0.00    1.00     2  listener

03:00:06 PM   UID       PID    %usr %system  %guest   %wait    %CPU   CPU  Command
03:00:07 PM  1000     69460    0.00    1.00    0.00    0.00    1.00     0  listener
03:00:07 PM  1000     69462    0.00    0.00    0.00    0.00    0.00    18  listener
03:00:07 PM  1000     69464    1.00    0.00    0.00    0.00    1.00     6  listener
03:00:07 PM  1000     69466    1.00    0.00    0.00    0.00    1.00     1  listener
03:00:07 PM  1000     69468    1.00    0.00    0.00    0.00    1.00    12  listener
03:00:07 PM  1000     69470    0.00    1.00    0.00    0.00    1.00    16  listener
03:00:07 PM  1000     69472    1.00    1.00    0.00    0.00    2.00     3  listener
03:00:07 PM  1000     69474    1.00    0.00    0.00    0.00    1.00    14  listener
03:00:07 PM  1000     69476    0.00    0.00    0.00    0.00    0.00     2  listener
03:00:07 PM  1000     69486    1.00    0.00    0.00    0.00    1.00     3  listener
03:00:07 PM  1000     69490    0.00    0.00    0.00    0.00    0.00     8  listener
03:00:07 PM  1000     69547    0.00    0.00    0.00    0.00    0.00     5  listener
03:00:07 PM  1000     69583    1.00    0.00    0.00    0.00    1.00     6  listener
03:00:07 PM  1000     69594    0.00    1.00    0.00    0.00    1.00     0  listener
03:00:07 PM  1000     69614    1.00    0.00    0.00    0.00    1.00    12  listener
03:00:07 PM  1000     69625    0.00    0.00    0.00    0.00    0.00     8  listener
03:00:07 PM  1000     69634    1.00    0.00    0.00    0.00    1.00     9  listener
03:00:07 PM  1000     69656    1.00    1.00    0.00    0.00    2.00    17  listener
03:00:07 PM  1000     69666    1.00    0.00    0.00    0.00    1.00    14  listener
03:00:07 PM  1000     69679    0.00    0.00    0.00    0.00    0.00     2  listener
03:00:07 PM  1000     69724    1.00    1.00    0.00    0.00    2.00     2  listener
03:00:07 PM  1000     69728    1.00    0.00    0.00    0.00    1.00     8  listener
03:00:07 PM  1000     69733    0.00    0.00    0.00    0.00    0.00     3  listener
03:00:07 PM  1000     69785    0.00    0.00    0.00    0.00    0.00    11  listener
03:00:07 PM  1000     69787    1.00    1.00    0.00    0.00    2.00    16  listener
03:00:07 PM  1000     69789    0.00    0.00    0.00    0.00    0.00     8  listener
03:00:07 PM  1000     69791    0.00    0.00    0.00    0.00    0.00     2  listener
03:00:07 PM  1000     69811    0.00    1.00    0.00    0.00    1.00     6  listener
03:00:07 PM  1000     69813    0.00    0.00    0.00    0.00    0.00     0  listener
03:00:07 PM  1000     69815    1.00    0.00    0.00    0.00    1.00    10  listener
03:00:07 PM  1000     69826    1.00    0.00    0.00    0.00    1.00     6  listener
03:00:07 PM  1000     69836    0.00    0.00    0.00    0.00    0.00    19  listener
03:00:07 PM  1000     69917    0.00    0.00    0.00    0.00    0.00     6  listener
03:00:07 PM  1000     70039    0.00    0.00    0.00    0.00    0.00     1  listener
03:00:07 PM  1000     70041    1.00    0.00    0.00    0.00    1.00     3  listener
03:00:07 PM  1000     70063    1.00    0.00    0.00    0.00    1.00    19  listener
03:00:07 PM  1000     70090    0.00    1.00    0.00    0.00    1.00     3  listener
03:00:07 PM  1000     70100    1.00    0.00    0.00    0.00    1.00     8  listener
03:00:07 PM  1000     70139    0.00    0.00    0.00    0.00    0.00    10  listener
03:00:07 PM  1000     70168    0.00    0.00    0.00    0.00    0.00     8  listener
03:00:07 PM  1000     70171    0.00    0.00    0.00    0.00    0.00    12  listener
03:00:07 PM  1000     70208    0.00    0.00    0.00    0.00    0.00     3  listener
03:00:07 PM  1000     70246    1.00    1.00    0.00    0.00    2.00    18  listener
03:00:07 PM  1000     70248    0.00    0.00    0.00    0.00    0.00    12  listener
03:00:07 PM  1000     70259    0.00    0.00    0.00    0.00    0.00    11  listener
03:00:07 PM  1000     70261    1.00    0.00    0.00    0.00    1.00     1  listener
03:00:07 PM  1000     70272    0.00    1.00    0.00    0.00    1.00     8  listener
03:00:07 PM  1000     70301    1.00    0.00    0.00    0.00    1.00    15  listener
03:00:07 PM  1000     70316    1.00    0.00    0.00    0.00    1.00     1  listener
03:00:07 PM  1000     70332    1.00    0.00    0.00    0.00    1.00    11  listener
03:00:07 PM  1000     70343    0.00    0.00    0.00    0.00    0.00     2  listener
03:00:07 PM  1000     70345    0.00    0.00    0.00    0.00    0.00     8  listener
03:00:07 PM  1000     70348    0.00    1.00    0.00    0.00    1.00    16  listener
03:00:07 PM  1000     70357    0.00    1.00    0.00    0.00    1.00    17  listener
03:00:07 PM  1000     70386    0.00    1.00    0.00    0.00    1.00     4  listener
03:00:07 PM  1000     70479    1.00    0.00    0.00    0.00    1.00    13  listener
03:00:07 PM  1000     70498    1.00    0.00    0.00    0.00    1.00     7  listener
03:00:07 PM  1000     70501    0.00    0.00    0.00    0.00    0.00    10  listener
03:00:07 PM  1000     70530    0.00    1.00    0.00    0.00    1.00    15  listener
03:00:07 PM  1000     70541    1.00    0.00    0.00    0.00    1.00     0  listener
03:00:07 PM  1000     70544    1.00    0.00    0.00    0.00    1.00    12  listener
03:00:07 PM  1000     70581    1.00    0.00    0.00    0.00    1.00    10  listener
03:00:07 PM  1000     70592    0.00    0.00    0.00    0.00    0.00     0  listener
03:00:07 PM  1000     70602    0.00    0.00    0.00    0.00    0.00     6  listener
03:00:07 PM  1000     70623    1.00    0.00    0.00    0.00    1.00     1  listener
03:00:07 PM  1000     70679    1.00    1.00    0.00    0.00    2.00    16  listener
03:00:07 PM  1000     70690    1.00    0.00    0.00    0.00    1.00    12  listener
03:00:07 PM  1000     70701    1.00    0.00    0.00    0.00    1.00     0  listener
03:00:07 PM  1000     70719    1.00    0.00    0.00    0.00    1.00     1  listener
03:00:07 PM  1000     70758    1.00    0.00    0.00    0.00    1.00     5  listener
03:00:07 PM  1000     70797    1.00    1.00    0.00    0.00    2.00     5  listener
03:00:07 PM  1000     70800    1.00    1.00    0.00    0.00    2.00    15  listener
03:00:07 PM  1000     70846    1.00    0.00    0.00    0.00    1.00     7  listener
03:00:07 PM  1000     70848    0.00    0.00    0.00    0.00    0.00    18  listener
03:00:07 PM  1000     70850    1.00    0.00    0.00    0.00    1.00    19  listener
03:00:07 PM  1000     70896    0.00    0.00    0.00    0.00    0.00     6  listener
03:00:07 PM  1000     70899    0.00    0.00    0.00    0.00    0.00     9  listener
03:00:07 PM  1000     70919    0.00    1.00    0.00    0.00    1.00    17  listener
03:00:07 PM  1000     70939    1.00    0.00    0.00    0.00    1.00     9  listener
03:00:07 PM  1000     70941    0.00    0.00    0.00    0.00    0.00     1  listener
03:00:07 PM  1000     70943    1.00    0.00    0.00    0.00    1.00    16  listener
03:00:07 PM  1000     70994    0.00    0.00    0.00    0.00    0.00    13  listener
03:00:07 PM  1000     71010    0.00    1.00    0.00    0.00    1.00     3  listener
03:00:07 PM  1000     71012    1.00    0.00    0.00    0.00    1.00     8  listener
03:00:07 PM  1000     71014    1.00    1.00    0.00    0.00    2.00     0  listener
03:00:07 PM  1000     71016    0.00    0.00    0.00    0.00    0.00    17  listener
03:00:07 PM  1000     71037    1.00    1.00    0.00    0.00    2.00     0  listener
03:00:07 PM  1000     71056    0.00    0.00    0.00    0.00    0.00     6  listener
03:00:07 PM  1000     71077    0.00    1.00    0.00    0.00    1.00    12  listener
03:00:07 PM  1000     71096    1.00    1.00    0.00    0.00    2.00     5  listener
03:00:07 PM  1000     71118    1.00    0.00    0.00    0.00    1.00     6  listener
03:00:07 PM  1000     71138    1.00    1.00    0.00    0.00    2.00     6  listener
03:00:07 PM  1000     71140    1.00    0.00    0.00    0.00    1.00    14  listener
03:00:07 PM  1000     71160    1.00    0.00    0.00    0.00    1.00    17  listener
03:00:07 PM  1000     71162    0.00    0.00    0.00    0.00    0.00     7  listener
03:00:07 PM  1000     71173    0.00    0.00    0.00    0.00    0.00     2  listener

03:00:07 PM   UID       PID    %usr %system  %guest   %wait    %CPU   CPU  Command
03:00:08 PM  1000     69460    1.00    0.00    0.00    0.00    1.00    12  listener
03:00:08 PM  1000     69462    1.00    0.00    0.00    0.00    1.00     0  listener
03:00:08 PM  1000     69464    0.00    0.00    0.00    0.00    0.00     5  listener
03:00:08 PM  1000     69466    1.00    0.00    0.00    0.00    1.00     3  listener
03:00:08 PM  1000     69468    0.00    1.00    0.00    0.00    1.00    10  listener
03:00:08 PM  1000     69470    1.00    0.00    0.00    0.00    1.00    12  listener
03:00:08 PM  1000     69472    0.00    0.00    0.00    0.00    0.00    10  listener
03:00:08 PM  1000     69474    1.00    0.00    0.00    0.00    1.00     5  listener
03:00:08 PM  1000     69476    1.00    1.00    0.00    0.00    2.00     6  listener
03:00:08 PM  1000     69486    0.00    1.00    0.00    0.00    1.00     1  listener
03:00:08 PM  1000     69490    1.00    0.00    0.00    0.00    1.00    10  listener
03:00:08 PM  1000     69547    1.00    0.00    0.00    0.00    1.00    18  listener
03:00:08 PM  1000     69583    0.00    1.00    0.00    0.00    1.00    15  listener
03:00:08 PM  1000     69594    1.00    0.00    0.00    0.00    1.00    10  listener
03:00:08 PM  1000     69614    1.00    0.00    0.00    0.00    1.00     6  listener
03:00:08 PM  1000     69625    1.00    0.00    0.00    0.00    1.00    16  listener
03:00:08 PM  1000     69634    0.00    1.00    0.00    0.00    1.00    12  listener
03:00:08 PM  1000     69656    0.00    0.00    0.00    0.00    0.00     8  listener
03:00:08 PM  1000     69666    1.00    1.00    0.00    0.00    2.00    16  listener
03:00:08 PM  1000     69679    1.00    1.00    0.00    0.00    2.00    10  listener
03:00:08 PM  1000     69724    0.00    0.00    0.00    0.00    0.00     8  listener
03:00:08 PM  1000     69728    0.00    1.00    0.00    0.00    1.00    10  listener
03:00:08 PM  1000     69733    1.00    0.00    0.00    0.00    1.00    13  listener
03:00:08 PM  1000     69785    1.00    0.00    0.00    0.00    1.00     6  listener
03:00:08 PM  1000     69787    0.00    0.00    0.00    0.00    0.00    14  listener
03:00:08 PM  1000     69789    1.00    0.00    0.00    0.00    1.00     8  listener
03:00:08 PM  1000     69791    1.00    0.00    0.00    0.00    1.00     2  listener
03:00:08 PM  1000     69811    1.00    0.00    0.00    0.00    1.00    15  listener
03:00:08 PM  1000     69813    1.00    0.00    0.00    0.00    1.00     2  listener
03:00:08 PM  1000     69815    0.00    1.00    0.00    0.00    1.00     0  listener
03:00:08 PM  1000     69826    1.00    1.00    0.00    0.00    2.00     3  listener
03:00:08 PM  1000     69836    1.00    0.00    0.00    0.00    1.00    15  listener
03:00:08 PM  1000     69917    1.00    1.00    0.00    0.00    2.00     2  listener
03:00:08 PM  1000     70039    1.00    0.00    0.00    0.00    1.00    18  listener
03:00:08 PM  1000     70041    0.00    1.00    0.00    0.00    1.00    11  listener
03:00:08 PM  1000     70063    1.00    0.00    0.00    0.00    1.00     2  listener
03:00:08 PM  1000     70090    1.00    0.00    0.00    0.00    1.00     6  listener
03:00:08 PM  1000     70100    0.00    0.00    0.00    0.00    0.00    15  listener
03:00:08 PM  1000     70139    1.00    0.00    0.00    0.00    1.00     8  listener
03:00:08 PM  1000     70168    1.00    0.00    0.00    0.00    1.00     7  listener
03:00:08 PM  1000     70171    1.00    0.00    0.00    0.00    1.00     2  listener
03:00:08 PM  1000     70208    1.00    0.00    0.00    0.00    1.00    14  listener
03:00:08 PM  1000     70246    0.00    0.00    0.00    0.00    0.00     0  listener
03:00:08 PM  1000     70248    1.00    0.00    0.00    0.00    1.00     5  listener
03:00:08 PM  1000     70259    1.00    1.00    0.00    0.00    2.00    14  listener
03:00:08 PM  1000     70261    0.00    0.00    0.00    0.00    0.00     1  listener
03:00:08 PM  1000     70272    1.00    0.00    0.00    0.00    1.00     1  listener
03:00:08 PM  1000     70301    0.00    1.00    0.00    0.00    1.00     0  listener
03:00:08 PM  1000     70316    0.00    0.00    0.00    0.00    0.00    12  listener
03:00:08 PM  1000     70332    1.00    0.00    0.00    0.00    1.00    11  listener
03:00:08 PM  1000     70343    1.00    0.00    0.00    0.00    1.00    13  listener
03:00:08 PM  1000     70345    1.00    0.00    0.00    0.00    1.00     1  listener
03:00:08 PM  1000     70348    1.00    0.00    0.00    0.00    1.00     4  listener
03:00:08 PM  1000     70357    1.00    0.00    0.00    0.00    1.00    14  listener
03:00:08 PM  1000     70386    1.00    0.00    0.00    0.00    1.00     7  listener
03:00:08 PM  1000     70479    0.00    0.00    0.00    0.00    0.00     6  listener
03:00:08 PM  1000     70498    0.00    0.00    0.00    0.00    0.00     0  listener
03:00:08 PM  1000     70501    1.00    0.00    0.00    0.00    1.00    12  listener
03:00:08 PM  1000     70530    1.00    0.00    0.00    0.00    1.00     7  listener
03:00:08 PM  1000     70541    0.00    1.00    0.00    0.00    1.00     3  listener
03:00:08 PM  1000     70544    1.00    0.00    0.00    0.00    1.00    14  listener
03:00:08 PM  1000     70581    0.00    1.00    0.00    0.00    1.00    11  listener
03:00:08 PM  1000     70592    1.00    0.00    0.00    0.00    1.00    16  listener
03:00:08 PM  1000     70602    1.00    0.00    0.00    0.00    1.00     4  listener
03:00:08 PM  1000     70623    0.00    0.00    0.00    0.00    0.00    10  listener
03:00:08 PM  1000     70679    1.00    0.00    0.00    0.00    1.00    19  listener
03:00:08 PM  1000     70690    1.00    0.00    0.00    0.00    1.00     6  listener
03:00:08 PM  1000     70701    0.00    0.00    0.00    0.00    0.00     0  listener
03:00:08 PM  1000     70719    0.00    1.00    0.00    0.00    1.00     4  listener
03:00:08 PM  1000     70758    0.00    0.00    0.00    0.00    0.00     6  listener
03:00:08 PM  1000     70797    1.00    0.00    0.00    0.00    1.00     3  listener
03:00:08 PM  1000     70800    1.00    0.00    0.00    0.00    1.00     8  listener
03:00:08 PM  1000     70846    0.00    0.00    0.00    0.00    0.00     7  listener
03:00:08 PM  1000     70848    1.00    0.00    0.00    0.00    1.00     8  listener
03:00:08 PM  1000     70850    0.00    0.00    0.00    0.00    0.00     5  listener
03:00:08 PM  1000     70896    1.00    0.00    0.00    0.00    1.00    12  listener
03:00:08 PM  1000     70899    1.00    1.00    0.00    0.00    2.00     5  listener
03:00:08 PM  1000     70919    1.00    0.00    0.00    0.00    1.00     6  listener
03:00:08 PM  1000     70939    1.00    1.00    0.00    0.00    2.00    16  listener
03:00:08 PM  1000     70941    1.00    0.00    0.00    0.00    1.00     3  listener
03:00:08 PM  1000     70943    1.00    0.00    0.00    0.00    1.00     2  listener
03:00:08 PM  1000     70994    1.00    0.00    0.00    0.00    1.00     6  listener
03:00:08 PM  1000     71010    1.00    0.00    0.00    0.00    1.00     8  listener
03:00:08 PM  1000     71012    0.00    1.00    0.00    0.00    1.00    13  listener
03:00:08 PM  1000     71014    1.00    0.00    0.00    0.00    1.00     4  listener
03:00:08 PM  1000     71016    1.00    1.00    0.00    0.00    2.00     4  listener
03:00:08 PM  1000     71037    0.00    0.00    0.00    0.00    0.00    17  listener
03:00:08 PM  1000     71056    1.00    1.00    0.00    0.00    2.00    15  listener
03:00:08 PM  1000     71077    1.00    0.00    0.00    0.00    1.00     6  listener
03:00:08 PM  1000     71096    0.00    0.00    0.00    0.00    0.00     5  listener
03:00:08 PM  1000     71118    1.00    0.00    0.00    0.00    1.00     5  listener
03:00:08 PM  1000     71138    0.00    0.00    0.00    0.00    0.00    18  listener
03:00:08 PM  1000     71140    0.00    1.00    0.00    0.00    1.00     1  listener
03:00:08 PM  1000     71160    0.00    1.00    0.00    0.00    1.00     8  listener
03:00:08 PM  1000     71162    1.00    1.00    0.00    0.00    2.00    16  listener
03:00:08 PM  1000     71173    1.00    1.00    0.00    0.00    2.00     2  listener

03:00:08 PM   UID       PID    %usr %system  %guest   %wait    %CPU   CPU  Command
03:00:09 PM  1000     69460    1.00    1.00    0.00    0.00    2.00     1  listener
03:00:09 PM  1000     69462    1.00    0.00    0.00    0.00    1.00     0  listener
03:00:09 PM  1000     69464    1.00    1.00    0.00    0.00    2.00    12  listener
03:00:09 PM  1000     69466    1.00    1.00    0.00    0.00    2.00     2  listener
03:00:09 PM  1000     69468    1.00    1.00    0.00    0.00    2.00    19  listener
03:00:09 PM  1000     69470    1.00    0.00    0.00    0.00    1.00     3  listener
03:00:09 PM  1000     69472    2.00    1.00    0.00    0.00    3.00     6  listener
03:00:09 PM  1000     69474    0.00    1.00    0.00    0.00    1.00    17  listener
03:00:09 PM  1000     69476    1.00    0.00    0.00    0.00    1.00     5  listener
03:00:09 PM  1000     69486    1.00    0.00    0.00    0.00    1.00     8  listener
03:00:09 PM  1000     69490    0.00    1.00    0.00    0.00    1.00    15  listener
03:00:09 PM  1000     69547    1.00    0.00    0.00    0.00    1.00     9  listener
03:00:09 PM  1000     69583    1.00    1.00    0.00    0.00    2.00     9  listener
03:00:09 PM  1000     69594    1.00    1.00    0.00    0.00    2.00    14  listener
03:00:09 PM  1000     69614    0.00    1.00    0.00    0.00    1.00    15  listener
03:00:09 PM  1000     69625    1.00    1.00    0.00    0.00    2.00     1  listener
03:00:09 PM  1000     69634    1.00    0.00    0.00    0.00    1.00    12  listener
03:00:09 PM  1000     69656    1.00    1.00    0.00    0.00    2.00     1  listener
03:00:09 PM  1000     69666    1.00    0.00    0.00    0.00    1.00    15  listener
03:00:09 PM  1000     69679    1.00    0.00    0.00    0.00    1.00    19  listener
03:00:09 PM  1000     69724    1.00    1.00    0.00    0.00    2.00    13  listener
03:00:09 PM  1000     69728    0.00    1.00    0.00    0.00    1.00    12  listener
03:00:09 PM  1000     69733    1.00    1.00    0.00    0.00    2.00    13  listener
03:00:09 PM  1000     69785    1.00    1.00    0.00    0.00    2.00     9  listener
03:00:09 PM  1000     69787    1.00    1.00    0.00    0.00    2.00    16  listener
03:00:09 PM  1000     69789    0.00    1.00    0.00    0.00    1.00    10  listener
03:00:09 PM  1000     69791    0.00    2.00    0.00    0.00    2.00     8  listener
03:00:09 PM  1000     69811    1.00    1.00    0.00    0.00    2.00     4  listener
03:00:09 PM  1000     69813    0.00    1.00    0.00    0.00    1.00     3  listener
03:00:09 PM  1000     69815    1.00    1.00    0.00    0.00    2.00     6  listener
03:00:09 PM  1000     69826    0.00    1.00    0.00    0.00    1.00    13  listener
03:00:09 PM  1000     69836    0.00    1.00    0.00    0.00    1.00     9  listener
03:00:09 PM  1000     69917    1.00    1.00    0.00    0.00    2.00     2  listener
03:00:09 PM  1000     70039    1.00    1.00    0.00    0.00    2.00    14  listener
03:00:09 PM  1000     70041    1.00    0.00    0.00    0.00    1.00    10  listener
03:00:09 PM  1000     70063    1.00    1.00    0.00    0.00    2.00     1  listener
03:00:09 PM  1000     70090    1.00    1.00    0.00    0.00    2.00     2  listener
03:00:09 PM  1000     70100    2.00    0.00    0.00    0.00    2.00    10  listener
03:00:09 PM  1000     70139    1.00    0.00    0.00    0.00    1.00    12  listener
03:00:09 PM  1000     70168    1.00    1.00    0.00    0.00    2.00    15  listener
03:00:09 PM  1000     70171    1.00    1.00    0.00    0.00    2.00    12  listener
03:00:09 PM  1000     70208    1.00    1.00    0.00    0.00    2.00    12  listener
03:00:09 PM  1000     70246    1.00    0.00    0.00    0.00    1.00    15  listener
03:00:09 PM  1000     70248    1.00    1.00    0.00    0.00    2.00    10  listener
03:00:09 PM  1000     70259    1.00    0.00    0.00    0.00    1.00     4  listener
03:00:09 PM  1000     70261    2.00    1.00    0.00    0.00    3.00    10  listener
03:00:09 PM  1000     70272    1.00    1.00    0.00    0.00    2.00    18  listener
03:00:09 PM  1000     70301    1.00    1.00    0.00    0.00    2.00     5  listener
03:00:09 PM  1000     70316    1.00    1.00    0.00    0.00    2.00    17  listener
03:00:09 PM  1000     70332    1.00    1.00    0.00    0.00    2.00     1  listener
03:00:09 PM  1000     70343    1.00    1.00    0.00    0.00    2.00     5  listener
03:00:09 PM  1000     70345    1.00    1.00    0.00    0.00    2.00    10  listener
03:00:09 PM  1000     70348    1.00    1.00    0.00    0.00    2.00     8  listener
03:00:09 PM  1000     70357    1.00    0.00    0.00    0.00    1.00     2  listener
03:00:09 PM  1000     70386    1.00    0.00    0.00    0.00    1.00    13  listener
03:00:09 PM  1000     70479    1.00    1.00    0.00    0.00    2.00    18  listener
03:00:09 PM  1000     70498    1.00    1.00    0.00    0.00    2.00    10  listener
03:00:09 PM  1000     70501    1.00    1.00    0.00    0.00    2.00    10  listener
03:00:09 PM  1000     70530    1.00    1.00    0.00    0.00    2.00    19  listener
03:00:09 PM  1000     70541    2.00    0.00    0.00    0.00    2.00     5  listener
03:00:09 PM  1000     70544    1.00    0.00    0.00    0.00    1.00     3  listener
03:00:09 PM  1000     70581    2.00    0.00    0.00    0.00    2.00    13  listener
03:00:09 PM  1000     70592    1.00    0.00    0.00    0.00    1.00     4  listener
03:00:09 PM  1000     70602    1.00    1.00    0.00    0.00    2.00     0  listener
03:00:09 PM  1000     70623    1.00    1.00    0.00    0.00    2.00    18  listener
03:00:09 PM  1000     70679    1.00    0.00    0.00    0.00    1.00     6  listener
03:00:09 PM  1000     70690    0.00    1.00    0.00    0.00    1.00    10  listener
03:00:09 PM  1000     70701    2.00    0.00    0.00    0.00    2.00    10  listener
03:00:09 PM  1000     70719    1.00    0.00    0.00    0.00    1.00     3  listener
03:00:09 PM  1000     70758    1.00    1.00    0.00    0.00    2.00    14  listener
03:00:09 PM  1000     70797    0.00    1.00    0.00    0.00    1.00    18  listener
03:00:09 PM  1000     70800    1.00    0.00    0.00    0.00    1.00    16  listener
03:00:09 PM  1000     70846    1.00    1.00    0.00    0.00    2.00    17  listener
03:00:09 PM  1000     70848    1.00    1.00    0.00    0.00    2.00     0  listener
03:00:09 PM  1000     70850    1.00    1.00    0.00    0.00    2.00     3  listener
03:00:09 PM  1000     70896    1.00    1.00    0.00    0.00    2.00    18  listener
03:00:09 PM  1000     70899    0.00    1.00    0.00    0.00    1.00    19  listener
03:00:09 PM  1000     70919    1.00    0.00    0.00    0.00    1.00     4  listener
03:00:09 PM  1000     70939    0.00    1.00    0.00    0.00    1.00    12  listener
03:00:09 PM  1000     70941    0.00    1.00    0.00    0.00    1.00     9  listener
03:00:09 PM  1000     70943    1.00    0.00    0.00    0.00    1.00    11  listener
03:00:09 PM  1000     70994    1.00    0.00    0.00    0.00    1.00    19  listener
03:00:09 PM  1000     71010    1.00    1.00    0.00    0.00    2.00    10  listener
03:00:09 PM  1000     71012    1.00    1.00    0.00    0.00    2.00    11  listener
03:00:09 PM  1000     71014    0.00    1.00    0.00    0.00    1.00    12  listener
03:00:09 PM  1000     71016    0.00    0.00    0.00    0.00    0.00     5  listener
03:00:09 PM  1000     71037    1.00    1.00    0.00    0.00    2.00    15  listener
03:00:09 PM  1000     71056    1.00    0.00    0.00    0.00    1.00    13  listener
03:00:09 PM  1000     71077    1.00    1.00    0.00    0.00    2.00    14  listener
03:00:09 PM  1000     71096    2.00    0.00    0.00    0.00    2.00     1  listener
03:00:09 PM  1000     71118    1.00    1.00    0.00    0.00    2.00    12  listener
03:00:09 PM  1000     71138    1.00    0.00    0.00    0.00    1.00    18  listener
03:00:09 PM  1000     71140    1.00    1.00    0.00    0.00    2.00     3  listener
03:00:09 PM  1000     71160    1.00    1.00    0.00    0.00    2.00    13  listener
03:00:09 PM  1000     71162    1.00    1.00    0.00    0.00    2.00     0  listener
03:00:09 PM  1000     71173    0.00    0.00    0.00    0.00    0.00    10  listener

03:00:09 PM   UID       PID    %usr %system  %guest   %wait    %CPU   CPU  Command
03:00:10 PM  1000     69460    1.00    1.00    0.00    0.00    2.00     0  listener
03:00:10 PM  1000     69462    1.00    1.00    0.00    0.00    2.00    15  listener
03:00:10 PM  1000     69464    1.00    0.00    0.00    0.00    1.00     7  listener
03:00:10 PM  1000     69466    1.00    0.00    0.00    0.00    1.00    14  listener
03:00:10 PM  1000     69468    1.00    0.00    0.00    0.00    1.00     5  listener
03:00:10 PM  1000     69470    0.00    1.00    0.00    0.00    1.00     5  listener
03:00:10 PM  1000     69472    0.00    0.00    0.00    0.00    0.00     1  listener
03:00:10 PM  1000     69474    1.00    0.00    0.00    0.00    1.00    14  listener
03:00:10 PM  1000     69476    1.00    0.00    0.00    0.00    1.00    15  listener
03:00:10 PM  1000     69486    0.00    2.00    0.00    0.00    2.00     0  listener
03:00:10 PM  1000     69490    1.00    1.00    0.00    0.00    2.00    10  listener
03:00:10 PM  1000     69547    1.00    1.00    0.00    0.00    2.00     8  listener
03:00:10 PM  1000     69583    1.00    0.00    0.00    0.00    1.00    10  listener
03:00:10 PM  1000     69594    0.00    0.00    0.00    0.00    0.00     6  listener
03:00:10 PM  1000     69614    1.00    0.00    0.00    0.00    1.00    11  listener
03:00:10 PM  1000     69625    0.00    1.00    0.00    0.00    1.00     1  listener
03:00:10 PM  1000     69634    1.00    1.00    0.00    0.00    2.00     3  listener
03:00:10 PM  1000     69656    1.00    0.00    0.00    0.00    1.00    19  listener
03:00:10 PM  1000     69666    0.00    1.00    0.00    0.00    1.00    12  listener
03:00:10 PM  1000     69679    1.00    0.00    0.00    0.00    1.00    15  listener
03:00:10 PM  1000     69724    1.00    0.00    0.00    0.00    1.00    14  listener
03:00:10 PM  1000     69728    1.00    1.00    0.00    0.00    2.00    12  listener
03:00:10 PM  1000     69733    0.00    0.00    0.00    0.00    0.00     3  listener
03:00:10 PM  1000     69785    0.00    0.00    0.00    0.00    0.00     9  listener
03:00:10 PM  1000     69787    0.00    1.00    0.00    0.00    1.00     2  listener
03:00:10 PM  1000     69789    1.00    1.00    0.00    0.00    2.00     8  listener
03:00:10 PM  1000     69791    0.00    1.00    0.00    0.00    1.00    10  listener
03:00:10 PM  1000     69811    1.00    0.00    0.00    0.00    1.00    13  listener
03:00:10 PM  1000     69813    1.00    0.00    0.00    0.00    1.00     7  listener
03:00:10 PM  1000     69815    0.00    0.00    0.00    0.00    0.00     1  listener
03:00:10 PM  1000     69826    1.00    0.00    0.00    0.00    1.00     6  listener
03:00:10 PM  1000     69836    1.00    1.00    0.00    0.00    2.00     5  listener
03:00:10 PM  1000     69917    0.00    0.00    0.00    0.00    0.00     3  listener
03:00:10 PM  1000     70039    1.00    1.00    0.00    0.00    2.00     7  listener
03:00:10 PM  1000     70041    1.00    1.00    0.00    0.00    2.00     7  listener
03:00:10 PM  1000     70063    0.00    0.00    0.00    0.00    0.00     0  listener
03:00:10 PM  1000     70090    1.00    0.00    0.00    0.00    1.00     6  listener
03:00:10 PM  1000     70100    0.00    1.00    0.00    0.00    1.00    17  listener
03:00:10 PM  1000     70139    1.00    1.00    0.00    0.00    2.00     4  listener
03:00:10 PM  1000     70168    1.00    0.00    0.00    0.00    1.00     2  listener
03:00:10 PM  1000     70171    1.00    1.00    0.00    0.00    2.00    14  listener
03:00:10 PM  1000     70208    1.00    0.00    0.00    0.00    1.00     5  listener
03:00:10 PM  1000     70246    1.00    1.00    0.00    0.00    2.00     3  listener
03:00:10 PM  1000     70248    0.00    0.00    0.00    0.00    0.00    17  listener
03:00:10 PM  1000     70259    0.00    1.00    0.00    0.00    1.00    15  listener
03:00:10 PM  1000     70261    0.00    0.00    0.00    0.00    0.00    17  listener
03:00:10 PM  1000     70272    1.00    0.00    0.00    0.00    1.00     0  listener
03:00:10 PM  1000     70301    1.00    0.00    0.00    0.00    1.00     9  listener
03:00:10 PM  1000     70316    0.00    1.00    0.00    0.00    1.00    18  listener
03:00:10 PM  1000     70332    1.00    0.00    0.00    0.00    1.00    19  listener
03:00:10 PM  1000     70343    0.00    0.00    0.00    0.00    0.00     1  listener
03:00:10 PM  1000     70345    0.00    0.00    0.00    0.00    0.00     3  listener
03:00:10 PM  1000     70348    0.00    0.00    0.00    0.00    0.00     0  listener
03:00:10 PM  1000     70357    1.00    1.00    0.00    0.00    2.00     6  listener
03:00:10 PM  1000     70386    1.00    1.00    0.00    0.00    2.00    16  listener
03:00:10 PM  1000     70479    1.00    0.00    0.00    0.00    1.00     7  listener
03:00:10 PM  1000     70498    1.00    0.00    0.00    0.00    1.00     2  listener
03:00:10 PM  1000     70501    1.00    0.00    0.00    0.00    1.00     5  listener
03:00:10 PM  1000     70530    0.00    0.00    0.00    0.00    0.00     3  listener
03:00:10 PM  1000     70541    1.00    0.00    0.00    0.00    1.00    17  listener
03:00:10 PM  1000     70544    1.00    0.00    0.00    0.00    1.00     4  listener
03:00:10 PM  1000     70581    0.00    0.00    0.00    0.00    0.00     0  listener
03:00:10 PM  1000     70592    1.00    1.00    0.00    0.00    2.00    13  listener
03:00:10 PM  1000     70602    1.00    1.00    0.00    0.00    2.00     0  listener
03:00:10 PM  1000     70623    1.00    0.00    0.00    0.00    1.00     0  listener
03:00:10 PM  1000     70679    0.00    1.00    0.00    0.00    1.00     1  listener
03:00:10 PM  1000     70690    1.00    0.00    0.00    0.00    1.00    10  listener
03:00:10 PM  1000     70701    0.00    1.00    0.00    0.00    1.00     2  listener
03:00:10 PM  1000     70719    1.00    0.00    0.00    0.00    1.00     1  listener
03:00:10 PM  1000     70758    1.00    0.00    0.00    0.00    1.00     8  listener
03:00:10 PM  1000     70797    1.00    1.00    0.00    0.00    2.00     3  listener
03:00:10 PM  1000     70800    0.00    1.00    0.00    0.00    1.00    10  listener
03:00:10 PM  1000     70846    1.00    0.00    0.00    0.00    1.00     2  listener
03:00:10 PM  1000     70848    1.00    0.00    0.00    0.00    1.00     5  listener
03:00:10 PM  1000     70850    0.00    1.00    0.00    0.00    1.00    13  listener
03:00:10 PM  1000     70896    1.00    0.00    0.00    0.00    1.00     2  listener
03:00:10 PM  1000     70899    1.00    1.00    0.00    0.00    2.00     7  listener
03:00:10 PM  1000     70919    0.00    1.00    0.00    0.00    1.00     4  listener
03:00:10 PM  1000     70939    1.00    0.00    0.00    0.00    1.00     8  listener
03:00:10 PM  1000     70941    1.00    1.00    0.00    0.00    2.00     9  listener
03:00:10 PM  1000     70943    1.00    1.00    0.00    0.00    2.00    16  listener
03:00:10 PM  1000     70994    1.00    1.00    0.00    0.00    2.00     4  listener
03:00:10 PM  1000     71010    1.00    0.00    0.00    0.00    1.00     2  listener
03:00:10 PM  1000     71012    0.00    1.00    0.00    0.00    1.00    15  listener
03:00:10 PM  1000     71014    1.00    1.00    0.00    0.00    2.00     7  listener
03:00:10 PM  1000     71016    1.00    1.00    0.00    0.00    2.00    13  listener
03:00:10 PM  1000     71037    0.00    1.00    0.00    0.00    1.00    11  listener
03:00:10 PM  1000     71056    1.00    1.00    0.00    0.00    2.00    18  listener
03:00:10 PM  1000     71077    0.00    0.00    0.00    0.00    0.00     3  listener
03:00:10 PM  1000     71096    1.00    0.00    0.00    0.00    1.00    11  listener
03:00:10 PM  1000     71118    0.00    1.00    0.00    0.00    1.00     8  listener
03:00:10 PM  1000     71138    1.00    1.00    0.00    0.00    2.00     6  listener
03:00:10 PM  1000     71140    0.00    1.00    0.00    0.00    1.00     3  listener
03:00:10 PM  1000     71160    0.00    1.00    0.00    0.00    1.00     3  listener
03:00:10 PM  1000     71162    0.00    0.00    0.00    0.00    0.00     7  listener
03:00:10 PM  1000     71173    1.00    1.00    0.00    0.00    2.00     1  listener

03:00:10 PM   UID       PID    %usr %system  %guest   %wait    %CPU   CPU  Command
03:00:11 PM  1000     69460    0.00    0.00    0.00    0.00    0.00    17  listener
03:00:11 PM  1000     69462    1.00    0.00    0.00    0.00    1.00    16  listener
03:00:11 PM  1000     69464    1.00    0.00    0.00    0.00    1.00     1  listener
03:00:11 PM  1000     69466    0.00    0.00    0.00    0.00    0.00    15  listener
03:00:11 PM  1000     69468    0.00    1.00    0.00    0.00    1.00     7  listener
03:00:11 PM  1000     69470    0.00    1.00    0.00    0.00    1.00    12  listener
03:00:11 PM  1000     69472    1.00    0.00    0.00    0.00    1.00     3  listener
03:00:11 PM  1000     69474    1.00    1.00    0.00    0.00    2.00     1  listener
03:00:11 PM  1000     69476    0.00    1.00    0.00    0.00    1.00    15  listener
03:00:11 PM  1000     69486    0.00    0.00    0.00    0.00    0.00    19  listener
03:00:11 PM  1000     69490    0.00    0.00    0.00    0.00    0.00    10  listener
03:00:11 PM  1000     69547    0.00    0.00    0.00    0.00    0.00     2  listener
03:00:11 PM  1000     69583    1.00    1.00    0.00    0.00    2.00     6  listener
03:00:11 PM  1000     69594    1.00    1.00    0.00    0.00    2.00     1  listener
03:00:11 PM  1000     69614    1.00    1.00    0.00    0.00    2.00    12  listener
03:00:11 PM  1000     69625    0.00    1.00    0.00    0.00    1.00    10  listener
03:00:11 PM  1000     69634    1.00    0.00    0.00    0.00    1.00     0  listener
03:00:11 PM  1000     69656    0.00    0.00    0.00    0.00    0.00    10  listener
03:00:11 PM  1000     69666    1.00    0.00    0.00    0.00    1.00     6  listener
03:00:11 PM  1000     69679    1.00    1.00    0.00    0.00    2.00     8  listener
03:00:11 PM  1000     69724    1.00    0.00    0.00    0.00    1.00     9  listener
03:00:11 PM  1000     69728    0.00    1.00    0.00    0.00    1.00    16  listener
03:00:11 PM  1000     69733    1.00    1.00    0.00    0.00    2.00     6  listener
03:00:11 PM  1000     69785    1.00    1.00    0.00    0.00    2.00    16  listener
03:00:11 PM  1000     69787    1.00    0.00    0.00    0.00    1.00     8  listener
03:00:11 PM  1000     69789    1.00    0.00    0.00    0.00    1.00     3  listener
03:00:11 PM  1000     69791    0.00    0.00    0.00    0.00    0.00     8  listener
03:00:11 PM  1000     69811    0.00    1.00    0.00    0.00    1.00    14  listener
03:00:11 PM  1000     69813    1.00    1.00    0.00    0.00    2.00     7  listener
03:00:11 PM  1000     69815    1.00    0.00    0.00    0.00    1.00    10  listener
03:00:11 PM  1000     69826    1.00    1.00    0.00    0.00    2.00     3  listener
03:00:11 PM  1000     69836    0.00    0.00    0.00    0.00    0.00     9  listener
03:00:11 PM  1000     69917    1.00    0.00    0.00    0.00    1.00    19  listener
03:00:11 PM  1000     70039    0.00    0.00    0.00    0.00    0.00    13  listener
03:00:11 PM  1000     70041    1.00    0.00    0.00    0.00    1.00     5  listener
03:00:11 PM  1000     70063    1.00    0.00    0.00    0.00    1.00     1  listener
03:00:11 PM  1000     70090    1.00    1.00    0.00    0.00    2.00     8  listener
03:00:11 PM  1000     70100    1.00    1.00    0.00    0.00    2.00     8  listener
03:00:11 PM  1000     70139    0.00    1.00    0.00    0.00    1.00     3  listener
03:00:11 PM  1000     70168    1.00    0.00    0.00    0.00    1.00     2  listener
03:00:11 PM  1000     70171    0.00    0.00    0.00    0.00    0.00    19  listener
03:00:11 PM  1000     70208    0.00    1.00    0.00    0.00    1.00    17  listener
03:00:11 PM  1000     70246    1.00    0.00    0.00    0.00    1.00     3  listener
03:00:11 PM  1000     70248    1.00    0.00    0.00    0.00    1.00    13  listener
03:00:11 PM  1000     70259    0.00    0.00    0.00    0.00    0.00     3  listener
03:00:11 PM  1000     70261    1.00    1.00    0.00    0.00    2.00    12  listener
03:00:11 PM  1000     70272    0.00    1.00    0.00    0.00    1.00     3  listener
03:00:11 PM  1000     70301    1.00    0.00    0.00    0.00    1.00    12  listener
03:00:11 PM  1000     70316    1.00    0.00    0.00    0.00    1.00    19  listener
03:00:11 PM  1000     70332    0.00    1.00    0.00    0.00    1.00    12  listener
03:00:11 PM  1000     70343    1.00    0.00    0.00    0.00    1.00     3  listener
03:00:11 PM  1000     70345    1.00    1.00    0.00    0.00    2.00     5  listener
03:00:11 PM  1000     70348    1.00    1.00    0.00    0.00    2.00     0  listener
03:00:11 PM  1000     70357    0.00    0.00    0.00    0.00    0.00     1  listener
03:00:11 PM  1000     70386    1.00    0.00    0.00    0.00    1.00    12  listener
03:00:11 PM  1000     70479    1.00    0.00    0.00    0.00    1.00     9  listener
03:00:11 PM  1000     70498    0.00    0.00    0.00    0.00    0.00     2  listener
03:00:11 PM  1000     70501    0.00    1.00    0.00    0.00    1.00    16  listener
03:00:11 PM  1000     70530    1.00    1.00    0.00    0.00    2.00    12  listener
03:00:11 PM  1000     70541    0.00    0.00    0.00    0.00    0.00     3  listener
03:00:11 PM  1000     70544    1.00    1.00    0.00    0.00    2.00    10  listener
03:00:11 PM  1000     70581    1.00    0.00    0.00    0.00    1.00     8  listener
03:00:11 PM  1000     70592    1.00    0.00    0.00    0.00    1.00     3  listener
03:00:11 PM  1000     70602    1.00    0.00    0.00    0.00    1.00     0  listener
03:00:11 PM  1000     70623    1.00    1.00    0.00    0.00    2.00    14  listener
03:00:11 PM  1000     70679    1.00    0.00    0.00    0.00    1.00    18  listener
03:00:11 PM  1000     70690    1.00    1.00    0.00    0.00    2.00     7  listener
03:00:11 PM  1000     70701    0.00    1.00    0.00    0.00    1.00     2  listener
03:00:11 PM  1000     70719    1.00    1.00    0.00    0.00    2.00    19  listener
03:00:11 PM  1000     70758    1.00    1.00    0.00    0.00    2.00     7  listener
03:00:11 PM  1000     70797    1.00    0.00    0.00    0.00    1.00     5  listener
03:00:11 PM  1000     70800    1.00    0.00    0.00    0.00    1.00    12  listener
03:00:11 PM  1000     70846    1.00    0.00    0.00    0.00    1.00    15  listener
03:00:11 PM  1000     70848    1.00    1.00    0.00    0.00    2.00     5  listener
03:00:11 PM  1000     70850    1.00    0.00    0.00    0.00    1.00     1  listener
03:00:11 PM  1000     70896    1.00    0.00    0.00    0.00    1.00    12  listener
03:00:11 PM  1000     70899    0.00    0.00    0.00    0.00    0.00     4  listener
03:00:11 PM  1000     70919    1.00    1.00    0.00    0.00    2.00     3  listener
03:00:11 PM  1000     70939    1.00    1.00    0.00    0.00    2.00    18  listener
03:00:11 PM  1000     70941    0.00    0.00    0.00    0.00    0.00     9  listener
03:00:11 PM  1000     70943    0.00    0.00    0.00    0.00    0.00    17  listener
03:00:11 PM  1000     70994    1.00    0.00    0.00    0.00    1.00     5  listener
03:00:11 PM  1000     71010    0.00    1.00    0.00    0.00    1.00    13  listener
03:00:11 PM  1000     71012    0.00    1.00    0.00    0.00    1.00    11  listener
03:00:11 PM  1000     71014    0.00    0.00    0.00    0.00    0.00     0  listener
03:00:11 PM  1000     71016    1.00    0.00    0.00    0.00    1.00     0  listener
03:00:11 PM  1000     71037    1.00    0.00    0.00    0.00    1.00     9  listener
03:00:11 PM  1000     71056    1.00    0.00    0.00    0.00    1.00    13  listener
03:00:11 PM  1000     71077    1.00    1.00    0.00    0.00    2.00    12  listener
03:00:11 PM  1000     71096    1.00    0.00    0.00    0.00    1.00     5  listener
03:00:11 PM  1000     71118    1.00    0.00    0.00    0.00    1.00    13  listener
03:00:11 PM  1000     71138    1.00    0.00    0.00    0.00    1.00     8  listener
03:00:11 PM  1000     71140    0.00    0.00    0.00    0.00    0.00     8  listener
03:00:11 PM  1000     71160    1.00    0.00    0.00    0.00    1.00     8  listener
03:00:11 PM  1000     71162    1.00    1.00    0.00    0.00    2.00     9  listener
03:00:11 PM  1000     71173    1.00    0.00    0.00    0.00    1.00     6  listener

03:00:11 PM   UID       PID    %usr %system  %guest   %wait    %CPU   CPU  Command
03:00:12 PM  1000     69460    1.00    0.00    0.00    0.00    1.00     4  listener
03:00:12 PM  1000     69462    1.00    0.00    0.00    0.00    1.00    10  listener
03:00:12 PM  1000     69464    1.00    0.00    0.00    0.00    1.00     3  listener
03:00:12 PM  1000     69466    1.00    0.00    0.00    0.00    1.00    12  listener
03:00:12 PM  1000     69468    1.00    0.00    0.00    0.00    1.00    11  listener
03:00:12 PM  1000     69470    1.00    0.00    0.00    0.00    1.00    13  listener
03:00:12 PM  1000     69472    1.00    1.00    0.00    0.00    2.00     1  listener
03:00:12 PM  1000     69474    1.00    0.00    0.00    0.00    1.00    11  listener
03:00:12 PM  1000     69476    1.00    0.00    0.00    0.00    1.00    16  listener
03:00:12 PM  1000     69486    1.00    1.00    0.00    0.00    2.00     0  listener
03:00:12 PM  1000     69490    1.00    1.00    0.00    0.00    2.00    10  listener
03:00:12 PM  1000     69547    1.00    1.00    0.00    1.00    2.00    13  listener
03:00:12 PM  1000     69583    0.00    1.00    0.00    0.00    1.00    13  listener
03:00:12 PM  1000     69594    1.00    0.00    0.00    0.00    1.00    15  listener
03:00:12 PM  1000     69614    0.00    0.00    0.00    0.00    0.00    17  listener
03:00:12 PM  1000     69625    1.00    0.00    0.00    0.00    1.00    10  listener
03:00:12 PM  1000     69634    1.00    0.00    0.00    0.00    1.00    15  listener
03:00:12 PM  1000     69656    1.00    1.00    0.00    0.00    2.00     6  listener
03:00:12 PM  1000     69666    1.00    1.00    0.00    0.00    2.00     9  listener
03:00:12 PM  1000     69679    1.00    0.00    0.00    0.00    1.00     1  listener
03:00:12 PM  1000     69724    1.00    0.00    0.00    0.00    1.00    13  listener
03:00:12 PM  1000     69728    1.00    0.00    0.00    0.00    1.00     3  listener
03:00:12 PM  1000     69733    0.00    0.00    0.00    0.00    0.00     3  listener
03:00:12 PM  1000     69785    1.00    0.00    0.00    0.00    1.00     4  listener
03:00:12 PM  1000     69787    1.00    1.00    0.00    0.00    2.00    18  listener
03:00:12 PM  1000     69789    0.00    1.00    0.00    0.00    1.00     2  listener
03:00:12 PM  1000     69791    1.00    1.00    0.00    0.00    2.00     1  listener
03:00:12 PM  1000     69811    1.00    0.00    0.00    0.00    1.00    16  listener
03:00:12 PM  1000     69813    0.00    0.00    0.00    0.00    0.00     4  listener
03:00:12 PM  1000     69815    1.00    1.00    0.00    0.00    2.00     5  listener
03:00:12 PM  1000     69826    0.00    0.00    0.00    0.00    0.00    12  listener
03:00:12 PM  1000     69836    1.00    1.00    0.00    0.00    2.00     9  listener
03:00:12 PM  1000     69917    1.00    1.00    0.00    0.00    2.00     1  listener
03:00:12 PM  1000     70039    1.00    0.00    0.00    0.00    1.00     0  listener
03:00:12 PM  1000     70041    1.00    1.00    0.00    0.00    2.00    19  listener
03:00:12 PM  1000     70063    1.00    0.00    0.00    0.00    1.00     0  listener
03:00:12 PM  1000     70090    0.00    1.00    0.00    0.00    1.00     9  listener
03:00:12 PM  1000     70100    0.00    0.00    0.00    0.00    0.00    18  listener
03:00:12 PM  1000     70139    1.00    0.00    0.00    0.00    1.00     5  listener
03:00:12 PM  1000     70168    0.00    1.00    0.00    0.00    1.00     2  listener
03:00:12 PM  1000     70171    1.00    1.00    0.00    0.00    2.00    14  listener
03:00:12 PM  1000     70208    0.00    1.00    0.00    0.00    1.00    10  listener
03:00:12 PM  1000     70246    1.00    0.00    0.00    0.00    1.00     3  listener
03:00:12 PM  1000     70248    1.00    1.00    0.00    0.00    2.00    10  listener
03:00:12 PM  1000     70259    1.00    0.00    0.00    0.00    1.00     5  listener
03:00:12 PM  1000     70261    1.00    0.00    0.00    0.00    1.00     2  listener
03:00:12 PM  1000     70272    1.00    1.00    0.00    0.00    2.00    13  listener
03:00:12 PM  1000     70301    1.00    0.00    0.00    0.00    1.00     6  listener
03:00:12 PM  1000     70316    0.00    1.00    0.00    0.00    1.00    17  listener
03:00:12 PM  1000     70332    1.00    0.00    0.00    0.00    1.00     0  listener
03:00:12 PM  1000     70343    1.00    0.00    0.00    0.00    1.00    13  listener
03:00:12 PM  1000     70345    1.00    0.00    0.00    0.00    1.00    14  listener
03:00:12 PM  1000     70348    0.00    0.00    0.00    0.00    0.00    12  listener
03:00:12 PM  1000     70357    1.00    1.00    0.00    0.00    2.00     6  listener
03:00:12 PM  1000     70386    1.00    1.00    0.00    0.00    2.00     9  listener
03:00:12 PM  1000     70479    1.00    1.00    0.00    0.00    2.00    15  listener
03:00:12 PM  1000     70498    1.00    1.00    0.00    0.00    2.00     1  listener
03:00:12 PM  1000     70501    1.00    0.00    0.00    0.00    1.00    11  listener
03:00:12 PM  1000     70530    1.00    0.00    0.00    0.00    1.00     8  listener
03:00:12 PM  1000     70541    1.00    0.00    0.00    0.00    1.00    18  listener
03:00:12 PM  1000     70544    1.00    1.00    0.00    0.00    2.00    10  listener
03:00:12 PM  1000     70581    1.00    1.00    0.00    0.00    2.00    12  listener
03:00:12 PM  1000     70592    0.00    1.00    0.00    0.00    1.00     3  listener
03:00:12 PM  1000     70602    0.00    0.00    0.00    0.00    0.00     0  listener
03:00:12 PM  1000     70623    1.00    0.00    0.00    0.00    1.00     0  listener
03:00:12 PM  1000     70679    1.00    0.00    0.00    0.00    1.00     5  listener
03:00:12 PM  1000     70690    1.00    1.00    0.00    0.00    2.00    14  listener
03:00:12 PM  1000     70701    1.00    0.00    0.00    0.00    1.00     3  listener
03:00:12 PM  1000     70719    1.00    0.00    0.00    0.00    1.00    14  listener
03:00:12 PM  1000     70758    1.00    0.00    0.00    1.00    1.00    12  listener
03:00:12 PM  1000     70797    0.00    0.00    0.00    0.00    0.00     7  listener
03:00:12 PM  1000     70800    1.00    0.00    0.00    0.00    1.00    10  listener
03:00:12 PM  1000     70846    1.00    1.00    0.00    0.00    2.00     3  listener
03:00:12 PM  1000     70848    0.00    0.00    0.00    0.00    0.00    11  listener
03:00:12 PM  1000     70850    0.00    1.00    0.00    0.00    1.00    15  listener
03:00:12 PM  1000     70896    1.00    1.00    0.00    0.00    2.00    11  listener
03:00:12 PM  1000     70899    1.00    1.00    0.00    0.00    2.00     0  listener
03:00:12 PM  1000     70919    1.00    0.00    0.00    0.00    1.00    12  listener
03:00:12 PM  1000     70939    1.00    0.00    0.00    0.00    1.00     4  listener
03:00:12 PM  1000     70941    1.00    1.00    0.00    0.00    2.00     3  listener
03:00:12 PM  1000     70943    1.00    1.00    0.00    0.00    2.00    17  listener
03:00:12 PM  1000     70994    1.00    0.00    0.00    0.00    1.00    18  listener
03:00:12 PM  1000     71010    1.00    0.00    0.00    0.00    1.00    13  listener
03:00:12 PM  1000     71012    1.00    0.00    0.00    0.00    1.00     2  listener
03:00:12 PM  1000     71014    1.00    0.00    0.00    0.00    1.00    12  listener
03:00:12 PM  1000     71016    0.00    1.00    0.00    0.00    1.00    16  listener
03:00:12 PM  1000     71037    1.00    0.00    0.00    0.00    1.00    14  listener
03:00:12 PM  1000     71056    0.00    1.00    0.00    0.00    1.00     8  listener
03:00:12 PM  1000     71077    1.00    0.00    0.00    0.00    1.00    10  listener
03:00:12 PM  1000     71096    0.00    1.00    0.00    0.00    1.00    10  listener
03:00:12 PM  1000     71118    1.00    1.00    0.00    0.00    2.00    18  listener
03:00:12 PM  1000     71138    0.00    0.00    0.00    0.00    0.00    13  listener
03:00:12 PM  1000     71140    1.00    1.00    0.00    0.00    2.00     5  listener
03:00:12 PM  1000     71160    1.00    0.00    0.00    0.00    1.00     6  listener
03:00:12 PM  1000     71162    1.00    1.00    0.00    0.00    2.00    10  listener
03:00:12 PM  1000     71173    0.00    1.00    0.00    0.00    1.00     6  listener

03:00:12 PM   UID       PID    %usr %system  %guest   %wait    %CPU   CPU  Command
03:00:13 PM  1000     69460    1.00    1.00    0.00    0.00    2.00     6  listener
03:00:13 PM  1000     69462    0.00    1.00    0.00    0.00    1.00     7  listener
03:00:13 PM  1000     69464    0.00    0.00    0.00    0.00    0.00    14  listener
03:00:13 PM  1000     69466    1.00    1.00    0.00    0.00    2.00    14  listener
03:00:13 PM  1000     69468    1.00    1.00    0.00    0.00    2.00     6  listener
03:00:13 PM  1000     69470    0.00    1.00    0.00    0.00    1.00     1  listener
03:00:13 PM  1000     69472    1.00    0.00    0.00    0.00    1.00    15  listener
03:00:13 PM  1000     69474    1.00    0.00    0.00    0.00    1.00    14  listener
03:00:13 PM  1000     69476    1.00    0.00    0.00    0.00    1.00     0  listener
03:00:13 PM  1000     69486    1.00    0.00    0.00    0.00    1.00     4  listener
03:00:13 PM  1000     69490    1.00    1.00    0.00    0.00    2.00    17  listener
03:00:13 PM  1000     69547    0.00    0.00    0.00    0.00    0.00     7  listener
03:00:13 PM  1000     69583    1.00    0.00    0.00    0.00    1.00    15  listener
03:00:13 PM  1000     69594    0.00    1.00    0.00    0.00    1.00     0  listener
03:00:13 PM  1000     69614    1.00    0.00    0.00    0.00    1.00    16  listener
03:00:13 PM  1000     69625    1.00    0.00    0.00    0.00    1.00    15  listener
03:00:13 PM  1000     69634    0.00    1.00    0.00    0.00    1.00    16  listener
03:00:13 PM  1000     69656    0.00    0.00    0.00    0.00    0.00    15  listener
03:00:13 PM  1000     69666    0.00    1.00    0.00    0.00    1.00     9  listener
03:00:13 PM  1000     69679    1.00    0.00    0.00    0.00    1.00     0  listener
03:00:13 PM  1000     69724    1.00    0.00    0.00    0.00    1.00    15  listener
03:00:13 PM  1000     69728    1.00    1.00    0.00    0.00    2.00    15  listener
03:00:13 PM  1000     69733    1.00    1.00    0.00    1.00    2.00     4  listener
03:00:13 PM  1000     69785    1.00    0.00    0.00    0.00    1.00    14  listener
03:00:13 PM  1000     69787    1.00    0.00    0.00    0.00    1.00    13  listener
03:00:13 PM  1000     69789    1.00    0.00    0.00    0.00    1.00    14  listener
03:00:13 PM  1000     69791    0.00    0.00    0.00    0.00    0.00     8  listener
03:00:13 PM  1000     69811    1.00    0.00    0.00    0.00    1.00     0  listener
03:00:13 PM  1000     69813    1.00    0.00    0.00    0.00    1.00     4  listener
03:00:13 PM  1000     69815    0.00    0.00    0.00    0.00    0.00     5  listener
03:00:13 PM  1000     69826    1.00    1.00    0.00    0.00    2.00     6  listener
03:00:13 PM  1000     69836    1.00    0.00    0.00    0.00    1.00    10  listener
03:00:13 PM  1000     69917    0.00    0.00    0.00    0.00    0.00     6  listener
03:00:13 PM  1000     70039    1.00    1.00    0.00    0.00    2.00     0  listener
03:00:13 PM  1000     70041    0.00    0.00    0.00    0.00    0.00    18  listener
03:00:13 PM  1000     70063    1.00    1.00    0.00    0.00    2.00    12  listener
03:00:13 PM  1000     70090    1.00    0.00    0.00    0.00    1.00    18  listener
03:00:13 PM  1000     70100    1.00    1.00    0.00    0.00    2.00     9  listener
03:00:13 PM  1000     70139    1.00    0.00    0.00    0.00    1.00     9  listener
03:00:13 PM  1000     70168    1.00    0.00    0.00    0.00    1.00     6  listener
03:00:13 PM  1000     70171    0.00    0.00    0.00    0.00    0.00    15  listener
03:00:13 PM  1000     70208    1.00    1.00    0.00    0.00    2.00    15  listener
03:00:13 PM  1000     70246    0.00    1.00    0.00    0.00    1.00     5  listener
03:00:13 PM  1000     70248    0.00    1.00    0.00    0.00    1.00     1  listener
03:00:13 PM  1000     70259    1.00    0.00    0.00    0.00    1.00    17  listener
03:00:13 PM  1000     70261    0.00    0.00    0.00    0.00    0.00    18  listener
03:00:13 PM  1000     70272    0.00    0.00    0.00    0.00    0.00    13  listener
03:00:13 PM  1000     70301    0.00    1.00    0.00    0.00    1.00     2  listener
03:00:13 PM  1000     70316    1.00    0.00    0.00    0.00    1.00    12  listener
03:00:13 PM  1000     70332    0.00    1.00    0.00    0.00    1.00     3  listener
03:00:13 PM  1000     70343    1.00    1.00    0.00    0.00    2.00     9  listener
03:00:13 PM  1000     70345    0.00    1.00    0.00    0.00    1.00    12  listener
03:00:13 PM  1000     70348    1.00    0.00    0.00    0.00    1.00     1  listener
03:00:13 PM  1000     70357    1.00    0.00    0.00    0.00    1.00     1  listener
03:00:13 PM  1000     70386    1.00    0.00    0.00    0.00    1.00    11  listener
03:00:13 PM  1000     70479    1.00    0.00    0.00    0.00    1.00     2  listener
03:00:13 PM  1000     70498    1.00    0.00    0.00    0.00    1.00     1  listener
03:00:13 PM  1000     70501    0.00    1.00    0.00    0.00    1.00     9  listener
03:00:13 PM  1000     70530    1.00    1.00    0.00    0.00    2.00     5  listener
03:00:13 PM  1000     70541    1.00    1.00    0.00    0.00    2.00     6  listener
03:00:13 PM  1000     70544    0.00    0.00    0.00    0.00    0.00    10  listener
03:00:13 PM  1000     70581    1.00    0.00    0.00    0.00    1.00    15  listener
03:00:13 PM  1000     70592    1.00    0.00    0.00    0.00    1.00    10  listener
03:00:13 PM  1000     70602    1.00    1.00    0.00    0.00    2.00    17  listener
03:00:13 PM  1000     70623    0.00    1.00    0.00    0.00    1.00    19  listener
03:00:13 PM  1000     70679    0.00    1.00    0.00    0.00    1.00    16  listener
03:00:13 PM  1000     70690    0.00    0.00    0.00    0.00    0.00    13  listener
03:00:13 PM  1000     70701    1.00    1.00    0.00    0.00    2.00     0  listener
03:00:13 PM  1000     70719    0.00    1.00    0.00    0.00    1.00    17  listener
03:00:13 PM  1000     70758    0.00    1.00    0.00    0.00    1.00     3  listener
03:00:13 PM  1000     70797    1.00    1.00    0.00    0.00    2.00    15  listener
03:00:13 PM  1000     70800    0.00    1.00    0.00    0.00    1.00    13  listener
03:00:13 PM  1000     70846    1.00    0.00    0.00    0.00    1.00     5  listener
03:00:13 PM  1000     70848    1.00    0.00    0.00    0.00    1.00     0  listener
03:00:13 PM  1000     70850    1.00    0.00    0.00    0.00    1.00    18  listener
03:00:13 PM  1000     70896    1.00    0.00    0.00    0.00    1.00     4  listener
03:00:13 PM  1000     70899    1.00    0.00    0.00    0.00    1.00     7  listener
03:00:13 PM  1000     70919    1.00    1.00    0.00    0.00    2.00    12  listener
03:00:13 PM  1000     70939    1.00    0.00    0.00    0.00    1.00     4  listener
03:00:13 PM  1000     70941    1.00    0.00    0.00    0.00    1.00     8  listener
03:00:13 PM  1000     70943    1.00    0.00    0.00    0.00    1.00     6  listener
03:00:13 PM  1000     70994    0.00    1.00    0.00    0.00    1.00     0  listener
03:00:13 PM  1000     71010    1.00    0.00    0.00    0.00    1.00     8  listener
03:00:13 PM  1000     71012    0.00    1.00    0.00    0.00    1.00    19  listener
03:00:13 PM  1000     71014    1.00    1.00    0.00    0.00    2.00    12  listener
03:00:13 PM  1000     71016    1.00    0.00    0.00    0.00    1.00    12  listener
03:00:13 PM  1000     71037    0.00    1.00    0.00    0.00    1.00    18  listener
03:00:13 PM  1000     71056    1.00    0.00    0.00    0.00    1.00     1  listener
03:00:13 PM  1000     71077    0.00    1.00    0.00    0.00    1.00    12  listener
03:00:13 PM  1000     71096    1.00    0.00    0.00    0.00    1.00    18  listener
03:00:13 PM  1000     71118    1.00    0.00    0.00    0.00    1.00    14  listener
03:00:13 PM  1000     71138    1.00    0.00    0.00    0.00    1.00    13  listener
03:00:13 PM  1000     71140    0.00    0.00    0.00    0.00    0.00     8  listener
03:00:13 PM  1000     71160    0.00    1.00    0.00    0.00    1.00    15  listener
03:00:13 PM  1000     71162    0.00    0.00    0.00    0.00    0.00     3  listener
03:00:13 PM  1000     71173    1.00    0.00    0.00    0.00    1.00    16  listener

03:00:13 PM   UID       PID    %usr %system  %guest   %wait    %CPU   CPU  Command
03:00:14 PM  1000     69460    0.00    1.00    0.00    0.00    1.00     1  listener
03:00:14 PM  1000     69462    1.00    0.00    0.00    0.00    1.00     8  listener
03:00:14 PM  1000     69464    1.00    1.00    0.00    0.00    2.00     8  listener
03:00:14 PM  1000     69466    1.00    0.00    0.00    0.00    1.00    13  listener
03:00:14 PM  1000     69468    1.00    0.00    0.00    0.00    1.00     2  listener
03:00:14 PM  1000     69470    0.00    0.00    0.00    0.00    0.00     1  listener
03:00:14 PM  1000     69472    1.00    1.00    0.00    0.00    2.00     0  listener
03:00:14 PM  1000     69474    0.00    0.00    0.00    0.00    0.00     8  listener
03:00:14 PM  1000     69476    0.00    0.00    0.00    0.00    0.00     0  listener
03:00:14 PM  1000     69486    0.00    1.00    0.00    0.00    1.00    13  listener
03:00:14 PM  1000     69490    0.00    0.00    0.00    0.00    0.00     1  listener
03:00:14 PM  1000     69547    1.00    0.00    0.00    0.00    1.00    10  listener
03:00:14 PM  1000     69583    0.00    0.00    0.00    0.00    0.00    17  listener
03:00:14 PM  1000     69594    1.00    0.00    0.00    0.00    1.00    17  listener
03:00:14 PM  1000     69614    0.00    1.00    0.00    0.00    1.00     6  listener
03:00:14 PM  1000     69625    1.00    0.00    0.00    0.00    1.00     0  listener
03:00:14 PM  1000     69634    1.00    0.00    0.00    0.00    1.00     1  listener
03:00:14 PM  1000     69656    1.00    1.00    0.00    0.00    2.00    14  listener
03:00:14 PM  1000     69666    1.00    0.00    0.00    0.00    1.00    11  listener
03:00:14 PM  1000     69679    0.00    0.00    0.00    0.00    0.00     5  listener
03:00:14 PM  1000     69724    0.00    0.00    0.00    0.00    0.00    10  listener
03:00:14 PM  1000     69728    0.00    0.00    0.00    0.00    0.00    19  listener
03:00:14 PM  1000     69733    1.00    0.00    0.00    0.00    1.00     9  listener
03:00:14 PM  1000     69785    0.00    1.00    0.00    0.00    1.00    17  listener
03:00:14 PM  1000     69787    0.00    1.00    0.00    0.00    1.00     7  listener
03:00:14 PM  1000     69789    0.00    0.00    0.00    0.00    0.00    14  listener
03:00:14 PM  1000     69791    1.00    1.00    0.00    0.00    2.00     1  listener
03:00:14 PM  1000     69811    0.00    1.00    0.00    0.00    1.00    16  listener
03:00:14 PM  1000     69813    0.00    1.00    0.00    0.00    1.00     4  listener
03:00:14 PM  1000     69815    1.00    0.00    0.00    0.00    1.00    18  listener
03:00:14 PM  1000     69826    1.00    0.00    0.00    0.00    1.00     8  listener
03:00:14 PM  1000     69836    0.00    0.00    0.00    0.00    0.00    10  listener
03:00:14 PM  1000     69917    1.00    0.00    0.00    0.00    1.00     6  listener
03:00:14 PM  1000     70039    0.00    0.00    0.00    0.00    0.00     8  listener
03:00:14 PM  1000     70041    1.00    0.00    0.00    0.00    1.00    12  listener
03:00:14 PM  1000     70063    0.00    0.00    0.00    0.00    0.00     9  listener
03:00:14 PM  1000     70090    0.00    1.00    0.00    0.00    1.00     3  listener
03:00:14 PM  1000     70100    0.00    0.00    0.00    0.00    0.00     1  listener
03:00:14 PM  1000     70139    0.00    0.00    0.00    0.00    0.00     0  listener
03:00:14 PM  1000     70168    1.00    1.00    0.00    0.00    2.00     6  listener
03:00:14 PM  1000     70171    1.00    1.00    0.00    0.00    2.00     4  listener
03:00:14 PM  1000     70208    0.00    0.00    0.00    0.00    0.00    14  listener
03:00:14 PM  1000     70246    1.00    0.00    0.00    0.00    1.00     4  listener
03:00:14 PM  1000     70248    1.00    0.00    0.00    0.00    1.00     8  listener
03:00:14 PM  1000     70259    1.00    1.00    0.00    0.00    2.00     0  listener
03:00:14 PM  1000     70261    1.00    1.00    0.00    0.00    2.00     9  listener
03:00:14 PM  1000     70272    1.00    1.00    0.00    0.00    2.00    13  listener
03:00:14 PM  1000     70301    1.00    0.00    0.00    0.00    1.00     3  listener
03:00:14 PM  1000     70316    1.00    1.00    0.00    0.00    2.00     5  listener
03:00:14 PM  1000     70332    1.00    0.00    0.00    0.00    1.00     0  listener
03:00:14 PM  1000     70343    1.00    0.00    0.00    0.00    1.00     9  listener
03:00:14 PM  1000     70345    1.00    0.00    0.00    0.00    1.00    16  listener
03:00:14 PM  1000     70348    1.00    1.00    0.00    0.00    2.00     6  listener
03:00:14 PM  1000     70357    0.00    0.00    0.00    0.00    0.00     1  listener
03:00:14 PM  1000     70386    0.00    0.00    0.00    0.00    0.00     6  listener
03:00:14 PM  1000     70479    0.00    0.00    0.00    0.00    0.00    15  listener
03:00:14 PM  1000     70498    0.00    0.00    0.00    0.00    0.00    13  listener
03:00:14 PM  1000     70501    1.00    0.00    0.00    0.00    1.00     9  listener
03:00:14 PM  1000     70530    0.00    0.00    0.00    0.00    0.00    18  listener
03:00:14 PM  1000     70541    0.00    0.00    0.00    0.00    0.00    10  listener
03:00:14 PM  1000     70544    1.00    0.00    0.00    0.00    1.00     8  listener
03:00:14 PM  1000     70581    0.00    0.00    0.00    0.00    0.00     6  listener
03:00:14 PM  1000     70592    1.00    0.00    0.00    0.00    1.00     5  listener
03:00:14 PM  1000     70602    1.00    0.00    0.00    0.00    1.00     1  listener
03:00:14 PM  1000     70623    1.00    0.00    0.00    0.00    1.00     7  listener
03:00:14 PM  1000     70679    1.00    0.00    0.00    0.00    1.00    10  listener
03:00:14 PM  1000     70690    1.00    0.00    0.00    0.00    1.00     5  listener
03:00:14 PM  1000     70701    0.00    0.00    0.00    0.00    0.00     6  listener
03:00:14 PM  1000     70719    0.00    0.00    0.00    0.00    0.00    14  listener
03:00:14 PM  1000     70758    1.00    0.00    0.00    0.00    1.00    15  listener
03:00:14 PM  1000     70797    0.00    0.00    0.00    0.00    0.00     7  listener
03:00:14 PM  1000     70800    1.00    0.00    0.00    0.00    1.00     3  listener
03:00:14 PM  1000     70846    0.00    1.00    0.00    0.00    1.00     6  listener
03:00:14 PM  1000     70848    0.00    1.00    0.00    0.00    1.00    13  listener
03:00:14 PM  1000     70850    1.00    0.00    0.00    0.00    1.00    18  listener
03:00:14 PM  1000     70896    0.00    0.00    0.00    0.00    0.00     4  listener
03:00:14 PM  1000     70899    0.00    1.00    0.00    0.00    1.00    19  listener
03:00:14 PM  1000     70919    0.00    0.00    0.00    0.00    0.00     1  listener
03:00:14 PM  1000     70939    1.00    1.00    0.00    0.00    2.00     4  listener
03:00:14 PM  1000     70941    1.00    0.00    0.00    0.00    1.00     1  listener
03:00:14 PM  1000     70943    0.00    0.00    0.00    0.00    0.00    14  listener
03:00:14 PM  1000     70994    1.00    0.00    0.00    0.00    1.00     1  listener
03:00:14 PM  1000     71010    0.00    1.00    0.00    0.00    1.00     5  listener
03:00:14 PM  1000     71012    1.00    0.00    0.00    0.00    1.00     7  listener
03:00:14 PM  1000     71014    1.00    0.00    0.00    0.00    1.00    14  listener
03:00:14 PM  1000     71016    0.00    0.00    0.00    0.00    0.00     1  listener
03:00:14 PM  1000     71037    1.00    0.00    0.00    0.00    1.00    10  listener
03:00:14 PM  1000     71056    1.00    0.00    0.00    0.00    1.00     4  listener
03:00:14 PM  1000     71077    1.00    0.00    0.00    0.00    1.00    10  listener
03:00:14 PM  1000     71096    1.00    0.00    0.00    0.00    1.00     7  listener
03:00:14 PM  1000     71118    0.00    1.00    0.00    0.00    1.00    19  listener
03:00:14 PM  1000     71138    1.00    0.00    0.00    0.00    1.00    16  listener
03:00:14 PM  1000     71140    1.00    0.00    0.00    0.00    1.00     6  listener
03:00:14 PM  1000     71160    1.00    0.00    0.00    0.00    1.00     1  listener
03:00:14 PM  1000     71162    1.00    1.00    0.00    0.00    2.00     6  listener
03:00:14 PM  1000     71173    1.00    0.00    0.00    0.00    1.00    17  listener

03:00:14 PM   UID       PID    %usr %system  %guest   %wait    %CPU   CPU  Command
03:00:15 PM  1000     69460    1.00    0.00    0.00    0.00    1.00     3  listener
03:00:15 PM  1000     69462    1.00    0.00    0.00    0.00    1.00    13  listener
03:00:15 PM  1000     69464    0.00    0.00    0.00    0.00    0.00     9  listener
03:00:15 PM  1000     69466    0.00    0.00    0.00    0.00    0.00     6  listener
03:00:15 PM  1000     69468    0.00    1.00    0.00    0.00    1.00    15  listener
03:00:15 PM  1000     69470    1.00    1.00    0.00    0.00    2.00     2  listener
03:00:15 PM  1000     69472    0.00    0.00    0.00    0.00    0.00     0  listener
03:00:15 PM  1000     69474    1.00    1.00    0.00    0.00    2.00    15  listener
03:00:15 PM  1000     69476    1.00    1.00    0.00    0.00    2.00    10  listener
03:00:15 PM  1000     69486    1.00    0.00    0.00    0.00    1.00    17  listener
03:00:15 PM  1000     69490    0.00    1.00    0.00    0.00    1.00    13  listener
03:00:15 PM  1000     69547    1.00    1.00    0.00    0.00    2.00    14  listener
03:00:15 PM  1000     69583    1.00    1.00    0.00    0.00    2.00    14  listener
03:00:15 PM  1000     69594    0.00    0.00    0.00    0.00    0.00    12  listener
03:00:15 PM  1000     69614    1.00    0.00    0.00    0.00    1.00     4  listener
03:00:15 PM  1000     69625    0.00    1.00    0.00    0.00    1.00     0  listener
03:00:15 PM  1000     69634    1.00    1.00    0.00    0.00    2.00    11  listener
03:00:15 PM  1000     69656    0.00    0.00    0.00    0.00    0.00    14  listener
03:00:15 PM  1000     69666    0.00    1.00    0.00    0.00    1.00     0  listener
03:00:15 PM  1000     69679    1.00    0.00    0.00    0.00    1.00     5  listener
03:00:15 PM  1000     69724    1.00    1.00    0.00    0.00    2.00     5  listener
03:00:15 PM  1000     69728    1.00    0.00    0.00    0.00    1.00     8  listener
03:00:15 PM  1000     69733    0.00    0.00    0.00    0.00    0.00     8  listener
03:00:15 PM  1000     69785    1.00    0.00    0.00    0.00    1.00    17  listener
03:00:15 PM  1000     69787    1.00    0.00    0.00    0.00    1.00    14  listener
03:00:15 PM  1000     69789    1.00    1.00    0.00    0.00    2.00     1  listener
03:00:15 PM  1000     69791    0.00    0.00    0.00    0.00    0.00     6  listener
03:00:15 PM  1000     69811    1.00    0.00    0.00    0.00    1.00     5  listener
03:00:15 PM  1000     69813    1.00    0.00    0.00    0.00    1.00     3  listener
03:00:15 PM  1000     69815    0.00    1.00    0.00    0.00    1.00     7  listener
03:00:15 PM  1000     69826    0.00    0.00    0.00    0.00    0.00    18  listener
03:00:15 PM  1000     69836    0.00    1.00    0.00    0.00    1.00    15  listener
03:00:15 PM  1000     69917    0.00    0.00    0.00    0.00    0.00    12  listener
03:00:15 PM  1000     70039    1.00    0.00    0.00    0.00    1.00    10  listener
03:00:15 PM  1000     70041    0.00    1.00    0.00    0.00    1.00    18  listener
03:00:15 PM  1000     70063    1.00    0.00    0.00    0.00    1.00    13  listener
03:00:15 PM  1000     70090    1.00    0.00    0.00    0.00    1.00     3  listener
03:00:15 PM  1000     70100    1.00    0.00    0.00    0.00    1.00     5  listener
03:00:15 PM  1000     70139    1.00    1.00    0.00    0.00    2.00     8  listener
03:00:15 PM  1000     70168    0.00    0.00    0.00    0.00    0.00    16  listener
03:00:15 PM  1000     70171    1.00    0.00    0.00    0.00    1.00     0  listener
03:00:15 PM  1000     70208    1.00    0.00    0.00    0.00    1.00     1  listener
03:00:15 PM  1000     70246    1.00    0.00    0.00    0.00    1.00     4  listener
03:00:15 PM  1000     70248    0.00    0.00    0.00    0.00    0.00    16  listener
03:00:15 PM  1000     70259    1.00    0.00    0.00    0.00    1.00    10  listener
03:00:15 PM  1000     70261    1.00    0.00    0.00    0.00    1.00     0  listener
03:00:15 PM  1000     70272    1.00    0.00    0.00    0.00    1.00     2  listener
03:00:15 PM  1000     70301    1.00    0.00    0.00    0.00    1.00     2  listener
03:00:15 PM  1000     70316    0.00    0.00    0.00    0.00    0.00    10  listener
03:00:15 PM  1000     70332    0.00    0.00    0.00    0.00    0.00     3  listener
03:00:15 PM  1000     70343    0.00    0.00    0.00    0.00    0.00    12  listener
03:00:15 PM  1000     70345    0.00    0.00    0.00    0.00    0.00     6  listener
03:00:15 PM  1000     70348    0.00    0.00    0.00    0.00    0.00     4  listener
03:00:15 PM  1000     70357    1.00    0.00    0.00    0.00    1.00     1  listener
03:00:15 PM  1000     70386    1.00    0.00    0.00    0.00    1.00     6  listener
03:00:15 PM  1000     70479    1.00    0.00    0.00    0.00    1.00     9  listener
03:00:15 PM  1000     70498    1.00    0.00    0.00    0.00    1.00    17  listener
03:00:15 PM  1000     70501    0.00    1.00    0.00    0.00    1.00    12  listener
03:00:15 PM  1000     70530    1.00    0.00    0.00    0.00    1.00    16  listener
03:00:15 PM  1000     70541    1.00    0.00    0.00    0.00    1.00     2  listener
03:00:15 PM  1000     70544    1.00    0.00    0.00    0.00    1.00     1  listener
03:00:15 PM  1000     70581    1.00    1.00    0.00    0.00    2.00     8  listener
03:00:15 PM  1000     70592    0.00    0.00    0.00    0.00    0.00    12  listener
03:00:15 PM  1000     70602    0.00    0.00    0.00    0.00    0.00    13  listener
03:00:15 PM  1000     70623    0.00    1.00    0.00    0.00    1.00     6  listener
03:00:15 PM  1000     70679    1.00    0.00    0.00    0.00    1.00     5  listener
03:00:15 PM  1000     70690    1.00    0.00    0.00    0.00    1.00    14  listener
03:00:15 PM  1000     70701    1.00    0.00    0.00    0.00    1.00    12  listener
03:00:15 PM  1000     70719    0.00    1.00    0.00    0.00    1.00     3  listener
03:00:15 PM  1000     70758    0.00    1.00    0.00    0.00    1.00    17  listener
03:00:15 PM  1000     70797    1.00    1.00    0.00    0.00    2.00     7  listener
03:00:15 PM  1000     70800    1.00    1.00    0.00    0.00    2.00     8  listener
03:00:15 PM  1000     70846    1.00    0.00    0.00    0.00    1.00    10  listener
03:00:15 PM  1000     70848    1.00    0.00    0.00    0.00    1.00    12  listener
03:00:15 PM  1000     70850    0.00    0.00    0.00    0.00    0.00    12  listener
03:00:15 PM  1000     70896    1.00    1.00    0.00    0.00    2.00     5  listener
03:00:15 PM  1000     70899    1.00    0.00    0.00    0.00    1.00    11  listener
03:00:15 PM  1000     70919    1.00    0.00    0.00    0.00    1.00     0  listener
03:00:15 PM  1000     70939    0.00    0.00    0.00    0.00    0.00     4  listener
03:00:15 PM  1000     70941    0.00    0.00    0.00    0.00    0.00    12  listener
03:00:15 PM  1000     70943    1.00    0.00    0.00    0.00    1.00    15  listener
03:00:15 PM  1000     70994    0.00    1.00    0.00    0.00    1.00     1  listener
03:00:15 PM  1000     71010    1.00    0.00    0.00    0.00    1.00    14  listener
03:00:15 PM  1000     71012    0.00    0.00    0.00    0.00    0.00     5  listener
03:00:15 PM  1000     71014    0.00    1.00    0.00    0.00    1.00    13  listener
03:00:15 PM  1000     71016    1.00    1.00    0.00    0.00    2.00    18  listener
03:00:15 PM  1000     71037    0.00    0.00    0.00    0.00    0.00     0  listener
03:00:15 PM  1000     71056    0.00    1.00    0.00    0.00    1.00     3  listener
03:00:15 PM  1000     71077    0.00    1.00    0.00    0.00    1.00    17  listener
03:00:15 PM  1000     71096    1.00    1.00    0.00    0.00    2.00     1  listener
03:00:15 PM  1000     71118    1.00    0.00    0.00    0.00    1.00    10  listener
03:00:15 PM  1000     71138    1.00    0.00    0.00    0.00    1.00     3  listener
03:00:15 PM  1000     71140    1.00    1.00    0.00    0.00    2.00     6  listener
03:00:15 PM  1000     71160    0.00    1.00    0.00    0.00    1.00     4  listener
03:00:15 PM  1000     71162    0.00    0.00    0.00    0.00    0.00    19  listener
03:00:15 PM  1000     71173    0.00    1.00    0.00    0.00    1.00     8  listener

03:00:15 PM   UID       PID    %usr %system  %guest   %wait    %CPU   CPU  Command
03:00:16 PM  1000     69460    1.00    0.00    0.00    0.00    1.00     3  listener
03:00:16 PM  1000     69462    0.00    0.00    0.00    0.00    0.00    16  listener
03:00:16 PM  1000     69464    1.00    0.00    0.00    0.00    1.00    13  listener
03:00:16 PM  1000     69466    1.00    1.00    0.00    0.00    2.00     2  listener
03:00:16 PM  1000     69468    1.00    0.00    0.00    0.00    1.00     6  listener
03:00:16 PM  1000     69470    0.00    0.00    0.00    0.00    0.00     5  listener
03:00:16 PM  1000     69472    1.00    0.00    0.00    0.00    1.00     1  listener
03:00:16 PM  1000     69474    1.00    0.00    0.00    0.00    1.00     0  listener
03:00:16 PM  1000     69476    0.00    0.00    0.00    0.00    0.00     6  listener
03:00:16 PM  1000     69486    1.00    0.00    0.00    0.00    1.00     8  listener
03:00:16 PM  1000     69490    1.00    0.00    0.00    0.00    1.00    13  listener
03:00:16 PM  1000     69547    0.00    0.00    0.00    0.00    0.00    11  listener
03:00:16 PM  1000     69583    1.00    0.00    0.00    0.00    1.00    16  listener
03:00:16 PM  1000     69594    1.00    0.00    0.00    0.00    1.00     6  listener
03:00:16 PM  1000     69614    0.00    0.00    0.00    0.00    0.00    13  listener
03:00:16 PM  1000     69625    1.00    0.00    0.00    0.00    1.00     0  listener
03:00:16 PM  1000     69634    0.00    0.00    0.00    0.00    0.00     5  listener
03:00:16 PM  1000     69656    1.00    0.00    0.00    0.00    1.00     5  listener
03:00:16 PM  1000     69666    1.00    0.00    0.00    0.00    1.00     1  listener
03:00:16 PM  1000     69679    0.00    1.00    0.00    0.00    1.00     5  listener
03:00:16 PM  1000     69724    0.00    0.00    0.00    0.00    0.00     5  listener
03:00:16 PM  1000     69728    0.00    1.00    0.00    0.00    1.00     2  listener
03:00:16 PM  1000     69733    1.00    1.00    0.00    0.00    2.00    19  listener
03:00:16 PM  1000     69785    1.00    0.00    0.00    0.00    1.00    14  listener
03:00:16 PM  1000     69787    0.00    0.00    0.00    0.00    0.00    18  listener
03:00:16 PM  1000     69789    0.00    0.00    0.00    0.00    0.00    10  listener
03:00:16 PM  1000     69791    0.00    1.00    0.00    0.00    1.00     8  listener
03:00:16 PM  1000     69811    1.00    0.00    0.00    0.00    1.00    17  listener
03:00:16 PM  1000     69813    1.00    0.00    0.00    0.00    1.00    13  listener
03:00:16 PM  1000     69815    0.00    0.00    0.00    0.00    0.00    18  listener
03:00:16 PM  1000     69826    1.00    1.00    0.00    0.00    2.00     6  listener
03:00:16 PM  1000     69836    1.00    0.00    0.00    0.00    1.00    14  listener
03:00:16 PM  1000     69917    1.00    1.00    0.00    0.00    2.00    10  listener
03:00:16 PM  1000     70039    1.00    1.00    0.00    0.00    2.00    11  listener
03:00:16 PM  1000     70041    1.00    0.00    0.00    0.00    1.00     2  listener
03:00:16 PM  1000     70063    0.00    1.00    0.00    0.00    1.00    12  listener
03:00:16 PM  1000     70090    1.00    0.00    0.00    0.00    1.00     3  listener
03:00:16 PM  1000     70100    0.00    0.00    0.00    0.00    0.00     6  listener
03:00:16 PM  1000     70139    0.00    0.00    0.00    0.00    0.00    10  listener
03:00:16 PM  1000     70168    1.00    0.00    0.00    0.00    1.00    10  listener
03:00:16 PM  1000     70171    0.00    0.00    0.00    0.00    0.00    11  listener
03:00:16 PM  1000     70208    0.00    1.00    0.00    0.00    1.00     1  listener
03:00:16 PM  1000     70246    0.00    1.00    0.00    0.00    1.00     5  listener
03:00:16 PM  1000     70248    1.00    1.00    0.00    0.00    2.00    17  listener
03:00:16 PM  1000     70259    0.00    0.00    0.00    0.00    0.00     3  listener
03:00:16 PM  1000     70261    1.00    0.00    0.00    0.00    1.00    14  listener
03:00:16 PM  1000     70272    0.00    1.00    0.00    0.00    1.00    14  listener
03:00:16 PM  1000     70301    0.00    0.00    0.00    0.00    0.00    14  listener
03:00:16 PM  1000     70316    1.00    0.00    0.00    0.00    1.00    13  listener
03:00:16 PM  1000     70332    1.00    1.00    0.00    0.00    2.00     3  listener
03:00:16 PM  1000     70343    1.00    1.00    0.00    0.00    2.00    15  listener
03:00:16 PM  1000     70345    1.00    1.00    0.00    0.00    2.00     5  listener
03:00:16 PM  1000     70348    1.00    0.00    0.00    0.00    1.00     4  listener
03:00:16 PM  1000     70357    1.00    0.00    0.00    0.00    1.00    12  listener
03:00:16 PM  1000     70386    1.00    1.00    0.00    0.00    2.00    10  listener
03:00:16 PM  1000     70479    0.00    1.00    0.00    0.00    1.00    13  listener
03:00:16 PM  1000     70498    1.00    1.00    0.00    0.00    2.00     7  listener
03:00:16 PM  1000     70501    1.00    0.00    0.00    0.00    1.00     6  listener
03:00:16 PM  1000     70530    1.00    1.00    0.00    0.00    2.00     0  listener
03:00:16 PM  1000     70541    1.00    1.00    0.00    0.00    2.00     2  listener
03:00:16 PM  1000     70544    1.00    1.00    0.00    0.00    2.00    15  listener
03:00:16 PM  1000     70581    0.00    0.00    0.00    0.00    0.00     6  listener
03:00:16 PM  1000     70592    1.00    0.00    0.00    0.00    1.00     2  listener
03:00:16 PM  1000     70602    1.00    1.00    0.00    0.00    2.00    10  listener
03:00:16 PM  1000     70623    1.00    0.00    0.00    0.00    1.00     7  listener
03:00:16 PM  1000     70679    0.00    1.00    0.00    0.00    1.00    12  listener
03:00:16 PM  1000     70690    1.00    0.00    0.00    0.00    1.00     0  listener
03:00:16 PM  1000     70701    0.00    1.00    0.00    0.00    1.00     4  listener
03:00:16 PM  1000     70719    1.00    0.00    0.00    0.00    1.00     9  listener
03:00:16 PM  1000     70758    1.00    0.00    0.00    0.00    1.00     5  listener
03:00:16 PM  1000     70797    1.00    0.00    0.00    0.00    1.00     7  listener
03:00:16 PM  1000     70800    0.00    0.00    0.00    0.00    0.00     0  listener
03:00:16 PM  1000     70846    0.00    0.00    0.00    0.00    0.00     8  listener
03:00:16 PM  1000     70848    0.00    0.00    0.00    0.00    0.00    18  listener
03:00:16 PM  1000     70850    1.00    0.00    0.00    0.00    1.00     6  listener
03:00:16 PM  1000     70896    1.00    0.00    0.00    0.00    1.00     4  listener
03:00:16 PM  1000     70899    0.00    1.00    0.00    0.00    1.00     6  listener
03:00:16 PM  1000     70919    0.00    1.00    0.00    0.00    1.00    12  listener
03:00:16 PM  1000     70939    1.00    0.00    0.00    0.00    1.00     7  listener
03:00:16 PM  1000     70941    1.00    1.00    0.00    0.00    2.00    16  listener
03:00:16 PM  1000     70943    0.00    0.00    0.00    0.00    0.00    16  listener
03:00:16 PM  1000     70994    1.00    0.00    0.00    0.00    1.00     6  listener
03:00:16 PM  1000     71010    1.00    1.00    0.00    0.00    2.00     3  listener
03:00:16 PM  1000     71012    1.00    0.00    0.00    0.00    1.00     3  listener
03:00:16 PM  1000     71014    1.00    0.00    0.00    0.00    1.00     5  listener
03:00:16 PM  1000     71016    1.00    0.00    0.00    0.00    1.00     0  listener
03:00:16 PM  1000     71037    1.00    1.00    0.00    0.00    2.00    12  listener
03:00:16 PM  1000     71056    1.00    0.00    0.00    0.00    1.00     8  listener
03:00:16 PM  1000     71077    1.00    1.00    0.00    0.00    2.00    18  listener
03:00:16 PM  1000     71096    1.00    0.00    0.00    0.00    1.00    17  listener
03:00:16 PM  1000     71118    0.00    1.00    0.00    0.00    1.00     3  listener
03:00:16 PM  1000     71138    0.00    1.00    0.00    0.00    1.00    12  listener
03:00:16 PM  1000     71140    0.00    0.00    0.00    0.00    0.00    12  listener
03:00:16 PM  1000     71160    1.00    0.00    0.00    0.00    1.00    19  listener
03:00:16 PM  1000     71162    1.00    1.00    0.00    0.00    2.00     7  listener
03:00:16 PM  1000     71173    0.00    0.00    0.00    0.00    0.00    11  listener

03:00:16 PM   UID       PID    %usr %system  %guest   %wait    %CPU   CPU  Command
03:00:17 PM  1000     69460    1.00    1.00    0.00    0.00    2.00    11  listener
03:00:17 PM  1000     69462    1.00    0.00    0.00    0.00    1.00     4  listener
03:00:17 PM  1000     69464    0.00    1.00    0.00    0.00    1.00     8  listener
03:00:17 PM  1000     69466    0.00    0.00    0.00    0.00    0.00     8  listener
03:00:17 PM  1000     69468    1.00    1.00    0.00    0.00    2.00     9  listener
03:00:17 PM  1000     69470    1.00    1.00    0.00    0.00    2.00     5  listener
03:00:17 PM  1000     69472    1.00    1.00    0.00    0.00    2.00    16  listener
03:00:17 PM  1000     69474    0.00    0.00    0.00    0.00    0.00    11  listener
03:00:17 PM  1000     69476    1.00    1.00    0.00    0.00    2.00    12  listener
03:00:17 PM  1000     69486    0.00    1.00    0.00    0.00    1.00     6  listener
03:00:17 PM  1000     69490    1.00    1.00    0.00    0.00    2.00    19  listener
03:00:17 PM  1000     69547    0.00    1.00    0.00    0.00    1.00     3  listener
03:00:17 PM  1000     69583    1.00    0.00    0.00    0.00    1.00    18  listener
03:00:17 PM  1000     69594    0.00    1.00    0.00    0.00    1.00     1  listener
03:00:17 PM  1000     69614    1.00    1.00    0.00    0.00    2.00     3  listener
03:00:17 PM  1000     69625    1.00    0.00    0.00    0.00    1.00     3  listener
03:00:17 PM  1000     69634    1.00    1.00    0.00    0.00    2.00    15  listener
03:00:17 PM  1000     69656    0.00    2.00    0.00    0.00    2.00     0  listener
03:00:17 PM  1000     69666    1.00    1.00    0.00    0.00    2.00     6  listener
03:00:17 PM  1000     69679    1.00    0.00    0.00    0.00    1.00    10  listener
03:00:17 PM  1000     69724    1.00    1.00    0.00    0.00    2.00    13  listener
03:00:17 PM  1000     69728    1.00    0.00    0.00    0.00    1.00    13  listener
03:00:17 PM  1000     69733    1.00    0.00    0.00    0.00    1.00    13  listener
03:00:17 PM  1000     69785    1.00    1.00    0.00    0.00    2.00    17  listener
03:00:17 PM  1000     69787    1.00    2.00    0.00    0.00    3.00     0  listener
03:00:17 PM  1000     69789    0.00    1.00    0.00    0.00    1.00     7  listener
03:00:17 PM  1000     69791    1.00    1.00    0.00    0.00    2.00     4  listener
03:00:17 PM  1000     69811    1.00    0.00    0.00    0.00    1.00     6  listener
03:00:17 PM  1000     69813    0.00    1.00    0.00    0.00    1.00    10  listener
03:00:17 PM  1000     69815    1.00    1.00    0.00    0.00    2.00     5  listener
03:00:17 PM  1000     69826    0.00    1.00    0.00    0.00    1.00     1  listener
03:00:17 PM  1000     69836    1.00    0.00    0.00    0.00    1.00     2  listener
03:00:17 PM  1000     69917    1.00    0.00    0.00    0.00    1.00    11  listener
03:00:17 PM  1000     70039    1.00    0.00    0.00    0.00    1.00     4  listener
03:00:17 PM  1000     70041    0.00    1.00    0.00    0.00    1.00    13  listener
03:00:17 PM  1000     70063    1.00    1.00    0.00    0.00    2.00    10  listener
03:00:17 PM  1000     70090    1.00    1.00    0.00    0.00    2.00    12  listener
03:00:17 PM  1000     70100    2.00    0.00    0.00    0.00    2.00    10  listener
03:00:17 PM  1000     70139    2.00    0.00    0.00    0.00    2.00     7  listener
03:00:17 PM  1000     70168    1.00    1.00    0.00    0.00    2.00     3  listener
03:00:17 PM  1000     70171    1.00    1.00    0.00    0.00    2.00     3  listener
03:00:17 PM  1000     70208    1.00    0.00    0.00    0.00    1.00    10  listener
03:00:17 PM  1000     70246    1.00    1.00    0.00    0.00    2.00     2  listener
03:00:17 PM  1000     70248    0.00    1.00    0.00    0.00    1.00     5  listener
03:00:17 PM  1000     70259    1.00    1.00    0.00    0.00    2.00    13  listener
03:00:17 PM  1000     70261    1.00    1.00    0.00    0.00    2.00     8  listener
03:00:17 PM  1000     70272    1.00    0.00    0.00    0.00    1.00    17  listener
03:00:17 PM  1000     70301    1.00    1.00    0.00    0.00    2.00    14  listener
03:00:17 PM  1000     70316    1.00    0.00    0.00    0.00    1.00     5  listener
03:00:17 PM  1000     70332    0.00    1.00    0.00    0.00    1.00     2  listener
03:00:17 PM  1000     70343    1.00    0.00    0.00    0.00    1.00    14  listener
03:00:17 PM  1000     70345    0.00    1.00    0.00    0.00    1.00     5  listener
03:00:17 PM  1000     70348    0.00    1.00    0.00    0.00    1.00    12  listener
03:00:17 PM  1000     70357    1.00    1.00    0.00    0.00    2.00     1  listener
03:00:17 PM  1000     70386    0.00    1.00    0.00    0.00    1.00    12  listener
03:00:17 PM  1000     70479    1.00    0.00    0.00    0.00    1.00    17  listener
03:00:17 PM  1000     70498    0.00    0.00    0.00    0.00    0.00    16  listener
03:00:17 PM  1000     70501    0.00    2.00    0.00    0.00    2.00     2  listener
03:00:17 PM  1000     70530    0.00    1.00    0.00    0.00    1.00    16  listener
03:00:17 PM  1000     70541    1.00    0.00    0.00    0.00    1.00     8  listener
03:00:17 PM  1000     70544    1.00    0.00    0.00    0.00    1.00     9  listener
03:00:17 PM  1000     70581    2.00    0.00    0.00    0.00    2.00    14  listener
03:00:17 PM  1000     70592    0.00    1.00    0.00    0.00    1.00     5  listener
03:00:17 PM  1000     70602    1.00    0.00    0.00    0.00    1.00     8  listener
03:00:17 PM  1000     70623    1.00    1.00    0.00    0.00    2.00     9  listener
03:00:17 PM  1000     70679    1.00    0.00    0.00    0.00    1.00    13  listener
03:00:17 PM  1000     70690    1.00    1.00    0.00    0.00    2.00     8  listener
03:00:17 PM  1000     70701    1.00    0.00    0.00    0.00    1.00    15  listener
03:00:17 PM  1000     70719    1.00    1.00    0.00    0.00    2.00     0  listener
03:00:17 PM  1000     70758    1.00    0.00    0.00    0.00    1.00    18  listener
03:00:17 PM  1000     70797    0.00    1.00    0.00    0.00    1.00    19  listener
03:00:17 PM  1000     70800    1.00    0.00    0.00    0.00    1.00    15  listener
03:00:17 PM  1000     70846    1.00    1.00    0.00    0.00    2.00    12  listener
03:00:17 PM  1000     70848    1.00    1.00    0.00    0.00    2.00    16  listener
03:00:17 PM  1000     70850    1.00    1.00    0.00    0.00    2.00    19  listener
03:00:17 PM  1000     70896    1.00    0.00    0.00    0.00    1.00    15  listener
03:00:17 PM  1000     70899    1.00    0.00    0.00    0.00    1.00     2  listener
03:00:17 PM  1000     70919    1.00    0.00    0.00    1.00    1.00    17  listener
03:00:17 PM  1000     70939    1.00    1.00    0.00    0.00    2.00    11  listener
03:00:17 PM  1000     70941    1.00    0.00    0.00    0.00    1.00     2  listener
03:00:17 PM  1000     70943    1.00    1.00    0.00    0.00    2.00    19  listener
03:00:17 PM  1000     70994    0.00    1.00    0.00    0.00    1.00     3  listener
03:00:17 PM  1000     71010    0.00    1.00    0.00    0.00    1.00    12  listener
03:00:17 PM  1000     71012    1.00    0.00    0.00    0.00    1.00    12  listener
03:00:17 PM  1000     71014    1.00    1.00    0.00    0.00    2.00    17  listener
03:00:17 PM  1000     71016    1.00    0.00    0.00    0.00    1.00    18  listener
03:00:17 PM  1000     71037    0.00    1.00    0.00    0.00    1.00     2  listener
03:00:17 PM  1000     71056    1.00    1.00    0.00    0.00    2.00    19  listener
03:00:17 PM  1000     71077    1.00    0.00    0.00    0.00    1.00     6  listener
03:00:17 PM  1000     71096    1.00    0.00    0.00    0.00    1.00    16  listener
03:00:17 PM  1000     71118    1.00    1.00    0.00    0.00    2.00     5  listener
03:00:17 PM  1000     71138    1.00    1.00    0.00    0.00    2.00     2  listener
03:00:17 PM  1000     71140    1.00    1.00    0.00    0.00    2.00    13  listener
03:00:17 PM  1000     71160    1.00    1.00    0.00    0.00    2.00     0  listener
03:00:17 PM  1000     71162    1.00    0.00    0.00    0.00    1.00     1  listener
03:00:17 PM  1000     71173    2.00    0.00    0.00    0.00    2.00     2  listener

03:00:17 PM   UID       PID    %usr %system  %guest   %wait    %CPU   CPU  Command
03:00:18 PM  1000     69460    0.00    0.00    0.00    0.00    0.00    10  listener
03:00:18 PM  1000     69462    1.00    1.00    0.00    0.00    2.00    17  listener
03:00:18 PM  1000     69464    1.00    0.00    0.00    0.00    1.00     6  listener
03:00:18 PM  1000     69466    1.00    1.00    0.00    0.00    2.00    11  listener
03:00:18 PM  1000     69468    0.00    0.00    0.00    0.00    0.00     2  listener
03:00:18 PM  1000     69470    1.00    0.00    0.00    0.00    1.00    16  listener
03:00:18 PM  1000     69472    1.00    0.00    0.00    0.00    1.00     6  listener
03:00:18 PM  1000     69474    1.00    0.00    0.00    0.00    1.00    10  listener
03:00:18 PM  1000     69476    0.00    0.00    0.00    0.00    0.00     0  listener
03:00:18 PM  1000     69486    2.00    0.00    0.00    0.00    2.00     8  listener
03:00:18 PM  1000     69490    0.00    0.00    0.00    0.00    0.00    18  listener
03:00:18 PM  1000     69547    1.00    1.00    0.00    0.00    2.00    14  listener
03:00:18 PM  1000     69583    1.00    1.00    0.00    0.00    2.00    14  listener
03:00:18 PM  1000     69594    1.00    1.00    0.00    0.00    2.00     9  listener
03:00:18 PM  1000     69614    1.00    0.00    0.00    0.00    1.00     5  listener
03:00:18 PM  1000     69625    0.00    1.00    0.00    0.00    1.00    15  listener
03:00:18 PM  1000     69634    1.00    1.00    0.00    0.00    2.00     4  listener
03:00:18 PM  1000     69656    1.00    0.00    0.00    0.00    1.00    12  listener
03:00:18 PM  1000     69666    1.00    0.00    0.00    0.00    1.00    18  listener
03:00:18 PM  1000     69679    0.00    1.00    0.00    0.00    1.00    12  listener
03:00:18 PM  1000     69724    1.00    0.00    0.00    0.00    1.00    15  listener
03:00:18 PM  1000     69728    1.00    1.00    0.00    0.00    2.00    17  listener
03:00:18 PM  1000     69733    0.00    1.00    0.00    0.00    1.00    10  listener
03:00:18 PM  1000     69785    0.00    1.00    0.00    0.00    1.00     9  listener
03:00:18 PM  1000     69787    0.00    0.00    0.00    0.00    0.00     0  listener
03:00:18 PM  1000     69789    1.00    1.00    0.00    0.00    2.00     8  listener
03:00:18 PM  1000     69791    1.00    0.00    0.00    0.00    1.00     5  listener
03:00:18 PM  1000     69811    1.00    0.00    0.00    0.00    1.00     8  listener
03:00:18 PM  1000     69813    1.00    1.00    0.00    0.00    2.00    11  listener
03:00:18 PM  1000     69815    1.00    0.00    0.00    0.00    1.00    15  listener
03:00:18 PM  1000     69826    1.00    0.00    0.00    0.00    1.00    12  listener
03:00:18 PM  1000     69836    0.00    1.00    0.00    0.00    1.00    13  listener
03:00:18 PM  1000     69917    1.00    0.00    0.00    0.00    1.00    19  listener
03:00:18 PM  1000     70039    1.00    0.00    0.00    0.00    1.00     9  listener
03:00:18 PM  1000     70041    1.00    1.00    0.00    0.00    2.00     5  listener
03:00:18 PM  1000     70063    1.00    0.00    0.00    0.00    1.00    15  listener
03:00:18 PM  1000     70090    0.00    1.00    0.00    0.00    1.00     1  listener
03:00:18 PM  1000     70100    1.00    0.00    0.00    0.00    1.00     6  listener
03:00:18 PM  1000     70139    0.00    0.00    0.00    0.00    0.00     5  listener
03:00:18 PM  1000     70168    1.00    0.00    0.00    0.00    1.00    16  listener
03:00:18 PM  1000     70171    1.00    0.00    0.00    0.00    1.00    13  listener
03:00:18 PM  1000     70208    0.00    1.00    0.00    0.00    1.00    19  listener
03:00:18 PM  1000     70246    0.00    0.00    0.00    0.00    0.00     2  listener
03:00:18 PM  1000     70248    1.00    0.00    0.00    0.00    1.00    19  listener
03:00:18 PM  1000     70259    1.00    0.00    0.00    0.00    1.00    17  listener
03:00:18 PM  1000     70261    0.00    1.00    0.00    0.00    1.00    12  listener
03:00:18 PM  1000     70272    1.00    1.00    0.00    0.00    2.00     6  listener
03:00:18 PM  1000     70301    2.00    0.00    0.00    0.00    2.00    10  listener
03:00:18 PM  1000     70316    1.00    1.00    0.00    0.00    2.00     4  listener
03:00:18 PM  1000     70332    0.00    1.00    0.00    0.00    1.00    12  listener
03:00:18 PM  1000     70343    0.00    0.00    0.00    0.00    0.00     0  listener
03:00:18 PM  1000     70345    1.00    1.00    0.00    0.00    2.00    15  listener
03:00:18 PM  1000     70348    1.00    1.00    0.00    0.00    2.00    15  listener
03:00:18 PM  1000     70357    0.00    1.00    0.00    0.00    1.00    17  listener
03:00:18 PM  1000     70386    1.00    0.00    0.00    0.00    1.00    15  listener
03:00:18 PM  1000     70479    1.00    0.00    0.00    0.00    1.00    13  listener
03:00:18 PM  1000     70498    1.00    0.00    0.00    0.00    1.00    13  listener
03:00:18 PM  1000     70501    1.00    0.00    0.00    0.00    1.00     2  listener
03:00:18 PM  1000     70530    1.00    0.00    0.00    0.00    1.00    12  listener
03:00:18 PM  1000     70541    1.00    0.00    0.00    0.00    1.00     3  listener
03:00:18 PM  1000     70544    1.00    1.00    0.00    0.00    2.00    17  listener
03:00:18 PM  1000     70581    1.00    0.00    0.00    0.00    1.00    13  listener
03:00:18 PM  1000     70592    2.00    0.00    0.00    0.00    2.00    11  listener
03:00:18 PM  1000     70602    1.00    1.00    0.00    1.00    2.00     1  listener
03:00:18 PM  1000     70623    0.00    0.00    0.00    0.00    0.00     5  listener
03:00:18 PM  1000     70679    1.00    1.00    0.00    0.00    2.00    14  listener
03:00:18 PM  1000     70690    1.00    1.00    0.00    0.00    2.00    16  listener
03:00:18 PM  1000     70701    1.00    1.00    0.00    0.00    2.00     0  listener
03:00:18 PM  1000     70719    0.00    0.00    0.00    0.00    0.00     8  listener
03:00:18 PM  1000     70758    1.00    1.00    0.00    0.00    2.00     4  listener
03:00:18 PM  1000     70797    1.00    0.00    0.00    0.00    1.00     1  listener
03:00:18 PM  1000     70800    1.00    1.00    0.00    0.00    2.00    12  listener
03:00:18 PM  1000     70846    0.00    1.00    0.00    0.00    1.00     1  listener
03:00:18 PM  1000     70848    1.00    0.00    0.00    0.00    1.00    13  listener
03:00:18 PM  1000     70850    1.00    0.00    0.00    0.00    1.00     3  listener
03:00:18 PM  1000     70896    1.00    1.00    0.00    0.00    2.00    12  listener
03:00:18 PM  1000     70899    1.00    1.00    0.00    0.00    2.00    16  listener
03:00:18 PM  1000     70919    0.00    1.00    0.00    0.00    1.00     1  listener
03:00:18 PM  1000     70939    1.00    0.00    0.00    0.00    1.00    11  listener
03:00:18 PM  1000     70941    0.00    1.00    0.00    0.00    1.00    15  listener
03:00:18 PM  1000     70943    0.00    1.00    0.00    0.00    1.00     9  listener
03:00:18 PM  1000     70994    1.00    0.00    0.00    0.00    1.00    10  listener
03:00:18 PM  1000     71010    1.00    0.00    0.00    0.00    1.00     5  listener
03:00:18 PM  1000     71012    1.00    1.00    0.00    0.00    2.00     1  listener
03:00:18 PM  1000     71014    0.00    0.00    0.00    0.00    0.00     0  listener
03:00:18 PM  1000     71016    0.00    1.00    0.00    0.00    1.00    10  listener
03:00:18 PM  1000     71037    0.00    1.00    0.00    0.00    1.00    16  listener
03:00:18 PM  1000     71056    1.00    0.00    0.00    0.00    1.00     2  listener
03:00:18 PM  1000     71077    1.00    1.00    0.00    0.00    2.00    13  listener
03:00:18 PM  1000     71096    1.00    0.00    0.00    0.00    1.00     4  listener
03:00:18 PM  1000     71118    1.00    0.00    0.00    0.00    1.00     4  listener
03:00:18 PM  1000     71138    0.00    0.00    0.00    0.00    0.00     1  listener
03:00:18 PM  1000     71140    0.00    0.00    0.00    0.00    0.00     8  listener
03:00:18 PM  1000     71160    0.00    1.00    0.00    0.00    1.00     6  listener
03:00:18 PM  1000     71162    1.00    1.00    0.00    0.00    2.00    12  listener
03:00:18 PM  1000     71173    0.00    1.00    0.00    0.00    1.00     1  listener

03:00:18 PM   UID       PID    %usr %system  %guest   %wait    %CPU   CPU  Command
03:00:19 PM  1000     69460    1.00    1.00    0.00    0.00    2.00    10  listener
03:00:19 PM  1000     69462    1.00    0.00    0.00    0.00    1.00    10  listener
03:00:19 PM  1000     69464    0.00    1.00    0.00    0.00    1.00     4  listener
03:00:19 PM  1000     69466    0.00    0.00    0.00    0.00    0.00    17  listener
03:00:19 PM  1000     69468    1.00    0.00    0.00    0.00    1.00    16  listener
03:00:19 PM  1000     69470    0.00    0.00    0.00    0.00    0.00    16  listener
03:00:19 PM  1000     69472    1.00    1.00    0.00    0.00    2.00    11  listener
03:00:19 PM  1000     69474    1.00    1.00    0.00    0.00    2.00    14  listener
03:00:19 PM  1000     69476    1.00    1.00    0.00    0.00    2.00     0  listener
03:00:19 PM  1000     69486    0.00    1.00    0.00    0.00    1.00     5  listener
03:00:19 PM  1000     69490    1.00    1.00    0.00    0.00    2.00     0  listener
03:00:19 PM  1000     69547    0.00    0.00    0.00    0.00    0.00    11  listener
03:00:19 PM  1000     69583    1.00    0.00    0.00    0.00    1.00     2  listener
03:00:19 PM  1000     69594    1.00    0.00    0.00    0.00    1.00    15  listener
03:00:19 PM  1000     69614    0.00    1.00    0.00    0.00    1.00     8  listener
03:00:19 PM  1000     69625    1.00    0.00    0.00    0.00    1.00    12  listener
03:00:19 PM  1000     69634    0.00    0.00    0.00    0.00    0.00     9  listener
03:00:19 PM  1000     69656    1.00    0.00    0.00    0.00    1.00    14  listener
03:00:19 PM  1000     69666    1.00    0.00    0.00    0.00    1.00    15  listener
03:00:19 PM  1000     69679    1.00    1.00    0.00    0.00    2.00    15  listener
03:00:19 PM  1000     69724    0.00    0.00    0.00    0.00    0.00    10  listener
03:00:19 PM  1000     69728    1.00    0.00    0.00    0.00    1.00     0  listener
03:00:19 PM  1000     69733    1.00    0.00    0.00    0.00    1.00     5  listener
03:00:19 PM  1000     69785    1.00    0.00    0.00    0.00    1.00     9  listener
03:00:19 PM  1000     69787    1.00    1.00    0.00    0.00    2.00     9  listener
03:00:19 PM  1000     69789    1.00    0.00    0.00    0.00    1.00    13  listener
03:00:19 PM  1000     69791    0.00    0.00    0.00    0.00    0.00     3  listener
03:00:19 PM  1000     69811    0.00    1.00    0.00    0.00    1.00    13  listener
03:00:19 PM  1000     69813    0.00    0.00    0.00    0.00    0.00    15  listener
03:00:19 PM  1000     69815    0.00    1.00    0.00    0.00    1.00     6  listener
03:00:19 PM  1000     69826    1.00    0.00    0.00    0.00    1.00    15  listener
03:00:19 PM  1000     69836    1.00    0.00    0.00    0.00    1.00    12  listener
03:00:19 PM  1000     69917    1.00    1.00    0.00    0.00    2.00     1  listener
03:00:19 PM  1000     70039    0.00    1.00    0.00    0.00    1.00     5  listener
03:00:19 PM  1000     70041    0.00    0.00    0.00    0.00    0.00     4  listener
03:00:19 PM  1000     70063    1.00    0.00    0.00    0.00    1.00    16  listener
03:00:19 PM  1000     70090    1.00    0.00    0.00    0.00    1.00    10  listener
03:00:19 PM  1000     70100    0.00    1.00    0.00    0.00    1.00    16  listener
03:00:19 PM  1000     70139    0.00    1.00    0.00    0.00    1.00     1  listener
03:00:19 PM  1000     70168    0.00    1.00    0.00    0.00    1.00     1  listener
03:00:19 PM  1000     70171    1.00    1.00    0.00    0.00    2.00    15  listener
03:00:19 PM  1000     70208    1.00    1.00    0.00    0.00    2.00     1  listener
03:00:19 PM  1000     70246    1.00    0.00    0.00    0.00    1.00    14  listener
03:00:19 PM  1000     70248    0.00    1.00    0.00    0.00    1.00     8  listener
03:00:19 PM  1000     70259    0.00    1.00    0.00    0.00    1.00    12  listener
03:00:19 PM  1000     70261    1.00    0.00    0.00    0.00    1.00     3  listener
03:00:19 PM  1000     70272    1.00    0.00    0.00    0.00    1.00    19  listener
03:00:19 PM  1000     70301    0.00    0.00    0.00    0.00    0.00     2  listener
03:00:19 PM  1000     70316    1.00    0.00    0.00    0.00    1.00     5  listener
03:00:19 PM  1000     70332    1.00    0.00    0.00    0.00    1.00    11  listener
03:00:19 PM  1000     70343    1.00    0.00    0.00    0.00    1.00    19  listener
03:00:19 PM  1000     70345    0.00    0.00    0.00    0.00    0.00    13  listener
03:00:19 PM  1000     70348    1.00    0.00    0.00    0.00    1.00     6  listener
03:00:19 PM  1000     70357    1.00    0.00    0.00    0.00    1.00    12  listener
03:00:19 PM  1000     70386    1.00    0.00    0.00    0.00    1.00     1  listener
03:00:19 PM  1000     70479    1.00    1.00    0.00    0.00    2.00     8  listener
03:00:19 PM  1000     70498    1.00    1.00    0.00    0.00    2.00     7  listener
03:00:19 PM  1000     70501    0.00    0.00    0.00    0.00    0.00     1  listener
03:00:19 PM  1000     70530    1.00    0.00    0.00    0.00    1.00     0  listener
03:00:19 PM  1000     70541    0.00    1.00    0.00    0.00    1.00    11  listener
03:00:19 PM  1000     70544    1.00    0.00    0.00    0.00    1.00     9  listener
03:00:19 PM  1000     70581    0.00    0.00    0.00    0.00    0.00    17  listener
03:00:19 PM  1000     70592    0.00    1.00    0.00    0.00    1.00     6  listener
03:00:19 PM  1000     70602    0.00    1.00    0.00    0.00    1.00     3  listener
03:00:19 PM  1000     70623    1.00    1.00    0.00    1.00    2.00    12  listener
03:00:19 PM  1000     70679    1.00    0.00    0.00    0.00    1.00    18  listener
03:00:19 PM  1000     70690    1.00    0.00    0.00    0.00    1.00     1  listener
03:00:19 PM  1000     70701    0.00    1.00    0.00    0.00    1.00     0  listener
03:00:19 PM  1000     70719    1.00    0.00    0.00    0.00    1.00     3  listener
03:00:19 PM  1000     70758    1.00    0.00    0.00    0.00    1.00    13  listener
03:00:19 PM  1000     70797    1.00    0.00    0.00    0.00    1.00     1  listener
03:00:19 PM  1000     70800    0.00    1.00    0.00    0.00    1.00     4  listener
03:00:19 PM  1000     70846    0.00    1.00    0.00    0.00    1.00     7  listener
03:00:19 PM  1000     70848    1.00    1.00    0.00    0.00    2.00     1  listener
03:00:19 PM  1000     70850    1.00    0.00    0.00    0.00    1.00    13  listener
03:00:19 PM  1000     70896    1.00    0.00    0.00    0.00    1.00     1  listener
03:00:19 PM  1000     70899    0.00    0.00    0.00    0.00    0.00     8  listener
03:00:19 PM  1000     70919    1.00    1.00    0.00    0.00    2.00     1  listener
03:00:19 PM  1000     70939    1.00    1.00    0.00    0.00    2.00     0  listener
03:00:19 PM  1000     70941    0.00    1.00    0.00    0.00    1.00    13  listener
03:00:19 PM  1000     70943    1.00    0.00    0.00    0.00    1.00    14  listener
03:00:19 PM  1000     70994    1.00    1.00    0.00    0.00    2.00     1  listener
03:00:19 PM  1000     71010    1.00    1.00    0.00    0.00    2.00    18  listener
03:00:19 PM  1000     71012    0.00    1.00    0.00    0.00    1.00     3  listener
03:00:19 PM  1000     71014    1.00    1.00    0.00    0.00    2.00     8  listener
03:00:19 PM  1000     71016    1.00    0.00    0.00    0.00    1.00    19  listener
03:00:19 PM  1000     71037    0.00    1.00    0.00    0.00    1.00     6  listener
03:00:19 PM  1000     71056    0.00    1.00    0.00    0.00    1.00     7  listener
03:00:19 PM  1000     71077    0.00    0.00    0.00    0.00    0.00     3  listener
03:00:19 PM  1000     71096    1.00    0.00    0.00    0.00    1.00     8  listener
03:00:19 PM  1000     71118    1.00    1.00    0.00    0.00    2.00     4  listener
03:00:19 PM  1000     71138    1.00    0.00    0.00    0.00    1.00    17  listener
03:00:19 PM  1000     71140    1.00    1.00    0.00    0.00    2.00     7  listener
03:00:19 PM  1000     71160    1.00    0.00    0.00    0.00    1.00     3  listener
03:00:19 PM  1000     71162    0.00    0.00    0.00    0.00    0.00    12  listener
03:00:19 PM  1000     71173    0.00    0.00    0.00    0.00    0.00    12  listener

03:00:19 PM   UID       PID    %usr %system  %guest   %wait    %CPU   CPU  Command
03:00:20 PM  1000     69460    1.00    0.00    0.00    0.00    1.00    13  listener
03:00:20 PM  1000     69462    1.00    0.00    0.00    0.00    1.00     4  listener
03:00:20 PM  1000     69464    1.00    0.00    0.00    0.00    1.00     6  listener
03:00:20 PM  1000     69466    1.00    1.00    0.00    0.00    2.00    10  listener
03:00:20 PM  1000     69468    1.00    1.00    0.00    0.00    2.00    19  listener
03:00:20 PM  1000     69470    1.00    1.00    0.00    0.00    2.00    15  listener
03:00:20 PM  1000     69472    1.00    0.00    0.00    0.00    1.00     3  listener
03:00:20 PM  1000     69474    1.00    0.00    0.00    1.00    1.00    14  listener
03:00:20 PM  1000     69476    1.00    0.00    0.00    0.00    1.00     3  listener
03:00:20 PM  1000     69486    1.00    0.00    0.00    0.00    1.00     1  listener
03:00:20 PM  1000     69490    0.00    0.00    0.00    0.00    0.00    12  listener
03:00:20 PM  1000     69547    1.00    1.00    0.00    0.00    2.00    17  listener
03:00:20 PM  1000     69583    1.00    1.00    0.00    0.00    2.00     6  listener
03:00:20 PM  1000     69594    0.00    0.00    0.00    0.00    0.00    15  listener
03:00:20 PM  1000     69614    1.00    0.00    0.00    0.00    1.00     5  listener
03:00:20 PM  1000     69625    1.00    1.00    0.00    0.00    2.00     2  listener
03:00:20 PM  1000     69634    1.00    1.00    0.00    0.00    2.00     9  listener
03:00:20 PM  1000     69656    1.00    0.00    0.00    0.00    1.00    18  listener
03:00:20 PM  1000     69666    1.00    1.00    0.00    0.00    2.00     1  listener
03:00:20 PM  1000     69679    1.00    0.00    0.00    0.00    1.00     8  listener
03:00:20 PM  1000     69724    1.00    1.00    0.00    0.00    2.00     5  listener
03:00:20 PM  1000     69728    1.00    0.00    0.00    0.00    1.00     6  listener
03:00:20 PM  1000     69733    1.00    1.00    0.00    0.00    2.00     4  listener
03:00:20 PM  1000     69785    1.00    0.00    0.00    0.00    1.00    10  listener
03:00:20 PM  1000     69787    2.00    0.00    0.00    1.00    2.00     7  listener
03:00:20 PM  1000     69789    0.00    1.00    0.00    0.00    1.00    10  listener
03:00:20 PM  1000     69791    1.00    0.00    0.00    0.00    1.00    10  listener
03:00:20 PM  1000     69811    1.00    1.00    0.00    0.00    2.00     3  listener
03:00:20 PM  1000     69813    1.00    0.00    0.00    0.00    1.00     6  listener
03:00:20 PM  1000     69815    1.00    0.00    0.00    0.00    1.00     8  listener
03:00:20 PM  1000     69826    1.00    1.00    0.00    0.00    2.00     1  listener
03:00:20 PM  1000     69836    1.00    0.00    0.00    0.00    1.00    19  listener
03:00:20 PM  1000     69917    0.00    0.00    0.00    0.00    0.00     1  listener
03:00:20 PM  1000     70039    1.00    0.00    0.00    0.00    1.00     9  listener
03:00:20 PM  1000     70041    1.00    1.00    0.00    0.00    2.00    13  listener
03:00:20 PM  1000     70063    0.00    1.00    0.00    0.00    1.00    11  listener
03:00:20 PM  1000     70090    0.00    1.00    0.00    0.00    1.00     2  listener
03:00:20 PM  1000     70100    0.00    1.00    0.00    0.00    1.00    17  listener
03:00:20 PM  1000     70139    1.00    0.00    0.00    0.00    1.00     9  listener
03:00:20 PM  1000     70168    1.00    1.00    0.00    0.00    2.00     2  listener
03:00:20 PM  1000     70171    0.00    1.00    0.00    0.00    1.00    17  listener
03:00:20 PM  1000     70208    0.00    0.00    0.00    0.00    0.00    13  listener
03:00:20 PM  1000     70246    1.00    1.00    0.00    0.00    2.00    17  listener
03:00:20 PM  1000     70248    1.00    0.00    0.00    0.00    1.00    19  listener
03:00:20 PM  1000     70259    1.00    0.00    0.00    1.00    1.00     6  listener
03:00:20 PM  1000     70261    0.00    1.00    0.00    0.00    1.00    10  listener
03:00:20 PM  1000     70272    0.00    1.00    0.00    0.00    1.00     0  listener
03:00:20 PM  1000     70301    1.00    1.00    0.00    0.00    2.00    10  listener
03:00:20 PM  1000     70316    1.00    1.00    0.00    0.00    2.00     8  listener
03:00:20 PM  1000     70332    1.00    1.00    0.00    0.00    2.00    15  listener
03:00:20 PM  1000     70343    1.00    0.00    0.00    0.00    1.00    14  listener
03:00:20 PM  1000     70345    1.00    0.00    0.00    0.00    1.00     8  listener
03:00:20 PM  1000     70348    0.00    1.00    0.00    0.00    1.00     4  listener
03:00:20 PM  1000     70357    0.00    1.00    0.00    0.00    1.00     1  listener
03:00:20 PM  1000     70386    1.00    1.00    0.00    0.00    2.00     8  listener
03:00:20 PM  1000     70479    1.00    0.00    0.00    0.00    1.00     4  listener
03:00:20 PM  1000     70498    0.00    0.00    0.00    0.00    0.00    10  listener
03:00:20 PM  1000     70501    1.00    1.00    0.00    0.00    2.00    17  listener
03:00:20 PM  1000     70530    1.00    1.00    0.00    0.00    2.00    13  listener
03:00:20 PM  1000     70541    1.00    0.00    0.00    0.00    1.00    12  listener
03:00:20 PM  1000     70544    1.00    0.00    0.00    0.00    1.00     2  listener
03:00:20 PM  1000     70581    1.00    1.00    0.00    0.00    2.00     1  listener
03:00:20 PM  1000     70592    1.00    0.00    0.00    0.00    1.00     9  listener
03:00:20 PM  1000     70602    1.00    0.00    0.00    0.00    1.00     5  listener
03:00:20 PM  1000     70623    1.00    0.00    0.00    0.00    1.00    18  listener
03:00:20 PM  1000     70679    1.00    0.00    0.00    0.00    1.00    13  listener
03:00:20 PM  1000     70690    1.00    1.00    0.00    0.00    2.00    15  listener
03:00:20 PM  1000     70701    0.00    1.00    0.00    0.00    1.00    17  listener
03:00:20 PM  1000     70719    1.00    1.00    0.00    0.00    2.00     0  listener
03:00:20 PM  1000     70758    1.00    0.00    0.00    0.00    1.00    13  listener
03:00:20 PM  1000     70797    1.00    1.00    0.00    0.00    2.00    12  listener
03:00:20 PM  1000     70800    2.00    0.00    0.00    0.00    2.00     2  listener
03:00:20 PM  1000     70846    1.00    1.00    0.00    0.00    2.00    12  listener
03:00:20 PM  1000     70848    1.00    0.00    0.00    0.00    1.00     5  listener
03:00:20 PM  1000     70850    0.00    1.00    0.00    0.00    1.00    17  listener
03:00:20 PM  1000     70896    1.00    0.00    0.00    0.00    1.00     5  listener
03:00:20 PM  1000     70899    1.00    1.00    0.00    0.00    2.00     5  listener
03:00:20 PM  1000     70919    1.00    0.00    0.00    0.00    1.00     1  listener
03:00:20 PM  1000     70939    1.00    0.00    0.00    0.00    1.00     9  listener
03:00:20 PM  1000     70941    1.00    0.00    0.00    0.00    1.00    14  listener
03:00:20 PM  1000     70943    1.00    0.00    0.00    0.00    1.00    10  listener
03:00:20 PM  1000     70994    0.00    0.00    0.00    0.00    0.00     0  listener
03:00:20 PM  1000     71010    0.00    0.00    0.00    0.00    0.00    12  listener
03:00:20 PM  1000     71012    1.00    0.00    0.00    0.00    1.00     4  listener
03:00:20 PM  1000     71014    1.00    0.00    0.00    0.00    1.00     6  listener
03:00:20 PM  1000     71016    1.00    1.00    0.00    0.00    2.00    18  listener
03:00:20 PM  1000     71037    1.00    0.00    0.00    0.00    1.00     3  listener
03:00:20 PM  1000     71056    1.00    0.00    0.00    0.00    1.00     1  listener
03:00:20 PM  1000     71077    1.00    1.00    0.00    0.00    2.00    12  listener
03:00:20 PM  1000     71096    1.00    0.00    0.00    0.00    1.00     5  listener
03:00:20 PM  1000     71118    1.00    0.00    0.00    0.00    1.00    12  listener
03:00:20 PM  1000     71138    1.00    0.00    0.00    0.00    1.00    13  listener
03:00:20 PM  1000     71140    0.00    0.00    0.00    0.00    0.00     8  listener
03:00:20 PM  1000     71160    1.00    1.00    0.00    0.00    2.00    19  listener
03:00:20 PM  1000     71162    1.00    1.00    0.00    0.00    2.00     5  listener
03:00:20 PM  1000     71173    1.00    1.00    0.00    0.00    2.00     2  listener

03:00:20 PM   UID       PID    %usr %system  %guest   %wait    %CPU   CPU  Command
03:00:21 PM  1000     69460    1.00    1.00    0.00    0.00    2.00     8  listener
03:00:21 PM  1000     69462    0.00    1.00    0.00    0.00    1.00    10  listener
03:00:21 PM  1000     69464    0.00    1.00    0.00    0.00    1.00     7  listener
03:00:21 PM  1000     69466    1.00    0.00    0.00    0.00    1.00     8  listener
03:00:21 PM  1000     69468    1.00    0.00    0.00    0.00    1.00     7  listener
03:00:21 PM  1000     69470    1.00    0.00    0.00    0.00    1.00    18  listener
03:00:21 PM  1000     69472    0.00    1.00    0.00    0.00    1.00     2  listener
03:00:21 PM  1000     69474    1.00    0.00    0.00    0.00    1.00    16  listener
03:00:21 PM  1000     69476    0.00    0.00    0.00    0.00    0.00     3  listener
03:00:21 PM  1000     69486    1.00    1.00    0.00    0.00    2.00    10  listener
03:00:21 PM  1000     69490    1.00    1.00    0.00    0.00    2.00     0  listener
03:00:21 PM  1000     69547    0.00    0.00    0.00    0.00    0.00     8  listener
03:00:21 PM  1000     69583    1.00    0.00    0.00    0.00    1.00     0  listener
03:00:21 PM  1000     69594    0.00    1.00    0.00    0.00    1.00    18  listener
03:00:21 PM  1000     69614    1.00    0.00    0.00    0.00    1.00    12  listener
03:00:21 PM  1000     69625    0.00    0.00    0.00    0.00    0.00    12  listener
03:00:21 PM  1000     69634    1.00    0.00    0.00    0.00    1.00    10  listener
03:00:21 PM  1000     69656    0.00    1.00    0.00    0.00    1.00    11  listener
03:00:21 PM  1000     69666    0.00    0.00    0.00    0.00    0.00    17  listener
03:00:21 PM  1000     69679    1.00    0.00    0.00    0.00    1.00     7  listener
03:00:21 PM  1000     69724    1.00    0.00    0.00    0.00    1.00     9  listener
03:00:21 PM  1000     69728    0.00    1.00    0.00    0.00    1.00     2  listener
03:00:21 PM  1000     69733    0.00    0.00    0.00    0.00    0.00    19  listener
03:00:21 PM  1000     69785    1.00    0.00    0.00    0.00    1.00     6  listener
03:00:21 PM  1000     69787    0.00    0.00    0.00    0.00    0.00    11  listener
03:00:21 PM  1000     69789    1.00    0.00    0.00    0.00    1.00    13  listener
03:00:21 PM  1000     69791    1.00    1.00    0.00    0.00    2.00    16  listener
03:00:21 PM  1000     69811    0.00    0.00    0.00    0.00    0.00     2  listener
03:00:21 PM  1000     69813    1.00    1.00    0.00    0.00    2.00     6  listener
03:00:21 PM  1000     69815    1.00    0.00    0.00    0.00    1.00    11  listener
03:00:21 PM  1000     69826    1.00    0.00    0.00    0.00    1.00    12  listener
03:00:21 PM  1000     69836    0.00    1.00    0.00    0.00    1.00     5  listener
03:00:21 PM  1000     69917    1.00    0.00    0.00    0.00    1.00     1  listener
03:00:21 PM  1000     70039    1.00    1.00    0.00    0.00    2.00    17  listener
03:00:21 PM  1000     70041    0.00    1.00    0.00    0.00    1.00    12  listener
03:00:21 PM  1000     70063    1.00    0.00    0.00    0.00    1.00    13  listener
03:00:21 PM  1000     70090    1.00    1.00    0.00    0.00    2.00    12  listener
03:00:21 PM  1000     70100    1.00    0.00    0.00    0.00    1.00     8  listener
03:00:21 PM  1000     70139    0.00    1.00    0.00    0.00    1.00    14  listener
03:00:21 PM  1000     70168    0.00    0.00    0.00    0.00    0.00     2  listener
03:00:21 PM  1000     70171    1.00    0.00    0.00    0.00    1.00     2  listener
03:00:21 PM  1000     70208    1.00    1.00    0.00    0.00    2.00     2  listener
03:00:21 PM  1000     70246    1.00    0.00    0.00    0.00    1.00     3  listener
03:00:21 PM  1000     70248    1.00    0.00    0.00    0.00    1.00     3  listener
03:00:21 PM  1000     70259    0.00    0.00    0.00    0.00    0.00     3  listener
03:00:21 PM  1000     70261    0.00    0.00    0.00    0.00    0.00     3  listener
03:00:21 PM  1000     70272    1.00    0.00    0.00    0.00    1.00    19  listener
03:00:21 PM  1000     70301    0.00    0.00    0.00    0.00    0.00    11  listener
03:00:21 PM  1000     70316    0.00    0.00    0.00    0.00    0.00    14  listener
03:00:21 PM  1000     70332    0.00    0.00    0.00    0.00    0.00     3  listener
03:00:21 PM  1000     70343    1.00    1.00    0.00    0.00    2.00     8  listener
03:00:21 PM  1000     70345    1.00    1.00    0.00    0.00    2.00    15  listener
03:00:21 PM  1000     70348    1.00    0.00    0.00    0.00    1.00    15  listener
03:00:21 PM  1000     70357    1.00    0.00    0.00    0.00    1.00    10  listener
03:00:21 PM  1000     70386    1.00    0.00    0.00    0.00    1.00     6  listener
03:00:21 PM  1000     70479    0.00    1.00    0.00    0.00    1.00     2  listener
03:00:21 PM  1000     70498    1.00    1.00    0.00    0.00    2.00    10  listener
03:00:21 PM  1000     70501    0.00    1.00    0.00    0.00    1.00     0  listener
03:00:21 PM  1000     70530    0.00    1.00    0.00    0.00    1.00    14  listener
03:00:21 PM  1000     70541    0.00    0.00    0.00    0.00    0.00    16  listener
03:00:21 PM  1000     70544    1.00    1.00    0.00    0.00    2.00    12  listener
03:00:21 PM  1000     70581    1.00    0.00    0.00    0.00    1.00     6  listener
03:00:21 PM  1000     70592    0.00    0.00    0.00    0.00    0.00     0  listener
03:00:21 PM  1000     70602    1.00    0.00    0.00    0.00    1.00    10  listener
03:00:21 PM  1000     70623    0.00    0.00    0.00    0.00    0.00     3  listener
03:00:21 PM  1000     70679    1.00    0.00    0.00    0.00    1.00     6  listener
03:00:21 PM  1000     70690    0.00    0.00    0.00    0.00    0.00     1  listener
03:00:21 PM  1000     70701    1.00    0.00    0.00    0.00    1.00    15  listener
03:00:21 PM  1000     70719    0.00    0.00    0.00    0.00    0.00    19  listener
03:00:21 PM  1000     70758    1.00    1.00    0.00    0.00    2.00     2  listener
03:00:21 PM  1000     70797    1.00    0.00    0.00    0.00    1.00    12  listener
03:00:21 PM  1000     70800    0.00    0.00    0.00    0.00    0.00    17  listener
03:00:21 PM  1000     70846    1.00    0.00    0.00    0.00    1.00     5  listener
03:00:21 PM  1000     70848    1.00    0.00    0.00    0.00    1.00    11  listener
03:00:21 PM  1000     70850    1.00    0.00    0.00    0.00    1.00     0  listener
03:00:21 PM  1000     70896    1.00    0.00    0.00    0.00    1.00    14  listener
03:00:21 PM  1000     70899    1.00    0.00    0.00    0.00    1.00    19  listener
03:00:21 PM  1000     70919    1.00    1.00    0.00    0.00    2.00    18  listener
03:00:21 PM  1000     70939    0.00    1.00    0.00    0.00    1.00     9  listener
03:00:21 PM  1000     70941    1.00    0.00    0.00    0.00    1.00    13  listener
03:00:21 PM  1000     70943    1.00    0.00    0.00    0.00    1.00     8  listener
03:00:21 PM  1000     70994    1.00    0.00    0.00    0.00    1.00     0  listener
03:00:21 PM  1000     71010    1.00    1.00    0.00    0.00    2.00    13  listener
03:00:21 PM  1000     71012    0.00    0.00    0.00    0.00    0.00     7  listener
03:00:21 PM  1000     71014    1.00    1.00    0.00    0.00    2.00     7  listener
03:00:21 PM  1000     71016    1.00    0.00    0.00    0.00    1.00     6  listener
03:00:21 PM  1000     71037    1.00    0.00    0.00    0.00    1.00     9  listener
03:00:21 PM  1000     71056    1.00    0.00    0.00    0.00    1.00     3  listener
03:00:21 PM  1000     71077    0.00    1.00    0.00    0.00    1.00     0  listener
03:00:21 PM  1000     71096    1.00    1.00    0.00    0.00    2.00    15  listener
03:00:21 PM  1000     71118    1.00    0.00    0.00    0.00    1.00     9  listener
03:00:21 PM  1000     71138    1.00    1.00    0.00    0.00    2.00    19  listener
03:00:21 PM  1000     71140    1.00    1.00    0.00    0.00    2.00    12  listener
03:00:21 PM  1000     71160    0.00    0.00    0.00    0.00    0.00     0  listener
03:00:21 PM  1000     71162    0.00    1.00    0.00    0.00    1.00    18  listener
03:00:21 PM  1000     71173    1.00    0.00    0.00    0.00    1.00     6  listener

03:00:21 PM   UID       PID    %usr %system  %guest   %wait    %CPU   CPU  Command
03:00:22 PM  1000     69460    0.00    0.00    0.00    0.00    0.00    10  listener
03:00:22 PM  1000     69462    1.00    0.00    0.00    0.00    1.00    14  listener
03:00:22 PM  1000     69464    1.00    0.00    0.00    0.00    1.00    12  listener
03:00:22 PM  1000     69466    1.00    0.00    0.00    0.00    1.00     5  listener
03:00:22 PM  1000     69468    0.00    1.00    0.00    0.00    1.00     1  listener
03:00:22 PM  1000     69470    0.00    0.00    0.00    0.00    0.00    15  listener
03:00:22 PM  1000     69472    1.00    0.00    0.00    0.00    1.00    19  listener
03:00:22 PM  1000     69474    0.00    1.00    0.00    0.00    1.00    11  listener
03:00:22 PM  1000     69476    1.00    0.00    0.00    0.00    1.00    10  listener
03:00:22 PM  1000     69486    0.00    0.00    0.00    0.00    0.00    14  listener
03:00:22 PM  1000     69490    0.00    0.00    0.00    0.00    0.00    16  listener
03:00:22 PM  1000     69547    1.00    1.00    0.00    0.00    2.00     5  listener
03:00:22 PM  1000     69583    1.00    0.00    0.00    0.00    1.00    18  listener
03:00:22 PM  1000     69594    1.00    0.00    0.00    0.00    1.00    16  listener
03:00:22 PM  1000     69614    0.00    1.00    0.00    0.00    1.00     0  listener
03:00:22 PM  1000     69625    1.00    0.00    0.00    0.00    1.00     6  listener
03:00:22 PM  1000     69634    0.00    1.00    0.00    0.00    1.00    16  listener
03:00:22 PM  1000     69656    1.00    0.00    0.00    0.00    1.00     8  listener
03:00:22 PM  1000     69666    1.00    1.00    0.00    0.00    2.00     2  listener
03:00:22 PM  1000     69679    0.00    0.00    0.00    0.00    0.00     2  listener
03:00:22 PM  1000     69724    0.00    0.00    0.00    0.00    0.00     8  listener
03:00:22 PM  1000     69728    1.00    0.00    0.00    0.00    1.00    10  listener
03:00:22 PM  1000     69733    1.00    0.00    0.00    0.00    1.00     2  listener
03:00:22 PM  1000     69785    1.00    0.00    0.00    0.00    1.00     0  listener
03:00:22 PM  1000     69787    1.00    0.00    0.00    0.00    1.00    13  listener
03:00:22 PM  1000     69789    1.00    0.00    0.00    0.00    1.00    10  listener
03:00:22 PM  1000     69791    0.00    0.00    0.00    0.00    0.00     3  listener
03:00:22 PM  1000     69811    1.00    0.00    0.00    0.00    1.00     6  listener
03:00:22 PM  1000     69813    1.00    0.00    0.00    0.00    1.00    11  listener
03:00:22 PM  1000     69815    0.00    1.00    0.00    0.00    1.00    17  listener
03:00:22 PM  1000     69826    1.00    1.00    0.00    0.00    2.00     6  listener
03:00:22 PM  1000     69836    1.00    0.00    0.00    0.00    1.00     6  listener
03:00:22 PM  1000     69917    1.00    0.00    0.00    0.00    1.00    15  listener
03:00:22 PM  1000     70039    0.00    0.00    0.00    0.00    0.00    10  listener
03:00:22 PM  1000     70041    1.00    0.00    0.00    0.00    1.00     8  listener
03:00:22 PM  1000     70063    0.00    1.00    0.00    0.00    1.00     4  listener
03:00:22 PM  1000     70090    1.00    0.00    0.00    0.00    1.00    17  listener
03:00:22 PM  1000     70100    1.00    0.00    0.00    0.00    1.00     0  listener
03:00:22 PM  1000     70139    1.00    0.00    0.00    0.00    1.00    19  listener
03:00:22 PM  1000     70168    1.00    0.00    0.00    0.00    1.00     3  listener
03:00:22 PM  1000     70171    1.00    0.00    0.00    0.00    1.00     2  listener
03:00:22 PM  1000     70208    0.00    0.00    0.00    0.00    0.00     5  listener
03:00:22 PM  1000     70246    0.00    1.00    0.00    0.00    1.00     1  listener
03:00:22 PM  1000     70248    1.00    1.00    0.00    0.00    2.00     1  listener
03:00:22 PM  1000     70259    1.00    1.00    0.00    0.00    2.00    15  listener
03:00:22 PM  1000     70261    1.00    1.00    0.00    0.00    2.00     3  listener
03:00:22 PM  1000     70272    0.00    0.00    0.00    0.00    0.00    14  listener
03:00:22 PM  1000     70301    1.00    0.00    0.00    0.00    1.00    12  listener
03:00:22 PM  1000     70316    1.00    0.00    0.00    0.00    1.00    17  listener
03:00:22 PM  1000     70332    1.00    0.00    0.00    0.00    1.00     2  listener
03:00:22 PM  1000     70343    1.00    0.00    0.00    1.00    1.00    16  listener
03:00:22 PM  1000     70345    1.00    0.00    0.00    0.00    1.00     8  listener
03:00:22 PM  1000     70348    0.00    1.00    0.00    0.00    1.00    13  listener
03:00:22 PM  1000     70357    1.00    0.00    0.00    0.00    1.00     5  listener
03:00:22 PM  1000     70386    0.00    1.00    0.00    0.00    1.00    12  listener
03:00:22 PM  1000     70479    1.00    0.00    0.00    0.00    1.00     4  listener
03:00:22 PM  1000     70498    0.00    0.00    0.00    0.00    0.00    10  listener
03:00:22 PM  1000     70501    1.00    0.00    0.00    0.00    1.00     0  listener
03:00:22 PM  1000     70530    1.00    0.00    0.00    0.00    1.00     1  listener
03:00:22 PM  1000     70541    1.00    1.00    0.00    0.00    2.00     3  listener
03:00:22 PM  1000     70544    1.00    0.00    0.00    0.00    1.00    12  listener
03:00:22 PM  1000     70581    1.00    0.00    0.00    0.00    1.00    17  listener
03:00:22 PM  1000     70592    1.00    1.00    0.00    0.00    2.00     1  listener
03:00:22 PM  1000     70602    1.00    0.00    0.00    0.00    1.00     5  listener
03:00:22 PM  1000     70623    1.00    1.00    0.00    0.00    2.00     8  listener
03:00:22 PM  1000     70679    0.00    1.00    0.00    0.00    1.00    10  listener
03:00:22 PM  1000     70690    1.00    1.00    0.00    0.00    2.00    12  listener
03:00:22 PM  1000     70701    0.00    0.00    0.00    0.00    0.00     2  listener
03:00:22 PM  1000     70719    1.00    1.00    0.00    0.00    2.00     7  listener
03:00:22 PM  1000     70758    0.00    0.00    0.00    0.00    0.00     2  listener
03:00:22 PM  1000     70797    0.00    1.00    0.00    0.00    1.00    11  listener
03:00:22 PM  1000     70800    1.00    0.00    0.00    0.00    1.00    12  listener
03:00:22 PM  1000     70846    0.00    1.00    0.00    0.00    1.00     5  listener
03:00:22 PM  1000     70848    0.00    1.00    0.00    0.00    1.00     3  listener
03:00:22 PM  1000     70850    0.00    0.00    0.00    0.00    0.00    15  listener
03:00:22 PM  1000     70896    0.00    1.00    0.00    0.00    1.00     6  listener
03:00:22 PM  1000     70899    0.00    1.00    0.00    0.00    1.00     0  listener
03:00:22 PM  1000     70919    0.00    0.00    0.00    0.00    0.00     0  listener
03:00:22 PM  1000     70939    1.00    0.00    0.00    0.00    1.00    19  listener
03:00:22 PM  1000     70941    1.00    1.00    0.00    0.00    2.00     9  listener
03:00:22 PM  1000     70943    0.00    1.00    0.00    0.00    1.00    10  listener
03:00:22 PM  1000     70994    0.00    1.00    0.00    0.00    1.00    10  listener
03:00:22 PM  1000     71010    1.00    0.00    0.00    0.00    1.00     9  listener
03:00:22 PM  1000     71012    1.00    1.00    0.00    0.00    2.00     6  listener
03:00:22 PM  1000     71014    0.00    0.00    0.00    0.00    0.00     3  listener
03:00:22 PM  1000     71016    1.00    0.00    0.00    0.00    1.00     9  listener
03:00:22 PM  1000     71037    0.00    1.00    0.00    0.00    1.00     6  listener
03:00:22 PM  1000     71056    1.00    1.00    0.00    0.00    2.00     3  listener
03:00:22 PM  1000     71077    1.00    0.00    0.00    0.00    1.00     8  listener
03:00:22 PM  1000     71096    0.00    0.00    0.00    0.00    0.00    10  listener
03:00:22 PM  1000     71118    1.00    0.00    0.00    0.00    1.00     5  listener
03:00:22 PM  1000     71138    0.00    0.00    0.00    0.00    0.00     8  listener
03:00:22 PM  1000     71140    1.00    0.00    0.00    0.00    1.00     0  listener
03:00:22 PM  1000     71160    1.00    1.00    0.00    0.00    2.00    10  listener
03:00:22 PM  1000     71162    1.00    0.00    0.00    0.00    1.00    16  listener
03:00:22 PM  1000     71173    0.00    1.00    0.00    0.00    1.00     0  listener

03:00:22 PM   UID       PID    %usr %system  %guest   %wait    %CPU   CPU  Command
03:00:23 PM  1000     69460    1.00    0.00    0.00    0.00    1.00     5  listener
03:00:23 PM  1000     69462    0.00    0.00    0.00    0.00    0.00     3  listener
03:00:23 PM  1000     69464    0.00    0.00    0.00    0.00    0.00     3  listener
03:00:23 PM  1000     69466    0.00    0.00    0.00    0.00    0.00     3  listener
03:00:23 PM  1000     69468    1.00    0.00    0.00    0.00    1.00     5  listener
03:00:23 PM  1000     69470    1.00    1.00    0.00    0.00    2.00     7  listener
03:00:23 PM  1000     69472    1.00    1.00    0.00    0.00    2.00     3  listener
03:00:23 PM  1000     69474    1.00    0.00    0.00    0.00    1.00     3  listener
03:00:23 PM  1000     69476    0.00    1.00    0.00    0.00    1.00     6  listener
03:00:23 PM  1000     69486    1.00    0.00    0.00    0.00    1.00    18  listener
03:00:23 PM  1000     69490    1.00    1.00    0.00    0.00    2.00     7  listener
03:00:23 PM  1000     69547    0.00    0.00    0.00    0.00    0.00     8  listener
03:00:23 PM  1000     69583    0.00    0.00    0.00    0.00    0.00     2  listener
03:00:23 PM  1000     69594    1.00    0.00    0.00    0.00    1.00    13  listener
03:00:23 PM  1000     69614    1.00    0.00    0.00    0.00    1.00     2  listener
03:00:23 PM  1000     69625    1.00    0.00    0.00    0.00    1.00    17  listener
03:00:23 PM  1000     69634    1.00    0.00    0.00    0.00    1.00    12  listener
03:00:23 PM  1000     69656    0.00    0.00    0.00    0.00    0.00    11  listener
03:00:23 PM  1000     69666    1.00    0.00    0.00    0.00    1.00     5  listener
03:00:23 PM  1000     69679    1.00    1.00    0.00    0.00    2.00    17  listener
03:00:23 PM  1000     69724    1.00    0.00    0.00    0.00    1.00     0  listener
03:00:23 PM  1000     69728    1.00    1.00    0.00    0.00    2.00    13  listener
03:00:23 PM  1000     69733    0.00    1.00    0.00    0.00    1.00     5  listener
03:00:23 PM  1000     69785    0.00    0.00    0.00    0.00    0.00     3  listener
03:00:23 PM  1000     69787    1.00    0.00    0.00    0.00    1.00    14  listener
03:00:23 PM  1000     69789    0.00    1.00    0.00    0.00    1.00     1  listener
03:00:23 PM  1000     69791    1.00    0.00    0.00    0.00    1.00     6  listener
03:00:23 PM  1000     69811    0.00    0.00    0.00    0.00    0.00     1  listener
03:00:23 PM  1000     69813    0.00    0.00    0.00    0.00    0.00    12  listener
03:00:23 PM  1000     69815    1.00    0.00    0.00    0.00    1.00     3  listener
03:00:23 PM  1000     69826    1.00    0.00    0.00    0.00    1.00     6  listener
03:00:23 PM  1000     69836    0.00    0.00    0.00    0.00    0.00    12  listener
03:00:23 PM  1000     69917    1.00    0.00    0.00    0.00    1.00    18  listener
03:00:23 PM  1000     70039    1.00    1.00    0.00    0.00    2.00     0  listener
03:00:23 PM  1000     70041    0.00    0.00    0.00    0.00    0.00     7  listener
03:00:23 PM  1000     70063    1.00    0.00    0.00    0.00    1.00     8  listener
03:00:23 PM  1000     70090    1.00    0.00    0.00    0.00    1.00     1  listener
03:00:23 PM  1000     70100    1.00    0.00    0.00    0.00    1.00     0  listener
03:00:23 PM  1000     70139    0.00    1.00    0.00    0.00    1.00    13  listener
03:00:23 PM  1000     70168    1.00    1.00    0.00    0.00    2.00     3  listener
03:00:23 PM  1000     70171    0.00    1.00    0.00    0.00    1.00     8  listener
03:00:23 PM  1000     70208    1.00    0.00    0.00    0.00    1.00     6  listener
03:00:23 PM  1000     70246    1.00    0.00    0.00    0.00    1.00     8  listener
03:00:23 PM  1000     70248    0.00    0.00    0.00    0.00    0.00     1  listener
03:00:23 PM  1000     70259    0.00    0.00    0.00    0.00    0.00     9  listener
03:00:23 PM  1000     70261    0.00    0.00    0.00    0.00    0.00    10  listener
03:00:23 PM  1000     70272    1.00    1.00    0.00    0.00    2.00     7  listener
03:00:23 PM  1000     70301    1.00    0.00    0.00    0.00    1.00     4  listener
03:00:23 PM  1000     70316    1.00    1.00    0.00    0.00    2.00    17  listener
03:00:23 PM  1000     70332    1.00    0.00    0.00    0.00    1.00     4  listener
03:00:23 PM  1000     70343    0.00    0.00    0.00    0.00    0.00     3  listener
03:00:23 PM  1000     70345    0.00    0.00    0.00    0.00    0.00     6  listener
03:00:23 PM  1000     70348    1.00    0.00    0.00    0.00    1.00     4  listener
03:00:23 PM  1000     70357    0.00    0.00    0.00    0.00    0.00     1  listener
03:00:23 PM  1000     70386    1.00    0.00    0.00    0.00    1.00     0  listener
03:00:23 PM  1000     70479    1.00    0.00    0.00    0.00    1.00    10  listener
03:00:23 PM  1000     70498    1.00    0.00    0.00    0.00    1.00    16  listener
03:00:23 PM  1000     70501    1.00    0.00    0.00    0.00    1.00    11  listener
03:00:23 PM  1000     70530    0.00    0.00    0.00    0.00    0.00    10  listener
03:00:23 PM  1000     70541    0.00    0.00    0.00    0.00    0.00     7  listener
03:00:23 PM  1000     70544    0.00    0.00    0.00    0.00    0.00     3  listener
03:00:23 PM  1000     70581    0.00    1.00    0.00    0.00    1.00     3  listener
03:00:23 PM  1000     70592    0.00    0.00    0.00    0.00    0.00     1  listener
03:00:23 PM  1000     70602    1.00    1.00    0.00    0.00    2.00     6  listener
03:00:23 PM  1000     70623    1.00    0.00    0.00    0.00    1.00     7  listener
03:00:23 PM  1000     70679    1.00    0.00    0.00    0.00    1.00     3  listener
03:00:23 PM  1000     70690    0.00    0.00    0.00    0.00    0.00     6  listener
03:00:23 PM  1000     70701    1.00    1.00    0.00    0.00    2.00     7  listener
03:00:23 PM  1000     70719    0.00    0.00    0.00    0.00    0.00    13  listener
03:00:23 PM  1000     70758    1.00    1.00    0.00    0.00    2.00    13  listener
03:00:23 PM  1000     70797    1.00    0.00    0.00    0.00    1.00     1  listener
03:00:23 PM  1000     70800    0.00    1.00    0.00    0.00    1.00    11  listener
03:00:23 PM  1000     70846    1.00    0.00    0.00    0.00    1.00    13  listener
03:00:23 PM  1000     70848    1.00    0.00    0.00    0.00    1.00    12  listener
03:00:23 PM  1000     70850    1.00    0.00    0.00    0.00    1.00     0  listener
03:00:23 PM  1000     70896    1.00    0.00    0.00    0.00    1.00     1  listener
03:00:23 PM  1000     70899    1.00    0.00    0.00    0.00    1.00    13  listener
03:00:23 PM  1000     70919    1.00    0.00    0.00    0.00    1.00    13  listener
03:00:23 PM  1000     70939    1.00    0.00    0.00    0.00    1.00     1  listener
03:00:23 PM  1000     70941    0.00    0.00    0.00    0.00    0.00    10  listener
03:00:23 PM  1000     70943    1.00    0.00    0.00    0.00    1.00     3  listener
03:00:23 PM  1000     70994    1.00    0.00    0.00    0.00    1.00     8  listener
03:00:23 PM  1000     71010    0.00    1.00    0.00    0.00    1.00    10  listener
03:00:23 PM  1000     71012    1.00    0.00    0.00    0.00    1.00     9  listener
03:00:23 PM  1000     71014    1.00    0.00    0.00    0.00    1.00     3  listener
03:00:23 PM  1000     71016    0.00    0.00    0.00    0.00    0.00    18  listener
03:00:23 PM  1000     71037    1.00    0.00    0.00    0.00    1.00    12  listener
03:00:23 PM  1000     71056    0.00    0.00    0.00    0.00    0.00     4  listener
03:00:23 PM  1000     71077    1.00    0.00    0.00    0.00    1.00     4  listener
03:00:23 PM  1000     71096    1.00    0.00    0.00    0.00    1.00     3  listener
03:00:23 PM  1000     71118    0.00    0.00    0.00    0.00    0.00     3  listener
03:00:23 PM  1000     71138    1.00    0.00    0.00    0.00    1.00     9  listener
03:00:23 PM  1000     71140    0.00    0.00    0.00    0.00    0.00    19  listener
03:00:23 PM  1000     71160    0.00    0.00    0.00    0.00    0.00     1  listener
03:00:23 PM  1000     71162    0.00    0.00    0.00    0.00    0.00    14  listener
03:00:23 PM  1000     71173    1.00    0.00    0.00    0.00    1.00    12  listener

03:00:23 PM   UID       PID    %usr %system  %guest   %wait    %CPU   CPU  Command
03:00:24 PM  1000     69460    1.00    1.00    0.00    0.00    2.00     3  listener
03:00:24 PM  1000     69462    1.00    0.00    0.00    0.00    1.00    16  listener
03:00:24 PM  1000     69464    0.00    1.00    0.00    0.00    1.00     6  listener
03:00:24 PM  1000     69466    1.00    1.00    0.00    0.00    2.00     2  listener
03:00:24 PM  1000     69468    0.00    1.00    0.00    0.00    1.00     8  listener
03:00:24 PM  1000     69470    0.00    0.00    0.00    0.00    0.00    13  listener
03:00:24 PM  1000     69472    0.00    0.00    0.00    0.00    0.00    11  listener
03:00:24 PM  1000     69474    1.00    0.00    0.00    0.00    1.00    13  listener
03:00:24 PM  1000     69476    1.00    0.00    0.00    0.00    1.00    14  listener
03:00:24 PM  1000     69486    1.00    1.00    0.00    0.00    2.00    17  listener
03:00:24 PM  1000     69490    0.00    0.00    0.00    0.00    0.00     7  listener
03:00:24 PM  1000     69547    1.00    0.00    0.00    0.00    1.00     6  listener
03:00:24 PM  1000     69583    1.00    1.00    0.00    0.00    2.00    15  listener
03:00:24 PM  1000     69594    0.00    0.00    0.00    0.00    0.00    13  listener
03:00:24 PM  1000     69614    0.00    0.00    0.00    0.00    0.00    10  listener
03:00:24 PM  1000     69625    0.00    1.00    0.00    0.00    1.00     0  listener
03:00:24 PM  1000     69634    1.00    0.00    0.00    0.00    1.00     3  listener
03:00:24 PM  1000     69656    1.00    1.00    0.00    0.00    2.00     3  listener
03:00:24 PM  1000     69666    0.00    0.00    0.00    0.00    0.00     1  listener
03:00:24 PM  1000     69679    0.00    0.00    0.00    0.00    0.00    17  listener
03:00:24 PM  1000     69724    1.00    1.00    0.00    0.00    2.00     6  listener
03:00:24 PM  1000     69728    0.00    0.00    0.00    0.00    0.00     3  listener
03:00:24 PM  1000     69733    1.00    0.00    0.00    0.00    1.00    12  listener
03:00:24 PM  1000     69785    1.00    1.00    0.00    0.00    2.00     6  listener
03:00:24 PM  1000     69787    0.00    1.00    0.00    0.00    1.00    11  listener
03:00:24 PM  1000     69789    1.00    0.00    0.00    0.00    1.00     6  listener
03:00:24 PM  1000     69791    0.00    1.00    0.00    0.00    1.00    11  listener
03:00:24 PM  1000     69811    1.00    0.00    0.00    0.00    1.00     9  listener
03:00:24 PM  1000     69813    1.00    0.00    0.00    0.00    1.00    18  listener
03:00:24 PM  1000     69815    0.00    0.00    0.00    0.00    0.00     8  listener
03:00:24 PM  1000     69826    1.00    0.00    0.00    0.00    1.00     3  listener
03:00:24 PM  1000     69836    1.00    1.00    0.00    0.00    2.00    19  listener
03:00:24 PM  1000     69917    0.00    1.00    0.00    0.00    1.00    13  listener
03:00:24 PM  1000     70039    0.00    0.00    0.00    0.00    0.00     0  listener
03:00:24 PM  1000     70041    1.00    1.00    0.00    0.00    2.00     3  listener
03:00:24 PM  1000     70063    0.00    0.00    0.00    0.00    0.00     8  listener
03:00:24 PM  1000     70090    1.00    0.00    0.00    0.00    1.00     1  listener
03:00:24 PM  1000     70100    0.00    1.00    0.00    0.00    1.00     9  listener
03:00:24 PM  1000     70139    1.00    0.00    0.00    0.00    1.00     6  listener
03:00:24 PM  1000     70168    0.00    0.00    0.00    0.00    0.00     5  listener
03:00:24 PM  1000     70171    1.00    0.00    0.00    0.00    1.00    16  listener
03:00:24 PM  1000     70208    1.00    1.00    0.00    0.00    2.00    16  listener
03:00:24 PM  1000     70246    0.00    0.00    0.00    0.00    0.00     8  listener
03:00:24 PM  1000     70248    1.00    0.00    0.00    0.00    1.00     6  listener
03:00:24 PM  1000     70259    1.00    0.00    0.00    0.00    1.00     9  listener
03:00:24 PM  1000     70261    1.00    0.00    0.00    0.00    1.00    12  listener
03:00:24 PM  1000     70272    0.00    0.00    0.00    0.00    0.00    11  listener
03:00:24 PM  1000     70301    1.00    0.00    0.00    0.00    1.00    13  listener
03:00:24 PM  1000     70316    0.00    0.00    0.00    0.00    0.00     8  listener
03:00:24 PM  1000     70332    0.00    1.00    0.00    0.00    1.00     8  listener
03:00:24 PM  1000     70343    1.00    0.00    0.00    0.00    1.00     8  listener
03:00:24 PM  1000     70345    1.00    0.00    0.00    0.00    1.00    10  listener
03:00:24 PM  1000     70348    0.00    1.00    0.00    0.00    1.00    16  listener
03:00:24 PM  1000     70357    1.00    1.00    0.00    0.00    2.00    10  listener
03:00:24 PM  1000     70386    0.00    0.00    0.00    0.00    0.00    13  listener
03:00:24 PM  1000     70479    0.00    1.00    0.00    0.00    1.00    12  listener
03:00:24 PM  1000     70498    0.00    0.00    0.00    0.00    0.00     6  listener
03:00:24 PM  1000     70501    0.00    1.00    0.00    0.00    1.00     1  listener
03:00:24 PM  1000     70530    1.00    1.00    0.00    0.00    2.00    10  listener
03:00:24 PM  1000     70541    1.00    1.00    0.00    0.00    2.00     8  listener
03:00:24 PM  1000     70544    1.00    0.00    0.00    0.00    1.00     8  listener
03:00:24 PM  1000     70581    1.00    0.00    0.00    0.00    1.00     2  listener
03:00:24 PM  1000     70592    1.00    0.00    0.00    0.00    1.00     1  listener
03:00:24 PM  1000     70602    0.00    0.00    0.00    0.00    0.00    17  listener
03:00:24 PM  1000     70623    0.00    1.00    0.00    0.00    1.00    18  listener
03:00:24 PM  1000     70679    0.00    0.00    0.00    0.00    0.00     5  listener
03:00:24 PM  1000     70690    1.00    1.00    0.00    0.00    2.00    17  listener
03:00:24 PM  1000     70701    0.00    0.00    0.00    0.00    0.00     1  listener
03:00:24 PM  1000     70719    1.00    0.00    0.00    0.00    1.00     2  listener
03:00:24 PM  1000     70758    0.00    0.00    0.00    0.00    0.00    14  listener
03:00:24 PM  1000     70797    0.00    0.00    0.00    0.00    0.00     9  listener
03:00:24 PM  1000     70800    1.00    0.00    0.00    0.00    1.00    13  listener
03:00:24 PM  1000     70846    0.00    1.00    0.00    0.00    1.00     0  listener
03:00:24 PM  1000     70848    1.00    0.00    0.00    0.00    1.00    16  listener
03:00:24 PM  1000     70850    1.00    1.00    0.00    0.00    2.00     0  listener
03:00:24 PM  1000     70896    1.00    0.00    0.00    0.00    1.00     3  listener
03:00:24 PM  1000     70899    0.00    0.00    0.00    0.00    0.00    15  listener
03:00:24 PM  1000     70919    0.00    0.00    0.00    0.00    0.00     0  listener
03:00:24 PM  1000     70939    0.00    1.00    0.00    0.00    1.00    14  listener
03:00:24 PM  1000     70941    1.00    0.00    0.00    0.00    1.00    12  listener
03:00:24 PM  1000     70943    0.00    0.00    0.00    0.00    0.00     0  listener
03:00:24 PM  1000     70994    1.00    0.00    0.00    0.00    1.00     6  listener
03:00:24 PM  1000     71010    1.00    0.00    0.00    0.00    1.00    14  listener
03:00:24 PM  1000     71012    0.00    0.00    0.00    0.00    0.00    14  listener
03:00:24 PM  1000     71014    1.00    0.00    0.00    0.00    1.00     3  listener
03:00:24 PM  1000     71016    1.00    0.00    0.00    0.00    1.00    13  listener
03:00:24 PM  1000     71037    1.00    0.00    0.00    0.00    1.00    10  listener
03:00:24 PM  1000     71056    0.00    1.00    0.00    0.00    1.00     3  listener
03:00:24 PM  1000     71077    0.00    1.00    0.00    0.00    1.00     1  listener
03:00:24 PM  1000     71096    1.00    0.00    0.00    0.00    1.00     3  listener
03:00:24 PM  1000     71118    1.00    1.00    0.00    0.00    2.00     1  listener
03:00:24 PM  1000     71138    0.00    1.00    0.00    0.00    1.00     8  listener
03:00:24 PM  1000     71140    1.00    1.00    0.00    0.00    2.00     6  listener
03:00:24 PM  1000     71160    1.00    1.00    0.00    0.00    2.00    12  listener
03:00:24 PM  1000     71162    1.00    1.00    0.00    0.00    2.00     8  listener
03:00:24 PM  1000     71173    0.00    0.00    0.00    0.00    0.00    17  listener

03:00:24 PM   UID       PID    %usr %system  %guest   %wait    %CPU   CPU  Command
03:00:25 PM  1000     69460    1.00    0.00    0.00    0.00    1.00    13  listener
03:00:25 PM  1000     69462    1.00    0.00    0.00    0.00    1.00     0  listener
03:00:25 PM  1000     69464    2.00    0.00    0.00    0.00    2.00     6  listener
03:00:25 PM  1000     69466    2.00    0.00    0.00    0.00    2.00    12  listener
03:00:25 PM  1000     69468    1.00    1.00    0.00    0.00    2.00     4  listener
03:00:25 PM  1000     69470    1.00    1.00    0.00    0.00    2.00    15  listener
03:00:25 PM  1000     69472    2.00    1.00    0.00    0.00    3.00    10  listener
03:00:25 PM  1000     69474    1.00    1.00    0.00    0.00    2.00     7  listener
03:00:25 PM  1000     69476    1.00    0.00    0.00    0.00    1.00    15  listener
03:00:25 PM  1000     69486    1.00    0.00    0.00    0.00    1.00     2  listener
03:00:25 PM  1000     69490    1.00    1.00    0.00    0.00    2.00    13  listener
03:00:25 PM  1000     69547    1.00    1.00    0.00    0.00    2.00    15  listener
03:00:25 PM  1000     69583    1.00    0.00    0.00    0.00    1.00     3  listener
03:00:25 PM  1000     69594    1.00    1.00    0.00    0.00    2.00     0  listener
03:00:25 PM  1000     69614    1.00    2.00    0.00    0.00    3.00    12  listener
03:00:25 PM  1000     69625    1.00    0.00    0.00    0.00    1.00    12  listener
03:00:25 PM  1000     69634    1.00    1.00    0.00    0.00    2.00    15  listener
03:00:25 PM  1000     69656    1.00    0.00    0.00    0.00    1.00    17  listener
03:00:25 PM  1000     69666    1.00    1.00    0.00    0.00    2.00     3  listener
03:00:25 PM  1000     69679    1.00    1.00    0.00    0.00    2.00     7  listener
03:00:25 PM  1000     69724    1.00    0.00    0.00    0.00    1.00     8  listener
03:00:25 PM  1000     69728    1.00    0.00    0.00    0.00    1.00     7  listener
03:00:25 PM  1000     69733    1.00    1.00    0.00    0.00    2.00    12  listener
03:00:25 PM  1000     69785    1.00    0.00    0.00    0.00    1.00     9  listener
03:00:25 PM  1000     69787    1.00    1.00    0.00    0.00    2.00    18  listener
03:00:25 PM  1000     69789    1.00    1.00    0.00    0.00    2.00     4  listener
03:00:25 PM  1000     69791    1.00    0.00    0.00    0.00    1.00     8  listener
03:00:25 PM  1000     69811    1.00    1.00    0.00    1.00    2.00    15  listener
03:00:25 PM  1000     69813    1.00    1.00    0.00    0.00    2.00     7  listener
03:00:25 PM  1000     69815    1.00    1.00    0.00    0.00    2.00    13  listener
03:00:25 PM  1000     69826    1.00    1.00    0.00    0.00    2.00     3  listener
03:00:25 PM  1000     69836    1.00    0.00    0.00    0.00    1.00     1  listener
03:00:25 PM  1000     69917    1.00    0.00    0.00    0.00    1.00     0  listener
03:00:25 PM  1000     70039    1.00    0.00    0.00    0.00    1.00     2  listener
03:00:25 PM  1000     70041    1.00    0.00    0.00    0.00    1.00    10  listener
03:00:25 PM  1000     70063    1.00    1.00    0.00    0.00    2.00    11  listener
03:00:25 PM  1000     70090    1.00    1.00    0.00    0.00    2.00    14  listener
03:00:25 PM  1000     70100    1.00    0.00    0.00    0.00    1.00     3  listener
03:00:25 PM  1000     70139    0.00    1.00    0.00    0.00    1.00    17  listener
03:00:25 PM  1000     70168    1.00    1.00    0.00    0.00    2.00    10  listener
03:00:25 PM  1000     70171    1.00    1.00    0.00    0.00    2.00     2  listener
03:00:25 PM  1000     70208    1.00    0.00    0.00    0.00    1.00    13  listener
03:00:25 PM  1000     70246    1.00    1.00    0.00    0.00    2.00    14  listener
03:00:25 PM  1000     70248    1.00    1.00    0.00    0.00    2.00     8  listener
03:00:25 PM  1000     70259    1.00    0.00    0.00    0.00    1.00     6  listener
03:00:25 PM  1000     70261    0.00    1.00    0.00    0.00    1.00     9  listener
03:00:25 PM  1000     70272    1.00    1.00    0.00    0.00    2.00    13  listener
03:00:25 PM  1000     70301    1.00    1.00    0.00    0.00    2.00    13  listener
03:00:25 PM  1000     70316    1.00    0.00    0.00    0.00    1.00     5  listener
03:00:25 PM  1000     70332    1.00    0.00    0.00    0.00    1.00    13  listener
03:00:25 PM  1000     70343    1.00    1.00    0.00    0.00    2.00    11  listener
03:00:25 PM  1000     70345    0.00    2.00    0.00    0.00    2.00    17  listener
03:00:25 PM  1000     70348    1.00    0.00    0.00    0.00    1.00    16  listener
03:00:25 PM  1000     70357    1.00    1.00    0.00    0.00    2.00     0  listener
03:00:25 PM  1000     70386    2.00    1.00    0.00    0.00    3.00     1  listener
03:00:25 PM  1000     70479    1.00    0.00    0.00    0.00    1.00    12  listener
03:00:25 PM  1000     70498    1.00    1.00    0.00    0.00    2.00    12  listener
03:00:25 PM  1000     70501    0.00    1.00    0.00    0.00    1.00     5  listener
03:00:25 PM  1000     70530    1.00    1.00    0.00    0.00    2.00    12  listener
03:00:25 PM  1000     70541    1.00    0.00    0.00    0.00    1.00     3  listener
03:00:25 PM  1000     70544    1.00    1.00    0.00    0.00    2.00     3  listener
03:00:25 PM  1000     70581    1.00    1.00    0.00    0.00    2.00     8  listener
03:00:25 PM  1000     70592    1.00    0.00    0.00    0.00    1.00    10  listener
03:00:25 PM  1000     70602    1.00    1.00    0.00    0.00    2.00     3  listener
03:00:25 PM  1000     70623    1.00    0.00    0.00    0.00    1.00    16  listener
03:00:25 PM  1000     70679    2.00    0.00    0.00    0.00    2.00    13  listener
03:00:25 PM  1000     70690    1.00    1.00    0.00    0.00    2.00     6  listener
03:00:25 PM  1000     70701    2.00    0.00    0.00    0.00    2.00     6  listener
03:00:25 PM  1000     70719    1.00    1.00    0.00    0.00    2.00     3  listener
03:00:25 PM  1000     70758    1.00    0.00    0.00    0.00    1.00     8  listener
03:00:25 PM  1000     70797    1.00    1.00    0.00    0.00    2.00    12  listener
03:00:25 PM  1000     70800    0.00    1.00    0.00    0.00    1.00    16  listener
03:00:25 PM  1000     70846    0.00    1.00    0.00    0.00    1.00     8  listener
03:00:25 PM  1000     70848    1.00    1.00    0.00    0.00    2.00     6  listener
03:00:25 PM  1000     70850    0.00    0.00    0.00    0.00    0.00     0  listener
03:00:25 PM  1000     70896    1.00    0.00    0.00    0.00    1.00    10  listener
03:00:25 PM  1000     70899    1.00    1.00    0.00    0.00    2.00     1  listener
03:00:25 PM  1000     70919    2.00    1.00    0.00    0.00    3.00    16  listener
03:00:25 PM  1000     70939    2.00    0.00    0.00    0.00    2.00    14  listener
03:00:25 PM  1000     70941    1.00    0.00    0.00    0.00    1.00     3  listener
03:00:25 PM  1000     70943    1.00    1.00    0.00    0.00    2.00     1  listener
03:00:25 PM  1000     70994    1.00    1.00    0.00    0.00    2.00    14  listener
03:00:25 PM  1000     71010    1.00    1.00    0.00    1.00    2.00    14  listener
03:00:25 PM  1000     71012    1.00    0.00    0.00    0.00    1.00     5  listener
03:00:25 PM  1000     71014    0.00    2.00    0.00    0.00    2.00     5  listener
03:00:25 PM  1000     71016    1.00    1.00    0.00    0.00    2.00    12  listener
03:00:25 PM  1000     71037    1.00    1.00    0.00    0.00    2.00    12  listener
03:00:25 PM  1000     71056    1.00    1.00    0.00    0.00    2.00     2  listener
03:00:25 PM  1000     71077    1.00    1.00    0.00    0.00    2.00     5  listener
03:00:25 PM  1000     71096    1.00    1.00    0.00    0.00    2.00     5  listener
03:00:25 PM  1000     71118    1.00    0.00    0.00    0.00    1.00     1  listener
03:00:25 PM  1000     71138    0.00    1.00    0.00    0.00    1.00    16  listener
03:00:25 PM  1000     71140    0.00    0.00    0.00    0.00    0.00     0  listener
03:00:25 PM  1000     71160    0.00    1.00    0.00    0.00    1.00    15  listener
03:00:25 PM  1000     71162    1.00    1.00    0.00    0.00    2.00     0  listener
03:00:25 PM  1000     71173    2.00    0.00    0.00    0.00    2.00     0  listener

03:00:25 PM   UID       PID    %usr %system  %guest   %wait    %CPU   CPU  Command
03:00:26 PM  1000     69460    1.00    0.00    0.00    0.00    1.00    19  listener
03:00:26 PM  1000     69462    1.00    1.00    0.00    0.00    2.00    13  listener
03:00:26 PM  1000     69464    0.00    0.00    0.00    0.00    0.00    10  listener
03:00:26 PM  1000     69466    0.00    0.00    0.00    0.00    0.00     8  listener
03:00:26 PM  1000     69468    0.00    0.00    0.00    0.00    0.00     8  listener
03:00:26 PM  1000     69470    0.00    0.00    0.00    0.00    0.00     8  listener
03:00:26 PM  1000     69472    0.00    0.00    0.00    0.00    0.00     1  listener
03:00:26 PM  1000     69474    1.00    0.00    0.00    0.00    1.00    13  listener
03:00:26 PM  1000     69476    1.00    0.00    0.00    0.00    1.00     6  listener
03:00:26 PM  1000     69486    1.00    1.00    0.00    0.00    2.00    14  listener
03:00:26 PM  1000     69490    0.00    0.00    0.00    0.00    0.00     7  listener
03:00:26 PM  1000     69547    0.00    0.00    0.00    0.00    0.00    10  listener
03:00:26 PM  1000     69583    1.00    1.00    0.00    0.00    2.00    12  listener
03:00:26 PM  1000     69594    1.00    0.00    0.00    0.00    1.00    15  listener
03:00:26 PM  1000     69614    0.00    0.00    0.00    0.00    0.00     6  listener
03:00:26 PM  1000     69625    1.00    1.00    0.00    0.00    2.00    12  listener
03:00:26 PM  1000     69634    0.00    1.00    0.00    0.00    1.00    10  listener
03:00:26 PM  1000     69656    1.00    0.00    0.00    0.00    1.00    14  listener
03:00:26 PM  1000     69666    1.00    0.00    0.00    0.00    1.00     8  listener
03:00:26 PM  1000     69679    1.00    0.00    0.00    0.00    1.00    17  listener
03:00:26 PM  1000     69724    0.00    0.00    0.00    0.00    0.00     5  listener
03:00:26 PM  1000     69728    1.00    1.00    0.00    0.00    2.00     6  listener
03:00:26 PM  1000     69733    0.00    0.00    0.00    0.00    0.00     7  listener
03:00:26 PM  1000     69785    0.00    1.00    0.00    0.00    1.00    10  listener
03:00:26 PM  1000     69787    1.00    0.00    0.00    0.00    1.00    10  listener
03:00:26 PM  1000     69789    0.00    0.00    0.00    0.00    0.00     1  listener
03:00:26 PM  1000     69791    1.00    1.00    0.00    0.00    2.00    15  listener
03:00:26 PM  1000     69811    1.00    0.00    0.00    0.00    1.00     2  listener
03:00:26 PM  1000     69813    0.00    1.00    0.00    0.00    1.00     9  listener
03:00:26 PM  1000     69815    0.00    1.00    0.00    0.00    1.00    19  listener
03:00:26 PM  1000     69826    1.00    0.00    0.00    0.00    1.00     2  listener
03:00:26 PM  1000     69836    1.00    0.00    0.00    0.00    1.00     6  listener
03:00:26 PM  1000     69917    1.00    0.00    0.00    0.00    1.00    14  listener
03:00:26 PM  1000     70039    1.00    1.00    0.00    0.00    2.00     0  listener
03:00:26 PM  1000     70041    1.00    1.00    0.00    0.00    2.00    16  listener
03:00:26 PM  1000     70063    0.00    1.00    0.00    0.00    1.00    14  listener
03:00:26 PM  1000     70090    1.00    0.00    0.00    0.00    1.00     2  listener
03:00:26 PM  1000     70100    1.00    1.00    0.00    0.00    2.00     0  listener
03:00:26 PM  1000     70139    1.00    0.00    0.00    0.00    1.00    18  listener
03:00:26 PM  1000     70168    0.00    0.00    0.00    0.00    0.00     3  listener
03:00:26 PM  1000     70171    1.00    0.00    0.00    0.00    1.00     3  listener
03:00:26 PM  1000     70208    1.00    1.00    0.00    0.00    2.00     3  listener
03:00:26 PM  1000     70246    1.00    0.00    0.00    0.00    1.00    11  listener
03:00:26 PM  1000     70248    1.00    0.00    0.00    0.00    1.00    17  listener
03:00:26 PM  1000     70259    1.00    1.00    0.00    0.00    2.00     4  listener
03:00:26 PM  1000     70261    1.00    1.00    0.00    0.00    2.00     3  listener
03:00:26 PM  1000     70272    1.00    1.00    0.00    0.00    2.00    19  listener
03:00:26 PM  1000     70301    0.00    1.00    0.00    0.00    1.00     0  listener
03:00:26 PM  1000     70316    1.00    1.00    0.00    0.00    2.00     7  listener
03:00:26 PM  1000     70332    1.00    0.00    0.00    0.00    1.00    19  listener
03:00:26 PM  1000     70343    1.00    0.00    0.00    0.00    1.00    16  listener
03:00:26 PM  1000     70345    1.00    0.00    0.00    1.00    1.00     1  listener
03:00:26 PM  1000     70348    1.00    1.00    0.00    0.00    2.00     1  listener
03:00:26 PM  1000     70357    0.00    0.00    0.00    0.00    0.00    16  listener
03:00:26 PM  1000     70386    1.00    0.00    0.00    0.00    1.00    11  listener
03:00:26 PM  1000     70479    1.00    1.00    0.00    0.00    2.00    16  listener
03:00:26 PM  1000     70498    1.00    0.00    0.00    0.00    1.00     4  listener
03:00:26 PM  1000     70501    1.00    0.00    0.00    0.00    1.00     8  listener
03:00:26 PM  1000     70530    1.00    0.00    0.00    0.00    1.00    12  listener
03:00:26 PM  1000     70541    1.00    1.00    0.00    0.00    2.00     1  listener
03:00:26 PM  1000     70544    0.00    1.00    0.00    0.00    1.00    18  listener
03:00:26 PM  1000     70581    0.00    1.00    0.00    0.00    1.00     4  listener
03:00:26 PM  1000     70592    1.00    0.00    0.00    0.00    1.00    19  listener
03:00:26 PM  1000     70602    0.00    1.00    0.00    0.00    1.00    15  listener
03:00:26 PM  1000     70623    0.00    1.00    0.00    0.00    1.00    17  listener
03:00:26 PM  1000     70679    1.00    1.00    0.00    0.00    2.00    12  listener
03:00:26 PM  1000     70690    0.00    0.00    0.00    0.00    0.00    10  listener
03:00:26 PM  1000     70701    1.00    0.00    0.00    0.00    1.00    11  listener
03:00:26 PM  1000     70719    1.00    0.00    0.00    0.00    1.00     9  listener
03:00:26 PM  1000     70758    1.00    1.00    0.00    0.00    2.00     5  listener
03:00:26 PM  1000     70797    1.00    1.00    0.00    0.00    2.00    12  listener
03:00:26 PM  1000     70800    1.00    1.00    0.00    0.00    2.00     4  listener
03:00:26 PM  1000     70846    2.00    0.00    0.00    0.00    2.00    13  listener
03:00:26 PM  1000     70848    0.00    0.00    0.00    0.00    0.00    14  listener
03:00:26 PM  1000     70850    1.00    1.00    0.00    0.00    2.00     0  listener
03:00:26 PM  1000     70896    1.00    1.00    0.00    0.00    2.00     0  listener
03:00:26 PM  1000     70899    1.00    1.00    0.00    0.00    2.00    18  listener
03:00:26 PM  1000     70919    1.00    0.00    0.00    0.00    1.00    16  listener
03:00:26 PM  1000     70939    0.00    1.00    0.00    0.00    1.00     3  listener
03:00:26 PM  1000     70941    0.00    1.00    0.00    0.00    1.00    16  listener
03:00:26 PM  1000     70943    1.00    0.00    0.00    0.00    1.00     5  listener
03:00:26 PM  1000     70994    1.00    0.00    0.00    0.00    1.00     0  listener
03:00:26 PM  1000     71010    1.00    0.00    0.00    0.00    1.00     7  listener
03:00:26 PM  1000     71012    1.00    1.00    0.00    0.00    2.00    14  listener
03:00:26 PM  1000     71014    1.00    0.00    0.00    0.00    1.00     7  listener
03:00:26 PM  1000     71016    0.00    1.00    0.00    0.00    1.00     0  listener
03:00:26 PM  1000     71037    0.00    0.00    0.00    0.00    0.00    12  listener
03:00:26 PM  1000     71056    1.00    0.00    0.00    0.00    1.00     6  listener
03:00:26 PM  1000     71077    1.00    0.00    0.00    0.00    1.00     1  listener
03:00:26 PM  1000     71096    0.00    1.00    0.00    0.00    1.00     2  listener
03:00:26 PM  1000     71118    1.00    1.00    0.00    0.00    2.00     6  listener
03:00:26 PM  1000     71138    1.00    0.00    0.00    0.00    1.00    15  listener
03:00:26 PM  1000     71140    1.00    1.00    0.00    0.00    2.00     1  listener
03:00:26 PM  1000     71160    1.00    0.00    0.00    0.00    1.00     6  listener
03:00:26 PM  1000     71162    0.00    0.00    0.00    0.00    0.00     3  listener
03:00:26 PM  1000     71173    1.00    0.00    0.00    0.00    1.00     6  listener

03:00:26 PM   UID       PID    %usr %system  %guest   %wait    %CPU   CPU  Command
03:00:27 PM  1000     69460    1.00    1.00    0.00    0.00    2.00    17  listener
03:00:27 PM  1000     69462    1.00    0.00    0.00    0.00    1.00     5  listener
03:00:27 PM  1000     69464    1.00    1.00    0.00    0.00    2.00     3  listener
03:00:27 PM  1000     69466    1.00    1.00    0.00    0.00    2.00     8  listener
03:00:27 PM  1000     69468    1.00    1.00    0.00    0.00    2.00     9  listener
03:00:27 PM  1000     69470    1.00    0.00    0.00    0.00    1.00     3  listener
03:00:27 PM  1000     69472    1.00    0.00    0.00    0.00    1.00    14  listener
03:00:27 PM  1000     69474    1.00    0.00    0.00    0.00    1.00     7  listener
03:00:27 PM  1000     69476    0.00    1.00    0.00    0.00    1.00     9  listener
03:00:27 PM  1000     69486    0.00    0.00    0.00    0.00    0.00     0  listener
03:00:27 PM  1000     69490    1.00    1.00    0.00    0.00    2.00    12  listener
03:00:27 PM  1000     69547    1.00    0.00    0.00    0.00    1.00     3  listener
03:00:27 PM  1000     69583    0.00    1.00    0.00    0.00    1.00    14  listener
03:00:27 PM  1000     69594    0.00    1.00    0.00    0.00    1.00     7  listener
03:00:27 PM  1000     69614    1.00    0.00    0.00    0.00    1.00     4  listener
03:00:27 PM  1000     69625    1.00    0.00    0.00    0.00    1.00     1  listener
03:00:27 PM  1000     69634    1.00    0.00    0.00    0.00    1.00     6  listener
03:00:27 PM  1000     69656    0.00    1.00    0.00    0.00    1.00    15  listener
03:00:27 PM  1000     69666    1.00    1.00    0.00    0.00    2.00    11  listener
03:00:27 PM  1000     69679    0.00    1.00    0.00    0.00    1.00    14  listener
03:00:27 PM  1000     69724    1.00    1.00    0.00    0.00    2.00    19  listener
03:00:27 PM  1000     69728    1.00    0.00    0.00    0.00    1.00    13  listener
03:00:27 PM  1000     69733    1.00    0.00    0.00    0.00    1.00     9  listener
03:00:27 PM  1000     69785    1.00    0.00    0.00    0.00    1.00    15  listener
03:00:27 PM  1000     69787    1.00    0.00    0.00    0.00    1.00    18  listener
03:00:27 PM  1000     69789    2.00    0.00    0.00    0.00    2.00    17  listener
03:00:27 PM  1000     69791    1.00    0.00    0.00    0.00    1.00    14  listener
03:00:27 PM  1000     69811    1.00    0.00    0.00    0.00    1.00    17  listener
03:00:27 PM  1000     69813    1.00    0.00    0.00    0.00    1.00     0  listener
03:00:27 PM  1000     69815    1.00    0.00    0.00    0.00    1.00     8  listener
03:00:27 PM  1000     69826    1.00    0.00    0.00    0.00    1.00     8  listener
03:00:27 PM  1000     69836    0.00    1.00    0.00    0.00    1.00    15  listener
03:00:27 PM  1000     69917    1.00    1.00    0.00    0.00    2.00     6  listener
03:00:27 PM  1000     70039    1.00    0.00    0.00    0.00    1.00    13  listener
03:00:27 PM  1000     70041    1.00    1.00    0.00    0.00    2.00    15  listener
03:00:27 PM  1000     70063    1.00    1.00    0.00    0.00    2.00     4  listener
03:00:27 PM  1000     70090    0.00    1.00    0.00    0.00    1.00     2  listener
03:00:27 PM  1000     70100    0.00    0.00    0.00    0.00    0.00    18  listener
03:00:27 PM  1000     70139    0.00    1.00    0.00    0.00    1.00     3  listener
03:00:27 PM  1000     70168    1.00    1.00    0.00    0.00    2.00    17  listener
03:00:27 PM  1000     70171    1.00    0.00    0.00    0.00    1.00     0  listener
03:00:27 PM  1000     70208    0.00    0.00    0.00    0.00    0.00    18  listener
03:00:27 PM  1000     70246    1.00    0.00    0.00    0.00    1.00     1  listener
03:00:27 PM  1000     70248    1.00    0.00    0.00    0.00    1.00    11  listener
03:00:27 PM  1000     70259    1.00    0.00    0.00    0.00    1.00    16  listener
03:00:27 PM  1000     70261    1.00    0.00    0.00    0.00    1.00     3  listener
03:00:27 PM  1000     70272    0.00    1.00    0.00    0.00    1.00     8  listener
03:00:27 PM  1000     70301    1.00    0.00    0.00    0.00    1.00     5  listener
03:00:27 PM  1000     70316    1.00    0.00    0.00    0.00    1.00    12  listener
03:00:27 PM  1000     70332    1.00    1.00    0.00    0.00    2.00    17  listener
03:00:27 PM  1000     70343    0.00    0.00    0.00    0.00    0.00     0  listener
03:00:27 PM  1000     70345    1.00    0.00    0.00    0.00    1.00     6  listener
03:00:27 PM  1000     70348    1.00    0.00    0.00    0.00    1.00     6  listener
03:00:27 PM  1000     70357    1.00    0.00    0.00    0.00    1.00    14  listener
03:00:27 PM  1000     70386    1.00    0.00    0.00    0.00    1.00     5  listener
03:00:27 PM  1000     70479    0.00    1.00    0.00    1.00    1.00    18  listener
03:00:27 PM  1000     70498    1.00    0.00    0.00    0.00    1.00    15  listener
03:00:27 PM  1000     70501    0.00    1.00    0.00    0.00    1.00     6  listener
03:00:27 PM  1000     70530    0.00    1.00    0.00    0.00    1.00    11  listener
03:00:27 PM  1000     70541    0.00    0.00    0.00    0.00    0.00     1  listener
03:00:27 PM  1000     70544    1.00    1.00    0.00    0.00    2.00    16  listener
03:00:27 PM  1000     70581    1.00    1.00    0.00    0.00    2.00     4  listener
03:00:27 PM  1000     70592    0.00    1.00    0.00    0.00    1.00    14  listener
03:00:27 PM  1000     70602    1.00    0.00    0.00    0.00    1.00    14  listener
03:00:27 PM  1000     70623    1.00    1.00    0.00    0.00    2.00     7  listener
03:00:27 PM  1000     70679    0.00    0.00    0.00    0.00    0.00    13  listener
03:00:27 PM  1000     70690    1.00    0.00    0.00    0.00    1.00     2  listener
03:00:27 PM  1000     70701    1.00    0.00    0.00    0.00    1.00    12  listener
03:00:27 PM  1000     70719    1.00    0.00    0.00    0.00    1.00     6  listener
03:00:27 PM  1000     70758    1.00    0.00    0.00    0.00    1.00     9  listener
03:00:27 PM  1000     70797    1.00    0.00    0.00    0.00    1.00    19  listener
03:00:27 PM  1000     70800    0.00    0.00    0.00    0.00    0.00     1  listener
03:00:27 PM  1000     70846    0.00    1.00    0.00    0.00    1.00    15  listener
03:00:27 PM  1000     70848    1.00    0.00    0.00    0.00    1.00     5  listener
03:00:27 PM  1000     70850    0.00    1.00    0.00    0.00    1.00    12  listener
03:00:27 PM  1000     70896    0.00    1.00    0.00    0.00    1.00    16  listener
03:00:27 PM  1000     70899    0.00    1.00    0.00    0.00    1.00     9  listener
03:00:27 PM  1000     70919    0.00    0.00    0.00    0.00    0.00    17  listener
03:00:27 PM  1000     70939    1.00    1.00    0.00    0.00    2.00    17  listener
03:00:27 PM  1000     70941    1.00    1.00    0.00    0.00    2.00    12  listener
03:00:27 PM  1000     70943    1.00    0.00    0.00    0.00    1.00     0  listener
03:00:27 PM  1000     70994    0.00    1.00    0.00    0.00    1.00     1  listener
03:00:27 PM  1000     71010    0.00    1.00    0.00    0.00    1.00    14  listener
03:00:27 PM  1000     71012    0.00    1.00    0.00    0.00    1.00     3  listener
03:00:27 PM  1000     71014    0.00    1.00    0.00    0.00    1.00    16  listener
03:00:27 PM  1000     71016    1.00    0.00    0.00    0.00    1.00    16  listener
03:00:27 PM  1000     71037    1.00    1.00    0.00    0.00    2.00     4  listener
03:00:27 PM  1000     71056    1.00    0.00    0.00    0.00    1.00    12  listener
03:00:27 PM  1000     71077    0.00    1.00    0.00    0.00    1.00    13  listener
03:00:27 PM  1000     71096    1.00    0.00    0.00    0.00    1.00    13  listener
03:00:27 PM  1000     71118    0.00    1.00    0.00    0.00    1.00    15  listener
03:00:27 PM  1000     71138    1.00    0.00    0.00    0.00    1.00    14  listener
03:00:27 PM  1000     71140    1.00    0.00    0.00    0.00    1.00     7  listener
03:00:27 PM  1000     71160    1.00    1.00    0.00    0.00    2.00    12  listener
03:00:27 PM  1000     71162    1.00    1.00    0.00    0.00    2.00     8  listener
03:00:27 PM  1000     71173    0.00    1.00    0.00    0.00    1.00     6  listener

03:00:27 PM   UID       PID    %usr %system  %guest   %wait    %CPU   CPU  Command
03:00:28 PM  1000     69460    1.00    0.00    0.00    0.00    1.00    11  listener
03:00:28 PM  1000     69462    1.00    1.00    0.00    0.00    2.00    12  listener
03:00:28 PM  1000     69464    0.00    0.00    0.00    0.00    0.00    12  listener
03:00:28 PM  1000     69466    1.00    0.00    0.00    0.00    1.00    18  listener
03:00:28 PM  1000     69468    1.00    0.00    0.00    0.00    1.00     3  listener
03:00:28 PM  1000     69470    1.00    1.00    0.00    0.00    2.00     6  listener
03:00:28 PM  1000     69472    1.00    1.00    0.00    0.00    2.00    15  listener
03:00:28 PM  1000     69474    0.00    1.00    0.00    0.00    1.00    12  listener
03:00:28 PM  1000     69476    1.00    0.00    0.00    0.00    1.00    13  listener
03:00:28 PM  1000     69486    1.00    0.00    0.00    0.00    1.00     4  listener
03:00:28 PM  1000     69490    1.00    1.00    0.00    0.00    2.00    11  listener
03:00:28 PM  1000     69547    1.00    1.00    0.00    0.00    2.00    19  listener
03:00:28 PM  1000     69583    1.00    0.00    0.00    0.00    1.00    10  listener
03:00:28 PM  1000     69594    2.00    0.00    0.00    0.00    2.00    19  listener
03:00:28 PM  1000     69614    1.00    0.00    0.00    0.00    1.00    13  listener
03:00:28 PM  1000     69625    1.00    0.00    0.00    0.00    1.00    13  listener
03:00:28 PM  1000     69634    0.00    1.00    0.00    0.00    1.00     6  listener
03:00:28 PM  1000     69656    1.00    0.00    0.00    0.00    1.00    18  listener
03:00:28 PM  1000     69666    1.00    0.00    0.00    0.00    1.00     8  listener
03:00:28 PM  1000     69679    1.00    1.00    0.00    0.00    2.00    19  listener
03:00:28 PM  1000     69724    1.00    0.00    0.00    0.00    1.00    16  listener
03:00:28 PM  1000     69728    1.00    1.00    0.00    0.00    2.00     5  listener
03:00:28 PM  1000     69733    0.00    1.00    0.00    0.00    1.00     5  listener
03:00:28 PM  1000     69785    1.00    0.00    0.00    0.00    1.00    11  listener
03:00:28 PM  1000     69787    1.00    0.00    0.00    0.00    1.00     1  listener
03:00:28 PM  1000     69789    0.00    1.00    0.00    0.00    1.00     2  listener
03:00:28 PM  1000     69791    0.00    1.00    0.00    0.00    1.00     0  listener
03:00:28 PM  1000     69811    1.00    1.00    0.00    0.00    2.00     0  listener
03:00:28 PM  1000     69813    1.00    1.00    0.00    0.00    2.00     6  listener
03:00:28 PM  1000     69815    1.00    0.00    0.00    0.00    1.00     3  listener
03:00:28 PM  1000     69826    0.00    1.00    0.00    0.00    1.00     3  listener
03:00:28 PM  1000     69836    1.00    1.00    0.00    0.00    2.00    12  listener
03:00:28 PM  1000     69917    1.00    0.00    0.00    0.00    1.00    18  listener
03:00:28 PM  1000     70039    0.00    1.00    0.00    0.00    1.00    16  listener
03:00:28 PM  1000     70041    0.00    0.00    0.00    0.00    0.00     4  listener
03:00:28 PM  1000     70063    0.00    0.00    0.00    0.00    0.00    14  listener
03:00:28 PM  1000     70090    1.00    0.00    0.00    0.00    1.00    12  listener
03:00:28 PM  1000     70100    1.00    0.00    0.00    0.00    1.00    15  listener
03:00:28 PM  1000     70139    1.00    0.00    0.00    0.00    1.00    10  listener
03:00:28 PM  1000     70168    1.00    0.00    0.00    0.00    1.00     3  listener
03:00:28 PM  1000     70171    1.00    1.00    0.00    0.00    2.00    17  listener
03:00:28 PM  1000     70208    1.00    1.00    0.00    0.00    2.00     3  listener
03:00:28 PM  1000     70246    1.00    1.00    0.00    0.00    2.00    15  listener
03:00:28 PM  1000     70248    1.00    1.00    0.00    0.00    2.00    18  listener
03:00:28 PM  1000     70259    1.00    0.00    0.00    0.00    1.00    10  listener
03:00:28 PM  1000     70261    0.00    1.00    0.00    0.00    1.00    12  listener
03:00:28 PM  1000     70272    1.00    0.00    0.00    0.00    1.00    17  listener
03:00:28 PM  1000     70301    0.00    0.00    0.00    0.00    0.00    15  listener
03:00:28 PM  1000     70316    1.00    0.00    0.00    0.00    1.00    17  listener
03:00:28 PM  1000     70332    1.00    0.00    0.00    0.00    1.00    16  listener
03:00:28 PM  1000     70343    1.00    1.00    0.00    0.00    2.00     9  listener
03:00:28 PM  1000     70345    0.00    1.00    0.00    0.00    1.00    10  listener
03:00:28 PM  1000     70348    0.00    1.00    0.00    0.00    1.00    16  listener
03:00:28 PM  1000     70357    1.00    1.00    0.00    0.00    2.00     5  listener
03:00:28 PM  1000     70386    1.00    1.00    0.00    0.00    2.00     6  listener
03:00:28 PM  1000     70479    1.00    0.00    0.00    0.00    1.00    10  listener
03:00:28 PM  1000     70498    1.00    1.00    0.00    0.00    2.00    14  listener
03:00:28 PM  1000     70501    1.00    0.00    0.00    0.00    1.00     0  listener
03:00:28 PM  1000     70530    0.00    0.00    0.00    0.00    0.00     9  listener
03:00:28 PM  1000     70541    1.00    1.00    0.00    0.00    2.00     1  listener
03:00:28 PM  1000     70544    1.00    0.00    0.00    0.00    1.00    17  listener
03:00:28 PM  1000     70581    0.00    1.00    0.00    0.00    1.00    14  listener
03:00:28 PM  1000     70592    1.00    0.00    0.00    0.00    1.00    16  listener
03:00:28 PM  1000     70602    1.00    0.00    0.00    0.00    1.00     6  listener
03:00:28 PM  1000     70623    1.00    0.00    0.00    0.00    1.00     3  listener
03:00:28 PM  1000     70679    1.00    1.00    0.00    0.00    2.00     2  listener
03:00:28 PM  1000     70690    1.00    1.00    0.00    0.00    2.00    14  listener
03:00:28 PM  1000     70701    0.00    1.00    0.00    0.00    1.00     3  listener
03:00:28 PM  1000     70719    0.00    1.00    0.00    0.00    1.00    17  listener
03:00:28 PM  1000     70758    0.00    1.00    0.00    0.00    1.00     8  listener
03:00:28 PM  1000     70797    1.00    1.00    0.00    0.00    2.00    16  listener
03:00:28 PM  1000     70800    1.00    1.00    0.00    0.00    2.00    15  listener
03:00:28 PM  1000     70846    1.00    0.00    0.00    0.00    1.00    16  listener
03:00:28 PM  1000     70848    1.00    1.00    0.00    0.00    2.00     3  listener
03:00:28 PM  1000     70850    1.00    0.00    0.00    0.00    1.00    19  listener
03:00:28 PM  1000     70896    1.00    0.00    0.00    0.00    1.00    14  listener
03:00:28 PM  1000     70899    1.00    0.00    0.00    0.00    1.00     9  listener
03:00:28 PM  1000     70919    1.00    1.00    0.00    0.00    2.00     0  listener
03:00:28 PM  1000     70939    1.00    0.00    0.00    0.00    1.00    18  listener
03:00:28 PM  1000     70941    1.00    0.00    0.00    1.00    1.00     2  listener
03:00:28 PM  1000     70943    1.00    0.00    0.00    0.00    1.00    12  listener
03:00:28 PM  1000     70994    1.00    0.00    0.00    0.00    1.00     6  listener
03:00:28 PM  1000     71010    1.00    0.00    0.00    0.00    1.00     5  listener
03:00:28 PM  1000     71012    1.00    0.00    0.00    0.00    1.00     8  listener
03:00:28 PM  1000     71014    1.00    0.00    0.00    0.00    1.00    13  listener
03:00:28 PM  1000     71016    1.00    1.00    0.00    0.00    2.00    10  listener
03:00:28 PM  1000     71037    1.00    0.00    0.00    0.00    1.00     5  listener
03:00:28 PM  1000     71056    1.00    1.00    0.00    0.00    2.00     7  listener
03:00:28 PM  1000     71077    1.00    0.00    0.00    0.00    1.00     7  listener
03:00:28 PM  1000     71096    1.00    0.00    0.00    0.00    1.00    19  listener
03:00:28 PM  1000     71118    2.00    0.00    0.00    0.00    2.00     3  listener
03:00:28 PM  1000     71138    0.00    1.00    0.00    0.00    1.00    12  listener
03:00:28 PM  1000     71140    1.00    0.00    0.00    0.00    1.00    16  listener
03:00:28 PM  1000     71160    1.00    0.00    0.00    0.00    1.00     1  listener
03:00:28 PM  1000     71162    0.00    1.00    0.00    0.00    1.00    18  listener
03:00:28 PM  1000     71173    1.00    0.00    0.00    0.00    1.00     2  listener

03:00:28 PM   UID       PID    %usr %system  %guest   %wait    %CPU   CPU  Command
03:00:29 PM  1000     69460    1.00    0.00    0.00    0.00    1.00    15  listener
03:00:29 PM  1000     69462    0.00    0.00    0.00    0.00    0.00     9  listener
03:00:29 PM  1000     69464    1.00    0.00    0.00    0.00    1.00    10  listener
03:00:29 PM  1000     69466    0.00    2.00    0.00    0.00    2.00    17  listener
03:00:29 PM  1000     69468    1.00    1.00    0.00    0.00    2.00    15  listener
03:00:29 PM  1000     69470    0.00    0.00    0.00    0.00    0.00     2  listener
03:00:29 PM  1000     69472    1.00    1.00    0.00    0.00    2.00    19  listener
03:00:29 PM  1000     69474    0.00    1.00    0.00    0.00    1.00    13  listener
03:00:29 PM  1000     69476    1.00    0.00    0.00    0.00    1.00     0  listener
03:00:29 PM  1000     69486    1.00    0.00    0.00    0.00    1.00    13  listener
03:00:29 PM  1000     69490    0.00    0.00    0.00    0.00    0.00    19  listener
03:00:29 PM  1000     69547    0.00    0.00    0.00    0.00    0.00    13  listener
03:00:29 PM  1000     69583    1.00    1.00    0.00    0.00    2.00    17  listener
03:00:29 PM  1000     69594    0.00    1.00    0.00    0.00    1.00    10  listener
03:00:29 PM  1000     69614    1.00    0.00    0.00    0.00    1.00     9  listener
03:00:29 PM  1000     69625    0.00    1.00    0.00    0.00    1.00    15  listener
03:00:29 PM  1000     69634    1.00    1.00    0.00    0.00    2.00    12  listener
03:00:29 PM  1000     69656    1.00    0.00    0.00    0.00    1.00     6  listener
03:00:29 PM  1000     69666    1.00    0.00    0.00    0.00    1.00    11  listener
03:00:29 PM  1000     69679    1.00    0.00    0.00    0.00    1.00    10  listener
03:00:29 PM  1000     69724    1.00    0.00    0.00    0.00    1.00    16  listener
03:00:29 PM  1000     69728    0.00    0.00    0.00    1.00    0.00    14  listener
03:00:29 PM  1000     69733    1.00    0.00    0.00    0.00    1.00     8  listener
03:00:29 PM  1000     69785    1.00    0.00    0.00    0.00    1.00    16  listener
03:00:29 PM  1000     69787    1.00    1.00    0.00    0.00    2.00     3  listener
03:00:29 PM  1000     69789    1.00    0.00    0.00    0.00    1.00    13  listener
03:00:29 PM  1000     69791    1.00    0.00    0.00    0.00    1.00     7  listener
03:00:29 PM  1000     69811    0.00    0.00    0.00    0.00    0.00     0  listener
03:00:29 PM  1000     69813    0.00    0.00    0.00    0.00    0.00     5  listener
03:00:29 PM  1000     69815    1.00    0.00    0.00    0.00    1.00    12  listener
03:00:29 PM  1000     69826    1.00    0.00    0.00    0.00    1.00    10  listener
03:00:29 PM  1000     69836    0.00    0.00    0.00    0.00    0.00    16  listener
03:00:29 PM  1000     69917    1.00    0.00    0.00    0.00    1.00    10  listener
03:00:29 PM  1000     70039    1.00    0.00    0.00    0.00    1.00     1  listener
03:00:29 PM  1000     70041    1.00    1.00    0.00    0.00    2.00     2  listener
03:00:29 PM  1000     70063    1.00    0.00    0.00    0.00    1.00     6  listener
03:00:29 PM  1000     70090    1.00    1.00    0.00    0.00    2.00    13  listener
03:00:29 PM  1000     70100    1.00    1.00    0.00    0.00    2.00    10  listener
03:00:29 PM  1000     70139    1.00    0.00    0.00    0.00    1.00    13  listener
03:00:29 PM  1000     70168    0.00    1.00    0.00    0.00    1.00     6  listener
03:00:29 PM  1000     70171    0.00    0.00    0.00    0.00    0.00     6  listener
03:00:29 PM  1000     70208    1.00    0.00    0.00    1.00    1.00    14  listener
03:00:29 PM  1000     70246    1.00    0.00    0.00    0.00    1.00    18  listener
03:00:29 PM  1000     70248    0.00    0.00    0.00    0.00    0.00    12  listener
03:00:29 PM  1000     70259    0.00    1.00    0.00    0.00    1.00     6  listener
03:00:29 PM  1000     70261    1.00    0.00    0.00    0.00    1.00    19  listener
03:00:29 PM  1000     70272    1.00    0.00    0.00    0.00    1.00     7  listener
03:00:29 PM  1000     70301    1.00    0.00    0.00    0.00    1.00     3  listener
03:00:29 PM  1000     70316    0.00    1.00    0.00    0.00    1.00    12  listener
03:00:29 PM  1000     70332    0.00    0.00    0.00    0.00    0.00    12  listener
03:00:29 PM  1000     70343    1.00    0.00    0.00    0.00    1.00     5  listener
03:00:29 PM  1000     70345    1.00    0.00    0.00    0.00    1.00    10  listener
03:00:29 PM  1000     70348    1.00    0.00    0.00    0.00    1.00    11  listener
03:00:29 PM  1000     70357    0.00    0.00    0.00    0.00    0.00    16  listener
03:00:29 PM  1000     70386    0.00    0.00    0.00    0.00    0.00    14  listener
03:00:29 PM  1000     70479    1.00    0.00    0.00    0.00    1.00     4  listener
03:00:29 PM  1000     70498    0.00    0.00    0.00    0.00    0.00     3  listener
03:00:29 PM  1000     70501    1.00    1.00    0.00    0.00    2.00    13  listener
03:00:29 PM  1000     70530    1.00    1.00    0.00    0.00    2.00     8  listener
03:00:29 PM  1000     70541    0.00    0.00    0.00    0.00    0.00    18  listener
03:00:29 PM  1000     70544    1.00    1.00    0.00    0.00    2.00     1  listener
03:00:29 PM  1000     70581    1.00    0.00    0.00    0.00    1.00    15  listener
03:00:29 PM  1000     70592    0.00    1.00    0.00    0.00    1.00    18  listener
03:00:29 PM  1000     70602    1.00    1.00    0.00    0.00    2.00    18  listener
03:00:29 PM  1000     70623    0.00    1.00    0.00    0.00    1.00     2  listener
03:00:29 PM  1000     70679    0.00    0.00    0.00    0.00    0.00     3  listener
03:00:29 PM  1000     70690    1.00    1.00    0.00    0.00    2.00     5  listener
03:00:29 PM  1000     70701    1.00    1.00    0.00    0.00    2.00     8  listener
03:00:29 PM  1000     70719    0.00    0.00    0.00    0.00    0.00     1  listener
03:00:29 PM  1000     70758    1.00    0.00    0.00    0.00    1.00     8  listener
03:00:29 PM  1000     70797    0.00    0.00    0.00    0.00    0.00    13  listener
03:00:29 PM  1000     70800    1.00    0.00    0.00    0.00    1.00     8  listener
03:00:29 PM  1000     70846    0.00    1.00    0.00    0.00    1.00     3  listener
03:00:29 PM  1000     70848    1.00    0.00    0.00    0.00    1.00    14  listener
03:00:29 PM  1000     70850    1.00    0.00    0.00    0.00    1.00     5  listener
03:00:29 PM  1000     70896    1.00    0.00    0.00    0.00    1.00     0  listener
03:00:29 PM  1000     70899    0.00    1.00    0.00    0.00    1.00    14  listener
03:00:29 PM  1000     70919    1.00    0.00    0.00    0.00    1.00     1  listener
03:00:29 PM  1000     70939    1.00    0.00    0.00    0.00    1.00    12  listener
03:00:29 PM  1000     70941    1.00    1.00    0.00    0.00    2.00     5  listener
03:00:29 PM  1000     70943    0.00    0.00    0.00    0.00    0.00     0  listener
03:00:29 PM  1000     70994    0.00    0.00    0.00    0.00    0.00     9  listener
03:00:29 PM  1000     71010    1.00    1.00    0.00    0.00    2.00    13  listener
03:00:29 PM  1000     71012    1.00    0.00    0.00    0.00    1.00     7  listener
03:00:29 PM  1000     71014    1.00    1.00    0.00    0.00    2.00     4  listener
03:00:29 PM  1000     71016    1.00    0.00    0.00    0.00    1.00     3  listener
03:00:29 PM  1000     71037    0.00    0.00    0.00    0.00    0.00    18  listener
03:00:29 PM  1000     71056    1.00    0.00    0.00    0.00    1.00     3  listener
03:00:29 PM  1000     71077    1.00    1.00    0.00    0.00    2.00    12  listener
03:00:29 PM  1000     71096    1.00    1.00    0.00    0.00    2.00    15  listener
03:00:29 PM  1000     71118    0.00    0.00    0.00    0.00    0.00     6  listener
03:00:29 PM  1000     71138    1.00    0.00    0.00    0.00    1.00     5  listener
03:00:29 PM  1000     71140    0.00    1.00    0.00    0.00    1.00     8  listener
03:00:29 PM  1000     71160    0.00    0.00    0.00    0.00    0.00    10  listener
03:00:29 PM  1000     71162    1.00    1.00    0.00    0.00    2.00    12  listener
03:00:29 PM  1000     71173    0.00    1.00    0.00    0.00    1.00    15  listener

03:00:29 PM   UID       PID    %usr %system  %guest   %wait    %CPU   CPU  Command
03:00:30 PM  1000     69460    1.00    1.00    0.00    0.00    2.00     6  listener
03:00:30 PM  1000     69462    1.00    0.00    0.00    0.00    1.00     4  listener
03:00:30 PM  1000     69464    0.00    1.00    0.00    0.00    1.00     5  listener
03:00:30 PM  1000     69466    0.00    0.00    0.00    0.00    0.00     1  listener
03:00:30 PM  1000     69468    0.00    0.00    0.00    0.00    0.00     5  listener
03:00:30 PM  1000     69470    1.00    0.00    0.00    0.00    1.00    18  listener
03:00:30 PM  1000     69472    0.00    0.00    0.00    0.00    0.00    14  listener
03:00:30 PM  1000     69474    1.00    0.00    0.00    0.00    1.00     6  listener
03:00:30 PM  1000     69476    1.00    0.00    0.00    0.00    1.00     8  listener
03:00:30 PM  1000     69486    0.00    1.00    0.00    0.00    1.00     4  listener
03:00:30 PM  1000     69490    1.00    0.00    0.00    0.00    1.00     4  listener
03:00:30 PM  1000     69547    1.00    0.00    0.00    0.00    1.00    12  listener
03:00:30 PM  1000     69583    0.00    0.00    0.00    0.00    0.00    15  listener
03:00:30 PM  1000     69594    1.00    0.00    0.00    0.00    1.00    10  listener
03:00:30 PM  1000     69614    0.00    1.00    0.00    0.00    1.00    14  listener
03:00:30 PM  1000     69625    0.00    0.00    0.00    0.00    0.00     8  listener
03:00:30 PM  1000     69634    0.00    0.00    0.00    0.00    0.00    15  listener
03:00:30 PM  1000     69656    0.00    1.00    0.00    0.00    1.00    17  listener
03:00:30 PM  1000     69666    1.00    1.00    0.00    0.00    2.00    17  listener
03:00:30 PM  1000     69679    0.00    0.00    0.00    0.00    0.00     2  listener
03:00:30 PM  1000     69724    1.00    0.00    0.00    0.00    1.00    12  listener
03:00:30 PM  1000     69728    1.00    1.00    0.00    0.00    2.00     3  listener
03:00:30 PM  1000     69733    1.00    1.00    0.00    0.00    2.00    14  listener
03:00:30 PM  1000     69785    1.00    0.00    0.00    0.00    1.00    19  listener
03:00:30 PM  1000     69787    1.00    0.00    0.00    0.00    1.00     9  listener
03:00:30 PM  1000     69789    0.00    1.00    0.00    0.00    1.00    14  listener
03:00:30 PM  1000     69791    0.00    1.00    0.00    0.00    1.00    11  listener
03:00:30 PM  1000     69811    1.00    0.00    0.00    0.00    1.00    13  listener
03:00:30 PM  1000     69813    1.00    0.00    0.00    0.00    1.00     5  listener
03:00:30 PM  1000     69815    0.00    1.00    0.00    0.00    1.00     1  listener
03:00:30 PM  1000     69826    0.00    1.00    0.00    0.00    1.00    12  listener
03:00:30 PM  1000     69836    1.00    0.00    0.00    0.00    1.00     1  listener
03:00:30 PM  1000     69917    1.00    0.00    0.00    0.00    1.00     8  listener
03:00:30 PM  1000     70039    1.00    1.00    0.00    0.00    2.00    11  listener
03:00:30 PM  1000     70041    0.00    0.00    0.00    0.00    0.00    15  listener
03:00:30 PM  1000     70063    1.00    1.00    0.00    0.00    2.00     4  listener
03:00:30 PM  1000     70090    1.00    0.00    0.00    0.00    1.00    12  listener
03:00:30 PM  1000     70100    0.00    0.00    0.00    0.00    0.00    10  listener
03:00:30 PM  1000     70139    0.00    1.00    0.00    0.00    1.00    12  listener
03:00:30 PM  1000     70168    1.00    0.00    0.00    0.00    1.00    15  listener
03:00:30 PM  1000     70171    1.00    1.00    0.00    0.00    2.00    13  listener
03:00:30 PM  1000     70208    0.00    0.00    0.00    0.00    0.00     5  listener
03:00:30 PM  1000     70246    0.00    0.00    0.00    0.00    0.00    15  listener
03:00:30 PM  1000     70248    1.00    1.00    0.00    0.00    2.00     1  listener
03:00:30 PM  1000     70259    0.00    0.00    0.00    0.00    0.00    16  listener
03:00:30 PM  1000     70261    1.00    1.00    0.00    0.00    2.00     8  listener
03:00:30 PM  1000     70272    1.00    1.00    0.00    0.00    2.00     6  listener
03:00:30 PM  1000     70301    1.00    0.00    0.00    0.00    1.00    12  listener
03:00:30 PM  1000     70316    1.00    0.00    0.00    0.00    1.00    10  listener
03:00:30 PM  1000     70332    1.00    1.00    0.00    0.00    2.00     5  listener
03:00:30 PM  1000     70343    0.00    1.00    0.00    0.00    1.00     4  listener
03:00:30 PM  1000     70345    1.00    0.00    0.00    0.00    1.00     6  listener
03:00:30 PM  1000     70348    1.00    0.00    0.00    0.00    1.00    14  listener
03:00:30 PM  1000     70357    1.00    0.00    0.00    0.00    1.00    16  listener
03:00:30 PM  1000     70386    1.00    0.00    0.00    0.00    1.00     5  listener
03:00:30 PM  1000     70479    1.00    1.00    0.00    0.00    2.00     5  listener
03:00:30 PM  1000     70498    1.00    0.00    0.00    0.00    1.00     5  listener
03:00:30 PM  1000     70501    0.00    0.00    0.00    0.00    0.00    16  listener
03:00:30 PM  1000     70530    1.00    0.00    0.00    0.00    1.00     1  listener
03:00:30 PM  1000     70541    1.00    0.00    0.00    0.00    1.00     0  listener
03:00:30 PM  1000     70544    0.00    0.00    0.00    0.00    0.00     2  listener
03:00:30 PM  1000     70581    1.00    0.00    0.00    0.00    1.00     1  listener
03:00:30 PM  1000     70592    1.00    0.00    0.00    0.00    1.00     1  listener
03:00:30 PM  1000     70602    1.00    0.00    0.00    0.00    1.00    16  listener
03:00:30 PM  1000     70623    1.00    0.00    0.00    0.00    1.00    15  listener
03:00:30 PM  1000     70679    1.00    1.00    0.00    0.00    2.00     8  listener
03:00:30 PM  1000     70690    0.00    0.00    0.00    0.00    0.00     2  listener
03:00:30 PM  1000     70701    1.00    0.00    0.00    0.00    1.00     0  listener
03:00:30 PM  1000     70719    1.00    1.00    0.00    0.00    2.00     6  listener
03:00:30 PM  1000     70758    1.00    1.00    0.00    0.00    2.00     5  listener
03:00:30 PM  1000     70797    1.00    1.00    0.00    0.00    2.00     8  listener
03:00:30 PM  1000     70800    0.00    0.00    0.00    0.00    0.00    15  listener
03:00:30 PM  1000     70846    1.00    0.00    0.00    0.00    1.00     0  listener
03:00:30 PM  1000     70848    1.00    0.00    0.00    0.00    1.00     4  listener
03:00:30 PM  1000     70850    0.00    0.00    0.00    0.00    0.00     5  listener
03:00:30 PM  1000     70896    1.00    1.00    0.00    0.00    2.00     5  listener
03:00:30 PM  1000     70899    1.00    0.00    0.00    0.00    1.00    13  listener
03:00:30 PM  1000     70919    1.00    0.00    0.00    0.00    1.00     0  listener
03:00:30 PM  1000     70939    1.00    1.00    0.00    0.00    2.00    11  listener
03:00:30 PM  1000     70941    0.00    0.00    0.00    0.00    0.00     7  listener
03:00:30 PM  1000     70943    1.00    1.00    0.00    0.00    2.00     3  listener
03:00:30 PM  1000     70994    1.00    1.00    0.00    0.00    2.00     0  listener
03:00:30 PM  1000     71010    0.00    0.00    0.00    0.00    0.00    14  listener
03:00:30 PM  1000     71012    0.00    1.00    0.00    0.00    1.00     9  listener
03:00:30 PM  1000     71014    1.00    0.00    0.00    0.00    1.00     0  listener
03:00:30 PM  1000     71016    0.00    0.00    0.00    0.00    0.00     0  listener
03:00:30 PM  1000     71037    1.00    1.00    0.00    0.00    2.00    18  listener
03:00:30 PM  1000     71056    0.00    0.00    0.00    0.00    0.00    17  listener
03:00:30 PM  1000     71077    0.00    0.00    0.00    0.00    0.00    13  listener
03:00:30 PM  1000     71096    1.00    0.00    0.00    0.00    1.00    10  listener
03:00:30 PM  1000     71118    1.00    1.00    0.00    0.00    2.00     3  listener
03:00:30 PM  1000     71138    0.00    1.00    0.00    0.00    1.00    15  listener
03:00:30 PM  1000     71140    1.00    0.00    0.00    0.00    1.00     6  listener
03:00:30 PM  1000     71160    1.00    1.00    0.00    0.00    2.00    10  listener
03:00:30 PM  1000     71162    0.00    0.00    0.00    0.00    0.00    13  listener
03:00:30 PM  1000     71173    1.00    0.00    0.00    0.00    1.00     8  listener

03:00:30 PM   UID       PID    %usr %system  %guest   %wait    %CPU   CPU  Command
03:00:31 PM  1000     69460    0.00    0.00    0.00    0.00    0.00    18  listener
03:00:31 PM  1000     69462    1.00    0.00    0.00    0.00    1.00     8  listener
03:00:31 PM  1000     69464    1.00    0.00    0.00    0.00    1.00     1  listener
03:00:31 PM  1000     69466    1.00    0.00    0.00    0.00    1.00    16  listener
03:00:31 PM  1000     69468    1.00    1.00    0.00    0.00    2.00     0  listener
03:00:31 PM  1000     69470    1.00    0.00    0.00    0.00    1.00    15  listener
03:00:31 PM  1000     69472    1.00    0.00    0.00    0.00    1.00     1  listener
03:00:31 PM  1000     69474    1.00    0.00    0.00    0.00    1.00    10  listener
03:00:31 PM  1000     69476    0.00    1.00    0.00    0.00    1.00    10  listener
03:00:31 PM  1000     69486    1.00    0.00    0.00    0.00    1.00     3  listener
03:00:31 PM  1000     69490    0.00    1.00    0.00    0.00    1.00     8  listener
03:00:31 PM  1000     69547    0.00    1.00    0.00    0.00    1.00     3  listener
03:00:31 PM  1000     69583    1.00    0.00    0.00    0.00    1.00     7  listener
03:00:31 PM  1000     69594    1.00    0.00    0.00    0.00    1.00     6  listener
03:00:31 PM  1000     69614    0.00    0.00    0.00    0.00    0.00    11  listener
03:00:31 PM  1000     69625    1.00    0.00    0.00    0.00    1.00     2  listener
03:00:31 PM  1000     69634    1.00    1.00    0.00    0.00    2.00     4  listener
03:00:31 PM  1000     69656    1.00    0.00    0.00    0.00    1.00     2  listener
03:00:31 PM  1000     69666    0.00    0.00    0.00    0.00    0.00     8  listener
03:00:31 PM  1000     69679    1.00    1.00    0.00    0.00    2.00     7  listener
03:00:31 PM  1000     69724    0.00    1.00    0.00    0.00    1.00     6  listener
03:00:31 PM  1000     69728    0.00    0.00    0.00    0.00    0.00     8  listener
03:00:31 PM  1000     69733    0.00    0.00    0.00    0.00    0.00    15  listener
03:00:31 PM  1000     69785    0.00    1.00    0.00    0.00    1.00     6  listener
03:00:31 PM  1000     69787    0.00    0.00    0.00    0.00    0.00    16  listener
03:00:31 PM  1000     69789    0.00    1.00    0.00    0.00    1.00    15  listener
03:00:31 PM  1000     69791    1.00    0.00    0.00    0.00    1.00    11  listener
03:00:31 PM  1000     69811    1.00    0.00    0.00    0.00    1.00     5  listener
03:00:31 PM  1000     69813    0.00    0.00    0.00    0.00    0.00    13  listener
03:00:31 PM  1000     69815    1.00    0.00    0.00    0.00    1.00     5  listener
03:00:31 PM  1000     69826    1.00    0.00    0.00    0.00    1.00    10  listener
03:00:31 PM  1000     69836    0.00    0.00    0.00    0.00    0.00    10  listener
03:00:31 PM  1000     69917    1.00    0.00    0.00    0.00    1.00    13  listener
03:00:31 PM  1000     70039    0.00    0.00    0.00    0.00    0.00     9  listener
03:00:31 PM  1000     70041    1.00    1.00    0.00    0.00    2.00     7  listener
03:00:31 PM  1000     70063    0.00    0.00    0.00    0.00    0.00     1  listener
03:00:31 PM  1000     70090    1.00    0.00    0.00    0.00    1.00    12  listener
03:00:31 PM  1000     70100    1.00    0.00    0.00    0.00    1.00     4  listener
03:00:31 PM  1000     70139    0.00    0.00    0.00    0.00    0.00     3  listener
03:00:31 PM  1000     70168    1.00    0.00    0.00    0.00    1.00     9  listener
03:00:31 PM  1000     70171    1.00    0.00    0.00    0.00    1.00    14  listener
03:00:31 PM  1000     70208    1.00    0.00    0.00    0.00    1.00    16  listener
03:00:31 PM  1000     70246    1.00    0.00    0.00    0.00    1.00    16  listener
03:00:31 PM  1000     70248    0.00    0.00    0.00    0.00    0.00     5  listener
03:00:31 PM  1000     70259    1.00    0.00    0.00    0.00    1.00     9  listener
03:00:31 PM  1000     70261    1.00    0.00    0.00    0.00    1.00    18  listener
03:00:31 PM  1000     70272    0.00    0.00    0.00    0.00    0.00    12  listener
03:00:31 PM  1000     70301    1.00    1.00    0.00    0.00    2.00     1  listener
03:00:31 PM  1000     70316    1.00    0.00    0.00    0.00    1.00    10  listener
03:00:31 PM  1000     70332    1.00    0.00    0.00    0.00    1.00     7  listener
03:00:31 PM  1000     70343    1.00    0.00    0.00    0.00    1.00    11  listener
03:00:31 PM  1000     70345    0.00    1.00    0.00    0.00    1.00    12  listener
03:00:31 PM  1000     70348    0.00    1.00    0.00    0.00    1.00     6  listener
03:00:31 PM  1000     70357    1.00    1.00    0.00    0.00    2.00    12  listener
03:00:31 PM  1000     70386    1.00    1.00    0.00    0.00    2.00    12  listener
03:00:31 PM  1000     70479    0.00    0.00    0.00    0.00    0.00     0  listener
03:00:31 PM  1000     70498    0.00    1.00    0.00    0.00    1.00     3  listener
03:00:31 PM  1000     70501    1.00    0.00    0.00    0.00    1.00     5  listener
03:00:31 PM  1000     70530    0.00    1.00    0.00    0.00    1.00     1  listener
03:00:31 PM  1000     70541    1.00    1.00    0.00    0.00    2.00    18  listener
03:00:31 PM  1000     70544    1.00    0.00    0.00    0.00    1.00     2  listener
03:00:31 PM  1000     70581    1.00    0.00    0.00    0.00    1.00    12  listener
03:00:31 PM  1000     70592    0.00    0.00    0.00    0.00    0.00     1  listener
03:00:31 PM  1000     70602    0.00    0.00    0.00    0.00    0.00    10  listener
03:00:31 PM  1000     70623    0.00    0.00    0.00    0.00    0.00    12  listener
03:00:31 PM  1000     70679    0.00    0.00    0.00    0.00    0.00     3  listener
03:00:31 PM  1000     70690    1.00    1.00    0.00    1.00    2.00     6  listener
03:00:31 PM  1000     70701    0.00    0.00    0.00    0.00    0.00    11  listener
03:00:31 PM  1000     70719    0.00    0.00    0.00    0.00    0.00    17  listener
03:00:31 PM  1000     70758    0.00    0.00    0.00    0.00    0.00     5  listener
03:00:31 PM  1000     70797    1.00    0.00    0.00    0.00    1.00    16  listener
03:00:31 PM  1000     70800    1.00    1.00    0.00    0.00    2.00    10  listener
03:00:31 PM  1000     70846    0.00    1.00    0.00    0.00    1.00     4  listener
03:00:31 PM  1000     70848    1.00    0.00    0.00    0.00    1.00    15  listener
03:00:31 PM  1000     70850    1.00    1.00    0.00    0.00    2.00    19  listener
03:00:31 PM  1000     70896    0.00    0.00    0.00    0.00    0.00    11  listener
03:00:31 PM  1000     70899    0.00    1.00    0.00    0.00    1.00    12  listener
03:00:31 PM  1000     70919    0.00    1.00    0.00    0.00    1.00     8  listener
03:00:31 PM  1000     70939    1.00    0.00    0.00    0.00    1.00    13  listener
03:00:31 PM  1000     70941    1.00    0.00    0.00    0.00    1.00     3  listener
03:00:31 PM  1000     70943    1.00    0.00    0.00    0.00    1.00     1  listener
03:00:31 PM  1000     70994    1.00    0.00    0.00    0.00    1.00     3  listener
03:00:31 PM  1000     71010    0.00    0.00    0.00    0.00    0.00    14  listener
03:00:31 PM  1000     71012    1.00    0.00    0.00    0.00    1.00    13  listener
03:00:31 PM  1000     71014    0.00    0.00    0.00    0.00    0.00     2  listener
03:00:31 PM  1000     71016    1.00    0.00    0.00    0.00    1.00     0  listener
03:00:31 PM  1000     71037    0.00    0.00    0.00    0.00    0.00    10  listener
03:00:31 PM  1000     71056    1.00    1.00    0.00    0.00    2.00     4  listener
03:00:31 PM  1000     71077    1.00    0.00    0.00    0.00    1.00     1  listener
03:00:31 PM  1000     71096    0.00    0.00    0.00    0.00    0.00    18  listener
03:00:31 PM  1000     71118    0.00    0.00    0.00    0.00    0.00     3  listener
03:00:31 PM  1000     71138    1.00    0.00    0.00    0.00    1.00    10  listener
03:00:31 PM  1000     71140    0.00    0.00    0.00    0.00    0.00    14  listener
03:00:31 PM  1000     71160    1.00    0.00    0.00    0.00    1.00     3  listener
03:00:31 PM  1000     71162    1.00    1.00    0.00    0.00    2.00    15  listener
03:00:31 PM  1000     71173    1.00    0.00    0.00    0.00    1.00     3  listener

03:00:31 PM   UID       PID    %usr %system  %guest   %wait    %CPU   CPU  Command
03:00:32 PM  1000     69460    0.00    1.00    0.00    0.00    1.00    11  listener
03:00:32 PM  1000     69462    0.00    0.00    0.00    0.00    0.00    15  listener
03:00:32 PM  1000     69464    0.00    0.00    0.00    0.00    0.00    14  listener
03:00:32 PM  1000     69466    1.00    0.00    0.00    0.00    1.00     1  listener
03:00:32 PM  1000     69468    0.00    0.00    0.00    1.00    0.00     5  listener
03:00:32 PM  1000     69470    0.00    1.00    0.00    0.00    1.00    11  listener
03:00:32 PM  1000     69472    1.00    0.00    0.00    0.00    1.00    18  listener
03:00:32 PM  1000     69474    0.00    1.00    0.00    0.00    1.00     5  listener
03:00:32 PM  1000     69476    1.00    0.00    0.00    0.00    1.00     1  listener
03:00:32 PM  1000     69486    1.00    0.00    0.00    0.00    1.00     6  listener
03:00:32 PM  1000     69490    1.00    0.00    0.00    0.00    1.00     6  listener
03:00:32 PM  1000     69547    1.00    0.00    0.00    0.00    1.00    17  listener
03:00:32 PM  1000     69583    1.00    1.00    0.00    0.00    2.00    14  listener
03:00:32 PM  1000     69594    0.00    0.00    0.00    0.00    0.00     6  listener
03:00:32 PM  1000     69614    1.00    0.00    0.00    0.00    1.00    13  listener
03:00:32 PM  1000     69625    1.00    0.00    0.00    0.00    1.00    19  listener
03:00:32 PM  1000     69634    0.00    0.00    0.00    0.00    0.00     4  listener
03:00:32 PM  1000     69656    0.00    0.00    0.00    0.00    0.00     1  listener
03:00:32 PM  1000     69666    1.00    1.00    0.00    0.00    2.00     0  listener
03:00:32 PM  1000     69679    0.00    0.00    0.00    0.00    0.00     0  listener
03:00:32 PM  1000     69724    0.00    0.00    0.00    0.00    0.00     4  listener
03:00:32 PM  1000     69728    1.00    1.00    0.00    0.00    2.00    15  listener
03:00:32 PM  1000     69733    0.00    0.00    0.00    0.00    0.00    18  listener
03:00:32 PM  1000     69785    1.00    0.00    0.00    0.00    1.00     3  listener
03:00:32 PM  1000     69787    1.00    1.00    0.00    0.00    2.00     7  listener
03:00:32 PM  1000     69789    1.00    0.00    0.00    0.00    1.00     1  listener
03:00:32 PM  1000     69791    0.00    0.00    0.00    0.00    0.00     3  listener
03:00:32 PM  1000     69811    0.00    1.00    0.00    0.00    1.00     7  listener
03:00:32 PM  1000     69813    1.00    1.00    0.00    0.00    2.00    13  listener
03:00:32 PM  1000     69815    0.00    0.00    0.00    0.00    0.00    10  listener
03:00:32 PM  1000     69826    1.00    0.00    0.00    0.00    1.00     9  listener
03:00:32 PM  1000     69836    1.00    1.00    0.00    0.00    2.00     6  listener
03:00:32 PM  1000     69917    0.00    0.00    0.00    0.00    0.00     2  listener
03:00:32 PM  1000     70039    1.00    0.00    0.00    0.00    1.00     3  listener
03:00:32 PM  1000     70041    1.00    0.00    0.00    0.00    1.00     8  listener
03:00:32 PM  1000     70063    0.00    1.00    0.00    0.00    1.00     6  listener
03:00:32 PM  1000     70090    0.00    1.00    0.00    0.00    1.00    12  listener
03:00:32 PM  1000     70100    0.00    0.00    0.00    0.00    0.00     4  listener
03:00:32 PM  1000     70139    1.00    1.00    0.00    0.00    2.00     8  listener
03:00:32 PM  1000     70168    0.00    1.00    0.00    0.00    1.00    17  listener
03:00:32 PM  1000     70171    0.00    1.00    0.00    0.00    1.00     5  listener
03:00:32 PM  1000     70208    1.00    1.00    0.00    0.00    2.00    12  listener
03:00:32 PM  1000     70246    1.00    0.00    0.00    0.00    1.00    10  listener
03:00:32 PM  1000     70248    1.00    0.00    0.00    0.00    1.00    17  listener
03:00:32 PM  1000     70259    1.00    1.00    0.00    0.00    2.00     4  listener
03:00:32 PM  1000     70261    0.00    0.00    0.00    0.00    0.00    12  listener
03:00:32 PM  1000     70272    1.00    0.00    0.00    0.00    1.00     3  listener
03:00:32 PM  1000     70301    0.00    0.00    0.00    0.00    0.00     8  listener
03:00:32 PM  1000     70316    0.00    1.00    0.00    0.00    1.00    10  listener
03:00:32 PM  1000     70332    0.00    0.00    0.00    0.00    0.00    14  listener
03:00:32 PM  1000     70343    1.00    0.00    0.00    0.00    1.00    12  listener
03:00:32 PM  1000     70345    1.00    0.00    0.00    0.00    1.00     1  listener
03:00:32 PM  1000     70348    1.00    0.00    0.00    0.00    1.00     4  listener
03:00:32 PM  1000     70357    0.00    0.00    0.00    0.00    0.00     8  listener
03:00:32 PM  1000     70386    1.00    0.00    0.00    0.00    1.00     8  listener
03:00:32 PM  1000     70479    1.00    0.00    0.00    0.00    1.00    16  listener
03:00:32 PM  1000     70498    1.00    0.00    0.00    0.00    1.00     3  listener
03:00:32 PM  1000     70501    0.00    1.00    0.00    0.00    1.00    10  listener
03:00:32 PM  1000     70530    1.00    0.00    0.00    0.00    1.00     5  listener
03:00:32 PM  1000     70541    0.00    0.00    0.00    0.00    0.00     3  listener
03:00:32 PM  1000     70544    1.00    0.00    0.00    0.00    1.00     5  listener
03:00:32 PM  1000     70581    0.00    1.00    0.00    0.00    1.00    15  listener
03:00:32 PM  1000     70592    1.00    1.00    0.00    0.00    2.00     1  listener
03:00:32 PM  1000     70602    1.00    0.00    0.00    0.00    1.00     8  listener
03:00:32 PM  1000     70623    1.00    1.00    0.00    0.00    2.00    13  listener
03:00:32 PM  1000     70679    1.00    0.00    0.00    0.00    1.00     6  listener
03:00:32 PM  1000     70690    0.00    0.00    0.00    0.00    0.00    14  listener
03:00:32 PM  1000     70701    1.00    0.00    0.00    0.00    1.00     3  listener
03:00:32 PM  1000     70719    1.00    0.00    0.00    0.00    1.00    18  listener
03:00:32 PM  1000     70758    1.00    0.00    0.00    0.00    1.00     5  listener
03:00:32 PM  1000     70797    0.00    0.00    0.00    0.00    0.00    12  listener
03:00:32 PM  1000     70800    0.00    0.00    0.00    0.00    0.00    15  listener
03:00:32 PM  1000     70846    1.00    0.00    0.00    0.00    1.00    10  listener
03:00:32 PM  1000     70848    0.00    1.00    0.00    0.00    1.00     2  listener
03:00:32 PM  1000     70850    0.00    0.00    0.00    0.00    0.00    10  listener
03:00:32 PM  1000     70896    1.00    0.00    0.00    0.00    1.00    18  listener
03:00:32 PM  1000     70899    1.00    0.00    0.00    0.00    1.00    19  listener
03:00:32 PM  1000     70919    1.00    0.00    0.00    0.00    1.00    14  listener
03:00:32 PM  1000     70939    0.00    0.00    0.00    0.00    0.00    12  listener
03:00:32 PM  1000     70941    0.00    0.00    0.00    0.00    0.00    13  listener
03:00:32 PM  1000     70943    0.00    0.00    0.00    0.00    0.00     3  listener
03:00:32 PM  1000     70994    0.00    0.00    0.00    0.00    0.00     2  listener
03:00:32 PM  1000     71010    1.00    1.00    0.00    0.00    2.00    12  listener
03:00:32 PM  1000     71012    1.00    0.00    0.00    0.00    1.00    15  listener
03:00:32 PM  1000     71014    1.00    1.00    0.00    0.00    2.00     2  listener
03:00:32 PM  1000     71016    1.00    1.00    0.00    0.00    2.00     0  listener
03:00:32 PM  1000     71037    1.00    0.00    0.00    0.00    1.00     8  listener
03:00:32 PM  1000     71056    1.00    0.00    0.00    1.00    1.00    10  listener
03:00:32 PM  1000     71077    0.00    1.00    0.00    0.00    1.00    15  listener
03:00:32 PM  1000     71096    1.00    0.00    0.00    0.00    1.00    13  listener
03:00:32 PM  1000     71118    0.00    1.00    0.00    0.00    1.00    12  listener
03:00:32 PM  1000     71138    0.00    0.00    0.00    0.00    0.00     3  listener
03:00:32 PM  1000     71140    0.00    1.00    0.00    0.00    1.00     6  listener
03:00:32 PM  1000     71160    0.00    0.00    0.00    0.00    0.00    14  listener
03:00:32 PM  1000     71162    1.00    0.00    0.00    0.00    1.00    15  listener
03:00:32 PM  1000     71173    0.00    0.00    0.00    0.00    0.00    10  listener

03:00:32 PM   UID       PID    %usr %system  %guest   %wait    %CPU   CPU  Command
03:00:33 PM  1000     69460    2.00    0.00    0.00    0.00    2.00     0  listener
03:00:33 PM  1000     69462    1.00    1.00    0.00    0.00    2.00     0  listener
03:00:33 PM  1000     69464    1.00    1.00    0.00    0.00    2.00    19  listener
03:00:33 PM  1000     69466    1.00    1.00    0.00    0.00    2.00     2  listener
03:00:33 PM  1000     69468    1.00    1.00    0.00    0.00    2.00    14  listener
03:00:33 PM  1000     69470    1.00    1.00    0.00    0.00    2.00     6  listener
03:00:33 PM  1000     69472    1.00    1.00    0.00    1.00    2.00    17  listener
03:00:33 PM  1000     69474    1.00    1.00    0.00    0.00    2.00     3  listener
03:00:33 PM  1000     69476    0.00    0.00    0.00    0.00    0.00     5  listener
03:00:33 PM  1000     69486    0.00    1.00    0.00    0.00    1.00    16  listener
03:00:33 PM  1000     69490    1.00    1.00    0.00    0.00    2.00    13  listener
03:00:33 PM  1000     69547    1.00    0.00    0.00    0.00    1.00     8  listener
03:00:33 PM  1000     69583    1.00    0.00    0.00    0.00    1.00     8  listener
03:00:33 PM  1000     69594    1.00    0.00    0.00    0.00    1.00    12  listener
03:00:33 PM  1000     69614    1.00    1.00    0.00    0.00    2.00     3  listener
03:00:33 PM  1000     69625    1.00    1.00    0.00    0.00    2.00     5  listener
03:00:33 PM  1000     69634    1.00    1.00    0.00    0.00    2.00     2  listener
03:00:33 PM  1000     69656    1.00    1.00    0.00    0.00    2.00     4  listener
03:00:33 PM  1000     69666    1.00    0.00    0.00    1.00    1.00     9  listener
03:00:33 PM  1000     69679    1.00    1.00    0.00    0.00    2.00    10  listener
03:00:33 PM  1000     69724    1.00    1.00    0.00    0.00    2.00    17  listener
03:00:33 PM  1000     69728    1.00    0.00    0.00    0.00    1.00    11  listener
03:00:33 PM  1000     69733    2.00    1.00    0.00    0.00    3.00    16  listener
03:00:33 PM  1000     69785    1.00    1.00    0.00    0.00    2.00     3  listener
03:00:33 PM  1000     69787    0.00    1.00    0.00    0.00    1.00    18  listener
03:00:33 PM  1000     69789    1.00    0.00    0.00    0.00    1.00     7  listener
03:00:33 PM  1000     69791    1.00    1.00    0.00    0.00    2.00    14  listener
03:00:33 PM  1000     69811    1.00    0.00    0.00    0.00    1.00     2  listener
03:00:33 PM  1000     69813    1.00    0.00    0.00    0.00    1.00    13  listener
03:00:33 PM  1000     69815    1.00    1.00    0.00    0.00    2.00    16  listener
03:00:33 PM  1000     69826    1.00    1.00    0.00    0.00    2.00     0  listener
03:00:33 PM  1000     69836    0.00    1.00    0.00    0.00    1.00     2  listener
03:00:33 PM  1000     69917    2.00    0.00    0.00    0.00    2.00     7  listener
03:00:33 PM  1000     70039    2.00    0.00    0.00    0.00    2.00     4  listener
03:00:33 PM  1000     70041    0.00    1.00    0.00    0.00    1.00     2  listener
03:00:33 PM  1000     70063    1.00    0.00    0.00    0.00    1.00    11  listener
03:00:33 PM  1000     70090    1.00    0.00    0.00    0.00    1.00     9  listener
03:00:33 PM  1000     70100    1.00    2.00    0.00    0.00    3.00    15  listener
03:00:33 PM  1000     70139    1.00    0.00    0.00    0.00    1.00    16  listener
03:00:33 PM  1000     70168    1.00    1.00    0.00    0.00    2.00    17  listener
03:00:33 PM  1000     70171    1.00    0.00    0.00    0.00    1.00     0  listener
03:00:33 PM  1000     70208    1.00    0.00    0.00    0.00    1.00     2  listener
03:00:33 PM  1000     70246    1.00    0.00    0.00    0.00    1.00     7  listener
03:00:33 PM  1000     70248    1.00    0.00    0.00    0.00    1.00    10  listener
03:00:33 PM  1000     70259    1.00    0.00    0.00    0.00    1.00    15  listener
03:00:33 PM  1000     70261    1.00    1.00    0.00    0.00    2.00     3  listener
03:00:33 PM  1000     70272    1.00    1.00    0.00    0.00    2.00    14  listener
03:00:33 PM  1000     70301    1.00    1.00    0.00    0.00    2.00    15  listener
03:00:33 PM  1000     70316    1.00    0.00    0.00    0.00    1.00     0  listener
03:00:33 PM  1000     70332    1.00    0.00    0.00    0.00    1.00     2  listener
03:00:33 PM  1000     70343    1.00    0.00    0.00    0.00    1.00     9  listener
03:00:33 PM  1000     70345    1.00    1.00    0.00    0.00    2.00     7  listener
03:00:33 PM  1000     70348    0.00    1.00    0.00    0.00    1.00     1  listener
03:00:33 PM  1000     70357    1.00    0.00    0.00    0.00    1.00    11  listener
03:00:33 PM  1000     70386    1.00    1.00    0.00    0.00    2.00    13  listener
03:00:33 PM  1000     70479    1.00    0.00    0.00    0.00    1.00    19  listener
03:00:33 PM  1000     70498    1.00    0.00    0.00    0.00    1.00     7  listener
03:00:33 PM  1000     70501    1.00    0.00    0.00    0.00    1.00    10  listener
03:00:33 PM  1000     70530    1.00    0.00    0.00    0.00    1.00    16  listener
03:00:33 PM  1000     70541    1.00    0.00    0.00    0.00    1.00     8  listener
03:00:33 PM  1000     70544    1.00    1.00    0.00    0.00    2.00     8  listener
03:00:33 PM  1000     70581    1.00    0.00    0.00    0.00    1.00    18  listener
03:00:33 PM  1000     70592    1.00    0.00    0.00    0.00    1.00    12  listener
03:00:33 PM  1000     70602    1.00    1.00    0.00    0.00    2.00    14  listener
03:00:33 PM  1000     70623    1.00    1.00    0.00    0.00    2.00    13  listener
03:00:33 PM  1000     70679    1.00    0.00    0.00    0.00    1.00     4  listener
03:00:33 PM  1000     70690    1.00    1.00    0.00    0.00    2.00     4  listener
03:00:33 PM  1000     70701    1.00    1.00    0.00    0.00    2.00    17  listener
03:00:33 PM  1000     70719    1.00    0.00    0.00    0.00    1.00     6  listener
03:00:33 PM  1000     70758    2.00    0.00    0.00    0.00    2.00    11  listener
03:00:33 PM  1000     70797    1.00    1.00    0.00    0.00    2.00    14  listener
03:00:33 PM  1000     70800    1.00    0.00    0.00    0.00    1.00     3  listener
03:00:33 PM  1000     70846    1.00    1.00    0.00    0.00    2.00    10  listener
03:00:33 PM  1000     70848    1.00    0.00    0.00    0.00    1.00     5  listener
03:00:33 PM  1000     70850    2.00    0.00    0.00    0.00    2.00     6  listener
03:00:33 PM  1000     70896    1.00    1.00    0.00    0.00    2.00    15  listener
03:00:33 PM  1000     70899    1.00    1.00    0.00    0.00    2.00    19  listener
03:00:33 PM  1000     70919    1.00    0.00    0.00    0.00    1.00    13  listener
03:00:33 PM  1000     70939    1.00    1.00    0.00    0.00    2.00    13  listener
03:00:33 PM  1000     70941    1.00    1.00    0.00    0.00    2.00    18  listener
03:00:33 PM  1000     70943    1.00    1.00    0.00    0.00    2.00     7  listener
03:00:33 PM  1000     70994    0.00    2.00    0.00    0.00    2.00     3  listener
03:00:33 PM  1000     71010    0.00    1.00    0.00    0.00    1.00    14  listener
03:00:33 PM  1000     71012    1.00    0.00    0.00    0.00    1.00    14  listener
03:00:33 PM  1000     71014    1.00    0.00    0.00    0.00    1.00    14  listener
03:00:33 PM  1000     71016    1.00    0.00    0.00    0.00    1.00    18  listener
03:00:33 PM  1000     71037    1.00    1.00    0.00    0.00    2.00     5  listener
03:00:33 PM  1000     71056    0.00    1.00    0.00    0.00    1.00    19  listener
03:00:33 PM  1000     71077    1.00    0.00    0.00    0.00    1.00    16  listener
03:00:33 PM  1000     71096    0.00    1.00    0.00    0.00    1.00    14  listener
03:00:33 PM  1000     71118    1.00    1.00    0.00    0.00    2.00     5  listener
03:00:33 PM  1000     71138    1.00    1.00    0.00    0.00    2.00     8  listener
03:00:33 PM  1000     71140    1.00    1.00    0.00    0.00    2.00    18  listener
03:00:33 PM  1000     71160    1.00    1.00    0.00    0.00    2.00    12  listener
03:00:33 PM  1000     71162    1.00    1.00    0.00    0.00    2.00    12  listener
03:00:33 PM  1000     71173    1.00    2.00    0.00    0.00    3.00     2  listener

03:00:33 PM   UID       PID    %usr %system  %guest   %wait    %CPU   CPU  Command
03:00:34 PM  1000     69460    0.00    1.00    0.00    0.00    1.00    16  listener
03:00:34 PM  1000     69462    1.00    0.00    0.00    0.00    1.00     7  listener
03:00:34 PM  1000     69464    1.00    0.00    0.00    0.00    1.00     1  listener
03:00:34 PM  1000     69466    0.00    0.00    0.00    0.00    0.00     1  listener
03:00:34 PM  1000     69468    1.00    0.00    0.00    0.00    1.00    17  listener
03:00:34 PM  1000     69470    0.00    0.00    0.00    0.00    0.00    12  listener
03:00:34 PM  1000     69472    0.00    1.00    0.00    0.00    1.00     4  listener
03:00:34 PM  1000     69474    1.00    0.00    0.00    0.00    1.00    12  listener
03:00:34 PM  1000     69476    1.00    1.00    0.00    0.00    2.00     9  listener
03:00:34 PM  1000     69486    0.00    1.00    0.00    0.00    1.00     8  listener
03:00:34 PM  1000     69490    0.00    0.00    0.00    0.00    0.00    17  listener
03:00:34 PM  1000     69547    1.00    1.00    0.00    0.00    2.00    15  listener
03:00:34 PM  1000     69583    1.00    0.00    0.00    0.00    1.00    12  listener
03:00:34 PM  1000     69594    1.00    0.00    0.00    0.00    1.00     3  listener
03:00:34 PM  1000     69614    1.00    0.00    0.00    0.00    1.00     9  listener
03:00:34 PM  1000     69625    1.00    0.00    0.00    0.00    1.00    11  listener
03:00:34 PM  1000     69634    1.00    0.00    0.00    0.00    1.00    12  listener
03:00:34 PM  1000     69656    1.00    0.00    0.00    0.00    1.00     2  listener
03:00:34 PM  1000     69666    1.00    1.00    0.00    0.00    2.00    13  listener
03:00:34 PM  1000     69679    1.00    0.00    0.00    0.00    1.00    11  listener
03:00:34 PM  1000     69724    1.00    0.00    0.00    0.00    1.00    18  listener
03:00:34 PM  1000     69728    0.00    1.00    0.00    0.00    1.00    15  listener
03:00:34 PM  1000     69733    0.00    0.00    0.00    0.00    0.00     3  listener
03:00:34 PM  1000     69785    0.00    0.00    0.00    0.00    0.00     3  listener
03:00:34 PM  1000     69787    1.00    0.00    0.00    0.00    1.00    10  listener
03:00:34 PM  1000     69789    1.00    1.00    0.00    0.00    2.00     6  listener
03:00:34 PM  1000     69791    0.00    1.00    0.00    0.00    1.00    15  listener
03:00:34 PM  1000     69811    1.00    0.00    0.00    0.00    1.00     2  listener
03:00:34 PM  1000     69813    0.00    1.00    0.00    0.00    1.00     0  listener
03:00:34 PM  1000     69815    0.00    1.00    0.00    0.00    1.00    13  listener
03:00:34 PM  1000     69826    1.00    0.00    0.00    0.00    1.00    13  listener
03:00:34 PM  1000     69836    1.00    0.00    0.00    0.00    1.00     3  listener
03:00:34 PM  1000     69917    0.00    1.00    0.00    0.00    1.00    13  listener
03:00:34 PM  1000     70039    0.00    1.00    0.00    0.00    1.00     1  listener
03:00:34 PM  1000     70041    1.00    0.00    0.00    0.00    1.00     4  listener
03:00:34 PM  1000     70063    0.00    1.00    0.00    0.00    1.00     4  listener
03:00:34 PM  1000     70090    1.00    1.00    0.00    0.00    2.00     9  listener
03:00:34 PM  1000     70100    1.00    0.00    0.00    0.00    1.00    15  listener
03:00:34 PM  1000     70139    0.00    0.00    0.00    0.00    0.00    14  listener
03:00:34 PM  1000     70168    0.00    0.00    0.00    0.00    0.00    18  listener
03:00:34 PM  1000     70171    1.00    1.00    0.00    0.00    2.00     6  listener
03:00:34 PM  1000     70208    0.00    1.00    0.00    0.00    1.00    19  listener
03:00:34 PM  1000     70246    1.00    1.00    0.00    0.00    2.00     8  listener
03:00:34 PM  1000     70248    1.00    1.00    0.00    0.00    2.00    14  listener
03:00:34 PM  1000     70259    0.00    1.00    0.00    0.00    1.00    15  listener
03:00:34 PM  1000     70261    1.00    0.00    0.00    0.00    1.00     3  listener
03:00:34 PM  1000     70272    0.00    1.00    0.00    0.00    1.00    13  listener
03:00:34 PM  1000     70301    1.00    0.00    0.00    0.00    1.00    13  listener
03:00:34 PM  1000     70316    1.00    0.00    0.00    0.00    1.00    14  listener
03:00:34 PM  1000     70332    1.00    1.00    0.00    0.00    2.00     7  listener
03:00:34 PM  1000     70343    0.00    1.00    0.00    0.00    1.00     0  listener
03:00:34 PM  1000     70345    0.00    0.00    0.00    0.00    0.00     0  listener
03:00:34 PM  1000     70348    1.00    0.00    0.00    0.00    1.00    11  listener
03:00:34 PM  1000     70357    1.00    1.00    0.00    0.00    2.00     7  listener
03:00:34 PM  1000     70386    1.00    0.00    0.00    0.00    1.00    13  listener
03:00:34 PM  1000     70479    1.00    0.00    0.00    0.00    1.00     1  listener
03:00:34 PM  1000     70498    1.00    0.00    0.00    0.00    1.00     6  listener
03:00:34 PM  1000     70501    1.00    1.00    0.00    0.00    2.00     7  listener
03:00:34 PM  1000     70530    0.00    1.00    0.00    0.00    1.00     6  listener
03:00:34 PM  1000     70541    1.00    0.00    0.00    0.00    1.00     1  listener
03:00:34 PM  1000     70544    1.00    0.00    0.00    0.00    1.00     1  listener
03:00:34 PM  1000     70581    1.00    1.00    0.00    0.00    2.00     5  listener
03:00:34 PM  1000     70592    0.00    0.00    0.00    0.00    0.00     8  listener
03:00:34 PM  1000     70602    1.00    0.00    0.00    0.00    1.00    13  listener
03:00:34 PM  1000     70623    0.00    0.00    0.00    0.00    0.00    14  listener
03:00:34 PM  1000     70679    1.00    1.00    0.00    0.00    2.00    13  listener
03:00:34 PM  1000     70690    1.00    1.00    0.00    0.00    2.00     6  listener
03:00:34 PM  1000     70701    1.00    0.00    0.00    0.00    1.00     5  listener
03:00:34 PM  1000     70719    1.00    1.00    0.00    0.00    2.00     8  listener
03:00:34 PM  1000     70758    1.00    0.00    0.00    0.00    1.00    14  listener
03:00:34 PM  1000     70797    1.00    1.00    0.00    0.00    2.00     3  listener
03:00:34 PM  1000     70800    1.00    1.00    0.00    0.00    2.00     6  listener
03:00:34 PM  1000     70846    0.00    0.00    0.00    0.00    0.00    11  listener
03:00:34 PM  1000     70848    1.00    0.00    0.00    0.00    1.00    12  listener
03:00:34 PM  1000     70850    0.00    0.00    0.00    0.00    0.00    15  listener
03:00:34 PM  1000     70896    1.00    0.00    0.00    0.00    1.00     8  listener
03:00:34 PM  1000     70899    1.00    1.00    0.00    0.00    2.00    10  listener
03:00:34 PM  1000     70919    0.00    1.00    0.00    0.00    1.00     8  listener
03:00:34 PM  1000     70939    2.00    0.00    0.00    0.00    2.00     3  listener
03:00:34 PM  1000     70941    0.00    1.00    0.00    0.00    1.00    16  listener
03:00:34 PM  1000     70943    0.00    1.00    0.00    0.00    1.00    17  listener
03:00:34 PM  1000     70994    1.00    0.00    0.00    0.00    1.00    19  listener
03:00:34 PM  1000     71010    1.00    0.00    0.00    0.00    1.00     7  listener
03:00:34 PM  1000     71012    1.00    1.00    0.00    0.00    2.00     0  listener
03:00:34 PM  1000     71014    1.00    0.00    0.00    0.00    1.00    15  listener
03:00:34 PM  1000     71016    0.00    1.00    0.00    0.00    1.00    18  listener
03:00:34 PM  1000     71037    1.00    0.00    0.00    0.00    1.00    16  listener
03:00:34 PM  1000     71056    0.00    1.00    0.00    0.00    1.00     9  listener
03:00:34 PM  1000     71077    1.00    1.00    0.00    0.00    2.00    13  listener
03:00:34 PM  1000     71096    1.00    0.00    0.00    0.00    1.00    13  listener
03:00:34 PM  1000     71118    1.00    1.00    0.00    0.00    2.00     8  listener
03:00:34 PM  1000     71138    1.00    0.00    0.00    0.00    1.00     8  listener
03:00:34 PM  1000     71140    1.00    0.00    0.00    0.00    1.00     4  listener
03:00:34 PM  1000     71160    1.00    0.00    0.00    0.00    1.00     2  listener
03:00:34 PM  1000     71162    0.00    1.00    0.00    0.00    1.00     8  listener
03:00:34 PM  1000     71173    0.00    1.00    0.00    0.00    1.00    16  listener

03:00:34 PM   UID       PID    %usr %system  %guest   %wait    %CPU   CPU  Command
03:00:35 PM  1000     69460    1.00    0.00    0.00    0.00    1.00     3  listener
03:00:35 PM  1000     69462    1.00    1.00    0.00    0.00    2.00    11  listener
03:00:35 PM  1000     69464    0.00    0.00    0.00    0.00    0.00    12  listener
03:00:35 PM  1000     69466    1.00    1.00    0.00    0.00    2.00     5  listener
03:00:35 PM  1000     69468    0.00    1.00    0.00    0.00    1.00     8  listener
03:00:35 PM  1000     69470    1.00    1.00    0.00    0.00    2.00     2  listener
03:00:35 PM  1000     69472    1.00    0.00    0.00    0.00    1.00     7  listener
03:00:35 PM  1000     69474    1.00    0.00    0.00    0.00    1.00     8  listener
03:00:35 PM  1000     69476    0.00    1.00    0.00    0.00    1.00     4  listener
03:00:35 PM  1000     69486    1.00    1.00    0.00    0.00    2.00    15  listener
03:00:35 PM  1000     69490    1.00    1.00    0.00    0.00    2.00     1  listener
03:00:35 PM  1000     69547    1.00    0.00    0.00    0.00    1.00    13  listener
03:00:35 PM  1000     69583    1.00    1.00    0.00    1.00    2.00    14  listener
03:00:35 PM  1000     69594    1.00    1.00    0.00    0.00    2.00    18  listener
03:00:35 PM  1000     69614    1.00    1.00    0.00    0.00    2.00    12  listener
03:00:35 PM  1000     69625    1.00    0.00    0.00    0.00    1.00    18  listener
03:00:35 PM  1000     69634    1.00    1.00    0.00    0.00    2.00     3  listener
03:00:35 PM  1000     69656    1.00    1.00    0.00    0.00    2.00     9  listener
03:00:35 PM  1000     69666    1.00    0.00    0.00    0.00    1.00    11  listener
03:00:35 PM  1000     69679    0.00    1.00    0.00    0.00    1.00     1  listener
03:00:35 PM  1000     69724    1.00    0.00    0.00    0.00    1.00    18  listener
03:00:35 PM  1000     69728    0.00    1.00    0.00    0.00    1.00    17  listener
03:00:35 PM  1000     69733    1.00    1.00    0.00    0.00    2.00     7  listener
03:00:35 PM  1000     69785    1.00    1.00    0.00    0.00    2.00    17  listener
03:00:35 PM  1000     69787    1.00    1.00    0.00    0.00    2.00    16  listener
03:00:35 PM  1000     69789    0.00    1.00    0.00    0.00    1.00    13  listener
03:00:35 PM  1000     69791    1.00    0.00    0.00    0.00    1.00     7  listener
03:00:35 PM  1000     69811    1.00    1.00    0.00    0.00    2.00     5  listener
03:00:35 PM  1000     69813    1.00    0.00    0.00    0.00    1.00    12  listener
03:00:35 PM  1000     69815    1.00    0.00    0.00    0.00    1.00     5  listener
03:00:35 PM  1000     69826    1.00    0.00    0.00    0.00    1.00     2  listener
03:00:35 PM  1000     69836    0.00    1.00    0.00    0.00    1.00     2  listener
03:00:35 PM  1000     69917    1.00    0.00    0.00    0.00    1.00    11  listener
03:00:35 PM  1000     70039    1.00    0.00    0.00    0.00    1.00    14  listener
03:00:35 PM  1000     70041    1.00    1.00    0.00    0.00    2.00    14  listener
03:00:35 PM  1000     70063    1.00    1.00    0.00    0.00    2.00     8  listener
03:00:35 PM  1000     70090    1.00    0.00    0.00    0.00    1.00    17  listener
03:00:35 PM  1000     70100    0.00    0.00    0.00    0.00    0.00     6  listener
03:00:35 PM  1000     70139    1.00    1.00    0.00    0.00    2.00    10  listener
03:00:35 PM  1000     70168    1.00    1.00    0.00    0.00    2.00    16  listener
03:00:35 PM  1000     70171    0.00    0.00    0.00    0.00    0.00     9  listener
03:00:35 PM  1000     70208    1.00    0.00    0.00    0.00    1.00     8  listener
03:00:35 PM  1000     70246    1.00    0.00    0.00    0.00    1.00    16  listener
03:00:35 PM  1000     70248    0.00    0.00    0.00    0.00    0.00    15  listener
03:00:35 PM  1000     70259    0.00    0.00    0.00    0.00    0.00     1  listener
03:00:35 PM  1000     70261    0.00    0.00    0.00    0.00    0.00    17  listener
03:00:35 PM  1000     70272    1.00    0.00    0.00    0.00    1.00     6  listener
03:00:35 PM  1000     70301    0.00    0.00    0.00    0.00    0.00     4  listener
03:00:35 PM  1000     70316    1.00    1.00    0.00    0.00    2.00    15  listener
03:00:35 PM  1000     70332    1.00    0.00    0.00    0.00    1.00    11  listener
03:00:35 PM  1000     70343    1.00    1.00    0.00    0.00    2.00    15  listener
03:00:35 PM  1000     70345    1.00    0.00    0.00    0.00    1.00     0  listener
03:00:35 PM  1000     70348    1.00    1.00    0.00    0.00    2.00    13  listener
03:00:35 PM  1000     70357    1.00    0.00    0.00    0.00    1.00     4  listener
03:00:35 PM  1000     70386    0.00    0.00    0.00    0.00    0.00    14  listener
03:00:35 PM  1000     70479    2.00    0.00    0.00    0.00    2.00    16  listener
03:00:35 PM  1000     70498    0.00    1.00    0.00    0.00    1.00     4  listener
03:00:35 PM  1000     70501    1.00    0.00    0.00    0.00    1.00     7  listener
03:00:35 PM  1000     70530    1.00    0.00    0.00    0.00    1.00     3  listener
03:00:35 PM  1000     70541    1.00    1.00    0.00    0.00    2.00     6  listener
03:00:35 PM  1000     70544    0.00    1.00    0.00    0.00    1.00     5  listener
03:00:35 PM  1000     70581    1.00    0.00    0.00    0.00    1.00     4  listener
03:00:35 PM  1000     70592    1.00    0.00    0.00    0.00    1.00    14  listener
03:00:35 PM  1000     70602    1.00    0.00    0.00    0.00    1.00    10  listener
03:00:35 PM  1000     70623    1.00    1.00    0.00    0.00    2.00     0  listener
03:00:35 PM  1000     70679    1.00    0.00    0.00    0.00    1.00     5  listener
03:00:35 PM  1000     70690    0.00    0.00    0.00    0.00    0.00     0  listener
03:00:35 PM  1000     70701    0.00    1.00    0.00    0.00    1.00    17  listener
03:00:35 PM  1000     70719    1.00    0.00    0.00    0.00    1.00     6  listener
03:00:35 PM  1000     70758    0.00    1.00    0.00    0.00    1.00    15  listener
03:00:35 PM  1000     70797    0.00    0.00    0.00    0.00    0.00    19  listener
03:00:35 PM  1000     70800    1.00    0.00    0.00    0.00    1.00    12  listener
03:00:35 PM  1000     70846    1.00    1.00    0.00    0.00    2.00    15  listener
03:00:35 PM  1000     70848    1.00    1.00    0.00    0.00    2.00     6  listener
03:00:35 PM  1000     70850    1.00    0.00    0.00    0.00    1.00     3  listener
03:00:35 PM  1000     70896    0.00    1.00    0.00    0.00    1.00    17  listener
03:00:35 PM  1000     70899    0.00    0.00    0.00    0.00    0.00    19  listener
03:00:35 PM  1000     70919    1.00    0.00    0.00    0.00    1.00    16  listener
03:00:35 PM  1000     70939    0.00    0.00    0.00    0.00    0.00     7  listener
03:00:35 PM  1000     70941    1.00    0.00    0.00    0.00    1.00     9  listener
03:00:35 PM  1000     70943    0.00    0.00    0.00    0.00    0.00    17  listener
03:00:35 PM  1000     70994    0.00    1.00    0.00    0.00    1.00    13  listener
03:00:35 PM  1000     71010    1.00    1.00    0.00    0.00    2.00     2  listener
03:00:35 PM  1000     71012    0.00    1.00    0.00    0.00    1.00    10  listener
03:00:35 PM  1000     71014    0.00    1.00    0.00    0.00    1.00     5  listener
03:00:35 PM  1000     71016    1.00    0.00    0.00    0.00    1.00    11  listener
03:00:35 PM  1000     71037    0.00    1.00    0.00    0.00    1.00     3  listener
03:00:35 PM  1000     71056    1.00    1.00    0.00    0.00    2.00     1  listener
03:00:35 PM  1000     71077    1.00    1.00    0.00    0.00    2.00    19  listener
03:00:35 PM  1000     71096    1.00    1.00    0.00    0.00    2.00    13  listener
03:00:35 PM  1000     71118    0.00    0.00    0.00    0.00    0.00    11  listener
03:00:35 PM  1000     71138    1.00    0.00    0.00    0.00    1.00     3  listener
03:00:35 PM  1000     71140    0.00    1.00    0.00    0.00    1.00    15  listener
03:00:35 PM  1000     71160    1.00    1.00    0.00    0.00    2.00    18  listener
03:00:35 PM  1000     71162    1.00    0.00    0.00    0.00    1.00     6  listener
03:00:35 PM  1000     71173    0.00    0.00    0.00    0.00    0.00    14  listener

03:00:35 PM   UID       PID    %usr %system  %guest   %wait    %CPU   CPU  Command
03:00:36 PM  1000     69460    2.00    0.00    0.00    0.00    2.00     0  listener
03:00:36 PM  1000     69462    0.00    1.00    0.00    0.00    1.00    19  listener
03:00:36 PM  1000     69464    1.00    1.00    0.00    0.00    2.00    13  listener
03:00:36 PM  1000     69466    1.00    0.00    0.00    0.00    1.00     4  listener
03:00:36 PM  1000     69468    1.00    1.00    0.00    0.00    2.00     0  listener
03:00:36 PM  1000     69470    0.00    0.00    0.00    0.00    0.00     2  listener
03:00:36 PM  1000     69472    1.00    1.00    0.00    0.00    2.00     0  listener
03:00:36 PM  1000     69474    0.00    1.00    0.00    0.00    1.00    14  listener
03:00:36 PM  1000     69476    1.00    0.00    0.00    0.00    1.00    12  listener
03:00:36 PM  1000     69486    1.00    0.00    0.00    0.00    1.00    13  listener
03:00:36 PM  1000     69490    1.00    0.00    0.00    0.00    1.00     7  listener
03:00:36 PM  1000     69547    0.00    0.00    0.00    0.00    0.00     2  listener
03:00:36 PM  1000     69583    1.00    0.00    0.00    0.00    1.00    12  listener
03:00:36 PM  1000     69594    1.00    0.00    0.00    0.00    1.00     1  listener
03:00:36 PM  1000     69614    1.00    0.00    0.00    1.00    1.00    13  listener
03:00:36 PM  1000     69625    1.00    0.00    0.00    0.00    1.00    16  listener
03:00:36 PM  1000     69634    0.00    1.00    0.00    0.00    1.00    17  listener
03:00:36 PM  1000     69656    0.00    0.00    0.00    0.00    0.00     5  listener
03:00:36 PM  1000     69666    1.00    1.00    0.00    0.00    2.00    12  listener
03:00:36 PM  1000     69679    1.00    0.00    0.00    0.00    1.00    19  listener
03:00:36 PM  1000     69724    0.00    1.00    0.00    0.00    1.00    14  listener
03:00:36 PM  1000     69728    1.00    1.00    0.00    0.00    2.00    15  listener
03:00:36 PM  1000     69733    1.00    0.00    0.00    0.00    1.00    18  listener
03:00:36 PM  1000     69785    1.00    0.00    0.00    0.00    1.00     6  listener
03:00:36 PM  1000     69787    1.00    0.00    0.00    0.00    1.00    10  listener
03:00:36 PM  1000     69789    1.00    0.00    0.00    0.00    1.00     1  listener
03:00:36 PM  1000     69791    1.00    0.00    0.00    0.00    1.00    11  listener
03:00:36 PM  1000     69811    1.00    0.00    0.00    0.00    1.00     1  listener
03:00:36 PM  1000     69813    1.00    0.00    0.00    0.00    1.00    12  listener
03:00:36 PM  1000     69815    0.00    1.00    0.00    0.00    1.00     6  listener
03:00:36 PM  1000     69826    1.00    1.00    0.00    0.00    2.00     6  listener
03:00:36 PM  1000     69836    1.00    1.00    0.00    0.00    2.00     3  listener
03:00:36 PM  1000     69917    1.00    0.00    0.00    0.00    1.00    15  listener
03:00:36 PM  1000     70039    1.00    1.00    0.00    0.00    2.00     3  listener
03:00:36 PM  1000     70041    1.00    0.00    0.00    0.00    1.00    10  listener
03:00:36 PM  1000     70063    1.00    0.00    0.00    0.00    1.00     3  listener
03:00:36 PM  1000     70090    0.00    1.00    0.00    0.00    1.00     3  listener
03:00:36 PM  1000     70100    2.00    0.00    0.00    0.00    2.00    16  listener
03:00:36 PM  1000     70139    1.00    0.00    0.00    0.00    1.00     4  listener
03:00:36 PM  1000     70168    1.00    0.00    0.00    0.00    1.00    16  listener
03:00:36 PM  1000     70171    1.00    1.00    0.00    0.00    2.00     5  listener
03:00:36 PM  1000     70208    0.00    1.00    0.00    0.00    1.00    11  listener
03:00:36 PM  1000     70246    0.00    1.00    0.00    0.00    1.00     6  listener
03:00:36 PM  1000     70248    2.00    0.00    0.00    0.00    2.00     7  listener
03:00:36 PM  1000     70259    2.00    0.00    0.00    0.00    2.00     4  listener
03:00:36 PM  1000     70261    1.00    1.00    0.00    0.00    2.00     1  listener
03:00:36 PM  1000     70272    1.00    1.00    0.00    0.00    2.00    10  listener
03:00:36 PM  1000     70301    1.00    1.00    0.00    0.00    2.00     4  listener
03:00:36 PM  1000     70316    0.00    0.00    0.00    0.00    0.00     1  listener
03:00:36 PM  1000     70332    1.00    1.00    0.00    0.00    2.00    14  listener
03:00:36 PM  1000     70343    0.00    0.00    0.00    0.00    0.00     5  listener
03:00:36 PM  1000     70345    1.00    1.00    0.00    0.00    2.00    15  listener
03:00:36 PM  1000     70348    1.00    0.00    0.00    0.00    1.00    16  listener
03:00:36 PM  1000     70357    1.00    0.00    0.00    0.00    1.00    10  listener
03:00:36 PM  1000     70386    1.00    1.00    0.00    0.00    2.00    12  listener
03:00:36 PM  1000     70479    1.00    0.00    0.00    0.00    1.00     8  listener
03:00:36 PM  1000     70498    1.00    0.00    0.00    0.00    1.00     2  listener
03:00:36 PM  1000     70501    1.00    0.00    0.00    0.00    1.00    14  listener
03:00:36 PM  1000     70530    1.00    1.00    0.00    0.00    2.00     8  listener
03:00:36 PM  1000     70541    0.00    0.00    0.00    0.00    0.00    13  listener
03:00:36 PM  1000     70544    1.00    1.00    0.00    0.00    2.00     8  listener
03:00:36 PM  1000     70581    0.00    1.00    0.00    0.00    1.00     2  listener
03:00:36 PM  1000     70592    1.00    1.00    0.00    0.00    2.00     2  listener
03:00:36 PM  1000     70602    1.00    1.00    0.00    0.00    2.00     9  listener
03:00:36 PM  1000     70623    1.00    0.00    0.00    0.00    1.00     0  listener
03:00:36 PM  1000     70679    0.00    1.00    0.00    0.00    1.00     8  listener
03:00:36 PM  1000     70690    2.00    0.00    0.00    0.00    2.00    18  listener
03:00:36 PM  1000     70701    0.00    1.00    0.00    0.00    1.00     7  listener
03:00:36 PM  1000     70719    1.00    0.00    0.00    0.00    1.00     0  listener
03:00:36 PM  1000     70758    1.00    0.00    0.00    0.00    1.00     8  listener
03:00:36 PM  1000     70797    1.00    1.00    0.00    0.00    2.00     6  listener
03:00:36 PM  1000     70800    0.00    1.00    0.00    0.00    1.00     7  listener
03:00:36 PM  1000     70846    0.00    1.00    0.00    0.00    1.00    14  listener
03:00:36 PM  1000     70848    1.00    1.00    0.00    0.00    2.00    16  listener
03:00:36 PM  1000     70850    1.00    0.00    0.00    0.00    1.00     3  listener
03:00:36 PM  1000     70896    1.00    0.00    0.00    0.00    1.00     5  listener
03:00:36 PM  1000     70899    1.00    0.00    0.00    0.00    1.00    12  listener
03:00:36 PM  1000     70919    1.00    1.00    0.00    0.00    2.00     5  listener
03:00:36 PM  1000     70939    1.00    1.00    0.00    0.00    2.00    15  listener
03:00:36 PM  1000     70941    1.00    0.00    0.00    0.00    1.00     0  listener
03:00:36 PM  1000     70943    2.00    0.00    0.00    0.00    2.00    10  listener
03:00:36 PM  1000     70994    1.00    0.00    0.00    0.00    1.00    14  listener
03:00:36 PM  1000     71010    0.00    0.00    0.00    0.00    0.00     0  listener
03:00:36 PM  1000     71012    0.00    0.00    0.00    0.00    0.00    13  listener
03:00:36 PM  1000     71014    0.00    1.00    0.00    0.00    1.00     0  listener
03:00:36 PM  1000     71016    1.00    0.00    0.00    0.00    1.00     3  listener
03:00:36 PM  1000     71037    1.00    0.00    0.00    0.00    1.00     9  listener
03:00:36 PM  1000     71056    1.00    0.00    0.00    0.00    1.00    14  listener
03:00:36 PM  1000     71077    0.00    1.00    0.00    0.00    1.00     5  listener
03:00:36 PM  1000     71096    1.00    0.00    0.00    0.00    1.00     4  listener
03:00:36 PM  1000     71118    1.00    1.00    0.00    0.00    2.00     2  listener
03:00:36 PM  1000     71138    1.00    1.00    0.00    0.00    2.00     8  listener
03:00:36 PM  1000     71140    0.00    1.00    0.00    0.00    1.00     7  listener
03:00:36 PM  1000     71160    1.00    0.00    0.00    0.00    1.00     1  listener
03:00:36 PM  1000     71162    0.00    1.00    0.00    0.00    1.00     5  listener
03:00:36 PM  1000     71173    0.00    1.00    0.00    0.00    1.00     8  listener

03:00:36 PM   UID       PID    %usr %system  %guest   %wait    %CPU   CPU  Command
03:00:37 PM  1000     69460    0.00    1.00    0.00    0.00    1.00    17  listener
03:00:37 PM  1000     69462    0.00    0.00    0.00    0.00    0.00    15  listener
03:00:37 PM  1000     69464    1.00    0.00    0.00    0.00    1.00    10  listener
03:00:37 PM  1000     69466    1.00    0.00    0.00    0.00    1.00    12  listener
03:00:37 PM  1000     69468    0.00    0.00    0.00    0.00    0.00    14  listener
03:00:37 PM  1000     69470    1.00    1.00    0.00    0.00    2.00    12  listener
03:00:37 PM  1000     69472    0.00    1.00    0.00    0.00    1.00    13  listener
03:00:37 PM  1000     69474    1.00    0.00    0.00    0.00    1.00     5  listener
03:00:37 PM  1000     69476    1.00    0.00    0.00    0.00    1.00     1  listener
03:00:37 PM  1000     69486    1.00    0.00    0.00    0.00    1.00    19  listener
03:00:37 PM  1000     69490    0.00    1.00    0.00    0.00    1.00     6  listener
03:00:37 PM  1000     69547    1.00    1.00    0.00    0.00    2.00     3  listener
03:00:37 PM  1000     69583    0.00    1.00    0.00    0.00    1.00    14  listener
03:00:37 PM  1000     69594    0.00    0.00    0.00    0.00    0.00     8  listener
03:00:37 PM  1000     69614    0.00    1.00    0.00    0.00    1.00     5  listener
03:00:37 PM  1000     69625    0.00    1.00    0.00    0.00    1.00    14  listener
03:00:37 PM  1000     69634    1.00    0.00    0.00    0.00    1.00    13  listener
03:00:37 PM  1000     69656    1.00    0.00    0.00    0.00    1.00     9  listener
03:00:37 PM  1000     69666    0.00    0.00    0.00    0.00    0.00     5  listener
03:00:37 PM  1000     69679    0.00    2.00    0.00    0.00    2.00     0  listener
03:00:37 PM  1000     69724    1.00    0.00    0.00    0.00    1.00     1  listener
03:00:37 PM  1000     69728    1.00    0.00    0.00    0.00    1.00     9  listener
03:00:37 PM  1000     69733    0.00    1.00    0.00    0.00    1.00     9  listener
03:00:37 PM  1000     69785    1.00    0.00    0.00    0.00    1.00    17  listener
03:00:37 PM  1000     69787    1.00    0.00    0.00    0.00    1.00     8  listener
03:00:37 PM  1000     69789    0.00    1.00    0.00    0.00    1.00     1  listener
03:00:37 PM  1000     69791    0.00    1.00    0.00    0.00    1.00    10  listener
03:00:37 PM  1000     69811    0.00    1.00    0.00    0.00    1.00    14  listener
03:00:37 PM  1000     69813    0.00    1.00    0.00    0.00    1.00    14  listener
03:00:37 PM  1000     69815    0.00    1.00    0.00    0.00    1.00    12  listener
03:00:37 PM  1000     69826    0.00    0.00    0.00    0.00    0.00    10  listener
03:00:37 PM  1000     69836    0.00    0.00    0.00    0.00    0.00     3  listener
03:00:37 PM  1000     69917    1.00    1.00    0.00    0.00    2.00    15  listener
03:00:37 PM  1000     70039    1.00    0.00    0.00    0.00    1.00    14  listener
03:00:37 PM  1000     70041    0.00    1.00    0.00    0.00    1.00     5  listener
03:00:37 PM  1000     70063    0.00    1.00    0.00    0.00    1.00     2  listener
03:00:37 PM  1000     70090    0.00    1.00    0.00    0.00    1.00    12  listener
03:00:37 PM  1000     70100    0.00    1.00    0.00    0.00    1.00     3  listener
03:00:37 PM  1000     70139    0.00    1.00    0.00    0.00    1.00     0  listener
03:00:37 PM  1000     70168    0.00    1.00    0.00    0.00    1.00     0  listener
03:00:37 PM  1000     70171    1.00    0.00    0.00    0.00    1.00    11  listener
03:00:37 PM  1000     70208    1.00    0.00    0.00    0.00    1.00     9  listener
03:00:37 PM  1000     70246    1.00    0.00    0.00    0.00    1.00     6  listener
03:00:37 PM  1000     70248    0.00    1.00    0.00    0.00    1.00     0  listener
03:00:37 PM  1000     70259    0.00    1.00    0.00    0.00    1.00    11  listener
03:00:37 PM  1000     70261    0.00    1.00    0.00    0.00    1.00     1  listener
03:00:37 PM  1000     70272    1.00    0.00    0.00    0.00    1.00     1  listener
03:00:37 PM  1000     70301    0.00    1.00    0.00    0.00    1.00    15  listener
03:00:37 PM  1000     70316    1.00    1.00    0.00    0.00    2.00     8  listener
03:00:37 PM  1000     70332    0.00    0.00    0.00    0.00    0.00     1  listener
03:00:37 PM  1000     70343    1.00    0.00    0.00    0.00    1.00    18  listener
03:00:37 PM  1000     70345    0.00    1.00    0.00    0.00    1.00    16  listener
03:00:37 PM  1000     70348    0.00    1.00    0.00    1.00    1.00    13  listener
03:00:37 PM  1000     70357    1.00    0.00    0.00    0.00    1.00     8  listener
03:00:37 PM  1000     70386    1.00    0.00    0.00    0.00    1.00    12  listener
03:00:37 PM  1000     70479    1.00    1.00    0.00    0.00    2.00     0  listener
03:00:37 PM  1000     70498    1.00    0.00    0.00    0.00    1.00     2  listener
03:00:37 PM  1000     70501    1.00    1.00    0.00    0.00    2.00    11  listener
03:00:37 PM  1000     70530    0.00    0.00    0.00    0.00    0.00     8  listener
03:00:37 PM  1000     70541    1.00    1.00    0.00    0.00    2.00    17  listener
03:00:37 PM  1000     70544    1.00    0.00    0.00    0.00    1.00    17  listener
03:00:37 PM  1000     70581    1.00    0.00    0.00    0.00    1.00    12  listener
03:00:37 PM  1000     70592    1.00    0.00    0.00    0.00    1.00    10  listener
03:00:37 PM  1000     70602    1.00    0.00    0.00    0.00    1.00    10  listener
03:00:37 PM  1000     70623    0.00    1.00    0.00    0.00    1.00    15  listener
03:00:37 PM  1000     70679    1.00    0.00    0.00    0.00    1.00     8  listener
03:00:37 PM  1000     70690    0.00    1.00    0.00    0.00    1.00     3  listener
03:00:37 PM  1000     70701    0.00    1.00    0.00    0.00    1.00     4  listener
03:00:37 PM  1000     70719    0.00    1.00    0.00    0.00    1.00    18  listener
03:00:37 PM  1000     70758    1.00    1.00    0.00    0.00    2.00    17  listener
03:00:37 PM  1000     70797    1.00    1.00    0.00    0.00    2.00     3  listener
03:00:37 PM  1000     70800    1.00    0.00    0.00    0.00    1.00    10  listener
03:00:37 PM  1000     70846    1.00    0.00    0.00    0.00    1.00     0  listener
03:00:37 PM  1000     70848    1.00    0.00    0.00    0.00    1.00    16  listener
03:00:37 PM  1000     70850    1.00    1.00    0.00    0.00    2.00    15  listener
03:00:37 PM  1000     70896    1.00    1.00    0.00    1.00    2.00    16  listener
03:00:37 PM  1000     70899    1.00    1.00    0.00    0.00    2.00    18  listener
03:00:37 PM  1000     70919    0.00    0.00    0.00    0.00    0.00    13  listener
03:00:37 PM  1000     70939    1.00    1.00    0.00    0.00    2.00    11  listener
03:00:37 PM  1000     70941    1.00    1.00    0.00    0.00    2.00    11  listener
03:00:37 PM  1000     70943    0.00    1.00    0.00    0.00    1.00    13  listener
03:00:37 PM  1000     70994    1.00    1.00    0.00    0.00    2.00     4  listener
03:00:37 PM  1000     71010    1.00    1.00    0.00    0.00    2.00     8  listener
03:00:37 PM  1000     71012    1.00    1.00    0.00    0.00    2.00    19  listener
03:00:37 PM  1000     71014    1.00    1.00    0.00    0.00    2.00    10  listener
03:00:37 PM  1000     71016    1.00    0.00    0.00    0.00    1.00     7  listener
03:00:37 PM  1000     71037    1.00    0.00    0.00    0.00    1.00     6  listener
03:00:37 PM  1000     71056    1.00    1.00    0.00    0.00    2.00     9  listener
03:00:37 PM  1000     71077    1.00    0.00    0.00    0.00    1.00     4  listener
03:00:37 PM  1000     71096    1.00    0.00    0.00    0.00    1.00     1  listener
03:00:37 PM  1000     71118    1.00    0.00    0.00    0.00    1.00     5  listener
03:00:37 PM  1000     71138    0.00    0.00    0.00    0.00    0.00     8  listener
03:00:37 PM  1000     71140    1.00    0.00    0.00    0.00    1.00    14  listener
03:00:37 PM  1000     71160    0.00    1.00    0.00    0.00    1.00     5  listener
03:00:37 PM  1000     71162    1.00    1.00    0.00    0.00    2.00    16  listener
03:00:37 PM  1000     71173    1.00    1.00    0.00    0.00    2.00    18  listener

03:00:37 PM   UID       PID    %usr %system  %guest   %wait    %CPU   CPU  Command
03:00:38 PM  1000     69460    1.00    0.00    0.00    0.00    1.00     7  listener
03:00:38 PM  1000     69462    1.00    0.00    0.00    0.00    1.00     8  listener
03:00:38 PM  1000     69464    1.00    0.00    0.00    0.00    1.00    10  listener
03:00:38 PM  1000     69466    1.00    0.00    0.00    0.00    1.00     5  listener
03:00:38 PM  1000     69468    1.00    0.00    0.00    0.00    1.00    14  listener
03:00:38 PM  1000     69470    0.00    0.00    0.00    0.00    0.00     9  listener
03:00:38 PM  1000     69472    1.00    0.00    0.00    0.00    1.00     3  listener
03:00:38 PM  1000     69474    0.00    0.00    0.00    0.00    0.00    11  listener
03:00:38 PM  1000     69476    0.00    0.00    0.00    0.00    0.00     0  listener
03:00:38 PM  1000     69486    1.00    0.00    0.00    0.00    1.00     0  listener
03:00:38 PM  1000     69490    1.00    0.00    0.00    0.00    1.00     4  listener
03:00:38 PM  1000     69547    0.00    0.00    0.00    0.00    0.00    15  listener
03:00:38 PM  1000     69583    1.00    0.00    0.00    0.00    1.00     3  listener
03:00:38 PM  1000     69594    1.00    1.00    0.00    0.00    2.00    10  listener
03:00:38 PM  1000     69614    0.00    0.00    0.00    0.00    0.00    13  listener
03:00:38 PM  1000     69625    1.00    0.00    0.00    0.00    1.00    13  listener
03:00:38 PM  1000     69634    0.00    1.00    0.00    0.00    1.00     8  listener
03:00:38 PM  1000     69656    1.00    1.00    0.00    0.00    2.00    13  listener
03:00:38 PM  1000     69666    1.00    1.00    0.00    0.00    2.00     5  listener
03:00:38 PM  1000     69679    1.00    0.00    0.00    0.00    1.00    18  listener
03:00:38 PM  1000     69724    1.00    1.00    0.00    0.00    2.00     8  listener
03:00:38 PM  1000     69728    1.00    0.00    0.00    0.00    1.00    15  listener
03:00:38 PM  1000     69733    1.00    0.00    0.00    0.00    1.00    14  listener
03:00:38 PM  1000     69785    0.00    1.00    0.00    0.00    1.00     3  listener
03:00:38 PM  1000     69787    1.00    1.00    0.00    0.00    2.00     1  listener
03:00:38 PM  1000     69789    1.00    0.00    0.00    0.00    1.00     1  listener
03:00:38 PM  1000     69791    1.00    0.00    0.00    0.00    1.00     2  listener
03:00:38 PM  1000     69811    0.00    1.00    0.00    0.00    1.00    17  listener
03:00:38 PM  1000     69813    1.00    0.00    0.00    0.00    1.00     8  listener
03:00:38 PM  1000     69815    1.00    0.00    0.00    0.00    1.00    16  listener
03:00:38 PM  1000     69826    1.00    1.00    0.00    0.00    2.00     0  listener
03:00:38 PM  1000     69836    1.00    0.00    0.00    0.00    1.00    10  listener
03:00:38 PM  1000     69917    0.00    0.00    0.00    0.00    0.00     5  listener
03:00:38 PM  1000     70039    0.00    0.00    0.00    0.00    0.00     7  listener
03:00:38 PM  1000     70041    1.00    0.00    0.00    0.00    1.00    12  listener
03:00:38 PM  1000     70063    0.00    0.00    0.00    0.00    0.00     3  listener
03:00:38 PM  1000     70090    1.00    1.00    0.00    0.00    2.00     1  listener
03:00:38 PM  1000     70100    0.00    0.00    0.00    0.00    0.00     3  listener
03:00:38 PM  1000     70139    1.00    0.00    0.00    0.00    1.00    10  listener
03:00:38 PM  1000     70168    1.00    0.00    0.00    0.00    1.00     6  listener
03:00:38 PM  1000     70171    1.00    0.00    0.00    0.00    1.00     8  listener
03:00:38 PM  1000     70208    0.00    1.00    0.00    0.00    1.00     0  listener
03:00:38 PM  1000     70246    0.00    1.00    0.00    0.00    1.00     8  listener
03:00:38 PM  1000     70248    1.00    0.00    0.00    0.00    1.00    11  listener
03:00:38 PM  1000     70259    1.00    0.00    0.00    0.00    1.00     9  listener
03:00:38 PM  1000     70261    1.00    0.00    0.00    0.00    1.00    12  listener
03:00:38 PM  1000     70272    0.00    1.00    0.00    0.00    1.00    13  listener
03:00:38 PM  1000     70301    1.00    0.00    0.00    0.00    1.00    18  listener
03:00:38 PM  1000     70316    0.00    1.00    0.00    0.00    1.00     1  listener
03:00:38 PM  1000     70332    1.00    0.00    0.00    0.00    1.00    16  listener
03:00:38 PM  1000     70343    0.00    1.00    0.00    0.00    1.00     2  listener
03:00:38 PM  1000     70345    1.00    0.00    0.00    0.00    1.00     7  listener
03:00:38 PM  1000     70348    1.00    0.00    0.00    0.00    1.00     7  listener
03:00:38 PM  1000     70357    1.00    0.00    0.00    0.00    1.00    11  listener
03:00:38 PM  1000     70386    1.00    0.00    0.00    0.00    1.00     0  listener
03:00:38 PM  1000     70479    0.00    0.00    0.00    0.00    0.00     0  listener
03:00:38 PM  1000     70498    0.00    0.00    0.00    0.00    0.00     3  listener
03:00:38 PM  1000     70501    0.00    0.00    0.00    0.00    0.00    12  listener
03:00:38 PM  1000     70530    1.00    1.00    0.00    0.00    2.00     8  listener
03:00:38 PM  1000     70541    1.00    0.00    0.00    0.00    1.00    10  listener
03:00:38 PM  1000     70544    1.00    0.00    0.00    0.00    1.00    13  listener
03:00:38 PM  1000     70581    1.00    1.00    0.00    0.00    2.00     8  listener
03:00:38 PM  1000     70592    0.00    0.00    0.00    0.00    0.00     9  listener
03:00:38 PM  1000     70602    0.00    0.00    0.00    0.00    0.00     7  listener
03:00:38 PM  1000     70623    1.00    0.00    0.00    0.00    1.00    15  listener
03:00:38 PM  1000     70679    1.00    0.00    0.00    0.00    1.00     4  listener
03:00:38 PM  1000     70690    1.00    0.00    0.00    0.00    1.00     1  listener
03:00:38 PM  1000     70701    1.00    0.00    0.00    0.00    1.00    14  listener
03:00:38 PM  1000     70719    1.00    0.00    0.00    0.00    1.00    12  listener
03:00:38 PM  1000     70758    0.00    0.00    0.00    0.00    0.00     6  listener
03:00:38 PM  1000     70797    1.00    0.00    0.00    0.00    1.00    13  listener
03:00:38 PM  1000     70800    1.00    1.00    0.00    0.00    2.00    17  listener
03:00:38 PM  1000     70846    0.00    1.00    0.00    0.00    1.00    11  listener
03:00:38 PM  1000     70848    1.00    0.00    0.00    0.00    1.00    12  listener
03:00:38 PM  1000     70850    0.00    0.00    0.00    0.00    0.00    10  listener
03:00:38 PM  1000     70896    1.00    0.00    0.00    0.00    1.00     0  listener
03:00:38 PM  1000     70899    1.00    0.00    0.00    0.00    1.00     5  listener
03:00:38 PM  1000     70919    1.00    1.00    0.00    0.00    2.00     3  listener
03:00:38 PM  1000     70939    0.00    0.00    0.00    0.00    0.00    17  listener
03:00:38 PM  1000     70941    1.00    0.00    0.00    0.00    1.00     1  listener
03:00:38 PM  1000     70943    0.00    0.00    0.00    0.00    0.00     1  listener
03:00:38 PM  1000     70994    0.00    0.00    0.00    0.00    0.00     7  listener
03:00:38 PM  1000     71010    1.00    0.00    0.00    0.00    1.00    13  listener
03:00:38 PM  1000     71012    0.00    0.00    0.00    0.00    0.00    14  listener
03:00:38 PM  1000     71014    1.00    0.00    0.00    0.00    1.00    12  listener
03:00:38 PM  1000     71016    1.00    1.00    0.00    0.00    2.00     9  listener
03:00:38 PM  1000     71037    1.00    0.00    0.00    0.00    1.00    17  listener
03:00:38 PM  1000     71056    1.00    0.00    0.00    0.00    1.00     7  listener
03:00:38 PM  1000     71077    0.00    1.00    0.00    0.00    1.00     1  listener
03:00:38 PM  1000     71096    1.00    1.00    0.00    0.00    2.00    17  listener
03:00:38 PM  1000     71118    1.00    1.00    0.00    0.00    2.00     8  listener
03:00:38 PM  1000     71138    1.00    0.00    0.00    0.00    1.00     8  listener
03:00:38 PM  1000     71140    1.00    0.00    0.00    0.00    1.00     1  listener
03:00:38 PM  1000     71160    1.00    0.00    0.00    0.00    1.00    17  listener
03:00:38 PM  1000     71162    1.00    0.00    0.00    0.00    1.00    12  listener
03:00:38 PM  1000     71173    0.00    0.00    0.00    0.00    0.00    11  listener

03:00:38 PM   UID       PID    %usr %system  %guest   %wait    %CPU   CPU  Command
03:00:39 PM  1000     69460    1.00    0.00    0.00    0.00    1.00    19  listener
03:00:39 PM  1000     69462    0.00    1.00    0.00    0.00    1.00    14  listener
03:00:39 PM  1000     69464    0.00    0.00    0.00    0.00    0.00     0  listener
03:00:39 PM  1000     69466    0.00    1.00    0.00    0.00    1.00     8  listener
03:00:39 PM  1000     69468    1.00    1.00    0.00    0.00    2.00     3  listener
03:00:39 PM  1000     69470    1.00    0.00    0.00    0.00    1.00    16  listener
03:00:39 PM  1000     69472    1.00    0.00    0.00    0.00    1.00    10  listener
03:00:39 PM  1000     69474    1.00    1.00    0.00    0.00    2.00    13  listener
03:00:39 PM  1000     69476    1.00    1.00    0.00    0.00    2.00     1  listener
03:00:39 PM  1000     69486    0.00    0.00    0.00    0.00    0.00     5  listener
03:00:39 PM  1000     69490    0.00    1.00    0.00    0.00    1.00    13  listener
03:00:39 PM  1000     69547    1.00    1.00    0.00    0.00    2.00    17  listener
03:00:39 PM  1000     69583    1.00    0.00    0.00    0.00    1.00     9  listener
03:00:39 PM  1000     69594    1.00    0.00    0.00    0.00    1.00     3  listener
03:00:39 PM  1000     69614    1.00    0.00    0.00    0.00    1.00    14  listener
03:00:39 PM  1000     69625    1.00    0.00    0.00    0.00    1.00    16  listener
03:00:39 PM  1000     69634    1.00    0.00    0.00    0.00    1.00     8  listener
03:00:39 PM  1000     69656    0.00    0.00    0.00    0.00    0.00     3  listener
03:00:39 PM  1000     69666    1.00    0.00    0.00    0.00    1.00     1  listener
03:00:39 PM  1000     69679    0.00    0.00    0.00    0.00    0.00     3  listener
03:00:39 PM  1000     69724    0.00    0.00    0.00    0.00    0.00    17  listener
03:00:39 PM  1000     69728    0.00    0.00    0.00    0.00    0.00     5  listener
03:00:39 PM  1000     69733    1.00    0.00    0.00    0.00    1.00    12  listener
03:00:39 PM  1000     69785    1.00    0.00    0.00    0.00    1.00    17  listener
03:00:39 PM  1000     69787    0.00    0.00    0.00    0.00    0.00    14  listener
03:00:39 PM  1000     69789    0.00    1.00    0.00    0.00    1.00     8  listener
03:00:39 PM  1000     69791    0.00    1.00    0.00    0.00    1.00     8  listener
03:00:39 PM  1000     69811    0.00    1.00    0.00    0.00    1.00    15  listener
03:00:39 PM  1000     69813    0.00    1.00    0.00    0.00    1.00    14  listener
03:00:39 PM  1000     69815    0.00    1.00    0.00    1.00    1.00     5  listener
03:00:39 PM  1000     69826    1.00    0.00    0.00    0.00    1.00    16  listener
03:00:39 PM  1000     69836    0.00    1.00    0.00    0.00    1.00     5  listener
03:00:39 PM  1000     69917    1.00    0.00    0.00    0.00    1.00    14  listener
03:00:39 PM  1000     70039    1.00    0.00    0.00    0.00    1.00    11  listener
03:00:39 PM  1000     70041    0.00    1.00    0.00    0.00    1.00    18  listener
03:00:39 PM  1000     70063    1.00    0.00    0.00    0.00    1.00    16  listener
03:00:39 PM  1000     70090    1.00    0.00    0.00    0.00    1.00     0  listener
03:00:39 PM  1000     70100    1.00    1.00    0.00    0.00    2.00     4  listener
03:00:39 PM  1000     70139    0.00    0.00    0.00    0.00    0.00    17  listener
03:00:39 PM  1000     70168    0.00    0.00    0.00    0.00    0.00    10  listener
03:00:39 PM  1000     70171    0.00    1.00    0.00    0.00    1.00     0  listener
03:00:39 PM  1000     70208    1.00    0.00    0.00    0.00    1.00    19  listener
03:00:39 PM  1000     70246    1.00    0.00    0.00    0.00    1.00     9  listener
03:00:39 PM  1000     70248    0.00    0.00    0.00    0.00    0.00     1  listener
03:00:39 PM  1000     70259    0.00    0.00    0.00    0.00    0.00    14  listener
03:00:39 PM  1000     70261    0.00    0.00    0.00    0.00    0.00    11  listener
03:00:39 PM  1000     70272    1.00    0.00    0.00    0.00    1.00    18  listener
03:00:39 PM  1000     70301    1.00    0.00    0.00    0.00    1.00     1  listener
03:00:39 PM  1000     70316    1.00    0.00    0.00    0.00    1.00     5  listener
03:00:39 PM  1000     70332    1.00    0.00    0.00    0.00    1.00    15  listener
03:00:39 PM  1000     70343    1.00    1.00    0.00    0.00    2.00    12  listener
03:00:39 PM  1000     70345    0.00    0.00    0.00    0.00    0.00    10  listener
03:00:39 PM  1000     70348    0.00    1.00    0.00    0.00    1.00     5  listener
03:00:39 PM  1000     70357    0.00    1.00    0.00    0.00    1.00    12  listener
03:00:39 PM  1000     70386    0.00    1.00    0.00    0.00    1.00     5  listener
03:00:39 PM  1000     70479    1.00    0.00    0.00    0.00    1.00     0  listener
03:00:39 PM  1000     70498    1.00    0.00    0.00    0.00    1.00    17  listener
03:00:39 PM  1000     70501    1.00    0.00    0.00    0.00    1.00    19  listener
03:00:39 PM  1000     70530    1.00    0.00    0.00    0.00    1.00    18  listener
03:00:39 PM  1000     70541    0.00    0.00    0.00    0.00    0.00     6  listener
03:00:39 PM  1000     70544    1.00    1.00    0.00    0.00    2.00     8  listener
03:00:39 PM  1000     70581    0.00    0.00    0.00    0.00    0.00    11  listener
03:00:39 PM  1000     70592    1.00    1.00    0.00    0.00    2.00     9  listener
03:00:39 PM  1000     70602    1.00    0.00    0.00    0.00    1.00     7  listener
03:00:39 PM  1000     70623    1.00    1.00    0.00    0.00    2.00    13  listener
03:00:39 PM  1000     70679    1.00    0.00    0.00    0.00    1.00     3  listener
03:00:39 PM  1000     70690    1.00    0.00    0.00    0.00    1.00    18  listener
03:00:39 PM  1000     70701    0.00    0.00    0.00    0.00    0.00     6  listener
03:00:39 PM  1000     70719    0.00    0.00    0.00    0.00    0.00     8  listener
03:00:39 PM  1000     70758    1.00    0.00    0.00    0.00    1.00     7  listener
03:00:39 PM  1000     70797    1.00    0.00    0.00    0.00    1.00     6  listener
03:00:39 PM  1000     70800    0.00    0.00    0.00    0.00    0.00     3  listener
03:00:39 PM  1000     70846    1.00    0.00    0.00    0.00    1.00    12  listener
03:00:39 PM  1000     70848    0.00    0.00    0.00    0.00    0.00     3  listener
03:00:39 PM  1000     70850    1.00    0.00    0.00    0.00    1.00    13  listener
03:00:39 PM  1000     70896    1.00    0.00    0.00    0.00    1.00     6  listener
03:00:39 PM  1000     70899    0.00    0.00    0.00    0.00    0.00    11  listener
03:00:39 PM  1000     70919    1.00    0.00    0.00    0.00    1.00     8  listener
03:00:39 PM  1000     70939    1.00    1.00    0.00    0.00    2.00    15  listener
03:00:39 PM  1000     70941    0.00    0.00    0.00    0.00    0.00     8  listener
03:00:39 PM  1000     70943    1.00    0.00    0.00    0.00    1.00     3  listener
03:00:39 PM  1000     70994    1.00    0.00    0.00    0.00    1.00    19  listener
03:00:39 PM  1000     71010    1.00    0.00    0.00    0.00    1.00     6  listener
03:00:39 PM  1000     71012    1.00    0.00    0.00    0.00    1.00     8  listener
03:00:39 PM  1000     71014    1.00    0.00    0.00    0.00    1.00     1  listener
03:00:39 PM  1000     71016    0.00    0.00    0.00    0.00    0.00    10  listener
03:00:39 PM  1000     71037    0.00    1.00    0.00    0.00    1.00    11  listener
03:00:39 PM  1000     71056    0.00    0.00    0.00    0.00    0.00    10  listener
03:00:39 PM  1000     71077    1.00    0.00    0.00    0.00    1.00     4  listener
03:00:39 PM  1000     71096    0.00    0.00    0.00    1.00    0.00     6  listener
03:00:39 PM  1000     71118    0.00    0.00    0.00    0.00    0.00    13  listener
03:00:39 PM  1000     71138    0.00    1.00    0.00    0.00    1.00     1  listener
03:00:39 PM  1000     71140    1.00    0.00    0.00    0.00    1.00    16  listener
03:00:39 PM  1000     71160    0.00    1.00    0.00    0.00    1.00     6  listener
03:00:39 PM  1000     71162    0.00    1.00    0.00    0.00    1.00    12  listener
03:00:39 PM  1000     71173    1.00    0.00    0.00    0.00    1.00    16  listener

03:00:39 PM   UID       PID    %usr %system  %guest   %wait    %CPU   CPU  Command
03:00:40 PM  1000     69460    0.00    1.00    0.00    0.00    1.00     5  listener
03:00:40 PM  1000     69462    1.00    0.00    0.00    0.00    1.00     1  listener
03:00:40 PM  1000     69464    1.00    1.00    0.00    0.00    2.00    14  listener
03:00:40 PM  1000     69466    1.00    0.00    0.00    0.00    1.00    10  listener
03:00:40 PM  1000     69468    0.00    0.00    0.00    0.00    0.00     9  listener
03:00:40 PM  1000     69470    0.00    0.00    0.00    0.00    0.00    10  listener
03:00:40 PM  1000     69472    1.00    1.00    0.00    0.00    2.00    13  listener
03:00:40 PM  1000     69474    1.00    0.00    0.00    0.00    1.00    19  listener
03:00:40 PM  1000     69476    0.00    0.00    0.00    0.00    0.00    11  listener
03:00:40 PM  1000     69486    1.00    1.00    0.00    0.00    2.00     8  listener
03:00:40 PM  1000     69490    1.00    0.00    0.00    0.00    1.00     4  listener
03:00:40 PM  1000     69547    0.00    0.00    0.00    0.00    0.00     2  listener
03:00:40 PM  1000     69583    1.00    0.00    0.00    0.00    1.00     5  listener
03:00:40 PM  1000     69594    0.00    0.00    0.00    0.00    0.00    10  listener
03:00:40 PM  1000     69614    0.00    0.00    0.00    0.00    0.00    10  listener
03:00:40 PM  1000     69625    0.00    0.00    0.00    0.00    0.00    11  listener
03:00:40 PM  1000     69634    0.00    1.00    0.00    0.00    1.00     6  listener
03:00:40 PM  1000     69656    1.00    0.00    0.00    0.00    1.00    12  listener
03:00:40 PM  1000     69666    0.00    0.00    0.00    0.00    0.00    14  listener
03:00:40 PM  1000     69679    1.00    0.00    0.00    0.00    1.00    17  listener
03:00:40 PM  1000     69724    1.00    0.00    0.00    0.00    1.00    13  listener
03:00:40 PM  1000     69728    1.00    0.00    0.00    0.00    1.00    13  listener
03:00:40 PM  1000     69733    0.00    0.00    0.00    0.00    0.00     3  listener
03:00:40 PM  1000     69785    1.00    0.00    0.00    0.00    1.00    15  listener
03:00:40 PM  1000     69787    1.00    0.00    0.00    0.00    1.00     1  listener
03:00:40 PM  1000     69789    1.00    0.00    0.00    0.00    1.00    14  listener
03:00:40 PM  1000     69791    1.00    0.00    0.00    0.00    1.00     9  listener
03:00:40 PM  1000     69811    0.00    0.00    0.00    0.00    0.00    15  listener
03:00:40 PM  1000     69813    1.00    0.00    0.00    0.00    1.00     8  listener
03:00:40 PM  1000     69815    1.00    0.00    0.00    0.00    1.00     9  listener
03:00:40 PM  1000     69826    1.00    0.00    0.00    0.00    1.00    16  listener
03:00:40 PM  1000     69836    1.00    0.00    0.00    0.00    1.00     8  listener
03:00:40 PM  1000     69917    1.00    0.00    0.00    0.00    1.00     5  listener
03:00:40 PM  1000     70039    1.00    1.00    0.00    0.00    2.00    10  listener
03:00:40 PM  1000     70041    1.00    0.00    0.00    0.00    1.00    16  listener
03:00:40 PM  1000     70063    1.00    1.00    0.00    0.00    2.00    10  listener
03:00:40 PM  1000     70090    0.00    0.00    0.00    0.00    0.00     2  listener
03:00:40 PM  1000     70100    0.00    0.00    0.00    0.00    0.00    15  listener
03:00:40 PM  1000     70139    1.00    0.00    0.00    0.00    1.00     2  listener
03:00:40 PM  1000     70168    1.00    1.00    0.00    0.00    2.00     6  listener
03:00:40 PM  1000     70171    1.00    0.00    0.00    0.00    1.00    15  listener
03:00:40 PM  1000     70208    1.00    0.00    0.00    0.00    1.00     6  listener
03:00:40 PM  1000     70246    1.00    0.00    0.00    0.00    1.00     6  listener
03:00:40 PM  1000     70248    1.00    0.00    0.00    0.00    1.00     9  listener
03:00:40 PM  1000     70259    1.00    1.00    0.00    0.00    2.00    14  listener
03:00:40 PM  1000     70261    1.00    1.00    0.00    0.00    2.00    12  listener
03:00:40 PM  1000     70272    1.00    1.00    0.00    0.00    2.00     1  listener
03:00:40 PM  1000     70301    0.00    0.00    0.00    0.00    0.00     5  listener
03:00:40 PM  1000     70316    0.00    0.00    0.00    0.00    0.00     8  listener
03:00:40 PM  1000     70332    1.00    0.00    0.00    0.00    1.00    12  listener
03:00:40 PM  1000     70343    0.00    0.00    0.00    0.00    0.00    13  listener
03:00:40 PM  1000     70345    1.00    1.00    0.00    0.00    2.00     8  listener
03:00:40 PM  1000     70348    1.00    0.00    0.00    0.00    1.00     4  listener
03:00:40 PM  1000     70357    1.00    0.00    0.00    0.00    1.00    14  listener
03:00:40 PM  1000     70386    1.00    0.00    0.00    0.00    1.00    13  listener
03:00:40 PM  1000     70479    0.00    0.00    0.00    0.00    0.00     1  listener
03:00:40 PM  1000     70498    1.00    1.00    0.00    0.00    2.00     0  listener
03:00:40 PM  1000     70501    1.00    0.00    0.00    0.00    1.00     4  listener
03:00:40 PM  1000     70530    0.00    1.00    0.00    0.00    1.00     7  listener
03:00:40 PM  1000     70541    1.00    1.00    0.00    0.00    2.00    13  listener
03:00:40 PM  1000     70544    0.00    0.00    0.00    0.00    0.00     8  listener
03:00:40 PM  1000     70581    1.00    0.00    0.00    0.00    1.00    13  listener
03:00:40 PM  1000     70592    1.00    0.00    0.00    0.00    1.00    12  listener
03:00:40 PM  1000     70602    1.00    1.00    0.00    0.00    2.00     7  listener
03:00:40 PM  1000     70623    0.00    0.00    0.00    0.00    0.00    17  listener
03:00:40 PM  1000     70679    0.00    1.00    0.00    0.00    1.00     5  listener
03:00:40 PM  1000     70690    0.00    1.00    0.00    0.00    1.00     0  listener
03:00:40 PM  1000     70701    1.00    1.00    0.00    0.00    2.00    10  listener
03:00:40 PM  1000     70719    1.00    1.00    0.00    0.00    2.00     2  listener
03:00:40 PM  1000     70758    1.00    0.00    0.00    0.00    1.00    17  listener
03:00:40 PM  1000     70797    0.00    1.00    0.00    0.00    1.00    16  listener
03:00:40 PM  1000     70800    1.00    0.00    0.00    1.00    1.00    16  listener
03:00:40 PM  1000     70846    1.00    0.00    0.00    0.00    1.00     9  listener
03:00:40 PM  1000     70848    1.00    0.00    0.00    1.00    1.00    15  listener
03:00:40 PM  1000     70850    1.00    0.00    0.00    0.00    1.00    17  listener
03:00:40 PM  1000     70896    0.00    0.00    0.00    0.00    0.00    10  listener
03:00:40 PM  1000     70899    1.00    1.00    0.00    0.00    2.00     9  listener
03:00:40 PM  1000     70919    0.00    0.00    0.00    0.00    0.00     7  listener
03:00:40 PM  1000     70939    0.00    0.00    0.00    0.00    0.00     1  listener
03:00:40 PM  1000     70941    1.00    1.00    0.00    0.00    2.00     8  listener
03:00:40 PM  1000     70943    0.00    1.00    0.00    0.00    1.00    15  listener
03:00:40 PM  1000     70994    0.00    1.00    0.00    0.00    1.00    15  listener
03:00:40 PM  1000     71010    0.00    0.00    0.00    0.00    0.00     6  listener
03:00:40 PM  1000     71012    0.00    1.00    0.00    0.00    1.00    18  listener
03:00:40 PM  1000     71014    0.00    0.00    0.00    0.00    0.00     1  listener
03:00:40 PM  1000     71016    1.00    0.00    0.00    0.00    1.00    11  listener
03:00:40 PM  1000     71037    1.00    0.00    0.00    0.00    1.00     6  listener
03:00:40 PM  1000     71056    1.00    0.00    0.00    0.00    1.00    10  listener
03:00:40 PM  1000     71077    0.00    1.00    0.00    0.00    1.00     1  listener
03:00:40 PM  1000     71096    1.00    0.00    0.00    0.00    1.00     6  listener
03:00:40 PM  1000     71118    1.00    1.00    0.00    0.00    2.00     0  listener
03:00:40 PM  1000     71138    1.00    0.00    0.00    0.00    1.00    12  listener
03:00:40 PM  1000     71140    0.00    1.00    0.00    0.00    1.00     4  listener
03:00:40 PM  1000     71160    1.00    0.00    0.00    0.00    1.00     7  listener
03:00:40 PM  1000     71162    1.00    0.00    0.00    0.00    1.00    14  listener
03:00:40 PM  1000     71173    1.00    0.00    0.00    0.00    1.00    10  listener

03:00:40 PM   UID       PID    %usr %system  %guest   %wait    %CPU   CPU  Command
03:00:41 PM  1000     69460    1.00    1.00    0.00    0.00    2.00    15  listener
03:00:41 PM  1000     69462    1.00    0.00    0.00    0.00    1.00     8  listener
03:00:41 PM  1000     69464    0.00    1.00    0.00    0.00    1.00     3  listener
03:00:41 PM  1000     69466    1.00    1.00    0.00    0.00    2.00     0  listener
03:00:41 PM  1000     69468    1.00    1.00    0.00    0.00    2.00    17  listener
03:00:41 PM  1000     69470    1.00    2.00    0.00    0.00    3.00    12  listener
03:00:41 PM  1000     69472    0.00    1.00    0.00    0.00    1.00    14  listener
03:00:41 PM  1000     69474    0.00    1.00    0.00    0.00    1.00    19  listener
03:00:41 PM  1000     69476    1.00    1.00    0.00    0.00    2.00    14  listener
03:00:41 PM  1000     69486    1.00    0.00    0.00    0.00    1.00    16  listener
03:00:41 PM  1000     69490    0.00    1.00    0.00    0.00    1.00     6  listener
03:00:41 PM  1000     69547    2.00    0.00    0.00    0.00    2.00     8  listener
03:00:41 PM  1000     69583    1.00    2.00    0.00    0.00    3.00     0  listener
03:00:41 PM  1000     69594    1.00    0.00    0.00    0.00    1.00    10  listener
03:00:41 PM  1000     69614    1.00    1.00    0.00    0.00    2.00     7  listener
03:00:41 PM  1000     69625    1.00    1.00    0.00    0.00    2.00     4  listener
03:00:41 PM  1000     69634    1.00    1.00    0.00    0.00    2.00     1  listener
03:00:41 PM  1000     69656    1.00    1.00    0.00    0.00    2.00    18  listener
03:00:41 PM  1000     69666    1.00    1.00    0.00    0.00    2.00     1  listener
03:00:41 PM  1000     69679    1.00    1.00    0.00    0.00    2.00     5  listener
03:00:41 PM  1000     69724    1.00    0.00    0.00    0.00    1.00     7  listener
03:00:41 PM  1000     69728    1.00    1.00    0.00    0.00    2.00    14  listener
03:00:41 PM  1000     69733    1.00    1.00    0.00    0.00    2.00    10  listener
03:00:41 PM  1000     69785    1.00    1.00    0.00    0.00    2.00    16  listener
03:00:41 PM  1000     69787    0.00    2.00    0.00    0.00    2.00     3  listener
03:00:41 PM  1000     69789    1.00    1.00    0.00    0.00    2.00    11  listener
03:00:41 PM  1000     69791    0.00    1.00    0.00    0.00    1.00    17  listener
03:00:41 PM  1000     69811    1.00    1.00    0.00    0.00    2.00    12  listener
03:00:41 PM  1000     69813    0.00    1.00    0.00    0.00    1.00    13  listener
03:00:41 PM  1000     69815    1.00    1.00    0.00    0.00    2.00    15  listener
03:00:41 PM  1000     69826    1.00    0.00    0.00    0.00    1.00    15  listener
03:00:41 PM  1000     69836    1.00    0.00    0.00    0.00    1.00     6  listener
03:00:41 PM  1000     69917    1.00    0.00    0.00    0.00    1.00     2  listener
03:00:41 PM  1000     70039    0.00    1.00    0.00    0.00    1.00    12  listener
03:00:41 PM  1000     70041    1.00    1.00    0.00    0.00    2.00    18  listener
03:00:41 PM  1000     70063    1.00    0.00    0.00    0.00    1.00    13  listener
03:00:41 PM  1000     70090    2.00    1.00    0.00    0.00    3.00     6  listener
03:00:41 PM  1000     70100    1.00    0.00    0.00    0.00    1.00    10  listener
03:00:41 PM  1000     70139    1.00    1.00    0.00    0.00    2.00    18  listener
03:00:41 PM  1000     70168    1.00    1.00    0.00    0.00    2.00     3  listener
03:00:41 PM  1000     70171    1.00    1.00    0.00    0.00    2.00     1  listener
03:00:41 PM  1000     70208    1.00    1.00    0.00    0.00    2.00    13  listener
03:00:41 PM  1000     70246    1.00    0.00    0.00    0.00    1.00    17  listener
03:00:41 PM  1000     70248    1.00    1.00    0.00    0.00    2.00     5  listener
03:00:41 PM  1000     70259    0.00    1.00    0.00    0.00    1.00     2  listener
03:00:41 PM  1000     70261    1.00    0.00    0.00    0.00    1.00    10  listener
03:00:41 PM  1000     70272    1.00    0.00    0.00    0.00    1.00     0  listener
03:00:41 PM  1000     70301    1.00    1.00    0.00    0.00    2.00     5  listener
03:00:41 PM  1000     70316    1.00    1.00    0.00    0.00    2.00    12  listener
03:00:41 PM  1000     70332    0.00    1.00    0.00    0.00    1.00     9  listener
03:00:41 PM  1000     70343    1.00    0.00    0.00    0.00    1.00    11  listener
03:00:41 PM  1000     70345    0.00    1.00    0.00    0.00    1.00     1  listener
03:00:41 PM  1000     70348    1.00    0.00    0.00    0.00    1.00    13  listener
03:00:41 PM  1000     70357    1.00    1.00    0.00    0.00    2.00     1  listener
03:00:41 PM  1000     70386    1.00    1.00    0.00    0.00    2.00    19  listener
03:00:41 PM  1000     70479    1.00    1.00    0.00    0.00    2.00     3  listener
03:00:41 PM  1000     70498    0.00    1.00    0.00    0.00    1.00     7  listener
03:00:41 PM  1000     70501    1.00    1.00    0.00    1.00    2.00     5  listener
03:00:41 PM  1000     70530    1.00    0.00    0.00    0.00    1.00    15  listener
03:00:41 PM  1000     70541    1.00    0.00    0.00    0.00    1.00    18  listener
03:00:41 PM  1000     70544    2.00    0.00    0.00    0.00    2.00     8  listener
03:00:41 PM  1000     70581    1.00    1.00    0.00    0.00    2.00    15  listener
03:00:41 PM  1000     70592    0.00    0.00    0.00    0.00    0.00    18  listener
03:00:41 PM  1000     70602    1.00    0.00    0.00    0.00    1.00    12  listener
03:00:41 PM  1000     70623    1.00    1.00    0.00    0.00    2.00     8  listener
03:00:41 PM  1000     70679    1.00    0.00    0.00    0.00    1.00     4  listener
03:00:41 PM  1000     70690    1.00    0.00    0.00    0.00    1.00     5  listener
03:00:41 PM  1000     70701    1.00    0.00    0.00    1.00    1.00     3  listener
03:00:41 PM  1000     70719    1.00    0.00    0.00    0.00    1.00    10  listener
03:00:41 PM  1000     70758    0.00    1.00    0.00    0.00    1.00    15  listener
03:00:41 PM  1000     70797    2.00    0.00    0.00    0.00    2.00     8  listener
03:00:41 PM  1000     70800    1.00    1.00    0.00    0.00    2.00    17  listener
03:00:41 PM  1000     70846    1.00    1.00    0.00    0.00    2.00    16  listener
03:00:41 PM  1000     70848    0.00    1.00    0.00    0.00    1.00    14  listener
03:00:41 PM  1000     70850    1.00    1.00    0.00    0.00    2.00     5  listener
03:00:41 PM  1000     70896    1.00    1.00    0.00    0.00    2.00     8  listener
03:00:41 PM  1000     70899    1.00    0.00    0.00    0.00    1.00     9  listener
03:00:41 PM  1000     70919    2.00    1.00    0.00    0.00    3.00    15  listener
03:00:41 PM  1000     70939    1.00    1.00    0.00    0.00    2.00     6  listener
03:00:41 PM  1000     70941    1.00    0.00    0.00    0.00    1.00     5  listener
03:00:41 PM  1000     70943    2.00    0.00    0.00    0.00    2.00    18  listener
03:00:41 PM  1000     70994    2.00    0.00    0.00    0.00    2.00     6  listener
03:00:41 PM  1000     71010    2.00    1.00    0.00    0.00    3.00     7  listener
03:00:41 PM  1000     71012    1.00    0.00    0.00    0.00    1.00     4  listener
03:00:41 PM  1000     71014    1.00    2.00    0.00    0.00    3.00    13  listener
03:00:41 PM  1000     71016    1.00    0.00    0.00    0.00    1.00    14  listener
03:00:41 PM  1000     71037    0.00    1.00    0.00    0.00    1.00     5  listener
03:00:41 PM  1000     71056    1.00    0.00    0.00    0.00    1.00    11  listener
03:00:41 PM  1000     71077    1.00    0.00    0.00    0.00    1.00     3  listener
03:00:41 PM  1000     71096    1.00    1.00    0.00    0.00    2.00    12  listener
03:00:41 PM  1000     71118    1.00    0.00    0.00    0.00    1.00    18  listener
03:00:41 PM  1000     71138    0.00    1.00    0.00    0.00    1.00    15  listener
03:00:41 PM  1000     71140    1.00    1.00    0.00    0.00    2.00     3  listener
03:00:41 PM  1000     71160    1.00    1.00    0.00    0.00    2.00     7  listener
03:00:41 PM  1000     71162    0.00    1.00    0.00    0.00    1.00     0  listener
03:00:41 PM  1000     71173    0.00    2.00    0.00    0.00    2.00    12  listener

03:00:41 PM   UID       PID    %usr %system  %guest   %wait    %CPU   CPU  Command
03:00:42 PM  1000     69460    1.00    0.00    0.00    0.00    1.00     2  listener
03:00:42 PM  1000     69462    0.00    1.00    0.00    0.00    1.00    10  listener
03:00:42 PM  1000     69464    1.00    0.00    0.00    0.00    1.00     8  listener
03:00:42 PM  1000     69466    0.00    0.00    0.00    0.00    0.00     2  listener
03:00:42 PM  1000     69468    1.00    1.00    0.00    0.00    2.00     7  listener
03:00:42 PM  1000     69470    0.00    0.00    0.00    0.00    0.00     5  listener
03:00:42 PM  1000     69472    2.00    0.00    0.00    0.00    2.00     5  listener
03:00:42 PM  1000     69474    1.00    0.00    0.00    0.00    1.00     3  listener
03:00:42 PM  1000     69476    1.00    0.00    0.00    0.00    1.00     8  listener
03:00:42 PM  1000     69486    0.00    1.00    0.00    0.00    1.00     2  listener
03:00:42 PM  1000     69490    1.00    0.00    0.00    0.00    1.00     5  listener
03:00:42 PM  1000     69547    0.00    1.00    0.00    0.00    1.00    15  listener
03:00:42 PM  1000     69583    0.00    0.00    0.00    0.00    0.00    19  listener
03:00:42 PM  1000     69594    1.00    0.00    0.00    0.00    1.00     8  listener
03:00:42 PM  1000     69614    1.00    0.00    0.00    0.00    1.00     5  listener
03:00:42 PM  1000     69625    1.00    1.00    0.00    0.00    2.00     4  listener
03:00:42 PM  1000     69634    0.00    0.00    0.00    0.00    0.00     4  listener
03:00:42 PM  1000     69656    1.00    0.00    0.00    0.00    1.00     5  listener
03:00:42 PM  1000     69666    1.00    1.00    0.00    0.00    2.00    16  listener
03:00:42 PM  1000     69679    0.00    1.00    0.00    0.00    1.00    16  listener
03:00:42 PM  1000     69724    1.00    1.00    0.00    0.00    2.00     4  listener
03:00:42 PM  1000     69728    1.00    0.00    0.00    0.00    1.00    13  listener
03:00:42 PM  1000     69733    0.00    1.00    0.00    0.00    1.00    18  listener
03:00:42 PM  1000     69785    0.00    1.00    0.00    0.00    1.00    15  listener
03:00:42 PM  1000     69787    1.00    0.00    0.00    0.00    1.00    18  listener
03:00:42 PM  1000     69789    0.00    0.00    0.00    0.00    0.00    11  listener
03:00:42 PM  1000     69791    1.00    0.00    0.00    0.00    1.00    10  listener
03:00:42 PM  1000     69811    0.00    1.00    0.00    0.00    1.00    17  listener
03:00:42 PM  1000     69813    1.00    1.00    0.00    0.00    2.00     8  listener
03:00:42 PM  1000     69815    0.00    0.00    0.00    0.00    0.00     2  listener
03:00:42 PM  1000     69826    2.00    0.00    0.00    0.00    2.00     7  listener
03:00:42 PM  1000     69836    0.00    0.00    0.00    0.00    0.00    12  listener
03:00:42 PM  1000     69917    1.00    1.00    0.00    0.00    2.00     4  listener
03:00:42 PM  1000     70039    1.00    0.00    0.00    0.00    1.00    15  listener
03:00:42 PM  1000     70041    0.00    1.00    0.00    0.00    1.00     8  listener
03:00:42 PM  1000     70063    1.00    1.00    0.00    0.00    2.00     9  listener
03:00:42 PM  1000     70090    1.00    0.00    0.00    0.00    1.00    16  listener
03:00:42 PM  1000     70100    1.00    1.00    0.00    0.00    2.00     9  listener
03:00:42 PM  1000     70139    1.00    0.00    0.00    0.00    1.00    12  listener
03:00:42 PM  1000     70168    1.00    0.00    0.00    0.00    1.00     7  listener
03:00:42 PM  1000     70171    1.00    0.00    0.00    0.00    1.00     2  listener
03:00:42 PM  1000     70208    1.00    0.00    0.00    0.00    1.00     9  listener
03:00:42 PM  1000     70246    1.00    0.00    0.00    0.00    1.00     5  listener
03:00:42 PM  1000     70248    1.00    0.00    0.00    0.00    1.00    12  listener
03:00:42 PM  1000     70259    0.00    1.00    0.00    0.00    1.00    14  listener
03:00:42 PM  1000     70261    1.00    1.00    0.00    0.00    2.00    17  listener
03:00:42 PM  1000     70272    0.00    1.00    0.00    0.00    1.00    13  listener
03:00:42 PM  1000     70301    1.00    1.00    0.00    0.00    2.00    10  listener
03:00:42 PM  1000     70316    1.00    1.00    0.00    0.00    2.00     8  listener
03:00:42 PM  1000     70332    1.00    1.00    0.00    0.00    2.00    13  listener
03:00:42 PM  1000     70343    1.00    1.00    0.00    0.00    2.00    16  listener
03:00:42 PM  1000     70345    1.00    1.00    0.00    0.00    2.00     6  listener
03:00:42 PM  1000     70348    1.00    1.00    0.00    0.00    2.00    15  listener
03:00:42 PM  1000     70357    1.00    0.00    0.00    0.00    1.00    10  listener
03:00:42 PM  1000     70386    1.00    0.00    0.00    0.00    1.00    12  listener
03:00:42 PM  1000     70479    0.00    1.00    0.00    0.00    1.00     3  listener
03:00:42 PM  1000     70498    1.00    0.00    0.00    0.00    1.00     3  listener
03:00:42 PM  1000     70501    1.00    0.00    0.00    0.00    1.00    17  listener
03:00:42 PM  1000     70530    1.00    1.00    0.00    0.00    2.00    12  listener
03:00:42 PM  1000     70541    1.00    1.00    0.00    0.00    2.00    11  listener
03:00:42 PM  1000     70544    1.00    1.00    0.00    0.00    2.00    12  listener
03:00:42 PM  1000     70581    1.00    0.00    0.00    0.00    1.00     6  listener
03:00:42 PM  1000     70592    1.00    1.00    0.00    0.00    2.00    13  listener
03:00:42 PM  1000     70602    1.00    1.00    0.00    0.00    2.00     1  listener
03:00:42 PM  1000     70623    1.00    1.00    0.00    0.00    2.00     6  listener
03:00:42 PM  1000     70679    1.00    1.00    0.00    0.00    2.00    13  listener
03:00:42 PM  1000     70690    1.00    1.00    0.00    0.00    2.00     5  listener
03:00:42 PM  1000     70701    0.00    1.00    0.00    0.00    1.00    12  listener
03:00:42 PM  1000     70719    1.00    0.00    0.00    0.00    1.00    15  listener
03:00:42 PM  1000     70758    1.00    1.00    0.00    0.00    2.00    16  listener
03:00:42 PM  1000     70797    0.00    1.00    0.00    0.00    1.00    15  listener
03:00:42 PM  1000     70800    1.00    0.00    0.00    0.00    1.00     2  listener
03:00:42 PM  1000     70846    1.00    0.00    0.00    0.00    1.00    15  listener
03:00:42 PM  1000     70848    1.00    1.00    0.00    0.00    2.00     5  listener
03:00:42 PM  1000     70850    1.00    0.00    0.00    0.00    1.00     6  listener
03:00:42 PM  1000     70896    1.00    0.00    0.00    0.00    1.00     7  listener
03:00:42 PM  1000     70899    1.00    1.00    0.00    0.00    2.00     2  listener
03:00:42 PM  1000     70919    0.00    0.00    0.00    0.00    0.00     5  listener
03:00:42 PM  1000     70939    1.00    1.00    0.00    0.00    2.00    14  listener
03:00:42 PM  1000     70941    1.00    0.00    0.00    0.00    1.00     1  listener
03:00:42 PM  1000     70943    0.00    1.00    0.00    0.00    1.00     7  listener
03:00:42 PM  1000     70994    1.00    0.00    0.00    0.00    1.00    14  listener
03:00:42 PM  1000     71010    0.00    0.00    0.00    0.00    0.00    15  listener
03:00:42 PM  1000     71012    1.00    0.00    0.00    0.00    1.00    11  listener
03:00:42 PM  1000     71014    0.00    1.00    0.00    0.00    1.00    14  listener
03:00:42 PM  1000     71016    1.00    1.00    0.00    0.00    2.00    14  listener
03:00:42 PM  1000     71037    1.00    1.00    0.00    0.00    2.00     8  listener
03:00:42 PM  1000     71056    1.00    1.00    0.00    0.00    2.00    14  listener
03:00:42 PM  1000     71077    1.00    1.00    0.00    0.00    2.00     6  listener
03:00:42 PM  1000     71096    1.00    0.00    0.00    0.00    1.00     9  listener
03:00:42 PM  1000     71118    0.00    1.00    0.00    0.00    1.00     6  listener
03:00:42 PM  1000     71138    1.00    0.00    0.00    0.00    1.00     6  listener
03:00:42 PM  1000     71140    0.00    1.00    0.00    0.00    1.00    16  listener
03:00:42 PM  1000     71160    1.00    0.00    0.00    0.00    1.00     9  listener
03:00:42 PM  1000     71162    1.00    1.00    0.00    0.00    2.00    11  listener
03:00:42 PM  1000     71173    1.00    0.00    0.00    0.00    1.00     5  listener

03:00:42 PM   UID       PID    %usr %system  %guest   %wait    %CPU   CPU  Command
03:00:43 PM  1000     69460    0.00    1.00    0.00    0.00    1.00     4  listener
03:00:43 PM  1000     69462    1.00    1.00    0.00    0.00    2.00     5  listener
03:00:43 PM  1000     69464    1.00    0.00    0.00    0.00    1.00     3  listener
03:00:43 PM  1000     69466    1.00    1.00    0.00    0.00    2.00     5  listener
03:00:43 PM  1000     69468    1.00    0.00    0.00    0.00    1.00    10  listener
03:00:43 PM  1000     69470    1.00    1.00    0.00    0.00    2.00    17  listener
03:00:43 PM  1000     69472    0.00    0.00    0.00    0.00    0.00     7  listener
03:00:43 PM  1000     69474    1.00    1.00    0.00    0.00    2.00    15  listener
03:00:43 PM  1000     69476    0.00    0.00    0.00    0.00    0.00    18  listener
03:00:43 PM  1000     69486    1.00    0.00    0.00    0.00    1.00    15  listener
03:00:43 PM  1000     69490    1.00    1.00    0.00    0.00    2.00     9  listener
03:00:43 PM  1000     69547    1.00    0.00    0.00    0.00    1.00     6  listener
03:00:43 PM  1000     69583    1.00    1.00    0.00    0.00    2.00    12  listener
03:00:43 PM  1000     69594    1.00    0.00    0.00    0.00    1.00    10  listener
03:00:43 PM  1000     69614    1.00    0.00    0.00    0.00    1.00     7  listener
03:00:43 PM  1000     69625    0.00    0.00    0.00    0.00    0.00    11  listener
03:00:43 PM  1000     69634    1.00    1.00    0.00    0.00    2.00     9  listener
03:00:43 PM  1000     69656    1.00    0.00    0.00    0.00    1.00    10  listener
03:00:43 PM  1000     69666    1.00    0.00    0.00    0.00    1.00    19  listener
03:00:43 PM  1000     69679    1.00    0.00    0.00    0.00    1.00    11  listener
03:00:43 PM  1000     69724    0.00    0.00    0.00    0.00    0.00     6  listener
03:00:43 PM  1000     69728    1.00    1.00    0.00    0.00    2.00     8  listener
03:00:43 PM  1000     69733    2.00    0.00    0.00    0.00    2.00     6  listener
03:00:43 PM  1000     69785    1.00    0.00    0.00    0.00    1.00     2  listener
03:00:43 PM  1000     69787    1.00    0.00    0.00    0.00    1.00     6  listener
03:00:43 PM  1000     69789    1.00    1.00    0.00    0.00    2.00    12  listener
03:00:43 PM  1000     69791    1.00    0.00    0.00    0.00    1.00    14  listener
03:00:43 PM  1000     69811    1.00    0.00    0.00    0.00    1.00    13  listener
03:00:43 PM  1000     69813    1.00    0.00    0.00    0.00    1.00     6  listener
03:00:43 PM  1000     69815    1.00    0.00    0.00    0.00    1.00     9  listener
03:00:43 PM  1000     69826    0.00    1.00    0.00    0.00    1.00    14  listener
03:00:43 PM  1000     69836    1.00    1.00    0.00    0.00    2.00    12  listener
03:00:43 PM  1000     69917    1.00    0.00    0.00    0.00    1.00     5  listener
03:00:43 PM  1000     70039    1.00    0.00    0.00    0.00    1.00     6  listener
03:00:43 PM  1000     70041    1.00    0.00    0.00    0.00    1.00     0  listener
03:00:43 PM  1000     70063    0.00    0.00    0.00    0.00    0.00    19  listener
03:00:43 PM  1000     70090    0.00    1.00    0.00    0.00    1.00     0  listener
03:00:43 PM  1000     70100    0.00    0.00    0.00    0.00    0.00    13  listener
03:00:43 PM  1000     70139    0.00    0.00    0.00    0.00    0.00    18  listener
03:00:43 PM  1000     70168    0.00    0.00    0.00    0.00    0.00    19  listener
03:00:43 PM  1000     70171    0.00    1.00    0.00    0.00    1.00    12  listener
03:00:43 PM  1000     70208    1.00    0.00    0.00    0.00    1.00     1  listener
03:00:43 PM  1000     70246    1.00    1.00    0.00    0.00    2.00     4  listener
03:00:43 PM  1000     70248    1.00    0.00    0.00    0.00    1.00     4  listener
03:00:43 PM  1000     70259    1.00    0.00    0.00    0.00    1.00     1  listener
03:00:43 PM  1000     70261    1.00    0.00    0.00    0.00    1.00    16  listener
03:00:43 PM  1000     70272    1.00    1.00    0.00    0.00    2.00    13  listener
03:00:43 PM  1000     70301    0.00    0.00    0.00    0.00    0.00    12  listener
03:00:43 PM  1000     70316    0.00    0.00    0.00    0.00    0.00     9  listener
03:00:43 PM  1000     70332    1.00    0.00    0.00    0.00    1.00    14  listener
03:00:43 PM  1000     70343    1.00    0.00    0.00    0.00    1.00     3  listener
03:00:43 PM  1000     70345    0.00    0.00    0.00    0.00    0.00     2  listener
03:00:43 PM  1000     70348    0.00    1.00    0.00    0.00    1.00    15  listener
03:00:43 PM  1000     70357    0.00    0.00    0.00    0.00    0.00     5  listener
03:00:43 PM  1000     70386    1.00    1.00    0.00    0.00    2.00    19  listener
03:00:43 PM  1000     70479    1.00    0.00    0.00    0.00    1.00    10  listener
03:00:43 PM  1000     70498    1.00    0.00    0.00    0.00    1.00    13  listener
03:00:43 PM  1000     70501    0.00    0.00    0.00    0.00    0.00     0  listener
03:00:43 PM  1000     70530    1.00    0.00    0.00    0.00    1.00    13  listener
03:00:43 PM  1000     70541    0.00    1.00    0.00    0.00    1.00    18  listener
03:00:43 PM  1000     70544    1.00    0.00    0.00    0.00    1.00    10  listener
03:00:43 PM  1000     70581    0.00    0.00    0.00    0.00    0.00     9  listener
03:00:43 PM  1000     70592    1.00    0.00    0.00    0.00    1.00     5  listener
03:00:43 PM  1000     70602    0.00    0.00    0.00    0.00    0.00     5  listener
03:00:43 PM  1000     70623    0.00    0.00    0.00    0.00    0.00     8  listener
03:00:43 PM  1000     70679    1.00    0.00    0.00    0.00    1.00    15  listener
03:00:43 PM  1000     70690    1.00    1.00    0.00    0.00    2.00    17  listener
03:00:43 PM  1000     70701    1.00    0.00    0.00    0.00    1.00     7  listener
03:00:43 PM  1000     70719    1.00    0.00    0.00    0.00    1.00     8  listener
03:00:43 PM  1000     70758    1.00    0.00    0.00    0.00    1.00    16  listener
03:00:43 PM  1000     70797    1.00    0.00    0.00    0.00    1.00    14  listener
03:00:43 PM  1000     70800    1.00    0.00    0.00    0.00    1.00    19  listener
03:00:43 PM  1000     70846    1.00    0.00    0.00    0.00    1.00     6  listener
03:00:43 PM  1000     70848    0.00    1.00    0.00    0.00    1.00     5  listener
03:00:43 PM  1000     70850    0.00    0.00    0.00    0.00    0.00     0  listener
03:00:43 PM  1000     70896    1.00    1.00    0.00    0.00    2.00    11  listener
03:00:43 PM  1000     70899    0.00    0.00    0.00    0.00    0.00    10  listener
03:00:43 PM  1000     70919    1.00    1.00    0.00    0.00    2.00    10  listener
03:00:43 PM  1000     70939    0.00    1.00    0.00    0.00    1.00     1  listener
03:00:43 PM  1000     70941    0.00    1.00    0.00    0.00    1.00    10  listener
03:00:43 PM  1000     70943    1.00    0.00    0.00    0.00    1.00     6  listener
03:00:43 PM  1000     70994    1.00    0.00    0.00    0.00    1.00     2  listener
03:00:43 PM  1000     71010    1.00    0.00    0.00    0.00    1.00    14  listener
03:00:43 PM  1000     71012    1.00    0.00    0.00    0.00    1.00    12  listener
03:00:43 PM  1000     71014    1.00    0.00    0.00    0.00    1.00    16  listener
03:00:43 PM  1000     71016    1.00    0.00    0.00    0.00    1.00     3  listener
03:00:43 PM  1000     71037    0.00    1.00    0.00    0.00    1.00     7  listener
03:00:43 PM  1000     71056    2.00    0.00    0.00    0.00    2.00    12  listener
03:00:43 PM  1000     71077    1.00    0.00    0.00    0.00    1.00    17  listener
03:00:43 PM  1000     71096    1.00    0.00    0.00    0.00    1.00    11  listener
03:00:43 PM  1000     71118    1.00    1.00    0.00    0.00    2.00    10  listener
03:00:43 PM  1000     71138    1.00    1.00    0.00    0.00    2.00     5  listener
03:00:43 PM  1000     71140    0.00    0.00    0.00    0.00    0.00     8  listener
03:00:43 PM  1000     71160    1.00    0.00    0.00    0.00    1.00    10  listener
03:00:43 PM  1000     71162    1.00    1.00    0.00    0.00    2.00    18  listener
03:00:43 PM  1000     71173    0.00    1.00    0.00    0.00    1.00     5  listener

03:00:43 PM   UID       PID    %usr %system  %guest   %wait    %CPU   CPU  Command
03:00:44 PM  1000     69460    1.00    1.00    0.00    0.00    2.00    16  listener
03:00:44 PM  1000     69462    0.00    1.00    0.00    0.00    1.00     0  listener
03:00:44 PM  1000     69464    0.00    1.00    0.00    0.00    1.00    14  listener
03:00:44 PM  1000     69466    0.00    1.00    0.00    0.00    1.00    18  listener
03:00:44 PM  1000     69468    1.00    1.00    0.00    0.00    2.00    16  listener
03:00:44 PM  1000     69470    0.00    0.00    0.00    0.00    0.00    16  listener
03:00:44 PM  1000     69472    1.00    1.00    0.00    0.00    2.00    16  listener
03:00:44 PM  1000     69474    0.00    1.00    0.00    0.00    1.00    10  listener
03:00:44 PM  1000     69476    1.00    1.00    0.00    0.00    2.00     2  listener
03:00:44 PM  1000     69486    2.00    0.00    0.00    0.00    2.00    12  listener
03:00:44 PM  1000     69490    0.00    0.00    0.00    0.00    0.00    16  listener
03:00:44 PM  1000     69547    1.00    0.00    0.00    0.00    1.00     2  listener
03:00:44 PM  1000     69583    1.00    0.00    0.00    0.00    1.00    14  listener
03:00:44 PM  1000     69594    1.00    1.00    0.00    0.00    2.00    10  listener
03:00:44 PM  1000     69614    1.00    0.00    0.00    0.00    1.00     5  listener
03:00:44 PM  1000     69625    1.00    1.00    0.00    0.00    2.00    12  listener
03:00:44 PM  1000     69634    1.00    0.00    0.00    0.00    1.00    19  listener
03:00:44 PM  1000     69656    0.00    1.00    0.00    0.00    1.00    12  listener
03:00:44 PM  1000     69666    0.00    2.00    0.00    0.00    2.00    17  listener
03:00:44 PM  1000     69679    0.00    1.00    0.00    0.00    1.00    16  listener
03:00:44 PM  1000     69724    1.00    0.00    0.00    0.00    1.00     9  listener
03:00:44 PM  1000     69728    0.00    1.00    0.00    0.00    1.00    11  listener
03:00:44 PM  1000     69733    0.00    0.00    0.00    0.00    0.00    15  listener
03:00:44 PM  1000     69785    1.00    0.00    0.00    0.00    1.00     4  listener
03:00:44 PM  1000     69787    1.00    1.00    0.00    0.00    2.00    11  listener
03:00:44 PM  1000     69789    0.00    0.00    0.00    0.00    0.00    14  listener
03:00:44 PM  1000     69791    1.00    0.00    0.00    0.00    1.00     6  listener
03:00:44 PM  1000     69811    1.00    0.00    0.00    0.00    1.00     8  listener
03:00:44 PM  1000     69813    1.00    0.00    0.00    0.00    1.00    12  listener
03:00:44 PM  1000     69815    1.00    1.00    0.00    0.00    2.00    17  listener
03:00:44 PM  1000     69826    2.00    0.00    0.00    0.00    2.00    15  listener
03:00:44 PM  1000     69836    1.00    0.00    0.00    0.00    1.00     1  listener
03:00:44 PM  1000     69917    1.00    0.00    0.00    0.00    1.00     3  listener
03:00:44 PM  1000     70039    1.00    0.00    0.00    0.00    1.00    12  listener
03:00:44 PM  1000     70041    1.00    0.00    0.00    0.00    1.00     3  listener
03:00:44 PM  1000     70063    1.00    0.00    0.00    1.00    1.00     8  listener
03:00:44 PM  1000     70090    1.00    1.00    0.00    0.00    2.00    13  listener
03:00:44 PM  1000     70100    1.00    1.00    0.00    0.00    2.00    13  listener
03:00:44 PM  1000     70139    1.00    1.00    0.00    0.00    2.00     2  listener
03:00:44 PM  1000     70168    1.00    1.00    0.00    0.00    2.00     3  listener
03:00:44 PM  1000     70171    1.00    0.00    0.00    0.00    1.00    17  listener
03:00:44 PM  1000     70208    0.00    1.00    0.00    0.00    1.00    15  listener
03:00:44 PM  1000     70246    0.00    0.00    0.00    0.00    0.00     1  listener
03:00:44 PM  1000     70248    0.00    1.00    0.00    0.00    1.00     1  listener
03:00:44 PM  1000     70259    1.00    1.00    0.00    0.00    2.00    14  listener
03:00:44 PM  1000     70261    0.00    0.00    0.00    0.00    0.00     8  listener
03:00:44 PM  1000     70272    1.00    0.00    0.00    0.00    1.00     1  listener
03:00:44 PM  1000     70301    1.00    1.00    0.00    0.00    2.00     5  listener
03:00:44 PM  1000     70316    1.00    1.00    0.00    0.00    2.00     9  listener
03:00:44 PM  1000     70332    1.00    0.00    0.00    0.00    1.00    14  listener
03:00:44 PM  1000     70343    0.00    1.00    0.00    0.00    1.00     6  listener
03:00:44 PM  1000     70345    1.00    0.00    0.00    0.00    1.00     5  listener
03:00:44 PM  1000     70348    1.00    0.00    0.00    0.00    1.00     8  listener
03:00:44 PM  1000     70357    1.00    2.00    0.00    0.00    3.00    14  listener
03:00:44 PM  1000     70386    1.00    0.00    0.00    0.00    1.00     6  listener
03:00:44 PM  1000     70479    0.00    2.00    0.00    0.00    2.00    19  listener
03:00:44 PM  1000     70498    0.00    1.00    0.00    0.00    1.00     1  listener
03:00:44 PM  1000     70501    0.00    2.00    0.00    0.00    2.00    19  listener
03:00:44 PM  1000     70530    1.00    1.00    0.00    0.00    2.00     8  listener
03:00:44 PM  1000     70541    0.00    1.00    0.00    0.00    1.00     8  listener
03:00:44 PM  1000     70544    0.00    1.00    0.00    0.00    1.00     2  listener
03:00:44 PM  1000     70581    1.00    1.00    0.00    0.00    2.00     2  listener
03:00:44 PM  1000     70592    0.00    1.00    0.00    0.00    1.00    17  listener
03:00:44 PM  1000     70602    1.00    0.00    0.00    0.00    1.00    10  listener
03:00:44 PM  1000     70623    1.00    1.00    0.00    0.00    2.00     5  listener
03:00:44 PM  1000     70679    1.00    0.00    0.00    0.00    1.00    18  listener
03:00:44 PM  1000     70690    0.00    0.00    0.00    0.00    0.00     5  listener
03:00:44 PM  1000     70701    0.00    1.00    0.00    0.00    1.00    13  listener
03:00:44 PM  1000     70719    1.00    1.00    0.00    0.00    2.00    10  listener
03:00:44 PM  1000     70758    0.00    1.00    0.00    0.00    1.00    12  listener
03:00:44 PM  1000     70797    1.00    1.00    0.00    0.00    2.00    10  listener
03:00:44 PM  1000     70800    1.00    0.00    0.00    0.00    1.00    11  listener
03:00:44 PM  1000     70846    1.00    1.00    0.00    0.00    2.00    19  listener
03:00:44 PM  1000     70848    1.00    1.00    0.00    0.00    2.00     1  listener
03:00:44 PM  1000     70850    1.00    0.00    0.00    0.00    1.00     0  listener
03:00:44 PM  1000     70896    1.00    0.00    0.00    0.00    1.00    18  listener
03:00:44 PM  1000     70899    1.00    1.00    0.00    0.00    2.00     6  listener
03:00:44 PM  1000     70919    0.00    1.00    0.00    0.00    1.00    12  listener
03:00:44 PM  1000     70939    2.00    0.00    0.00    0.00    2.00     8  listener
03:00:44 PM  1000     70941    1.00    0.00    0.00    0.00    1.00     5  listener
03:00:44 PM  1000     70943    1.00    0.00    0.00    0.00    1.00     3  listener
03:00:44 PM  1000     70994    0.00    1.00    0.00    0.00    1.00    11  listener
03:00:44 PM  1000     71010    0.00    1.00    0.00    0.00    1.00    11  listener
03:00:44 PM  1000     71012    1.00    1.00    0.00    0.00    2.00    13  listener
03:00:44 PM  1000     71014    1.00    0.00    0.00    0.00    1.00    18  listener
03:00:44 PM  1000     71016    1.00    0.00    0.00    0.00    1.00     0  listener
03:00:44 PM  1000     71037    1.00    0.00    0.00    0.00    1.00     7  listener
03:00:44 PM  1000     71056    1.00    0.00    0.00    0.00    1.00    13  listener
03:00:44 PM  1000     71077    1.00    1.00    0.00    0.00    2.00    19  listener
03:00:44 PM  1000     71096    0.00    1.00    0.00    0.00    1.00     3  listener
03:00:44 PM  1000     71118    1.00    0.00    0.00    0.00    1.00    16  listener
03:00:44 PM  1000     71138    0.00    0.00    0.00    0.00    0.00     5  listener
03:00:44 PM  1000     71140    1.00    1.00    0.00    0.00    2.00     3  listener
03:00:44 PM  1000     71160    1.00    0.00    0.00    0.00    1.00     9  listener
03:00:44 PM  1000     71162    0.00    1.00    0.00    0.00    1.00     4  listener
03:00:44 PM  1000     71173    1.00    0.00    0.00    0.00    1.00     3  listener

03:00:44 PM   UID       PID    %usr %system  %guest   %wait    %CPU   CPU  Command
03:00:45 PM  1000     69460    0.00    0.00    0.00    0.00    0.00     2  listener
03:00:45 PM  1000     69462    1.00    0.00    0.00    0.00    1.00     2  listener
03:00:45 PM  1000     69464    0.00    1.00    0.00    0.00    1.00    14  listener
03:00:45 PM  1000     69466    1.00    0.00    0.00    0.00    1.00     0  listener
03:00:45 PM  1000     69468    0.00    0.00    0.00    0.00    0.00     5  listener
03:00:45 PM  1000     69470    1.00    1.00    0.00    0.00    2.00    19  listener
03:00:45 PM  1000     69472    0.00    1.00    0.00    0.00    1.00    14  listener
03:00:45 PM  1000     69474    1.00    0.00    0.00    0.00    1.00     7  listener
03:00:45 PM  1000     69476    0.00    1.00    0.00    0.00    1.00    10  listener
03:00:45 PM  1000     69486    0.00    0.00    0.00    1.00    0.00     4  listener
03:00:45 PM  1000     69490    1.00    0.00    0.00    0.00    1.00    18  listener
03:00:45 PM  1000     69547    1.00    1.00    0.00    0.00    2.00     8  listener
03:00:45 PM  1000     69583    1.00    0.00    0.00    0.00    1.00    17  listener
03:00:45 PM  1000     69594    0.00    0.00    0.00    0.00    0.00    18  listener
03:00:45 PM  1000     69614    1.00    0.00    0.00    0.00    1.00    10  listener
03:00:45 PM  1000     69625    0.00    0.00    0.00    0.00    0.00     5  listener
03:00:45 PM  1000     69634    1.00    1.00    0.00    0.00    2.00     0  listener
03:00:45 PM  1000     69656    0.00    1.00    0.00    0.00    1.00    12  listener
03:00:45 PM  1000     69666    1.00    0.00    0.00    0.00    1.00    13  listener
03:00:45 PM  1000     69679    1.00    0.00    0.00    0.00    1.00    16  listener
03:00:45 PM  1000     69724    1.00    1.00    0.00    0.00    2.00     5  listener
03:00:45 PM  1000     69728    1.00    0.00    0.00    0.00    1.00    13  listener
03:00:45 PM  1000     69733    1.00    1.00    0.00    0.00    2.00    19  listener
03:00:45 PM  1000     69785    1.00    0.00    0.00    0.00    1.00    17  listener
03:00:45 PM  1000     69787    1.00    0.00    0.00    0.00    1.00    16  listener
03:00:45 PM  1000     69789    1.00    1.00    0.00    0.00    2.00     6  listener
03:00:45 PM  1000     69791    1.00    1.00    0.00    0.00    2.00    18  listener
03:00:45 PM  1000     69811    1.00    0.00    0.00    0.00    1.00     1  listener
03:00:45 PM  1000     69813    0.00    1.00    0.00    0.00    1.00    10  listener
03:00:45 PM  1000     69815    0.00    0.00    0.00    0.00    0.00     2  listener
03:00:45 PM  1000     69826    0.00    0.00    0.00    0.00    0.00     8  listener
03:00:45 PM  1000     69836    0.00    0.00    0.00    0.00    0.00     5  listener
03:00:45 PM  1000     69917    0.00    0.00    0.00    0.00    0.00    16  listener
03:00:45 PM  1000     70039    1.00    1.00    0.00    0.00    2.00    14  listener
03:00:45 PM  1000     70041    1.00    0.00    0.00    0.00    1.00     0  listener
03:00:45 PM  1000     70063    1.00    0.00    0.00    0.00    1.00     3  listener
03:00:45 PM  1000     70090    0.00    1.00    0.00    0.00    1.00     7  listener
03:00:45 PM  1000     70100    1.00    0.00    0.00    0.00    1.00    14  listener
03:00:45 PM  1000     70139    0.00    0.00    0.00    1.00    0.00    14  listener
03:00:45 PM  1000     70168    1.00    0.00    0.00    0.00    1.00     9  listener
03:00:45 PM  1000     70171    1.00    1.00    0.00    0.00    2.00     6  listener
03:00:45 PM  1000     70208    1.00    0.00    0.00    0.00    1.00    12  listener
03:00:45 PM  1000     70246    1.00    0.00    0.00    0.00    1.00    14  listener
03:00:45 PM  1000     70248    0.00    1.00    0.00    0.00    1.00     2  listener
03:00:45 PM  1000     70259    0.00    0.00    0.00    0.00    0.00    15  listener
03:00:45 PM  1000     70261    1.00    0.00    0.00    0.00    1.00    17  listener
03:00:45 PM  1000     70272    0.00    1.00    0.00    0.00    1.00    12  listener
03:00:45 PM  1000     70301    1.00    0.00    0.00    0.00    1.00    12  listener
03:00:45 PM  1000     70316    0.00    1.00    0.00    0.00    1.00    13  listener
03:00:45 PM  1000     70332    0.00    1.00    0.00    0.00    1.00    11  listener
03:00:45 PM  1000     70343    1.00    0.00    0.00    0.00    1.00     1  listener
03:00:45 PM  1000     70345    1.00    1.00    0.00    0.00    2.00     6  listener
03:00:45 PM  1000     70348    1.00    0.00    0.00    0.00    1.00     0  listener
03:00:45 PM  1000     70357    0.00    0.00    0.00    0.00    0.00     3  listener
03:00:45 PM  1000     70386    1.00    0.00    0.00    0.00    1.00     6  listener
03:00:45 PM  1000     70479    1.00    0.00    0.00    0.00    1.00     0  listener
03:00:45 PM  1000     70498    0.00    1.00    0.00    0.00    1.00    16  listener
03:00:45 PM  1000     70501    1.00    0.00    0.00    0.00    1.00     3  listener
03:00:45 PM  1000     70530    0.00    0.00    0.00    0.00    0.00     3  listener
03:00:45 PM  1000     70541    1.00    0.00    0.00    0.00    1.00    16  listener
03:00:45 PM  1000     70544    1.00    0.00    0.00    0.00    1.00     6  listener
03:00:45 PM  1000     70581    1.00    0.00    0.00    0.00    1.00     3  listener
03:00:45 PM  1000     70592    1.00    0.00    0.00    0.00    1.00     6  listener
03:00:45 PM  1000     70602    1.00    0.00    0.00    0.00    1.00     5  listener
03:00:45 PM  1000     70623    0.00    0.00    0.00    0.00    0.00    12  listener
03:00:45 PM  1000     70679    1.00    1.00    0.00    0.00    2.00     0  listener
03:00:45 PM  1000     70690    2.00    0.00    0.00    0.00    2.00    18  listener
03:00:45 PM  1000     70701    1.00    1.00    0.00    0.00    2.00     1  listener
03:00:45 PM  1000     70719    0.00    0.00    0.00    0.00    0.00     7  listener
03:00:45 PM  1000     70758    1.00    0.00    0.00    0.00    1.00    13  listener
03:00:45 PM  1000     70797    0.00    0.00    0.00    0.00    0.00    13  listener
03:00:45 PM  1000     70800    1.00    1.00    0.00    0.00    2.00     3  listener
03:00:45 PM  1000     70846    0.00    0.00    0.00    0.00    0.00     6  listener
03:00:45 PM  1000     70848    0.00    0.00    0.00    0.00    0.00     0  listener
03:00:45 PM  1000     70850    1.00    1.00    0.00    0.00    2.00    19  listener
03:00:45 PM  1000     70896    1.00    1.00    0.00    0.00    2.00     8  listener
03:00:45 PM  1000     70899    1.00    0.00    0.00    0.00    1.00     0  listener
03:00:45 PM  1000     70919    1.00    0.00    0.00    0.00    1.00     4  listener
03:00:45 PM  1000     70939    0.00    0.00    0.00    0.00    0.00     3  listener
03:00:45 PM  1000     70941    0.00    1.00    0.00    0.00    1.00    12  listener
03:00:45 PM  1000     70943    1.00    0.00    0.00    0.00    1.00    19  listener
03:00:45 PM  1000     70994    2.00    0.00    0.00    0.00    2.00    16  listener
03:00:45 PM  1000     71010    1.00    1.00    0.00    0.00    2.00     2  listener
03:00:45 PM  1000     71012    0.00    1.00    0.00    0.00    1.00     8  listener
03:00:45 PM  1000     71014    1.00    1.00    0.00    0.00    2.00     0  listener
03:00:45 PM  1000     71016    0.00    0.00    0.00    0.00    0.00    15  listener
03:00:45 PM  1000     71037    1.00    0.00    0.00    0.00    1.00    11  listener
03:00:45 PM  1000     71056    0.00    0.00    0.00    0.00    0.00    16  listener
03:00:45 PM  1000     71077    0.00    0.00    0.00    0.00    0.00    19  listener
03:00:45 PM  1000     71096    1.00    0.00    0.00    0.00    1.00     0  listener
03:00:45 PM  1000     71118    0.00    1.00    0.00    0.00    1.00    14  listener
03:00:45 PM  1000     71138    1.00    0.00    0.00    0.00    1.00     3  listener
03:00:45 PM  1000     71140    1.00    0.00    0.00    0.00    1.00     1  listener
03:00:45 PM  1000     71160    1.00    0.00    0.00    0.00    1.00    19  listener
03:00:45 PM  1000     71162    1.00    0.00    0.00    0.00    1.00    18  listener
03:00:45 PM  1000     71173    0.00    1.00    0.00    0.00    1.00     1  listener

03:00:45 PM   UID       PID    %usr %system  %guest   %wait    %CPU   CPU  Command
03:00:46 PM  1000     69460    1.00    1.00    0.00    0.00    2.00     7  listener
03:00:46 PM  1000     69462    1.00    0.00    0.00    0.00    1.00    12  listener
03:00:46 PM  1000     69464    1.00    0.00    0.00    0.00    1.00     3  listener
03:00:46 PM  1000     69466    0.00    1.00    0.00    0.00    1.00    11  listener
03:00:46 PM  1000     69468    1.00    0.00    0.00    0.00    1.00    10  listener
03:00:46 PM  1000     69470    0.00    0.00    0.00    0.00    0.00     6  listener
03:00:46 PM  1000     69472    1.00    0.00    0.00    0.00    1.00    19  listener
03:00:46 PM  1000     69474    1.00    0.00    0.00    0.00    1.00     7  listener
03:00:46 PM  1000     69476    1.00    0.00    0.00    0.00    1.00    12  listener
03:00:46 PM  1000     69486    1.00    1.00    0.00    0.00    2.00    18  listener
03:00:46 PM  1000     69490    1.00    1.00    0.00    0.00    2.00     6  listener
03:00:46 PM  1000     69547    0.00    0.00    0.00    0.00    0.00    11  listener
03:00:46 PM  1000     69583    1.00    1.00    0.00    0.00    2.00    13  listener
03:00:46 PM  1000     69594    1.00    0.00    0.00    0.00    1.00     0  listener
03:00:46 PM  1000     69614    0.00    1.00    0.00    0.00    1.00    15  listener
03:00:46 PM  1000     69625    1.00    0.00    0.00    0.00    1.00     6  listener
03:00:46 PM  1000     69634    0.00    0.00    0.00    0.00    0.00     6  listener
03:00:46 PM  1000     69656    1.00    0.00    0.00    0.00    1.00     7  listener
03:00:46 PM  1000     69666    1.00    0.00    0.00    0.00    1.00     4  listener
03:00:46 PM  1000     69679    1.00    0.00    0.00    0.00    1.00     9  listener
03:00:46 PM  1000     69724    1.00    0.00    0.00    0.00    1.00    16  listener
03:00:46 PM  1000     69728    1.00    0.00    0.00    0.00    1.00     7  listener
03:00:46 PM  1000     69733    1.00    0.00    0.00    0.00    1.00     6  listener
03:00:46 PM  1000     69785    0.00    1.00    0.00    0.00    1.00    12  listener
03:00:46 PM  1000     69787    1.00    0.00    0.00    0.00    1.00    12  listener
03:00:46 PM  1000     69789    0.00    0.00    0.00    0.00    0.00     3  listener
03:00:46 PM  1000     69791    0.00    0.00    0.00    0.00    0.00     2  listener
03:00:46 PM  1000     69811    1.00    0.00    0.00    0.00    1.00     5  listener
03:00:46 PM  1000     69813    1.00    0.00    0.00    0.00    1.00     3  listener
03:00:46 PM  1000     69815    1.00    1.00    0.00    0.00    2.00     8  listener
03:00:46 PM  1000     69826    1.00    1.00    0.00    0.00    2.00     3  listener
03:00:46 PM  1000     69836    1.00    1.00    0.00    0.00    2.00     8  listener
03:00:46 PM  1000     69917    0.00    1.00    0.00    0.00    1.00     6  listener
03:00:46 PM  1000     70039    0.00    0.00    0.00    0.00    0.00    13  listener
03:00:46 PM  1000     70041    0.00    1.00    0.00    0.00    1.00     6  listener
03:00:46 PM  1000     70063    1.00    1.00    0.00    0.00    2.00     9  listener
03:00:46 PM  1000     70090    1.00    0.00    0.00    0.00    1.00    14  listener
03:00:46 PM  1000     70100    0.00    1.00    0.00    0.00    1.00    16  listener
03:00:46 PM  1000     70139    1.00    1.00    0.00    0.00    2.00     3  listener
03:00:46 PM  1000     70168    0.00    1.00    0.00    0.00    1.00     0  listener
03:00:46 PM  1000     70171    1.00    0.00    0.00    0.00    1.00     4  listener
03:00:46 PM  1000     70208    1.00    0.00    0.00    0.00    1.00    14  listener
03:00:46 PM  1000     70246    1.00    0.00    0.00    0.00    1.00     6  listener
03:00:46 PM  1000     70248    1.00    0.00    0.00    0.00    1.00    12  listener
03:00:46 PM  1000     70259    0.00    0.00    0.00    0.00    0.00    14  listener
03:00:46 PM  1000     70261    1.00    1.00    0.00    0.00    2.00    10  listener
03:00:46 PM  1000     70272    1.00    0.00    0.00    0.00    1.00    14  listener
03:00:46 PM  1000     70301    0.00    0.00    0.00    0.00    0.00    15  listener
03:00:46 PM  1000     70316    1.00    0.00    0.00    0.00    1.00    16  listener
03:00:46 PM  1000     70332    0.00    0.00    0.00    1.00    0.00     9  listener
03:00:46 PM  1000     70343    1.00    0.00    0.00    0.00    1.00    12  listener
03:00:46 PM  1000     70345    0.00    0.00    0.00    0.00    0.00    10  listener
03:00:46 PM  1000     70348    0.00    1.00    0.00    0.00    1.00     5  listener
03:00:46 PM  1000     70357    1.00    0.00    0.00    0.00    1.00     6  listener
03:00:46 PM  1000     70386    1.00    0.00    0.00    0.00    1.00    11  listener
03:00:46 PM  1000     70479    1.00    0.00    0.00    0.00    1.00    13  listener
03:00:46 PM  1000     70498    1.00    0.00    0.00    0.00    1.00    17  listener
03:00:46 PM  1000     70501    1.00    0.00    0.00    0.00    1.00     3  listener
03:00:46 PM  1000     70530    1.00    0.00    0.00    0.00    1.00     6  listener
03:00:46 PM  1000     70541    0.00    0.00    0.00    0.00    0.00     8  listener
03:00:46 PM  1000     70544    1.00    0.00    0.00    0.00    1.00     2  listener
03:00:46 PM  1000     70581    0.00    0.00    0.00    0.00    0.00    10  listener
03:00:46 PM  1000     70592    1.00    0.00    0.00    0.00    1.00    13  listener
03:00:46 PM  1000     70602    1.00    1.00    0.00    0.00    2.00     2  listener
03:00:46 PM  1000     70623    1.00    1.00    0.00    0.00    2.00    15  listener
03:00:46 PM  1000     70679    0.00    0.00    0.00    0.00    0.00     8  listener
03:00:46 PM  1000     70690    0.00    1.00    0.00    0.00    1.00     5  listener
03:00:46 PM  1000     70701    0.00    0.00    0.00    0.00    0.00    17  listener
03:00:46 PM  1000     70719    1.00    0.00    0.00    0.00    1.00     2  listener
03:00:46 PM  1000     70758    1.00    0.00    0.00    0.00    1.00     5  listener
03:00:46 PM  1000     70797    1.00    1.00    0.00    0.00    2.00     3  listener
03:00:46 PM  1000     70800    0.00    0.00    0.00    0.00    0.00     1  listener
03:00:46 PM  1000     70846    1.00    1.00    0.00    0.00    2.00    18  listener
03:00:46 PM  1000     70848    1.00    0.00    0.00    0.00    1.00    11  listener
03:00:46 PM  1000     70850    1.00    0.00    0.00    0.00    1.00    15  listener
03:00:46 PM  1000     70896    0.00    0.00    0.00    0.00    0.00    15  listener
03:00:46 PM  1000     70899    1.00    1.00    0.00    0.00    2.00    16  listener
03:00:46 PM  1000     70919    1.00    1.00    0.00    0.00    2.00    15  listener
03:00:46 PM  1000     70939    1.00    1.00    0.00    0.00    2.00     1  listener
03:00:46 PM  1000     70941    1.00    0.00    0.00    0.00    1.00     1  listener
03:00:46 PM  1000     70943    0.00    0.00    0.00    0.00    0.00     3  listener
03:00:46 PM  1000     70994    0.00    0.00    0.00    1.00    0.00    17  listener
03:00:46 PM  1000     71010    0.00    0.00    0.00    0.00    0.00    14  listener
03:00:46 PM  1000     71012    1.00    0.00    0.00    0.00    1.00    14  listener
03:00:46 PM  1000     71014    0.00    0.00    0.00    0.00    0.00    10  listener
03:00:46 PM  1000     71016    1.00    1.00    0.00    0.00    2.00    10  listener
03:00:46 PM  1000     71037    0.00    1.00    0.00    0.00    1.00    10  listener
03:00:46 PM  1000     71056    1.00    1.00    0.00    0.00    2.00    10  listener
03:00:46 PM  1000     71077    1.00    1.00    0.00    0.00    2.00     3  listener
03:00:46 PM  1000     71096    1.00    1.00    0.00    0.00    2.00    12  listener
03:00:46 PM  1000     71118    1.00    1.00    0.00    0.00    2.00     3  listener
03:00:46 PM  1000     71138    1.00    1.00    0.00    0.00    2.00     3  listener
03:00:46 PM  1000     71140    0.00    0.00    0.00    0.00    0.00     3  listener
03:00:46 PM  1000     71160    0.00    1.00    0.00    0.00    1.00    11  listener
03:00:46 PM  1000     71162    1.00    0.00    0.00    0.00    1.00     4  listener
03:00:46 PM  1000     71173    1.00    0.00    0.00    0.00    1.00     3  listener

03:00:46 PM   UID       PID    %usr %system  %guest   %wait    %CPU   CPU  Command
03:00:47 PM  1000     69460    0.00    0.00    0.00    0.00    0.00     4  listener
03:00:47 PM  1000     69462    0.00    0.00    0.00    0.00    0.00    11  listener
03:00:47 PM  1000     69464    1.00    0.00    0.00    0.00    1.00     1  listener
03:00:47 PM  1000     69466    1.00    0.00    0.00    0.00    1.00     1  listener
03:00:47 PM  1000     69468    0.00    1.00    0.00    0.00    1.00    14  listener
03:00:47 PM  1000     69470    1.00    0.00    0.00    0.00    1.00     6  listener
03:00:47 PM  1000     69472    1.00    0.00    0.00    0.00    1.00    10  listener
03:00:47 PM  1000     69474    1.00    0.00    0.00    0.00    1.00     6  listener
03:00:47 PM  1000     69476    1.00    0.00    0.00    0.00    1.00    16  listener
03:00:47 PM  1000     69486    1.00    0.00    0.00    0.00    1.00     5  listener
03:00:47 PM  1000     69490    1.00    0.00    0.00    0.00    1.00    11  listener
03:00:47 PM  1000     69547    0.00    0.00    0.00    0.00    0.00    13  listener
03:00:47 PM  1000     69583    0.00    0.00    0.00    0.00    0.00    15  listener
03:00:47 PM  1000     69594    0.00    1.00    0.00    0.00    1.00    13  listener
03:00:47 PM  1000     69614    1.00    0.00    0.00    0.00    1.00     6  listener
03:00:47 PM  1000     69625    0.00    1.00    0.00    0.00    1.00     7  listener
03:00:47 PM  1000     69634    1.00    1.00    0.00    0.00    2.00    18  listener
03:00:47 PM  1000     69656    0.00    0.00    0.00    0.00    0.00     1  listener
03:00:47 PM  1000     69666    0.00    0.00    0.00    0.00    0.00     4  listener
03:00:47 PM  1000     69679    1.00    0.00    0.00    0.00    1.00    11  listener
03:00:47 PM  1000     69724    0.00    0.00    0.00    1.00    0.00    12  listener
03:00:47 PM  1000     69728    0.00    1.00    0.00    0.00    1.00    19  listener
03:00:47 PM  1000     69733    1.00    0.00    0.00    0.00    1.00     4  listener
03:00:47 PM  1000     69785    1.00    0.00    0.00    0.00    1.00     2  listener
03:00:47 PM  1000     69787    1.00    0.00    0.00    0.00    1.00    17  listener
03:00:47 PM  1000     69789    0.00    1.00    0.00    0.00    1.00     1  listener
03:00:47 PM  1000     69791    1.00    0.00    0.00    0.00    1.00     2  listener
03:00:47 PM  1000     69811    0.00    1.00    0.00    0.00    1.00    10  listener
03:00:47 PM  1000     69813    1.00    0.00    0.00    0.00    1.00     7  listener
03:00:47 PM  1000     69815    1.00    0.00    0.00    0.00    1.00     9  listener
03:00:47 PM  1000     69826    1.00    0.00    0.00    0.00    1.00    12  listener
03:00:47 PM  1000     69836    0.00    0.00    0.00    0.00    0.00    10  listener
03:00:47 PM  1000     69917    1.00    0.00    0.00    0.00    1.00    14  listener
03:00:47 PM  1000     70039    1.00    0.00    0.00    0.00    1.00     8  listener
03:00:47 PM  1000     70041    1.00    0.00    0.00    0.00    1.00     5  listener
03:00:47 PM  1000     70063    0.00    0.00    0.00    0.00    0.00    17  listener
03:00:47 PM  1000     70090    0.00    1.00    0.00    0.00    1.00     8  listener
03:00:47 PM  1000     70100    1.00    0.00    0.00    1.00    1.00    18  listener
03:00:47 PM  1000     70139    1.00    0.00    0.00    0.00    1.00     0  listener
03:00:47 PM  1000     70168    1.00    0.00    0.00    0.00    1.00    14  listener
03:00:47 PM  1000     70171    1.00    0.00    0.00    0.00    1.00    11  listener
03:00:47 PM  1000     70208    1.00    1.00    0.00    0.00    2.00     3  listener
03:00:47 PM  1000     70246    0.00    1.00    0.00    0.00    1.00     6  listener
03:00:47 PM  1000     70248    1.00    0.00    0.00    0.00    1.00     3  listener
03:00:47 PM  1000     70259    1.00    1.00    0.00    0.00    2.00    15  listener
03:00:47 PM  1000     70261    0.00    0.00    0.00    0.00    0.00     6  listener
03:00:47 PM  1000     70272    0.00    1.00    0.00    0.00    1.00     0  listener
03:00:47 PM  1000     70301    1.00    0.00    0.00    0.00    1.00    19  listener
03:00:47 PM  1000     70316    1.00    0.00    0.00    0.00    1.00    11  listener
03:00:47 PM  1000     70332    1.00    1.00    0.00    0.00    2.00     1  listener
03:00:47 PM  1000     70343    1.00    0.00    0.00    0.00    1.00     0  listener
03:00:47 PM  1000     70345    1.00    1.00    0.00    0.00    2.00     9  listener
03:00:47 PM  1000     70348    1.00    0.00    0.00    0.00    1.00     3  listener
03:00:47 PM  1000     70357    0.00    1.00    0.00    0.00    1.00     6  listener
03:00:47 PM  1000     70386    0.00    1.00    0.00    0.00    1.00     6  listener
03:00:47 PM  1000     70479    0.00    0.00    0.00    0.00    0.00     1  listener
03:00:47 PM  1000     70498    0.00    0.00    0.00    0.00    0.00    10  listener
03:00:47 PM  1000     70501    0.00    1.00    0.00    0.00    1.00     8  listener
03:00:47 PM  1000     70530    1.00    1.00    0.00    0.00    2.00     8  listener
03:00:47 PM  1000     70541    1.00    0.00    0.00    0.00    1.00     8  listener
03:00:47 PM  1000     70544    1.00    1.00    0.00    0.00    2.00     3  listener
03:00:47 PM  1000     70581    1.00    1.00    0.00    0.00    2.00    14  listener
03:00:47 PM  1000     70592    0.00    0.00    0.00    0.00    0.00    12  listener
03:00:47 PM  1000     70602    1.00    0.00    0.00    0.00    1.00    13  listener
03:00:47 PM  1000     70623    1.00    0.00    0.00    0.00    1.00     5  listener
03:00:47 PM  1000     70679    1.00    0.00    0.00    0.00    1.00     3  listener
03:00:47 PM  1000     70690    1.00    0.00    0.00    0.00    1.00     2  listener
03:00:47 PM  1000     70701    1.00    0.00    0.00    0.00    1.00     6  listener
03:00:47 PM  1000     70719    0.00    1.00    0.00    0.00    1.00     1  listener
03:00:47 PM  1000     70758    1.00    1.00    0.00    0.00    2.00     6  listener
03:00:47 PM  1000     70797    1.00    0.00    0.00    0.00    1.00     8  listener
03:00:47 PM  1000     70800    1.00    0.00    0.00    0.00    1.00     2  listener
03:00:47 PM  1000     70846    1.00    0.00    0.00    0.00    1.00    16  listener
03:00:47 PM  1000     70848    1.00    0.00    0.00    0.00    1.00    19  listener
03:00:47 PM  1000     70850    0.00    0.00    0.00    0.00    0.00     8  listener
03:00:47 PM  1000     70896    1.00    0.00    0.00    0.00    1.00     1  listener
03:00:47 PM  1000     70899    0.00    0.00    0.00    0.00    0.00     3  listener
03:00:47 PM  1000     70919    0.00    0.00    0.00    0.00    0.00    11  listener
03:00:47 PM  1000     70939    1.00    0.00    0.00    0.00    1.00     1  listener
03:00:47 PM  1000     70941    0.00    1.00    0.00    0.00    1.00     5  listener
03:00:47 PM  1000     70943    1.00    0.00    0.00    0.00    1.00    14  listener
03:00:47 PM  1000     70994    1.00    0.00    0.00    0.00    1.00    15  listener
03:00:47 PM  1000     71010    1.00    0.00    0.00    0.00    1.00     6  listener
03:00:47 PM  1000     71012    1.00    0.00    0.00    0.00    1.00    10  listener
03:00:47 PM  1000     71014    1.00    0.00    0.00    0.00    1.00    10  listener
03:00:47 PM  1000     71016    0.00    0.00    0.00    0.00    0.00    15  listener
03:00:47 PM  1000     71037    0.00    0.00    0.00    0.00    0.00     5  listener
03:00:47 PM  1000     71056    1.00    0.00    0.00    0.00    1.00     7  listener
03:00:47 PM  1000     71077    1.00    0.00    0.00    0.00    1.00     3  listener
03:00:47 PM  1000     71096    0.00    0.00    0.00    0.00    0.00     3  listener
03:00:47 PM  1000     71118    0.00    0.00    0.00    0.00    0.00     3  listener
03:00:47 PM  1000     71138    0.00    0.00    0.00    0.00    0.00     8  listener
03:00:47 PM  1000     71140    1.00    1.00    0.00    0.00    2.00     1  listener
03:00:47 PM  1000     71160    1.00    1.00    0.00    0.00    2.00    12  listener
03:00:47 PM  1000     71162    0.00    1.00    0.00    0.00    1.00     3  listener
03:00:47 PM  1000     71173    0.00    0.00    0.00    0.00    0.00    17  listener

03:00:47 PM   UID       PID    %usr %system  %guest   %wait    %CPU   CPU  Command
03:00:48 PM  1000     69460    1.00    0.00    0.00    0.00    1.00     1  listener
03:00:48 PM  1000     69462    1.00    0.00    0.00    0.00    1.00    17  listener
03:00:48 PM  1000     69464    0.00    0.00    0.00    0.00    0.00     9  listener
03:00:48 PM  1000     69466    1.00    0.00    0.00    0.00    1.00    13  listener
03:00:48 PM  1000     69468    1.00    0.00    0.00    0.00    1.00     6  listener
03:00:48 PM  1000     69470    1.00    0.00    0.00    0.00    1.00    10  listener
03:00:48 PM  1000     69472    0.00    1.00    0.00    0.00    1.00     0  listener
03:00:48 PM  1000     69474    1.00    0.00    0.00    0.00    1.00    16  listener
03:00:48 PM  1000     69476    0.00    0.00    0.00    0.00    0.00     5  listener
03:00:48 PM  1000     69486    0.00    0.00    0.00    0.00    0.00    19  listener
03:00:48 PM  1000     69490    0.00    0.00    0.00    0.00    0.00    15  listener
03:00:48 PM  1000     69547    1.00    1.00    0.00    0.00    2.00     4  listener
03:00:48 PM  1000     69583    1.00    0.00    0.00    0.00    1.00    13  listener
03:00:48 PM  1000     69594    1.00    0.00    0.00    0.00    1.00    19  listener
03:00:48 PM  1000     69614    0.00    0.00    0.00    0.00    0.00     6  listener
03:00:48 PM  1000     69625    1.00    0.00    0.00    0.00    1.00    13  listener
03:00:48 PM  1000     69634    1.00    0.00    0.00    0.00    1.00     3  listener
03:00:48 PM  1000     69656    1.00    1.00    0.00    0.00    2.00     4  listener
03:00:48 PM  1000     69666    1.00    1.00    0.00    0.00    2.00     0  listener
03:00:48 PM  1000     69679    0.00    1.00    0.00    0.00    1.00    10  listener
03:00:48 PM  1000     69724    1.00    0.00    0.00    0.00    1.00     1  listener
03:00:48 PM  1000     69728    1.00    0.00    0.00    0.00    1.00    19  listener
03:00:48 PM  1000     69733    1.00    0.00    0.00    0.00    1.00     5  listener
03:00:48 PM  1000     69785    1.00    0.00    0.00    0.00    1.00     7  listener
03:00:48 PM  1000     69787    1.00    0.00    0.00    0.00    1.00    19  listener
03:00:48 PM  1000     69789    1.00    0.00    0.00    0.00    1.00     5  listener
03:00:48 PM  1000     69791    0.00    0.00    0.00    0.00    0.00    12  listener
03:00:48 PM  1000     69811    1.00    0.00    0.00    0.00    1.00    12  listener
03:00:48 PM  1000     69813    0.00    1.00    0.00    0.00    1.00     1  listener
03:00:48 PM  1000     69815    0.00    0.00    0.00    0.00    0.00    15  listener
03:00:48 PM  1000     69826    1.00    0.00    0.00    0.00    1.00    14  listener
03:00:48 PM  1000     69836    1.00    0.00    0.00    0.00    1.00     8  listener
03:00:48 PM  1000     69917    0.00    1.00    0.00    0.00    1.00    13  listener
03:00:48 PM  1000     70039    1.00    1.00    0.00    0.00    2.00    17  listener
03:00:48 PM  1000     70041    0.00    1.00    0.00    0.00    1.00     5  listener
03:00:48 PM  1000     70063    1.00    0.00    0.00    0.00    1.00     2  listener
03:00:48 PM  1000     70090    1.00    0.00    0.00    0.00    1.00     6  listener
03:00:48 PM  1000     70100    0.00    0.00    0.00    0.00    0.00    12  listener
03:00:48 PM  1000     70139    0.00    0.00    0.00    0.00    0.00    11  listener
03:00:48 PM  1000     70168    1.00    0.00    0.00    0.00    1.00    13  listener
03:00:48 PM  1000     70171    0.00    1.00    0.00    0.00    1.00    11  listener
03:00:48 PM  1000     70208    0.00    0.00    0.00    0.00    0.00     8  listener
03:00:48 PM  1000     70246    1.00    0.00    0.00    0.00    1.00     6  listener
03:00:48 PM  1000     70248    1.00    0.00    0.00    0.00    1.00     6  listener
03:00:48 PM  1000     70259    0.00    0.00    0.00    0.00    0.00     1  listener
03:00:48 PM  1000     70261    0.00    1.00    0.00    0.00    1.00     8  listener
03:00:48 PM  1000     70272    1.00    0.00    0.00    0.00    1.00     1  listener
03:00:48 PM  1000     70301    0.00    1.00    0.00    0.00    1.00     0  listener
03:00:48 PM  1000     70316    1.00    0.00    0.00    0.00    1.00     7  listener
03:00:48 PM  1000     70332    0.00    0.00    0.00    0.00    0.00    14  listener
03:00:48 PM  1000     70343    0.00    1.00    0.00    0.00    1.00    17  listener
03:00:48 PM  1000     70345    0.00    0.00    0.00    0.00    0.00     8  listener
03:00:48 PM  1000     70348    0.00    1.00    0.00    0.00    1.00    15  listener
03:00:48 PM  1000     70357    1.00    0.00    0.00    0.00    1.00     6  listener
03:00:48 PM  1000     70386    1.00    0.00    0.00    0.00    1.00     1  listener
03:00:48 PM  1000     70479    0.00    1.00    0.00    0.00    1.00     1  listener
03:00:48 PM  1000     70498    1.00    1.00    0.00    0.00    2.00    12  listener
03:00:48 PM  1000     70501    1.00    0.00    0.00    0.00    1.00     3  listener
03:00:48 PM  1000     70530    0.00    0.00    0.00    0.00    0.00     6  listener
03:00:48 PM  1000     70541    1.00    0.00    0.00    0.00    1.00     3  listener
03:00:48 PM  1000     70544    0.00    0.00    0.00    0.00    0.00    12  listener
03:00:48 PM  1000     70581    0.00    0.00    0.00    0.00    0.00    12  listener
03:00:48 PM  1000     70592    1.00    0.00    0.00    0.00    1.00    15  listener
03:00:48 PM  1000     70602    0.00    0.00    0.00    0.00    0.00     6  listener
03:00:48 PM  1000     70623    0.00    0.00    0.00    0.00    0.00    17  listener
03:00:48 PM  1000     70679    1.00    0.00    0.00    0.00    1.00     7  listener
03:00:48 PM  1000     70690    1.00    0.00    0.00    0.00    1.00     9  listener
03:00:48 PM  1000     70701    0.00    1.00    0.00    0.00    1.00    18  listener
03:00:48 PM  1000     70719    1.00    0.00    0.00    0.00    1.00    14  listener
03:00:48 PM  1000     70758    0.00    0.00    0.00    0.00    0.00    16  listener
03:00:48 PM  1000     70797    0.00    1.00    0.00    0.00    1.00    10  listener
03:00:48 PM  1000     70800    1.00    1.00    0.00    0.00    2.00    16  listener
03:00:48 PM  1000     70846    0.00    0.00    0.00    0.00    0.00    11  listener
03:00:48 PM  1000     70848    0.00    1.00    0.00    0.00    1.00    13  listener
03:00:48 PM  1000     70850    1.00    0.00    0.00    0.00    1.00     1  listener
03:00:48 PM  1000     70896    1.00    0.00    0.00    0.00    1.00     2  listener
03:00:48 PM  1000     70899    1.00    1.00    0.00    0.00    2.00     5  listener
03:00:48 PM  1000     70919    1.00    0.00    0.00    0.00    1.00     8  listener
03:00:48 PM  1000     70939    0.00    1.00    0.00    0.00    1.00     6  listener
03:00:48 PM  1000     70941    1.00    0.00    0.00    0.00    1.00     3  listener
03:00:48 PM  1000     70943    1.00    0.00    0.00    0.00    1.00    15  listener
03:00:48 PM  1000     70994    0.00    1.00    0.00    0.00    1.00     8  listener
03:00:48 PM  1000     71010    1.00    0.00    0.00    0.00    1.00     3  listener
03:00:48 PM  1000     71012    0.00    0.00    0.00    0.00    0.00     3  listener
03:00:48 PM  1000     71014    1.00    0.00    0.00    0.00    1.00     0  listener
03:00:48 PM  1000     71016    1.00    0.00    0.00    0.00    1.00     3  listener
03:00:48 PM  1000     71037    1.00    0.00    0.00    0.00    1.00     6  listener
03:00:48 PM  1000     71056    0.00    0.00    0.00    0.00    0.00    14  listener
03:00:48 PM  1000     71077    1.00    0.00    0.00    0.00    1.00    15  listener
03:00:48 PM  1000     71096    1.00    1.00    0.00    0.00    2.00     3  listener
03:00:48 PM  1000     71118    1.00    0.00    0.00    0.00    1.00     3  listener
03:00:48 PM  1000     71138    1.00    0.00    0.00    0.00    1.00    15  listener
03:00:48 PM  1000     71140    0.00    0.00    0.00    0.00    0.00     6  listener
03:00:48 PM  1000     71160    0.00    0.00    0.00    0.00    0.00     1  listener
03:00:48 PM  1000     71162    1.00    0.00    0.00    0.00    1.00    16  listener
03:00:48 PM  1000     71173    1.00    1.00    0.00    0.00    2.00    10  listener

03:00:48 PM   UID       PID    %usr %system  %guest   %wait    %CPU   CPU  Command
03:00:49 PM  1000     69460    1.00    1.00    0.00    0.00    2.00    13  listener
03:00:49 PM  1000     69462    0.00    2.00    0.00    0.00    2.00     6  listener
03:00:49 PM  1000     69464    1.00    0.00    0.00    0.00    1.00     8  listener
03:00:49 PM  1000     69466    0.00    1.00    0.00    0.00    1.00     8  listener
03:00:49 PM  1000     69468    0.00    1.00    0.00    0.00    1.00     0  listener
03:00:49 PM  1000     69470    0.00    1.00    0.00    0.00    1.00    14  listener
03:00:49 PM  1000     69472    1.00    1.00    0.00    0.00    2.00    17  listener
03:00:49 PM  1000     69474    0.00    1.00    0.00    0.00    1.00    16  listener
03:00:49 PM  1000     69476    2.00    0.00    0.00    0.00    2.00    10  listener
03:00:49 PM  1000     69486    1.00    1.00    0.00    0.00    2.00    11  listener
03:00:49 PM  1000     69490    2.00    0.00    0.00    0.00    2.00     7  listener
03:00:49 PM  1000     69547    0.00    1.00    0.00    0.00    1.00     5  listener
03:00:49 PM  1000     69583    1.00    1.00    0.00    0.00    2.00     4  listener
03:00:49 PM  1000     69594    2.00    0.00    0.00    0.00    2.00    19  listener
03:00:49 PM  1000     69614    1.00    1.00    0.00    0.00    2.00     8  listener
03:00:49 PM  1000     69625    1.00    1.00    0.00    0.00    2.00     3  listener
03:00:49 PM  1000     69634    0.00    2.00    0.00    0.00    2.00    19  listener
03:00:49 PM  1000     69656    1.00    0.00    0.00    0.00    1.00    15  listener
03:00:49 PM  1000     69666    0.00    2.00    0.00    0.00    2.00    12  listener
03:00:49 PM  1000     69679    1.00    1.00    0.00    0.00    2.00     0  listener
03:00:49 PM  1000     69724    1.00    1.00    0.00    0.00    2.00     4  listener
03:00:49 PM  1000     69728    1.00    0.00    0.00    0.00    1.00     2  listener
03:00:49 PM  1000     69733    1.00    1.00    0.00    0.00    2.00    12  listener
03:00:49 PM  1000     69785    1.00    0.00    0.00    0.00    1.00    14  listener
03:00:49 PM  1000     69787    1.00    1.00    0.00    0.00    2.00    16  listener
03:00:49 PM  1000     69789    1.00    0.00    0.00    0.00    1.00     4  listener
03:00:49 PM  1000     69791    1.00    1.00    0.00    0.00    2.00     2  listener
03:00:49 PM  1000     69811    1.00    0.00    0.00    0.00    1.00     8  listener
03:00:49 PM  1000     69813    1.00    0.00    0.00    0.00    1.00    19  listener
03:00:49 PM  1000     69815    0.00    1.00    0.00    0.00    1.00    12  listener
03:00:49 PM  1000     69826    1.00    0.00    0.00    0.00    1.00    13  listener
03:00:49 PM  1000     69836    0.00    1.00    0.00    0.00    1.00    18  listener
03:00:49 PM  1000     69917    1.00    1.00    0.00    1.00    2.00    17  listener
03:00:49 PM  1000     70039    1.00    0.00    0.00    0.00    1.00     6  listener
03:00:49 PM  1000     70041    1.00    0.00    0.00    0.00    1.00     7  listener
03:00:49 PM  1000     70063    1.00    1.00    0.00    0.00    2.00     7  listener
03:00:49 PM  1000     70090    2.00    0.00    0.00    0.00    2.00    19  listener
03:00:49 PM  1000     70100    2.00    0.00    0.00    0.00    2.00     9  listener
03:00:49 PM  1000     70139    1.00    1.00    0.00    0.00    2.00     1  listener
03:00:49 PM  1000     70168    1.00    1.00    0.00    0.00    2.00     7  listener
03:00:49 PM  1000     70171    1.00    0.00    0.00    0.00    1.00    15  listener
03:00:49 PM  1000     70208    1.00    1.00    0.00    0.00    2.00     3  listener
03:00:49 PM  1000     70246    1.00    1.00    0.00    0.00    2.00    11  listener
03:00:49 PM  1000     70248    0.00    1.00    0.00    0.00    1.00     3  listener
03:00:49 PM  1000     70259    1.00    1.00    0.00    0.00    2.00     6  listener
03:00:49 PM  1000     70261    1.00    0.00    0.00    0.00    1.00    12  listener
03:00:49 PM  1000     70272    0.00    1.00    0.00    0.00    1.00    10  listener
03:00:49 PM  1000     70301    1.00    1.00    0.00    0.00    2.00     6  listener
03:00:49 PM  1000     70316    1.00    0.00    0.00    0.00    1.00    13  listener
03:00:49 PM  1000     70332    1.00    1.00    0.00    0.00    2.00    15  listener
03:00:49 PM  1000     70343    1.00    0.00    0.00    0.00    1.00    15  listener
03:00:49 PM  1000     70345    2.00    0.00    0.00    0.00    2.00    19  listener
03:00:49 PM  1000     70348    1.00    0.00    0.00    0.00    1.00     1  listener
03:00:49 PM  1000     70357    1.00    1.00    0.00    0.00    2.00     6  listener
03:00:49 PM  1000     70386    1.00    0.00    0.00    0.00    1.00     5  listener
03:00:49 PM  1000     70479    2.00    1.00    0.00    0.00    3.00    14  listener
03:00:49 PM  1000     70498    1.00    0.00    0.00    0.00    1.00    19  listener
03:00:49 PM  1000     70501    0.00    1.00    0.00    0.00    1.00     4  listener
03:00:49 PM  1000     70530    2.00    0.00    0.00    0.00    2.00    11  listener
03:00:49 PM  1000     70541    1.00    1.00    0.00    0.00    2.00     2  listener
03:00:49 PM  1000     70544    1.00    1.00    0.00    0.00    2.00     3  listener
03:00:49 PM  1000     70581    1.00    1.00    0.00    0.00    2.00     4  listener
03:00:49 PM  1000     70592    2.00    0.00    0.00    0.00    2.00     0  listener
03:00:49 PM  1000     70602    1.00    0.00    0.00    0.00    1.00    10  listener
03:00:49 PM  1000     70623    1.00    1.00    0.00    0.00    2.00    17  listener
03:00:49 PM  1000     70679    0.00    1.00    0.00    0.00    1.00     1  listener
03:00:49 PM  1000     70690    1.00    1.00    0.00    0.00    2.00    10  listener
03:00:49 PM  1000     70701    1.00    0.00    0.00    0.00    1.00     8  listener
03:00:49 PM  1000     70719    0.00    1.00    0.00    0.00    1.00     0  listener
03:00:49 PM  1000     70758    1.00    1.00    0.00    0.00    2.00    15  listener
03:00:49 PM  1000     70797    1.00    0.00    0.00    0.00    1.00    16  listener
03:00:49 PM  1000     70800    1.00    0.00    0.00    0.00    1.00    15  listener
03:00:49 PM  1000     70846    1.00    1.00    0.00    0.00    2.00     5  listener
03:00:49 PM  1000     70848    1.00    1.00    0.00    0.00    2.00     5  listener
03:00:49 PM  1000     70850    1.00    0.00    0.00    0.00    1.00     9  listener
03:00:49 PM  1000     70896    1.00    1.00    0.00    0.00    2.00    18  listener
03:00:49 PM  1000     70899    0.00    1.00    0.00    0.00    1.00    19  listener
03:00:49 PM  1000     70919    1.00    1.00    0.00    0.00    2.00     1  listener
03:00:49 PM  1000     70939    1.00    0.00    0.00    0.00    1.00     8  listener
03:00:49 PM  1000     70941    1.00    1.00    0.00    0.00    2.00     5  listener
03:00:49 PM  1000     70943    1.00    1.00    0.00    0.00    2.00     3  listener
03:00:49 PM  1000     70994    1.00    0.00    0.00    0.00    1.00    18  listener
03:00:49 PM  1000     71010    0.00    1.00    0.00    0.00    1.00    14  listener
03:00:49 PM  1000     71012    1.00    1.00    0.00    0.00    2.00    14  listener
03:00:49 PM  1000     71014    1.00    1.00    0.00    0.00    2.00     3  listener
03:00:49 PM  1000     71016    1.00    1.00    0.00    0.00    2.00     8  listener
03:00:49 PM  1000     71037    1.00    1.00    0.00    0.00    2.00    12  listener
03:00:49 PM  1000     71056    1.00    1.00    0.00    0.00    2.00    16  listener
03:00:49 PM  1000     71077    1.00    1.00    0.00    0.00    2.00     6  listener
03:00:49 PM  1000     71096    1.00    0.00    0.00    0.00    1.00    13  listener
03:00:49 PM  1000     71118    1.00    1.00    0.00    0.00    2.00     6  listener
03:00:49 PM  1000     71138    0.00    1.00    0.00    0.00    1.00    17  listener
03:00:49 PM  1000     71140    1.00    0.00    0.00    0.00    1.00     0  listener
03:00:49 PM  1000     71160    1.00    0.00    0.00    0.00    1.00    19  listener
03:00:49 PM  1000     71162    1.00    1.00    0.00    0.00    2.00    14  listener
03:00:49 PM  1000     71173    1.00    0.00    0.00    0.00    1.00    18  listener

03:00:49 PM   UID       PID    %usr %system  %guest   %wait    %CPU   CPU  Command
03:00:50 PM  1000     69460    1.00    1.00    0.00    0.00    2.00     6  listener
03:00:50 PM  1000     69462    0.00    1.00    0.00    0.00    1.00     2  listener
03:00:50 PM  1000     69464    1.00    1.00    0.00    0.00    2.00    10  listener
03:00:50 PM  1000     69466    1.00    1.00    0.00    0.00    2.00    16  listener
03:00:50 PM  1000     69468    1.00    1.00    0.00    0.00    2.00     3  listener
03:00:50 PM  1000     69470    1.00    1.00    0.00    0.00    2.00     6  listener
03:00:50 PM  1000     69472    1.00    0.00    0.00    0.00    1.00     8  listener
03:00:50 PM  1000     69474    1.00    0.00    0.00    0.00    1.00    12  listener
03:00:50 PM  1000     69476    0.00    0.00    0.00    0.00    0.00    13  listener
03:00:50 PM  1000     69486    1.00    0.00    0.00    0.00    1.00     8  listener
03:00:50 PM  1000     69490    0.00    1.00    0.00    0.00    1.00    10  listener
03:00:50 PM  1000     69547    1.00    1.00    0.00    0.00    2.00     3  listener
03:00:50 PM  1000     69583    1.00    0.00    0.00    0.00    1.00    17  listener
03:00:50 PM  1000     69594    1.00    0.00    0.00    0.00    1.00     3  listener
03:00:50 PM  1000     69614    1.00    0.00    0.00    0.00    1.00     8  listener
03:00:50 PM  1000     69625    1.00    0.00    0.00    0.00    1.00     1  listener
03:00:50 PM  1000     69634    1.00    0.00    0.00    0.00    1.00     4  listener
03:00:50 PM  1000     69656    0.00    1.00    0.00    0.00    1.00    14  listener
03:00:50 PM  1000     69666    1.00    0.00    0.00    0.00    1.00     8  listener
03:00:50 PM  1000     69679    1.00    0.00    0.00    0.00    1.00    14  listener
03:00:50 PM  1000     69724    1.00    0.00    0.00    0.00    1.00     0  listener
03:00:50 PM  1000     69728    1.00    1.00    0.00    0.00    2.00     1  listener
03:00:50 PM  1000     69733    0.00    1.00    0.00    0.00    1.00    17  listener
03:00:50 PM  1000     69785    1.00    1.00    0.00    0.00    2.00    14  listener
03:00:50 PM  1000     69787    1.00    0.00    0.00    0.00    1.00     9  listener
03:00:50 PM  1000     69789    1.00    1.00    0.00    0.00    2.00     9  listener
03:00:50 PM  1000     69791    1.00    0.00    0.00    0.00    1.00     2  listener
03:00:50 PM  1000     69811    1.00    0.00    0.00    0.00    1.00    15  listener
03:00:50 PM  1000     69813    1.00    1.00    0.00    0.00    2.00     6  listener
03:00:50 PM  1000     69815    1.00    0.00    0.00    0.00    1.00     7  listener
03:00:50 PM  1000     69826    1.00    1.00    0.00    0.00    2.00    15  listener
03:00:50 PM  1000     69836    2.00    0.00    0.00    0.00    2.00    14  listener
03:00:50 PM  1000     69917    1.00    0.00    0.00    0.00    1.00     8  listener
03:00:50 PM  1000     70039    0.00    1.00    0.00    0.00    1.00    16  listener
03:00:50 PM  1000     70041    1.00    1.00    0.00    0.00    2.00    18  listener
03:00:50 PM  1000     70063    1.00    0.00    0.00    0.00    1.00     5  listener
03:00:50 PM  1000     70090    0.00    1.00    0.00    0.00    1.00    12  listener
03:00:50 PM  1000     70100    0.00    1.00    0.00    0.00    1.00     3  listener
03:00:50 PM  1000     70139    0.00    0.00    0.00    0.00    0.00     4  listener
03:00:50 PM  1000     70168    1.00    0.00    0.00    0.00    1.00    16  listener
03:00:50 PM  1000     70171    1.00    1.00    0.00    0.00    2.00     2  listener
03:00:50 PM  1000     70208    1.00    0.00    0.00    0.00    1.00    15  listener
03:00:50 PM  1000     70246    0.00    1.00    0.00    0.00    1.00    11  listener
03:00:50 PM  1000     70248    1.00    1.00    0.00    0.00    2.00     8  listener
03:00:50 PM  1000     70259    1.00    0.00    0.00    0.00    1.00     6  listener
03:00:50 PM  1000     70261    1.00    1.00    0.00    0.00    2.00    12  listener
03:00:50 PM  1000     70272    1.00    0.00    0.00    0.00    1.00    10  listener
03:00:50 PM  1000     70301    1.00    0.00    0.00    0.00    1.00    15  listener
03:00:50 PM  1000     70316    0.00    1.00    0.00    0.00    1.00     3  listener
03:00:50 PM  1000     70332    1.00    1.00    0.00    0.00    2.00    12  listener
03:00:50 PM  1000     70343    1.00    0.00    0.00    0.00    1.00    10  listener
03:00:50 PM  1000     70345    0.00    1.00    0.00    0.00    1.00     5  listener
03:00:50 PM  1000     70348    1.00    1.00    0.00    0.00    2.00     7  listener
03:00:50 PM  1000     70357    1.00    0.00    0.00    0.00    1.00    11  listener
03:00:50 PM  1000     70386    0.00    1.00    0.00    0.00    1.00     0  listener
03:00:50 PM  1000     70479    0.00    0.00    0.00    0.00    0.00    11  listener
03:00:50 PM  1000     70498    1.00    0.00    0.00    0.00    1.00     7  listener
03:00:50 PM  1000     70501    1.00    1.00    0.00    0.00    2.00    14  listener
03:00:50 PM  1000     70530    1.00    1.00    0.00    0.00    2.00    13  listener
03:00:50 PM  1000     70541    1.00    0.00    0.00    0.00    1.00     5  listener
03:00:50 PM  1000     70544    1.00    0.00    0.00    0.00    1.00     4  listener
03:00:50 PM  1000     70581    0.00    1.00    0.00    0.00    1.00     1  listener
03:00:50 PM  1000     70592    0.00    0.00    0.00    0.00    0.00     3  listener
03:00:50 PM  1000     70602    2.00    1.00    0.00    0.00    3.00     4  listener
03:00:50 PM  1000     70623    1.00    1.00    0.00    0.00    2.00    13  listener
03:00:50 PM  1000     70679    2.00    0.00    0.00    0.00    2.00     8  listener
03:00:50 PM  1000     70690    1.00    0.00    0.00    0.00    1.00    19  listener
03:00:50 PM  1000     70701    1.00    1.00    0.00    0.00    2.00     4  listener
03:00:50 PM  1000     70719    1.00    0.00    0.00    1.00    1.00    14  listener
03:00:50 PM  1000     70758    1.00    0.00    0.00    0.00    1.00     5  listener
03:00:50 PM  1000     70797    1.00    0.00    0.00    0.00    1.00    11  listener
03:00:50 PM  1000     70800    1.00    0.00    0.00    0.00    1.00    17  listener
03:00:50 PM  1000     70846    1.00    0.00    0.00    0.00    1.00    18  listener
03:00:50 PM  1000     70848    0.00    0.00    0.00    0.00    0.00     3  listener
03:00:50 PM  1000     70850    1.00    1.00    0.00    0.00    2.00     5  listener
03:00:50 PM  1000     70896    0.00    1.00    0.00    0.00    1.00    10  listener
03:00:50 PM  1000     70899    1.00    0.00    0.00    0.00    1.00     9  listener
03:00:50 PM  1000     70919    0.00    0.00    0.00    0.00    0.00    12  listener
03:00:50 PM  1000     70939    1.00    1.00    0.00    0.00    2.00    17  listener
03:00:50 PM  1000     70941    0.00    0.00    0.00    0.00    0.00     3  listener
03:00:50 PM  1000     70943    0.00    0.00    0.00    0.00    0.00    10  listener
03:00:50 PM  1000     70994    1.00    1.00    0.00    0.00    2.00    18  listener
03:00:50 PM  1000     71010    1.00    1.00    0.00    0.00    2.00     1  listener
03:00:50 PM  1000     71012    1.00    0.00    0.00    0.00    1.00    19  listener
03:00:50 PM  1000     71014    1.00    1.00    0.00    0.00    2.00     1  listener
03:00:50 PM  1000     71016    1.00    0.00    0.00    0.00    1.00    12  listener
03:00:50 PM  1000     71037    1.00    0.00    0.00    0.00    1.00     2  listener
03:00:50 PM  1000     71056    1.00    1.00    0.00    0.00    2.00     1  listener
03:00:50 PM  1000     71077    0.00    0.00    0.00    0.00    0.00    18  listener
03:00:50 PM  1000     71096    0.00    1.00    0.00    0.00    1.00    18  listener
03:00:50 PM  1000     71118    1.00    0.00    0.00    0.00    1.00    11  listener
03:00:50 PM  1000     71138    1.00    0.00    0.00    0.00    1.00     1  listener
03:00:50 PM  1000     71140    1.00    1.00    0.00    0.00    2.00     6  listener
03:00:50 PM  1000     71160    1.00    1.00    0.00    0.00    2.00     8  listener
03:00:50 PM  1000     71162    1.00    1.00    0.00    0.00    2.00     9  listener
03:00:50 PM  1000     71173    1.00    0.00    0.00    0.00    1.00    19  listener

03:00:50 PM   UID       PID    %usr %system  %guest   %wait    %CPU   CPU  Command
03:00:51 PM  1000     69460    1.00    0.00    0.00    0.00    1.00     8  listener
03:00:51 PM  1000     69462    1.00    0.00    0.00    0.00    1.00     0  listener
03:00:51 PM  1000     69464    0.00    0.00    0.00    0.00    0.00     1  listener
03:00:51 PM  1000     69466    0.00    0.00    0.00    0.00    0.00    18  listener
03:00:51 PM  1000     69468    1.00    0.00    0.00    0.00    1.00    17  listener
03:00:51 PM  1000     69470    1.00    0.00    0.00    0.00    1.00     4  listener
03:00:51 PM  1000     69472    1.00    0.00    0.00    0.00    1.00    14  listener
03:00:51 PM  1000     69474    1.00    1.00    0.00    0.00    2.00     1  listener
03:00:51 PM  1000     69476    1.00    1.00    0.00    0.00    2.00    10  listener
03:00:51 PM  1000     69486    1.00    1.00    0.00    0.00    2.00     1  listener
03:00:51 PM  1000     69490    1.00    0.00    0.00    0.00    1.00     1  listener
03:00:51 PM  1000     69547    1.00    0.00    0.00    0.00    1.00    10  listener
03:00:51 PM  1000     69583    1.00    1.00    0.00    0.00    2.00     4  listener
03:00:51 PM  1000     69594    0.00    0.00    0.00    0.00    0.00     4  listener
03:00:51 PM  1000     69614    1.00    0.00    0.00    0.00    1.00    18  listener
03:00:51 PM  1000     69625    1.00    0.00    0.00    0.00    1.00    11  listener
03:00:51 PM  1000     69634    0.00    1.00    0.00    0.00    1.00    10  listener
03:00:51 PM  1000     69656    1.00    0.00    0.00    0.00    1.00    18  listener
03:00:51 PM  1000     69666    0.00    1.00    0.00    0.00    1.00     3  listener
03:00:51 PM  1000     69679    1.00    0.00    0.00    0.00    1.00    10  listener
03:00:51 PM  1000     69724    0.00    1.00    0.00    0.00    1.00     5  listener
03:00:51 PM  1000     69728    1.00    0.00    0.00    0.00    1.00     3  listener
03:00:51 PM  1000     69733    1.00    0.00    0.00    0.00    1.00     1  listener
03:00:51 PM  1000     69785    0.00    1.00    0.00    0.00    1.00     5  listener
03:00:51 PM  1000     69787    0.00    1.00    0.00    0.00    1.00     1  listener
03:00:51 PM  1000     69789    0.00    1.00    0.00    0.00    1.00     6  listener
03:00:51 PM  1000     69791    1.00    1.00    0.00    0.00    2.00    12  listener
03:00:51 PM  1000     69811    0.00    1.00    0.00    0.00    1.00    10  listener
03:00:51 PM  1000     69813    1.00    0.00    0.00    0.00    1.00     3  listener
03:00:51 PM  1000     69815    1.00    1.00    0.00    0.00    2.00     8  listener
03:00:51 PM  1000     69826    0.00    0.00    0.00    0.00    0.00    17  listener
03:00:51 PM  1000     69836    1.00    0.00    0.00    0.00    1.00     4  listener
03:00:51 PM  1000     69917    0.00    1.00    0.00    0.00    1.00    12  listener
03:00:51 PM  1000     70039    1.00    0.00    0.00    0.00    1.00    17  listener
03:00:51 PM  1000     70041    1.00    0.00    0.00    0.00    1.00     6  listener
03:00:51 PM  1000     70063    1.00    0.00    0.00    0.00    1.00     8  listener
03:00:51 PM  1000     70090    1.00    0.00    0.00    0.00    1.00    17  listener
03:00:51 PM  1000     70100    1.00    1.00    0.00    0.00    2.00    12  listener
03:00:51 PM  1000     70139    0.00    1.00    0.00    0.00    1.00     6  listener
03:00:51 PM  1000     70168    0.00    1.00    0.00    0.00    1.00     5  listener
03:00:51 PM  1000     70171    1.00    0.00    0.00    0.00    1.00    19  listener
03:00:51 PM  1000     70208    1.00    0.00    0.00    0.00    1.00     9  listener
03:00:51 PM  1000     70246    1.00    0.00    0.00    0.00    1.00    19  listener
03:00:51 PM  1000     70248    0.00    0.00    0.00    0.00    0.00     0  listener
03:00:51 PM  1000     70259    1.00    0.00    0.00    0.00    1.00    19  listener
03:00:51 PM  1000     70261    1.00    0.00    0.00    0.00    1.00    14  listener
03:00:51 PM  1000     70272    1.00    1.00    0.00    0.00    2.00     9  listener
03:00:51 PM  1000     70301    1.00    0.00    0.00    0.00    1.00    16  listener
03:00:51 PM  1000     70316    1.00    0.00    0.00    0.00    1.00    18  listener
03:00:51 PM  1000     70332    0.00    1.00    0.00    0.00    1.00    13  listener
03:00:51 PM  1000     70343    0.00    1.00    0.00    0.00    1.00     5  listener
03:00:51 PM  1000     70345    1.00    0.00    0.00    0.00    1.00     1  listener
03:00:51 PM  1000     70348    1.00    0.00    0.00    0.00    1.00     3  listener
03:00:51 PM  1000     70357    1.00    0.00    0.00    0.00    1.00    16  listener
03:00:51 PM  1000     70386    2.00    0.00    0.00    0.00    2.00     3  listener
03:00:51 PM  1000     70479    1.00    0.00    0.00    0.00    1.00     8  listener
03:00:51 PM  1000     70498    0.00    0.00    0.00    0.00    0.00    17  listener
03:00:51 PM  1000     70501    0.00    0.00    0.00    0.00    0.00     7  listener
03:00:51 PM  1000     70530    0.00    0.00    0.00    0.00    0.00     6  listener
03:00:51 PM  1000     70541    0.00    0.00    0.00    0.00    0.00    17  listener
03:00:51 PM  1000     70544    1.00    1.00    0.00    0.00    2.00     8  listener
03:00:51 PM  1000     70581    1.00    0.00    0.00    0.00    1.00     1  listener
03:00:51 PM  1000     70592    1.00    1.00    0.00    0.00    2.00     5  listener
03:00:51 PM  1000     70602    0.00    0.00    0.00    0.00    0.00    13  listener
03:00:51 PM  1000     70623    0.00    0.00    0.00    0.00    0.00     2  listener
03:00:51 PM  1000     70679    0.00    0.00    0.00    0.00    0.00    14  listener
03:00:51 PM  1000     70690    0.00    1.00    0.00    0.00    1.00    14  listener
03:00:51 PM  1000     70701    1.00    0.00    0.00    0.00    1.00     2  listener
03:00:51 PM  1000     70719    1.00    0.00    0.00    0.00    1.00    11  listener
03:00:51 PM  1000     70758    0.00    1.00    0.00    0.00    1.00    13  listener
03:00:51 PM  1000     70797    1.00    1.00    0.00    0.00    2.00     1  listener
03:00:51 PM  1000     70800    0.00    1.00    0.00    0.00    1.00     6  listener
03:00:51 PM  1000     70846    0.00    1.00    0.00    0.00    1.00     4  listener
03:00:51 PM  1000     70848    1.00    1.00    0.00    0.00    2.00    16  listener
03:00:51 PM  1000     70850    1.00    0.00    0.00    0.00    1.00    13  listener
03:00:51 PM  1000     70896    1.00    0.00    0.00    0.00    1.00    16  listener
03:00:51 PM  1000     70899    1.00    1.00    0.00    0.00    2.00     5  listener
03:00:51 PM  1000     70919    1.00    0.00    0.00    0.00    1.00    13  listener
03:00:51 PM  1000     70939    1.00    0.00    0.00    0.00    1.00     8  listener
03:00:51 PM  1000     70941    2.00    0.00    0.00    0.00    2.00    13  listener
03:00:51 PM  1000     70943    1.00    0.00    0.00    0.00    1.00     4  listener
03:00:51 PM  1000     70994    0.00    0.00    0.00    0.00    0.00    14  listener
03:00:51 PM  1000     71010    0.00    0.00    0.00    0.00    0.00    12  listener
03:00:51 PM  1000     71012    0.00    1.00    0.00    0.00    1.00    13  listener
03:00:51 PM  1000     71014    0.00    0.00    0.00    0.00    0.00    18  listener
03:00:51 PM  1000     71016    0.00    2.00    0.00    0.00    2.00    19  listener
03:00:51 PM  1000     71037    0.00    1.00    0.00    0.00    1.00    18  listener
03:00:51 PM  1000     71056    1.00    0.00    0.00    0.00    1.00     1  listener
03:00:51 PM  1000     71077    1.00    1.00    0.00    0.00    2.00     5  listener
03:00:51 PM  1000     71096    1.00    0.00    0.00    0.00    1.00     2  listener
03:00:51 PM  1000     71118    0.00    1.00    0.00    0.00    1.00    12  listener
03:00:51 PM  1000     71138    1.00    0.00    0.00    0.00    1.00     5  listener
03:00:51 PM  1000     71140    0.00    1.00    0.00    0.00    1.00     6  listener
03:00:51 PM  1000     71160    1.00    0.00    0.00    0.00    1.00     8  listener
03:00:51 PM  1000     71162    0.00    0.00    0.00    0.00    0.00     4  listener
03:00:51 PM  1000     71173    1.00    1.00    0.00    0.00    2.00     1  listener

03:00:51 PM   UID       PID    %usr %system  %guest   %wait    %CPU   CPU  Command
03:00:52 PM  1000     69460    0.00    1.00    0.00    0.00    1.00     9  listener
03:00:52 PM  1000     69462    1.00    1.00    0.00    0.00    2.00     7  listener
03:00:52 PM  1000     69464    1.00    1.00    0.00    0.00    2.00     5  listener
03:00:52 PM  1000     69466    1.00    0.00    0.00    0.00    1.00    11  listener
03:00:52 PM  1000     69468    1.00    1.00    0.00    0.00    2.00    18  listener
03:00:52 PM  1000     69470    1.00    0.00    0.00    0.00    1.00    17  listener
03:00:52 PM  1000     69472    0.00    1.00    0.00    0.00    1.00    19  listener
03:00:52 PM  1000     69474    0.00    1.00    0.00    0.00    1.00    13  listener
03:00:52 PM  1000     69476    1.00    0.00    0.00    0.00    1.00    11  listener
03:00:52 PM  1000     69486    1.00    0.00    0.00    0.00    1.00    12  listener
03:00:52 PM  1000     69490    1.00    1.00    0.00    0.00    2.00    10  listener
03:00:52 PM  1000     69547    0.00    0.00    0.00    0.00    0.00    11  listener
03:00:52 PM  1000     69583    0.00    0.00    0.00    0.00    0.00     7  listener
03:00:52 PM  1000     69594    2.00    0.00    0.00    0.00    2.00     4  listener
03:00:52 PM  1000     69614    1.00    1.00    0.00    0.00    2.00    12  listener
03:00:52 PM  1000     69625    0.00    1.00    0.00    0.00    1.00     7  listener
03:00:52 PM  1000     69634    1.00    1.00    0.00    0.00    2.00     3  listener
03:00:52 PM  1000     69656    1.00    0.00    0.00    0.00    1.00     5  listener
03:00:52 PM  1000     69666    1.00    0.00    0.00    0.00    1.00    17  listener
03:00:52 PM  1000     69679    0.00    1.00    0.00    0.00    1.00    17  listener
03:00:52 PM  1000     69724    0.00    0.00    0.00    0.00    0.00     4  listener
03:00:52 PM  1000     69728    0.00    1.00    0.00    0.00    1.00     2  listener
03:00:52 PM  1000     69733    1.00    0.00    0.00    0.00    1.00    17  listener
03:00:52 PM  1000     69785    2.00    0.00    0.00    0.00    2.00     2  listener
03:00:52 PM  1000     69787    2.00    0.00    0.00    0.00    2.00     0  listener
03:00:52 PM  1000     69789    1.00    0.00    0.00    0.00    1.00    15  listener
03:00:52 PM  1000     69791    0.00    0.00    0.00    0.00    0.00    12  listener
03:00:52 PM  1000     69811    1.00    0.00    0.00    0.00    1.00     2  listener
03:00:52 PM  1000     69813    0.00    0.00    0.00    0.00    0.00     6  listener
03:00:52 PM  1000     69815    1.00    0.00    0.00    0.00    1.00    12  listener
03:00:52 PM  1000     69826    1.00    1.00    0.00    0.00    2.00    17  listener
03:00:52 PM  1000     69836    0.00    0.00    0.00    0.00    0.00    16  listener
03:00:52 PM  1000     69917    0.00    1.00    0.00    0.00    1.00    15  listener
03:00:52 PM  1000     70039    0.00    1.00    0.00    0.00    1.00    13  listener
03:00:52 PM  1000     70041    1.00    0.00    0.00    0.00    1.00     2  listener
03:00:52 PM  1000     70063    0.00    1.00    0.00    0.00    1.00    19  listener
03:00:52 PM  1000     70090    1.00    0.00    0.00    0.00    1.00    18  listener
03:00:52 PM  1000     70100    0.00    1.00    0.00    0.00    1.00    16  listener
03:00:52 PM  1000     70139    1.00    1.00    0.00    0.00    2.00     5  listener
03:00:52 PM  1000     70168    1.00    0.00    0.00    1.00    1.00     9  listener
03:00:52 PM  1000     70171    1.00    0.00    0.00    0.00    1.00    19  listener
03:00:52 PM  1000     70208    1.00    0.00    0.00    0.00    1.00    14  listener
03:00:52 PM  1000     70246    1.00    0.00    0.00    0.00    1.00    10  listener
03:00:52 PM  1000     70248    1.00    1.00    0.00    0.00    2.00     7  listener
03:00:52 PM  1000     70259    0.00    1.00    0.00    0.00    1.00     2  listener
03:00:52 PM  1000     70261    1.00    1.00    0.00    0.00    2.00    15  listener
03:00:52 PM  1000     70272    1.00    0.00    0.00    0.00    1.00     0  listener
03:00:52 PM  1000     70301    0.00    1.00    0.00    0.00    1.00     6  listener
03:00:52 PM  1000     70316    1.00    1.00    0.00    0.00    2.00     8  listener
03:00:52 PM  1000     70332    0.00    0.00    0.00    0.00    0.00     5  listener
03:00:52 PM  1000     70343    1.00    0.00    0.00    0.00    1.00     7  listener
03:00:52 PM  1000     70345    1.00    0.00    0.00    0.00    1.00    14  listener
03:00:52 PM  1000     70348    0.00    1.00    0.00    0.00    1.00     7  listener
03:00:52 PM  1000     70357    1.00    0.00    0.00    0.00    1.00    15  listener
03:00:52 PM  1000     70386    0.00    1.00    0.00    0.00    1.00     8  listener
03:00:52 PM  1000     70479    1.00    1.00    0.00    0.00    2.00    14  listener
03:00:52 PM  1000     70498    1.00    0.00    0.00    0.00    1.00    10  listener
03:00:52 PM  1000     70501    0.00    1.00    0.00    0.00    1.00    18  listener
03:00:52 PM  1000     70530    1.00    0.00    0.00    0.00    1.00     0  listener
03:00:52 PM  1000     70541    1.00    1.00    0.00    0.00    2.00    11  listener
03:00:52 PM  1000     70544    1.00    0.00    0.00    0.00    1.00     6  listener
03:00:52 PM  1000     70581    1.00    1.00    0.00    0.00    2.00    12  listener
03:00:52 PM  1000     70592    1.00    0.00    0.00    0.00    1.00     6  listener
03:00:52 PM  1000     70602    1.00    1.00    0.00    0.00    2.00    15  listener
03:00:52 PM  1000     70623    1.00    1.00    0.00    0.00    2.00    15  listener
03:00:52 PM  1000     70679    2.00    0.00    0.00    0.00    2.00     9  listener
03:00:52 PM  1000     70690    1.00    0.00    0.00    0.00    1.00     6  listener
03:00:52 PM  1000     70701    1.00    0.00    0.00    0.00    1.00    12  listener
03:00:52 PM  1000     70719    0.00    1.00    0.00    0.00    1.00     5  listener
03:00:52 PM  1000     70758    1.00    1.00    0.00    0.00    2.00     6  listener
03:00:52 PM  1000     70797    1.00    0.00    0.00    0.00    1.00     0  listener
03:00:52 PM  1000     70800    1.00    1.00    0.00    0.00    2.00    14  listener
03:00:52 PM  1000     70846    1.00    0.00    0.00    0.00    1.00    10  listener
03:00:52 PM  1000     70848    0.00    1.00    0.00    0.00    1.00     7  listener
03:00:52 PM  1000     70850    1.00    0.00    0.00    0.00    1.00     4  listener
03:00:52 PM  1000     70896    1.00    1.00    0.00    0.00    2.00     3  listener
03:00:52 PM  1000     70899    1.00    0.00    0.00    0.00    1.00    13  listener
03:00:52 PM  1000     70919    1.00    1.00    0.00    0.00    2.00    16  listener
03:00:52 PM  1000     70939    1.00    1.00    0.00    0.00    2.00    14  listener
03:00:52 PM  1000     70941    1.00    0.00    0.00    0.00    1.00    10  listener
03:00:52 PM  1000     70943    1.00    0.00    0.00    0.00    1.00     6  listener
03:00:52 PM  1000     70994    1.00    1.00    0.00    0.00    2.00     0  listener
03:00:52 PM  1000     71010    1.00    1.00    0.00    0.00    2.00    13  listener
03:00:52 PM  1000     71012    1.00    1.00    0.00    0.00    2.00     7  listener
03:00:52 PM  1000     71014    1.00    1.00    0.00    0.00    2.00    10  listener
03:00:52 PM  1000     71016    1.00    0.00    0.00    0.00    1.00     3  listener
03:00:52 PM  1000     71037    1.00    0.00    0.00    0.00    1.00     0  listener
03:00:52 PM  1000     71056    0.00    1.00    0.00    0.00    1.00     0  listener
03:00:52 PM  1000     71077    1.00    0.00    0.00    0.00    1.00    16  listener
03:00:52 PM  1000     71096    1.00    0.00    0.00    0.00    1.00     0  listener
03:00:52 PM  1000     71118    1.00    0.00    0.00    0.00    1.00     3  listener
03:00:52 PM  1000     71138    1.00    1.00    0.00    0.00    2.00     2  listener
03:00:52 PM  1000     71140    1.00    0.00    0.00    0.00    1.00    12  listener
03:00:52 PM  1000     71160    1.00    0.00    0.00    0.00    1.00    13  listener
03:00:52 PM  1000     71162    1.00    1.00    0.00    0.00    2.00    13  listener
03:00:52 PM  1000     71173    1.00    0.00    0.00    0.00    1.00    12  listener

03:00:52 PM   UID       PID    %usr %system  %guest   %wait    %CPU   CPU  Command
03:00:53 PM  1000     69460    1.00    0.00    0.00    0.00    1.00    16  listener
03:00:53 PM  1000     69462    0.00    0.00    0.00    1.00    0.00    18  listener
03:00:53 PM  1000     69464    0.00    0.00    0.00    0.00    0.00     1  listener
03:00:53 PM  1000     69466    1.00    1.00    0.00    0.00    2.00     5  listener
03:00:53 PM  1000     69468    0.00    1.00    0.00    0.00    1.00     1  listener
03:00:53 PM  1000     69470    1.00    0.00    0.00    0.00    1.00     2  listener
03:00:53 PM  1000     69472    1.00    1.00    0.00    0.00    2.00     7  listener
03:00:53 PM  1000     69474    1.00    0.00    0.00    0.00    1.00     7  listener
03:00:53 PM  1000     69476    1.00    0.00    0.00    0.00    1.00    14  listener
03:00:53 PM  1000     69486    1.00    0.00    0.00    0.00    1.00     5  listener
03:00:53 PM  1000     69490    0.00    1.00    0.00    0.00    1.00     6  listener
03:00:53 PM  1000     69547    1.00    0.00    0.00    0.00    1.00    11  listener
03:00:53 PM  1000     69583    1.00    1.00    0.00    0.00    2.00    15  listener
03:00:53 PM  1000     69594    0.00    0.00    0.00    0.00    0.00    15  listener
03:00:53 PM  1000     69614    0.00    0.00    0.00    0.00    0.00    13  listener
03:00:53 PM  1000     69625    1.00    0.00    0.00    0.00    1.00    13  listener
03:00:53 PM  1000     69634    1.00    0.00    0.00    0.00    1.00    11  listener
03:00:53 PM  1000     69656    1.00    0.00    0.00    0.00    1.00     0  listener
03:00:53 PM  1000     69666    1.00    1.00    0.00    0.00    2.00     2  listener
03:00:53 PM  1000     69679    1.00    0.00    0.00    0.00    1.00     7  listener
03:00:53 PM  1000     69724    1.00    1.00    0.00    0.00    2.00     7  listener
03:00:53 PM  1000     69728    1.00    0.00    0.00    0.00    1.00     7  listener
03:00:53 PM  1000     69733    1.00    1.00    0.00    0.00    2.00     3  listener
03:00:53 PM  1000     69785    0.00    0.00    0.00    0.00    0.00    13  listener
03:00:53 PM  1000     69787    0.00    0.00    0.00    0.00    0.00     0  listener
03:00:53 PM  1000     69789    1.00    0.00    0.00    0.00    1.00    15  listener
03:00:53 PM  1000     69791    1.00    1.00    0.00    0.00    2.00    14  listener
03:00:53 PM  1000     69811    1.00    1.00    0.00    0.00    2.00     1  listener
03:00:53 PM  1000     69813    1.00    1.00    0.00    0.00    2.00    19  listener
03:00:53 PM  1000     69815    1.00    1.00    0.00    0.00    2.00     9  listener
03:00:53 PM  1000     69826    1.00    0.00    0.00    0.00    1.00     5  listener
03:00:53 PM  1000     69836    0.00    1.00    0.00    0.00    1.00     6  listener
03:00:53 PM  1000     69917    1.00    0.00    0.00    0.00    1.00    11  listener
03:00:53 PM  1000     70039    1.00    1.00    0.00    0.00    2.00     1  listener
03:00:53 PM  1000     70041    0.00    1.00    0.00    0.00    1.00     3  listener
03:00:53 PM  1000     70063    1.00    0.00    0.00    0.00    1.00    10  listener
03:00:53 PM  1000     70090    1.00    1.00    0.00    0.00    2.00     0  listener
03:00:53 PM  1000     70100    0.00    0.00    0.00    0.00    0.00    17  listener
03:00:53 PM  1000     70139    0.00    0.00    0.00    0.00    0.00    16  listener
03:00:53 PM  1000     70168    0.00    0.00    0.00    0.00    0.00     8  listener
03:00:53 PM  1000     70171    1.00    1.00    0.00    0.00    2.00     9  listener
03:00:53 PM  1000     70208    1.00    0.00    0.00    0.00    1.00     3  listener
03:00:53 PM  1000     70246    0.00    1.00    0.00    0.00    1.00     9  listener
03:00:53 PM  1000     70248    0.00    1.00    0.00    0.00    1.00    17  listener
03:00:53 PM  1000     70259    0.00    1.00    0.00    0.00    1.00    14  listener
03:00:53 PM  1000     70261    0.00    1.00    0.00    0.00    1.00    15  listener
03:00:53 PM  1000     70272    0.00    1.00    0.00    0.00    1.00     1  listener
03:00:53 PM  1000     70301    1.00    0.00    0.00    0.00    1.00     4  listener
03:00:53 PM  1000     70316    0.00    0.00    0.00    0.00    0.00    10  listener
03:00:53 PM  1000     70332    0.00    1.00    0.00    0.00    1.00     2  listener
03:00:53 PM  1000     70343    1.00    0.00    0.00    0.00    1.00    15  listener
03:00:53 PM  1000     70345    1.00    0.00    0.00    0.00    1.00     3  listener
03:00:53 PM  1000     70348    1.00    0.00    0.00    0.00    1.00     5  listener
03:00:53 PM  1000     70357    0.00    1.00    0.00    0.00    1.00     2  listener
03:00:53 PM  1000     70386    1.00    0.00    0.00    0.00    1.00    12  listener
03:00:53 PM  1000     70479    1.00    0.00    0.00    0.00    1.00     1  listener
03:00:53 PM  1000     70498    1.00    1.00    0.00    0.00    2.00     2  listener
03:00:53 PM  1000     70501    1.00    1.00    0.00    0.00    2.00     6  listener
03:00:53 PM  1000     70530    1.00    1.00    0.00    0.00    2.00     2  listener
03:00:53 PM  1000     70541    1.00    0.00    0.00    1.00    1.00     5  listener
03:00:53 PM  1000     70544    1.00    0.00    0.00    0.00    1.00     0  listener
03:00:53 PM  1000     70581    1.00    0.00    0.00    0.00    1.00     2  listener
03:00:53 PM  1000     70592    1.00    0.00    0.00    0.00    1.00    13  listener
03:00:53 PM  1000     70602    0.00    0.00    0.00    0.00    0.00    10  listener
03:00:53 PM  1000     70623    1.00    0.00    0.00    0.00    1.00    19  listener
03:00:53 PM  1000     70679    0.00    1.00    0.00    0.00    1.00     4  listener
03:00:53 PM  1000     70690    1.00    0.00    0.00    0.00    1.00    12  listener
03:00:53 PM  1000     70701    0.00    1.00    0.00    0.00    1.00    17  listener
03:00:53 PM  1000     70719    1.00    0.00    0.00    0.00    1.00    12  listener
03:00:53 PM  1000     70758    1.00    0.00    0.00    0.00    1.00    15  listener
03:00:53 PM  1000     70797    0.00    1.00    0.00    0.00    1.00     3  listener
03:00:53 PM  1000     70800    0.00    0.00    0.00    0.00    0.00     8  listener
03:00:53 PM  1000     70846    1.00    1.00    0.00    0.00    2.00    12  listener
03:00:53 PM  1000     70848    1.00    1.00    0.00    0.00    2.00    11  listener
03:00:53 PM  1000     70850    0.00    0.00    0.00    0.00    0.00    12  listener
03:00:53 PM  1000     70896    1.00    0.00    0.00    0.00    1.00     1  listener
03:00:53 PM  1000     70899    0.00    1.00    0.00    0.00    1.00    18  listener
03:00:53 PM  1000     70919    1.00    0.00    0.00    0.00    1.00     8  listener
03:00:53 PM  1000     70939    0.00    0.00    0.00    0.00    0.00    13  listener
03:00:53 PM  1000     70941    1.00    0.00    0.00    0.00    1.00    15  listener
03:00:53 PM  1000     70943    1.00    1.00    0.00    0.00    2.00    14  listener
03:00:53 PM  1000     70994    1.00    0.00    0.00    0.00    1.00    16  listener
03:00:53 PM  1000     71010    1.00    0.00    0.00    0.00    1.00     5  listener
03:00:53 PM  1000     71012    0.00    0.00    0.00    0.00    0.00    15  listener
03:00:53 PM  1000     71014    0.00    1.00    0.00    0.00    1.00    10  listener
03:00:53 PM  1000     71016    0.00    0.00    0.00    0.00    0.00     5  listener
03:00:53 PM  1000     71037    1.00    0.00    0.00    0.00    1.00     5  listener
03:00:53 PM  1000     71056    1.00    0.00    0.00    0.00    1.00     1  listener
03:00:53 PM  1000     71077    1.00    1.00    0.00    0.00    2.00     6  listener
03:00:53 PM  1000     71096    1.00    1.00    0.00    0.00    2.00     0  listener
03:00:53 PM  1000     71118    1.00    1.00    0.00    0.00    2.00    12  listener
03:00:53 PM  1000     71138    0.00    0.00    0.00    0.00    0.00     1  listener
03:00:53 PM  1000     71140    1.00    0.00    0.00    0.00    1.00     4  listener
03:00:53 PM  1000     71160    1.00    0.00    0.00    0.00    1.00    14  listener
03:00:53 PM  1000     71162    1.00    0.00    0.00    0.00    1.00    10  listener
03:00:53 PM  1000     71173    0.00    0.00    0.00    0.00    0.00     6  listener

03:00:53 PM   UID       PID    %usr %system  %guest   %wait    %CPU   CPU  Command
03:00:54 PM  1000     69460    1.00    0.00    0.00    0.00    1.00    12  listener
03:00:54 PM  1000     69462    1.00    0.00    0.00    0.00    1.00     6  listener
03:00:54 PM  1000     69464    1.00    0.00    0.00    0.00    1.00     8  listener
03:00:54 PM  1000     69466    1.00    0.00    0.00    0.00    1.00    16  listener
03:00:54 PM  1000     69468    1.00    0.00    0.00    0.00    1.00     9  listener
03:00:54 PM  1000     69470    0.00    0.00    0.00    0.00    0.00    15  listener
03:00:54 PM  1000     69472    1.00    0.00    0.00    0.00    1.00     7  listener
03:00:54 PM  1000     69474    0.00    0.00    0.00    0.00    0.00     1  listener
03:00:54 PM  1000     69476    0.00    0.00    0.00    0.00    0.00     3  listener
03:00:54 PM  1000     69486    0.00    1.00    0.00    0.00    1.00     9  listener
03:00:54 PM  1000     69490    1.00    0.00    0.00    0.00    1.00    14  listener
03:00:54 PM  1000     69547    0.00    1.00    0.00    0.00    1.00     6  listener
03:00:54 PM  1000     69583    0.00    0.00    0.00    0.00    0.00    16  listener
03:00:54 PM  1000     69594    1.00    0.00    0.00    0.00    1.00    15  listener
03:00:54 PM  1000     69614    1.00    0.00    0.00    0.00    1.00     8  listener
03:00:54 PM  1000     69625    1.00    0.00    0.00    0.00    1.00     3  listener
03:00:54 PM  1000     69634    0.00    0.00    0.00    0.00    0.00    14  listener
03:00:54 PM  1000     69656    0.00    1.00    0.00    0.00    1.00    17  listener
03:00:54 PM  1000     69666    1.00    0.00    0.00    0.00    1.00    13  listener
03:00:54 PM  1000     69679    1.00    0.00    0.00    1.00    1.00    12  listener
03:00:54 PM  1000     69724    1.00    0.00    0.00    0.00    1.00     5  listener
03:00:54 PM  1000     69728    1.00    1.00    0.00    0.00    2.00     6  listener
03:00:54 PM  1000     69733    0.00    0.00    0.00    0.00    0.00     1  listener
03:00:54 PM  1000     69785    1.00    0.00    0.00    0.00    1.00    13  listener
03:00:54 PM  1000     69787    1.00    0.00    0.00    0.00    1.00     5  listener
03:00:54 PM  1000     69789    0.00    1.00    0.00    0.00    1.00    16  listener
03:00:54 PM  1000     69791    0.00    0.00    0.00    0.00    0.00     6  listener
03:00:54 PM  1000     69811    0.00    0.00    0.00    0.00    0.00     1  listener
03:00:54 PM  1000     69813    1.00    0.00    0.00    0.00    1.00     3  listener
03:00:54 PM  1000     69815    0.00    0.00    0.00    0.00    0.00    10  listener
03:00:54 PM  1000     69826    0.00    1.00    0.00    0.00    1.00    10  listener
03:00:54 PM  1000     69836    1.00    0.00    0.00    0.00    1.00     8  listener
03:00:54 PM  1000     69917    1.00    0.00    0.00    0.00    1.00    19  listener
03:00:54 PM  1000     70039    0.00    0.00    0.00    0.00    0.00     1  listener
03:00:54 PM  1000     70041    0.00    0.00    0.00    0.00    0.00     3  listener
03:00:54 PM  1000     70063    1.00    0.00    0.00    0.00    1.00    14  listener
03:00:54 PM  1000     70090    0.00    1.00    0.00    0.00    1.00    19  listener
03:00:54 PM  1000     70100    1.00    0.00    0.00    0.00    1.00     5  listener
03:00:54 PM  1000     70139    1.00    1.00    0.00    0.00    2.00    16  listener
03:00:54 PM  1000     70168    1.00    1.00    0.00    0.00    2.00     3  listener
03:00:54 PM  1000     70171    1.00    0.00    0.00    0.00    1.00     3  listener
03:00:54 PM  1000     70208    1.00    0.00    0.00    0.00    1.00    15  listener
03:00:54 PM  1000     70246    1.00    0.00    0.00    0.00    1.00    10  listener
03:00:54 PM  1000     70248    1.00    0.00    0.00    0.00    1.00    19  listener
03:00:54 PM  1000     70259    0.00    1.00    0.00    0.00    1.00    18  listener
03:00:54 PM  1000     70261    0.00    0.00    0.00    0.00    0.00     6  listener
03:00:54 PM  1000     70272    1.00    0.00    0.00    0.00    1.00     3  listener
03:00:54 PM  1000     70301    1.00    0.00    0.00    0.00    1.00     4  listener
03:00:54 PM  1000     70316    0.00    1.00    0.00    0.00    1.00     3  listener
03:00:54 PM  1000     70332    0.00    1.00    0.00    0.00    1.00     3  listener
03:00:54 PM  1000     70343    0.00    1.00    0.00    0.00    1.00     8  listener
03:00:54 PM  1000     70345    1.00    0.00    0.00    0.00    1.00    18  listener
03:00:54 PM  1000     70348    0.00    1.00    0.00    0.00    1.00     5  listener
03:00:54 PM  1000     70357    0.00    1.00    0.00    0.00    1.00     3  listener
03:00:54 PM  1000     70386    1.00    0.00    0.00    0.00    1.00    15  listener
03:00:54 PM  1000     70479    1.00    0.00    0.00    0.00    1.00    16  listener
03:00:54 PM  1000     70498    0.00    1.00    0.00    0.00    1.00     6  listener
03:00:54 PM  1000     70501    1.00    0.00    0.00    0.00    1.00     4  listener
03:00:54 PM  1000     70530    0.00    0.00    0.00    0.00    0.00     2  listener
03:00:54 PM  1000     70541    0.00    1.00    0.00    0.00    1.00     5  listener
03:00:54 PM  1000     70544    0.00    0.00    0.00    0.00    0.00     1  listener
03:00:54 PM  1000     70581    0.00    0.00    0.00    0.00    0.00     3  listener
03:00:54 PM  1000     70592    0.00    1.00    0.00    0.00    1.00     8  listener
03:00:54 PM  1000     70602    1.00    0.00    0.00    0.00    1.00    12  listener
03:00:54 PM  1000     70623    0.00    1.00    0.00    0.00    1.00    17  listener
03:00:54 PM  1000     70679    1.00    0.00    0.00    0.00    1.00    10  listener
03:00:54 PM  1000     70690    1.00    0.00    0.00    0.00    1.00     9  listener
03:00:54 PM  1000     70701    1.00    0.00    0.00    0.00    1.00    13  listener
03:00:54 PM  1000     70719    1.00    0.00    0.00    0.00    1.00     7  listener
03:00:54 PM  1000     70758    0.00    0.00    0.00    0.00    0.00    12  listener
03:00:54 PM  1000     70797    1.00    0.00    0.00    0.00    1.00     1  listener
03:00:54 PM  1000     70800    0.00    1.00    0.00    0.00    1.00    13  listener
03:00:54 PM  1000     70846    1.00    0.00    0.00    0.00    1.00    12  listener
03:00:54 PM  1000     70848    0.00    0.00    0.00    0.00    0.00    15  listener
03:00:54 PM  1000     70850    1.00    1.00    0.00    0.00    2.00    10  listener
03:00:54 PM  1000     70896    1.00    0.00    0.00    0.00    1.00     6  listener
03:00:54 PM  1000     70899    0.00    0.00    0.00    0.00    0.00    13  listener
03:00:54 PM  1000     70919    0.00    1.00    0.00    0.00    1.00    11  listener
03:00:54 PM  1000     70939    1.00    0.00    0.00    0.00    1.00     3  listener
03:00:54 PM  1000     70941    0.00    0.00    0.00    0.00    0.00     0  listener
03:00:54 PM  1000     70943    1.00    0.00    0.00    0.00    1.00    12  listener
03:00:54 PM  1000     70994    1.00    0.00    0.00    0.00    1.00     2  listener
03:00:54 PM  1000     71010    0.00    1.00    0.00    0.00    1.00    15  listener
03:00:54 PM  1000     71012    1.00    0.00    0.00    0.00    1.00     9  listener
03:00:54 PM  1000     71014    1.00    0.00    0.00    0.00    1.00    10  listener
03:00:54 PM  1000     71016    1.00    0.00    0.00    0.00    1.00     6  listener
03:00:54 PM  1000     71037    0.00    0.00    0.00    1.00    0.00    13  listener
03:00:54 PM  1000     71056    0.00    0.00    0.00    0.00    0.00    12  listener
03:00:54 PM  1000     71077    0.00    0.00    0.00    0.00    0.00    13  listener
03:00:54 PM  1000     71096    0.00    0.00    0.00    0.00    0.00     1  listener
03:00:54 PM  1000     71118    0.00    0.00    0.00    0.00    0.00    10  listener
03:00:54 PM  1000     71138    1.00    1.00    0.00    0.00    2.00    12  listener
03:00:54 PM  1000     71140    1.00    0.00    0.00    0.00    1.00    10  listener
03:00:54 PM  1000     71160    1.00    0.00    0.00    0.00    1.00    10  listener
03:00:54 PM  1000     71162    0.00    1.00    0.00    0.00    1.00    13  listener
03:00:54 PM  1000     71173    0.00    1.00    0.00    0.00    1.00     2  listener

03:00:54 PM   UID       PID    %usr %system  %guest   %wait    %CPU   CPU  Command
03:00:55 PM  1000     69460    0.00    0.00    0.00    0.00    0.00     2  listener
03:00:55 PM  1000     69462    0.00    1.00    0.00    0.00    1.00     5  listener
03:00:55 PM  1000     69464    0.00    1.00    0.00    0.00    1.00     8  listener
03:00:55 PM  1000     69466    0.00    0.00    0.00    0.00    0.00     5  listener
03:00:55 PM  1000     69468    0.00    0.00    0.00    0.00    0.00     9  listener
03:00:55 PM  1000     69470    1.00    1.00    0.00    0.00    2.00     5  listener
03:00:55 PM  1000     69472    0.00    0.00    0.00    0.00    0.00    12  listener
03:00:55 PM  1000     69474    1.00    1.00    0.00    0.00    2.00    10  listener
03:00:55 PM  1000     69476    1.00    0.00    0.00    0.00    1.00     8  listener
03:00:55 PM  1000     69486    1.00    0.00    0.00    0.00    1.00    18  listener
03:00:55 PM  1000     69490    0.00    0.00    0.00    0.00    0.00     4  listener
03:00:55 PM  1000     69547    1.00    0.00    0.00    0.00    1.00    11  listener
03:00:55 PM  1000     69583    1.00    1.00    0.00    0.00    2.00     6  listener
03:00:55 PM  1000     69594    1.00    1.00    0.00    0.00    2.00    16  listener
03:00:55 PM  1000     69614    1.00    0.00    0.00    0.00    1.00     2  listener
03:00:55 PM  1000     69625    0.00    1.00    0.00    0.00    1.00    14  listener
03:00:55 PM  1000     69634    1.00    1.00    0.00    0.00    2.00     7  listener
03:00:55 PM  1000     69656    1.00    0.00    0.00    0.00    1.00    12  listener
03:00:55 PM  1000     69666    0.00    0.00    0.00    0.00    0.00    15  listener
03:00:55 PM  1000     69679    0.00    1.00    0.00    0.00    1.00     9  listener
03:00:55 PM  1000     69724    0.00    1.00    0.00    0.00    1.00    12  listener
03:00:55 PM  1000     69728    1.00    0.00    0.00    0.00    1.00    12  listener
03:00:55 PM  1000     69733    1.00    0.00    0.00    0.00    1.00     5  listener
03:00:55 PM  1000     69785    1.00    1.00    0.00    0.00    2.00     8  listener
03:00:55 PM  1000     69787    1.00    0.00    0.00    0.00    1.00     5  listener
03:00:55 PM  1000     69789    1.00    0.00    0.00    0.00    1.00    12  listener
03:00:55 PM  1000     69791    1.00    0.00    0.00    0.00    1.00    12  listener
03:00:55 PM  1000     69811    1.00    0.00    0.00    0.00    1.00     6  listener
03:00:55 PM  1000     69813    1.00    0.00    0.00    0.00    1.00     6  listener
03:00:55 PM  1000     69815    1.00    0.00    0.00    0.00    1.00     6  listener
03:00:55 PM  1000     69826    1.00    0.00    0.00    0.00    1.00     4  listener
03:00:55 PM  1000     69836    1.00    0.00    0.00    0.00    1.00     6  listener
03:00:55 PM  1000     69917    1.00    0.00    0.00    0.00    1.00     5  listener
03:00:55 PM  1000     70039    1.00    1.00    0.00    0.00    2.00     3  listener
03:00:55 PM  1000     70041    1.00    1.00    0.00    0.00    2.00     1  listener
03:00:55 PM  1000     70063    1.00    0.00    0.00    0.00    1.00     1  listener
03:00:55 PM  1000     70090    1.00    0.00    0.00    0.00    1.00     2  listener
03:00:55 PM  1000     70100    0.00    0.00    0.00    0.00    0.00    18  listener
03:00:55 PM  1000     70139    0.00    0.00    0.00    0.00    0.00    16  listener
03:00:55 PM  1000     70168    0.00    0.00    0.00    0.00    0.00    13  listener
03:00:55 PM  1000     70171    0.00    0.00    0.00    0.00    0.00    17  listener
03:00:55 PM  1000     70208    0.00    1.00    0.00    0.00    1.00    17  listener
03:00:55 PM  1000     70246    1.00    0.00    0.00    0.00    1.00    17  listener
03:00:55 PM  1000     70248    0.00    1.00    0.00    0.00    1.00     5  listener
03:00:55 PM  1000     70259    1.00    0.00    0.00    0.00    1.00     2  listener
03:00:55 PM  1000     70261    1.00    1.00    0.00    0.00    2.00     6  listener
03:00:55 PM  1000     70272    0.00    1.00    0.00    0.00    1.00     0  listener
03:00:55 PM  1000     70301    0.00    1.00    0.00    0.00    1.00     4  listener
03:00:55 PM  1000     70316    1.00    0.00    0.00    0.00    1.00     5  listener
03:00:55 PM  1000     70332    1.00    0.00    0.00    0.00    1.00    12  listener
03:00:55 PM  1000     70343    1.00    0.00    0.00    0.00    1.00     6  listener
03:00:55 PM  1000     70345    0.00    1.00    0.00    0.00    1.00     7  listener
03:00:55 PM  1000     70348    1.00    0.00    0.00    0.00    1.00    19  listener
03:00:55 PM  1000     70357    1.00    0.00    0.00    0.00    1.00     6  listener
03:00:55 PM  1000     70386    1.00    0.00    0.00    0.00    1.00    17  listener
03:00:55 PM  1000     70479    0.00    1.00    0.00    0.00    1.00    16  listener
03:00:55 PM  1000     70498    0.00    0.00    0.00    0.00    0.00     8  listener
03:00:55 PM  1000     70501    1.00    0.00    0.00    0.00    1.00     0  listener
03:00:55 PM  1000     70530    1.00    0.00    0.00    0.00    1.00     2  listener
03:00:55 PM  1000     70541    1.00    0.00    0.00    0.00    1.00     7  listener
03:00:55 PM  1000     70544    1.00    1.00    0.00    0.00    2.00    12  listener
03:00:55 PM  1000     70581    1.00    0.00    0.00    0.00    1.00    12  listener
03:00:55 PM  1000     70592    1.00    0.00    0.00    0.00    1.00    15  listener
03:00:55 PM  1000     70602    1.00    1.00    0.00    0.00    2.00    12  listener
03:00:55 PM  1000     70623    1.00    0.00    0.00    0.00    1.00     9  listener
03:00:55 PM  1000     70679    0.00    0.00    0.00    0.00    0.00    16  listener
03:00:55 PM  1000     70690    1.00    1.00    0.00    0.00    2.00     5  listener
03:00:55 PM  1000     70701    1.00    0.00    0.00    0.00    1.00    11  listener
03:00:55 PM  1000     70719    0.00    1.00    0.00    0.00    1.00     4  listener
03:00:55 PM  1000     70758    1.00    0.00    0.00    0.00    1.00    14  listener
03:00:55 PM  1000     70797    0.00    1.00    0.00    0.00    1.00     3  listener
03:00:55 PM  1000     70800    1.00    0.00    0.00    0.00    1.00    14  listener
03:00:55 PM  1000     70846    1.00    0.00    0.00    0.00    1.00     5  listener
03:00:55 PM  1000     70848    0.00    1.00    0.00    0.00    1.00    10  listener
03:00:55 PM  1000     70850    0.00    0.00    0.00    0.00    0.00    15  listener
03:00:55 PM  1000     70896    0.00    0.00    0.00    0.00    0.00     8  listener
03:00:55 PM  1000     70899    1.00    1.00    0.00    0.00    2.00     5  listener
03:00:55 PM  1000     70919    1.00    0.00    0.00    0.00    1.00    11  listener
03:00:55 PM  1000     70939    1.00    1.00    0.00    0.00    2.00    18  listener
03:00:55 PM  1000     70941    1.00    1.00    0.00    0.00    2.00     6  listener
03:00:55 PM  1000     70943    0.00    0.00    0.00    0.00    0.00     5  listener
03:00:55 PM  1000     70994    1.00    0.00    0.00    0.00    1.00    10  listener
03:00:55 PM  1000     71010    0.00    0.00    0.00    0.00    0.00    10  listener
03:00:55 PM  1000     71012    0.00    1.00    0.00    0.00    1.00     0  listener
03:00:55 PM  1000     71014    0.00    0.00    0.00    0.00    0.00    10  listener
03:00:55 PM  1000     71016    1.00    0.00    0.00    0.00    1.00     5  listener
03:00:55 PM  1000     71037    1.00    1.00    0.00    0.00    2.00    10  listener
03:00:55 PM  1000     71056    1.00    1.00    0.00    0.00    2.00     4  listener
03:00:55 PM  1000     71077    1.00    1.00    0.00    0.00    2.00    10  listener
03:00:55 PM  1000     71096    1.00    0.00    0.00    0.00    1.00    11  listener
03:00:55 PM  1000     71118    1.00    0.00    0.00    0.00    1.00     4  listener
03:00:55 PM  1000     71138    0.00    0.00    0.00    0.00    0.00     0  listener
03:00:55 PM  1000     71140    0.00    0.00    0.00    0.00    0.00     3  listener
03:00:55 PM  1000     71160    1.00    1.00    0.00    0.00    2.00     8  listener
03:00:55 PM  1000     71162    1.00    0.00    0.00    0.00    1.00     0  listener
03:00:55 PM  1000     71173    1.00    0.00    0.00    0.00    1.00     2  listener

03:00:55 PM   UID       PID    %usr %system  %guest   %wait    %CPU   CPU  Command
03:00:56 PM  1000     69460    1.00    1.00    0.00    0.00    2.00    10  listener
03:00:56 PM  1000     69462    1.00    0.00    0.00    0.00    1.00     1  listener
03:00:56 PM  1000     69464    1.00    0.00    0.00    0.00    1.00     3  listener
03:00:56 PM  1000     69466    1.00    1.00    0.00    0.00    2.00    14  listener
03:00:56 PM  1000     69468    1.00    1.00    0.00    0.00    2.00     3  listener
03:00:56 PM  1000     69470    1.00    0.00    0.00    0.00    1.00     0  listener
03:00:56 PM  1000     69472    1.00    1.00    0.00    0.00    2.00     1  listener
03:00:56 PM  1000     69474    1.00    0.00    0.00    0.00    1.00    12  listener
03:00:56 PM  1000     69476    1.00    0.00    0.00    0.00    1.00    10  listener
03:00:56 PM  1000     69486    1.00    0.00    0.00    0.00    1.00     3  listener
03:00:56 PM  1000     69490    1.00    1.00    0.00    0.00    2.00     5  listener
03:00:56 PM  1000     69547    1.00    0.00    0.00    0.00    1.00    11  listener
03:00:56 PM  1000     69583    1.00    0.00    0.00    0.00    1.00     4  listener
03:00:56 PM  1000     69594    0.00    0.00    0.00    0.00    0.00    13  listener
03:00:56 PM  1000     69614    0.00    0.00    0.00    0.00    0.00    14  listener
03:00:56 PM  1000     69625    1.00    0.00    0.00    0.00    1.00    14  listener
03:00:56 PM  1000     69634    0.00    1.00    0.00    0.00    1.00     3  listener
03:00:56 PM  1000     69656    0.00    0.00    0.00    0.00    0.00    12  listener
03:00:56 PM  1000     69666    1.00    0.00    0.00    0.00    1.00     1  listener
03:00:56 PM  1000     69679    1.00    0.00    0.00    0.00    1.00     2  listener
03:00:56 PM  1000     69724    1.00    0.00    0.00    0.00    1.00     9  listener
03:00:56 PM  1000     69728    0.00    0.00    0.00    0.00    0.00     5  listener
03:00:56 PM  1000     69733    0.00    1.00    0.00    0.00    1.00     9  listener
03:00:56 PM  1000     69785    0.00    0.00    0.00    0.00    0.00     4  listener
03:00:56 PM  1000     69787    0.00    1.00    0.00    0.00    1.00     1  listener
03:00:56 PM  1000     69789    1.00    0.00    0.00    0.00    1.00    11  listener
03:00:56 PM  1000     69791    1.00    1.00    0.00    0.00    2.00    12  listener
03:00:56 PM  1000     69811    1.00    0.00    0.00    0.00    1.00    14  listener
03:00:56 PM  1000     69813    0.00    1.00    0.00    0.00    1.00    14  listener
03:00:56 PM  1000     69815    0.00    1.00    0.00    0.00    1.00     9  listener
03:00:56 PM  1000     69826    1.00    0.00    0.00    0.00    1.00     8  listener
03:00:56 PM  1000     69836    0.00    0.00    0.00    0.00    0.00     8  listener
03:00:56 PM  1000     69917    0.00    0.00    0.00    0.00    0.00     9  listener
03:00:56 PM  1000     70039    0.00    0.00    0.00    0.00    0.00     1  listener
03:00:56 PM  1000     70041    0.00    0.00    0.00    0.00    0.00     1  listener
03:00:56 PM  1000     70063    0.00    0.00    0.00    0.00    0.00     0  listener
03:00:56 PM  1000     70090    0.00    0.00    0.00    0.00    0.00     8  listener
03:00:56 PM  1000     70100    0.00    1.00    0.00    0.00    1.00     6  listener
03:00:56 PM  1000     70139    0.00    0.00    0.00    0.00    0.00    17  listener
03:00:56 PM  1000     70168    1.00    0.00    0.00    0.00    1.00     6  listener
03:00:56 PM  1000     70171    1.00    1.00    0.00    0.00    2.00    15  listener
03:00:56 PM  1000     70208    1.00    0.00    0.00    0.00    1.00    16  listener
03:00:56 PM  1000     70246    0.00    0.00    0.00    0.00    0.00    16  listener
03:00:56 PM  1000     70248    1.00    0.00    0.00    0.00    1.00     1  listener
03:00:56 PM  1000     70259    0.00    1.00    0.00    0.00    1.00    13  listener
03:00:56 PM  1000     70261    0.00    0.00    0.00    0.00    0.00    10  listener
03:00:56 PM  1000     70272    1.00    1.00    0.00    0.00    2.00     2  listener
03:00:56 PM  1000     70301    1.00    0.00    0.00    0.00    1.00     4  listener
03:00:56 PM  1000     70316    1.00    1.00    0.00    0.00    2.00    15  listener
03:00:56 PM  1000     70332    1.00    0.00    0.00    0.00    1.00     1  listener
03:00:56 PM  1000     70343    0.00    0.00    0.00    0.00    0.00     5  listener
03:00:56 PM  1000     70345    1.00    0.00    0.00    0.00    1.00    13  listener
03:00:56 PM  1000     70348    1.00    0.00    0.00    0.00    1.00     7  listener
03:00:56 PM  1000     70357    0.00    0.00    0.00    0.00    0.00     6  listener
03:00:56 PM  1000     70386    1.00    1.00    0.00    0.00    2.00     6  listener
03:00:56 PM  1000     70479    1.00    0.00    0.00    0.00    1.00     0  listener
03:00:56 PM  1000     70498    1.00    0.00    0.00    0.00    1.00     0  listener
03:00:56 PM  1000     70501    1.00    0.00    0.00    0.00    1.00     3  listener
03:00:56 PM  1000     70530    1.00    0.00    0.00    0.00    1.00    14  listener
03:00:56 PM  1000     70541    1.00    0.00    0.00    0.00    1.00     2  listener
03:00:56 PM  1000     70544    1.00    0.00    0.00    0.00    1.00     0  listener
03:00:56 PM  1000     70581    0.00    1.00    0.00    0.00    1.00     6  listener
03:00:56 PM  1000     70592    0.00    0.00    0.00    0.00    0.00     9  listener
03:00:56 PM  1000     70602    0.00    0.00    0.00    0.00    0.00    16  listener
03:00:56 PM  1000     70623    1.00    0.00    0.00    0.00    1.00    10  listener
03:00:56 PM  1000     70679    1.00    1.00    0.00    0.00    2.00     3  listener
03:00:56 PM  1000     70690    1.00    0.00    0.00    0.00    1.00     1  listener
03:00:56 PM  1000     70701    0.00    1.00    0.00    0.00    1.00    11  listener
03:00:56 PM  1000     70719    0.00    0.00    0.00    0.00    0.00     0  listener
03:00:56 PM  1000     70758    1.00    1.00    0.00    0.00    2.00     7  listener
03:00:56 PM  1000     70797    1.00    0.00    0.00    0.00    1.00    10  listener
03:00:56 PM  1000     70800    1.00    0.00    0.00    0.00    1.00     9  listener
03:00:56 PM  1000     70846    1.00    0.00    0.00    0.00    1.00    12  listener
03:00:56 PM  1000     70848    1.00    0.00    0.00    0.00    1.00     8  listener
03:00:56 PM  1000     70850    1.00    0.00    0.00    0.00    1.00    14  listener
03:00:56 PM  1000     70896    1.00    1.00    0.00    0.00    2.00     3  listener
03:00:56 PM  1000     70899    1.00    0.00    0.00    0.00    1.00     2  listener
03:00:56 PM  1000     70919    0.00    1.00    0.00    0.00    1.00     7  listener
03:00:56 PM  1000     70939    1.00    0.00    0.00    0.00    1.00    13  listener
03:00:56 PM  1000     70941    0.00    0.00    0.00    0.00    0.00    11  listener
03:00:56 PM  1000     70943    1.00    1.00    0.00    0.00    2.00    18  listener
03:00:56 PM  1000     70994    1.00    1.00    0.00    0.00    2.00     7  listener
03:00:56 PM  1000     71010    1.00    0.00    0.00    0.00    1.00     6  listener
03:00:56 PM  1000     71012    1.00    0.00    0.00    0.00    1.00     4  listener
03:00:56 PM  1000     71014    1.00    1.00    0.00    0.00    2.00     8  listener
03:00:56 PM  1000     71016    0.00    1.00    0.00    0.00    1.00     3  listener
03:00:56 PM  1000     71037    1.00    0.00    0.00    0.00    1.00     2  listener
03:00:56 PM  1000     71056    1.00    0.00    0.00    0.00    1.00     6  listener
03:00:56 PM  1000     71077    1.00    0.00    0.00    0.00    1.00    15  listener
03:00:56 PM  1000     71096    1.00    0.00    0.00    0.00    1.00     4  listener
03:00:56 PM  1000     71118    1.00    1.00    0.00    0.00    2.00     8  listener
03:00:56 PM  1000     71138    1.00    0.00    0.00    0.00    1.00     1  listener
03:00:56 PM  1000     71140    1.00    1.00    0.00    0.00    2.00     3  listener
03:00:56 PM  1000     71160    0.00    0.00    0.00    0.00    0.00    10  listener
03:00:56 PM  1000     71162    0.00    1.00    0.00    0.00    1.00    11  listener
03:00:56 PM  1000     71173    1.00    0.00    0.00    0.00    1.00    10  listener

03:00:56 PM   UID       PID    %usr %system  %guest   %wait    %CPU   CPU  Command
03:00:57 PM  1000     69460    1.00    0.00    0.00    0.00    1.00     3  listener
03:00:57 PM  1000     69462    1.00    0.00    0.00    0.00    1.00     2  listener
03:00:57 PM  1000     69464    0.00    1.00    0.00    0.00    1.00     8  listener
03:00:57 PM  1000     69466    0.00    0.00    0.00    0.00    0.00    10  listener
03:00:57 PM  1000     69468    0.00    1.00    0.00    0.00    1.00     2  listener
03:00:57 PM  1000     69470    1.00    0.00    0.00    0.00    1.00     8  listener
03:00:57 PM  1000     69472    1.00    1.00    0.00    0.00    2.00     0  listener
03:00:57 PM  1000     69474    1.00    0.00    0.00    0.00    1.00     8  listener
03:00:57 PM  1000     69476    1.00    1.00    0.00    0.00    2.00    13  listener
03:00:57 PM  1000     69486    1.00    1.00    0.00    0.00    2.00    17  listener
03:00:57 PM  1000     69490    1.00    1.00    0.00    0.00    2.00     9  listener
03:00:57 PM  1000     69547    1.00    1.00    0.00    0.00    2.00    15  listener
03:00:57 PM  1000     69583    1.00    1.00    0.00    0.00    2.00    19  listener
03:00:57 PM  1000     69594    1.00    1.00    0.00    0.00    2.00    18  listener
03:00:57 PM  1000     69614    1.00    1.00    0.00    0.00    2.00    13  listener
03:00:57 PM  1000     69625    0.00    1.00    0.00    0.00    1.00     2  listener
03:00:57 PM  1000     69634    1.00    1.00    0.00    0.00    2.00     8  listener
03:00:57 PM  1000     69656    1.00    1.00    0.00    0.00    2.00     0  listener
03:00:57 PM  1000     69666    1.00    1.00    0.00    0.00    2.00     9  listener
03:00:57 PM  1000     69679    1.00    0.00    0.00    0.00    1.00     7  listener
03:00:57 PM  1000     69724    1.00    0.00    0.00    0.00    1.00    12  listener
03:00:57 PM  1000     69728    2.00    0.00    0.00    0.00    2.00     3  listener
03:00:57 PM  1000     69733    0.00    2.00    0.00    0.00    2.00    15  listener
03:00:57 PM  1000     69785    2.00    0.00    0.00    0.00    2.00    15  listener
03:00:57 PM  1000     69787    2.00    0.00    0.00    0.00    2.00    10  listener
03:00:57 PM  1000     69789    0.00    2.00    0.00    0.00    2.00     1  listener
03:00:57 PM  1000     69791    0.00    1.00    0.00    0.00    1.00    19  listener
03:00:57 PM  1000     69811    1.00    0.00    0.00    0.00    1.00     8  listener
03:00:57 PM  1000     69813    1.00    1.00    0.00    0.00    2.00     5  listener
03:00:57 PM  1000     69815    1.00    0.00    0.00    0.00    1.00     4  listener
03:00:57 PM  1000     69826    1.00    1.00    0.00    0.00    2.00     4  listener
03:00:57 PM  1000     69836    2.00    0.00    0.00    0.00    2.00    17  listener
03:00:57 PM  1000     69917    1.00    1.00    0.00    0.00    2.00     1  listener
03:00:57 PM  1000     70039    1.00    1.00    0.00    0.00    2.00    17  listener
03:00:57 PM  1000     70041    1.00    1.00    0.00    0.00    2.00     8  listener
03:00:57 PM  1000     70063    1.00    1.00    0.00    0.00    2.00     4  listener
03:00:57 PM  1000     70090    1.00    1.00    0.00    0.00    2.00     1  listener
03:00:57 PM  1000     70100    0.00    2.00    0.00    0.00    2.00    12  listener
03:00:57 PM  1000     70139    1.00    1.00    0.00    0.00    2.00    10  listener
03:00:57 PM  1000     70168    1.00    1.00    0.00    0.00    2.00    14  listener
03:00:57 PM  1000     70171    1.00    0.00    0.00    1.00    1.00     5  listener
03:00:57 PM  1000     70208    1.00    1.00    0.00    0.00    2.00    14  listener
03:00:57 PM  1000     70246    2.00    0.00    0.00    0.00    2.00     0  listener
03:00:57 PM  1000     70248    1.00    0.00    0.00    0.00    1.00    15  listener
03:00:57 PM  1000     70259    0.00    1.00    0.00    0.00    1.00     7  listener
03:00:57 PM  1000     70261    2.00    0.00    0.00    0.00    2.00     1  listener
03:00:57 PM  1000     70272    1.00    0.00    0.00    0.00    1.00     3  listener
03:00:57 PM  1000     70301    1.00    0.00    0.00    0.00    1.00     1  listener
03:00:57 PM  1000     70316    1.00    0.00    0.00    0.00    1.00    12  listener
03:00:57 PM  1000     70332    0.00    2.00    0.00    0.00    2.00     6  listener
03:00:57 PM  1000     70343    2.00    0.00    0.00    0.00    2.00    12  listener
03:00:57 PM  1000     70345    1.00    0.00    0.00    0.00    1.00     3  listener
03:00:57 PM  1000     70348    0.00    1.00    0.00    0.00    1.00    18  listener
03:00:57 PM  1000     70357    2.00    1.00    0.00    0.00    3.00    11  listener
03:00:57 PM  1000     70386    1.00    0.00    0.00    0.00    1.00     7  listener
03:00:57 PM  1000     70479    1.00    0.00    0.00    0.00    1.00    13  listener
03:00:57 PM  1000     70498    1.00    1.00    0.00    0.00    2.00    17  listener
03:00:57 PM  1000     70501    1.00    0.00    0.00    0.00    1.00    12  listener
03:00:57 PM  1000     70530    0.00    2.00    0.00    0.00    2.00     3  listener
03:00:57 PM  1000     70541    0.00    1.00    0.00    0.00    1.00     4  listener
03:00:57 PM  1000     70544    1.00    0.00    0.00    1.00    1.00     7  listener
03:00:57 PM  1000     70581    1.00    0.00    0.00    0.00    1.00    17  listener
03:00:57 PM  1000     70592    1.00    1.00    0.00    0.00    2.00    12  listener
03:00:57 PM  1000     70602    2.00    0.00    0.00    0.00    2.00     8  listener
03:00:57 PM  1000     70623    0.00    1.00    0.00    0.00    1.00    12  listener
03:00:57 PM  1000     70679    2.00    0.00    0.00    0.00    2.00     1  listener
03:00:57 PM  1000     70690    1.00    0.00    0.00    0.00    1.00     5  listener
03:00:57 PM  1000     70701    1.00    0.00    0.00    0.00    1.00    14  listener
03:00:57 PM  1000     70719    1.00    1.00    0.00    0.00    2.00     7  listener
03:00:57 PM  1000     70758    1.00    0.00    0.00    0.00    1.00    12  listener
03:00:57 PM  1000     70797    1.00    0.00    0.00    0.00    1.00     3  listener
03:00:57 PM  1000     70800    1.00    0.00    0.00    0.00    1.00    10  listener
03:00:57 PM  1000     70846    1.00    1.00    0.00    0.00    2.00     0  listener
03:00:57 PM  1000     70848    2.00    0.00    0.00    0.00    2.00     5  listener
03:00:57 PM  1000     70850    0.00    1.00    0.00    0.00    1.00     1  listener
03:00:57 PM  1000     70896    2.00    0.00    0.00    0.00    2.00     9  listener
03:00:57 PM  1000     70899    0.00    1.00    0.00    0.00    1.00    15  listener
03:00:57 PM  1000     70919    2.00    0.00    0.00    0.00    2.00     7  listener
03:00:57 PM  1000     70939    0.00    1.00    0.00    0.00    1.00     1  listener
03:00:57 PM  1000     70941    0.00    2.00    0.00    0.00    2.00     1  listener
03:00:57 PM  1000     70943    1.00    0.00    0.00    0.00    1.00    13  listener
03:00:57 PM  1000     70994    1.00    0.00    0.00    0.00    1.00    11  listener
03:00:57 PM  1000     71010    1.00    1.00    0.00    0.00    2.00    13  listener
03:00:57 PM  1000     71012    0.00    1.00    0.00    0.00    1.00     9  listener
03:00:57 PM  1000     71014    1.00    1.00    0.00    0.00    2.00     2  listener
03:00:57 PM  1000     71016    1.00    0.00    0.00    0.00    1.00     1  listener
03:00:57 PM  1000     71037    1.00    0.00    0.00    0.00    1.00    13  listener
03:00:57 PM  1000     71056    1.00    1.00    0.00    0.00    2.00    19  listener
03:00:57 PM  1000     71077    1.00    1.00    0.00    0.00    2.00     4  listener
03:00:57 PM  1000     71096    1.00    1.00    0.00    0.00    2.00     7  listener
03:00:57 PM  1000     71118    1.00    1.00    0.00    0.00    2.00     0  listener
03:00:57 PM  1000     71138    1.00    1.00    0.00    0.00    2.00    11  listener
03:00:57 PM  1000     71140    0.00    1.00    0.00    0.00    1.00     1  listener
03:00:57 PM  1000     71160    1.00    0.00    0.00    0.00    1.00    16  listener
03:00:57 PM  1000     71162    1.00    1.00    0.00    0.00    2.00     1  listener
03:00:57 PM  1000     71173    1.00    1.00    0.00    0.00    2.00     5  listener

03:00:57 PM   UID       PID    %usr %system  %guest   %wait    %CPU   CPU  Command
03:00:58 PM  1000     69460    1.00    1.00    0.00    0.00    2.00     3  listener
03:00:58 PM  1000     69462    1.00    1.00    0.00    0.00    2.00     5  listener
03:00:58 PM  1000     69464    0.00    1.00    0.00    0.00    1.00     5  listener
03:00:58 PM  1000     69466    1.00    1.00    0.00    0.00    2.00     6  listener
03:00:58 PM  1000     69468    1.00    1.00    0.00    0.00    2.00     3  listener
03:00:58 PM  1000     69470    1.00    0.00    0.00    0.00    1.00     9  listener
03:00:58 PM  1000     69472    1.00    0.00    0.00    0.00    1.00     4  listener
03:00:58 PM  1000     69474    1.00    1.00    0.00    0.00    2.00     2  listener
03:00:58 PM  1000     69476    0.00    0.00    0.00    1.00    0.00     9  listener
03:00:58 PM  1000     69486    0.00    0.00    0.00    0.00    0.00    10  listener
03:00:58 PM  1000     69490    1.00    0.00    0.00    0.00    1.00    12  listener
03:00:58 PM  1000     69547    0.00    0.00    0.00    0.00    0.00    19  listener
03:00:58 PM  1000     69583    0.00    0.00    0.00    0.00    0.00     0  listener
03:00:58 PM  1000     69594    0.00    1.00    0.00    0.00    1.00     1  listener
03:00:58 PM  1000     69614    1.00    0.00    0.00    0.00    1.00    14  listener
03:00:58 PM  1000     69625    1.00    0.00    0.00    0.00    1.00    17  listener
03:00:58 PM  1000     69634    0.00    0.00    0.00    0.00    0.00    18  listener
03:00:58 PM  1000     69656    1.00    0.00    0.00    0.00    1.00    19  listener
03:00:58 PM  1000     69666    1.00    0.00    0.00    0.00    1.00    12  listener
03:00:58 PM  1000     69679    1.00    1.00    0.00    0.00    2.00     5  listener
03:00:58 PM  1000     69724    0.00    1.00    0.00    0.00    1.00    11  listener
03:00:58 PM  1000     69728    1.00    0.00    0.00    0.00    1.00    15  listener
03:00:58 PM  1000     69733    1.00    0.00    0.00    0.00    1.00    17  listener
03:00:58 PM  1000     69785    0.00    0.00    0.00    0.00    0.00     2  listener
03:00:58 PM  1000     69787    0.00    1.00    0.00    0.00    1.00     2  listener
03:00:58 PM  1000     69789    0.00    1.00    0.00    1.00    1.00     4  listener
03:00:58 PM  1000     69791    0.00    1.00    0.00    0.00    1.00     9  listener
03:00:58 PM  1000     69811    1.00    1.00    0.00    0.00    2.00    12  listener
03:00:58 PM  1000     69813    1.00    0.00    0.00    0.00    1.00     7  listener
03:00:58 PM  1000     69815    1.00    0.00    0.00    0.00    1.00     9  listener
03:00:58 PM  1000     69826    0.00    1.00    0.00    0.00    1.00    11  listener
03:00:58 PM  1000     69836    0.00    1.00    0.00    0.00    1.00    17  listener
03:00:58 PM  1000     69917    1.00    0.00    0.00    0.00    1.00     0  listener
03:00:58 PM  1000     70039    1.00    1.00    0.00    0.00    2.00     1  listener
03:00:58 PM  1000     70041    1.00    0.00    0.00    0.00    1.00    14  listener
03:00:58 PM  1000     70063    1.00    1.00    0.00    0.00    2.00    15  listener
03:00:58 PM  1000     70090    1.00    1.00    0.00    0.00    2.00     5  listener
03:00:58 PM  1000     70100    0.00    1.00    0.00    0.00    1.00    10  listener
03:00:58 PM  1000     70139    1.00    0.00    0.00    0.00    1.00    12  listener
03:00:58 PM  1000     70168    0.00    1.00    0.00    0.00    1.00     3  listener
03:00:58 PM  1000     70171    0.00    1.00    0.00    0.00    1.00    14  listener
03:00:58 PM  1000     70208    1.00    0.00    0.00    0.00    1.00    17  listener
03:00:58 PM  1000     70246    1.00    1.00    0.00    0.00    2.00    11  listener
03:00:58 PM  1000     70248    1.00    1.00    0.00    0.00    2.00     8  listener
03:00:58 PM  1000     70259    1.00    0.00    0.00    0.00    1.00     1  listener
03:00:58 PM  1000     70261    1.00    0.00    0.00    0.00    1.00    18  listener
03:00:58 PM  1000     70272    0.00    1.00    0.00    0.00    1.00     3  listener
03:00:58 PM  1000     70301    1.00    1.00    0.00    0.00    2.00     3  listener
03:00:58 PM  1000     70316    1.00    0.00    0.00    0.00    1.00    14  listener
03:00:58 PM  1000     70332    0.00    1.00    0.00    0.00    1.00     5  listener
03:00:58 PM  1000     70343    0.00    1.00    0.00    0.00    1.00    10  listener
03:00:58 PM  1000     70345    1.00    1.00    0.00    0.00    2.00     2  listener
03:00:58 PM  1000     70348    1.00    0.00    0.00    0.00    1.00    16  listener
03:00:58 PM  1000     70357    0.00    0.00    0.00    0.00    0.00    16  listener
03:00:58 PM  1000     70386    1.00    1.00    0.00    0.00    2.00     8  listener
03:00:58 PM  1000     70479    0.00    1.00    0.00    0.00    1.00     4  listener
03:00:58 PM  1000     70498    0.00    0.00    0.00    0.00    0.00    18  listener
03:00:58 PM  1000     70501    0.00    1.00    0.00    0.00    1.00    19  listener
03:00:58 PM  1000     70530    1.00    0.00    0.00    0.00    1.00     7  listener
03:00:58 PM  1000     70541    1.00    0.00    0.00    0.00    1.00    13  listener
03:00:58 PM  1000     70544    1.00    1.00    0.00    0.00    2.00     7  listener
03:00:58 PM  1000     70581    1.00    1.00    0.00    0.00    2.00    14  listener
03:00:58 PM  1000     70592    1.00    0.00    0.00    0.00    1.00     8  listener
03:00:58 PM  1000     70602    0.00    1.00    0.00    0.00    1.00    16  listener
03:00:58 PM  1000     70623    1.00    1.00    0.00    0.00    2.00    12  listener
03:00:58 PM  1000     70679    0.00    0.00    0.00    0.00    0.00     4  listener
03:00:58 PM  1000     70690    1.00    1.00    0.00    0.00    2.00     8  listener
03:00:58 PM  1000     70701    0.00    1.00    0.00    0.00    1.00     5  listener
03:00:58 PM  1000     70719    1.00    0.00    0.00    0.00    1.00    14  listener
03:00:58 PM  1000     70758    1.00    1.00    0.00    0.00    2.00     3  listener
03:00:58 PM  1000     70797    0.00    1.00    0.00    0.00    1.00    10  listener
03:00:58 PM  1000     70800    1.00    0.00    0.00    0.00    1.00    14  listener
03:00:58 PM  1000     70846    0.00    0.00    0.00    0.00    0.00    18  listener
03:00:58 PM  1000     70848    0.00    1.00    0.00    0.00    1.00    18  listener
03:00:58 PM  1000     70850    1.00    1.00    0.00    0.00    2.00    18  listener
03:00:58 PM  1000     70896    0.00    1.00    0.00    0.00    1.00     7  listener
03:00:58 PM  1000     70899    1.00    1.00    0.00    0.00    2.00    17  listener
03:00:58 PM  1000     70919    0.00    1.00    0.00    0.00    1.00    13  listener
03:00:58 PM  1000     70939    1.00    1.00    0.00    0.00    2.00    10  listener
03:00:58 PM  1000     70941    0.00    1.00    0.00    0.00    1.00     3  listener
03:00:58 PM  1000     70943    1.00    0.00    0.00    0.00    1.00     8  listener
03:00:58 PM  1000     70994    1.00    0.00    0.00    0.00    1.00    13  listener
03:00:58 PM  1000     71010    1.00    0.00    0.00    0.00    1.00     8  listener
03:00:58 PM  1000     71012    1.00    1.00    0.00    0.00    2.00     2  listener
03:00:58 PM  1000     71014    1.00    0.00    0.00    0.00    1.00     3  listener
03:00:58 PM  1000     71016    1.00    0.00    0.00    0.00    1.00    12  listener
03:00:58 PM  1000     71037    1.00    1.00    0.00    0.00    2.00     0  listener
03:00:58 PM  1000     71056    0.00    1.00    0.00    0.00    1.00    11  listener
03:00:58 PM  1000     71077    0.00    0.00    0.00    0.00    0.00    13  listener
03:00:58 PM  1000     71096    1.00    0.00    0.00    0.00    1.00    15  listener
03:00:58 PM  1000     71118    0.00    0.00    0.00    0.00    0.00    11  listener
03:00:58 PM  1000     71138    0.00    0.00    0.00    0.00    0.00    11  listener
03:00:58 PM  1000     71140    1.00    0.00    0.00    0.00    1.00     5  listener
03:00:58 PM  1000     71160    1.00    1.00    0.00    0.00    2.00     1  listener
03:00:58 PM  1000     71162    1.00    0.00    0.00    0.00    1.00     1  listener
03:00:58 PM  1000     71173    0.00    1.00    0.00    0.00    1.00     5  listener

03:00:58 PM   UID       PID    %usr %system  %guest   %wait    %CPU   CPU  Command
03:00:59 PM  1000     69460    1.00    0.00    0.00    1.00    1.00     3  listener
03:00:59 PM  1000     69462    0.00    0.00    0.00    0.00    0.00     0  listener
03:00:59 PM  1000     69464    0.00    0.00    0.00    0.00    0.00     3  listener
03:00:59 PM  1000     69466    1.00    1.00    0.00    0.00    2.00     6  listener
03:00:59 PM  1000     69468    0.00    0.00    0.00    0.00    0.00     0  listener
03:00:59 PM  1000     69470    0.00    1.00    0.00    0.00    1.00    15  listener
03:00:59 PM  1000     69472    0.00    1.00    0.00    0.00    1.00     5  listener
03:00:59 PM  1000     69474    0.00    1.00    0.00    0.00    1.00    11  listener
03:00:59 PM  1000     69476    1.00    0.00    0.00    0.00    1.00     3  listener
03:00:59 PM  1000     69486    1.00    1.00    0.00    0.00    2.00    10  listener
03:00:59 PM  1000     69490    1.00    0.00    0.00    0.00    1.00    12  listener
03:00:59 PM  1000     69547    1.00    0.00    0.00    0.00    1.00    15  listener
03:00:59 PM  1000     69583    1.00    1.00    0.00    0.00    2.00    15  listener
03:00:59 PM  1000     69594    1.00    0.00    0.00    0.00    1.00     5  listener
03:00:59 PM  1000     69614    0.00    1.00    0.00    0.00    1.00    12  listener
03:00:59 PM  1000     69625    1.00    0.00    0.00    0.00    1.00     0  listener
03:00:59 PM  1000     69634    1.00    1.00    0.00    0.00    2.00     0  listener
03:00:59 PM  1000     69656    1.00    0.00    0.00    0.00    1.00    19  listener
03:00:59 PM  1000     69666    1.00    1.00    0.00    0.00    2.00    18  listener
03:00:59 PM  1000     69679    0.00    1.00    0.00    0.00    1.00     4  listener
03:00:59 PM  1000     69724    1.00    0.00    0.00    0.00    1.00    13  listener
03:00:59 PM  1000     69728    0.00    1.00    0.00    0.00    1.00    16  listener
03:00:59 PM  1000     69733    1.00    0.00    0.00    0.00    1.00     1  listener
03:00:59 PM  1000     69785    1.00    1.00    0.00    0.00    2.00     7  listener
03:00:59 PM  1000     69787    1.00    0.00    0.00    0.00    1.00     9  listener
03:00:59 PM  1000     69789    1.00    0.00    0.00    0.00    1.00     8  listener
03:00:59 PM  1000     69791    1.00    0.00    0.00    0.00    1.00    18  listener
03:00:59 PM  1000     69811    1.00    0.00    0.00    0.00    1.00     3  listener
03:00:59 PM  1000     69813    1.00    0.00    0.00    0.00    1.00    16  listener
03:00:59 PM  1000     69815    1.00    1.00    0.00    0.00    2.00    13  listener
03:00:59 PM  1000     69826    0.00    1.00    0.00    0.00    1.00    12  listener
03:00:59 PM  1000     69836    1.00    0.00    0.00    0.00    1.00    11  listener
03:00:59 PM  1000     69917    0.00    1.00    0.00    0.00    1.00    13  listener
03:00:59 PM  1000     70039    0.00    0.00    0.00    0.00    0.00    10  listener
03:00:59 PM  1000     70041    1.00    1.00    0.00    0.00    2.00    10  listener
03:00:59 PM  1000     70063    0.00    0.00    0.00    0.00    0.00     8  listener
03:00:59 PM  1000     70090    1.00    0.00    0.00    0.00    1.00     9  listener
03:00:59 PM  1000     70100    0.00    1.00    0.00    0.00    1.00    15  listener
03:00:59 PM  1000     70139    0.00    1.00    0.00    0.00    1.00    19  listener
03:00:59 PM  1000     70168    1.00    0.00    0.00    0.00    1.00    10  listener
03:00:59 PM  1000     70171    1.00    0.00    0.00    0.00    1.00    13  listener
03:00:59 PM  1000     70208    0.00    0.00    0.00    0.00    0.00    10  listener
03:00:59 PM  1000     70246    0.00    0.00    0.00    0.00    0.00    10  listener
03:00:59 PM  1000     70248    0.00    0.00    0.00    0.00    0.00     6  listener
03:00:59 PM  1000     70259    1.00    0.00    0.00    0.00    1.00    15  listener
03:00:59 PM  1000     70261    1.00    0.00    0.00    0.00    1.00     0  listener
03:00:59 PM  1000     70272    1.00    0.00    0.00    0.00    1.00     6  listener
03:00:59 PM  1000     70301    1.00    0.00    0.00    0.00    1.00     5  listener
03:00:59 PM  1000     70316    1.00    0.00    0.00    0.00    1.00    13  listener
03:00:59 PM  1000     70332    0.00    1.00    0.00    0.00    1.00    10  listener
03:00:59 PM  1000     70343    1.00    0.00    0.00    0.00    1.00     3  listener
03:00:59 PM  1000     70345    1.00    0.00    0.00    0.00    1.00    11  listener
03:00:59 PM  1000     70348    1.00    1.00    0.00    0.00    2.00    12  listener
03:00:59 PM  1000     70357    1.00    0.00    0.00    0.00    1.00    17  listener
03:00:59 PM  1000     70386    0.00    0.00    0.00    0.00    0.00    18  listener
03:00:59 PM  1000     70479    0.00    1.00    0.00    0.00    1.00    16  listener
03:00:59 PM  1000     70498    1.00    0.00    0.00    0.00    1.00     3  listener
03:00:59 PM  1000     70501    1.00    1.00    0.00    0.00    2.00    18  listener
03:00:59 PM  1000     70530    1.00    1.00    0.00    0.00    2.00     6  listener
03:00:59 PM  1000     70541    1.00    0.00    0.00    0.00    1.00     2  listener
03:00:59 PM  1000     70544    1.00    0.00    0.00    0.00    1.00     5  listener
03:00:59 PM  1000     70581    0.00    1.00    0.00    0.00    1.00     2  listener
03:00:59 PM  1000     70592    0.00    0.00    0.00    0.00    0.00     8  listener
03:00:59 PM  1000     70602    1.00    0.00    0.00    0.00    1.00     8  listener
03:00:59 PM  1000     70623    1.00    0.00    0.00    0.00    1.00    19  listener
03:00:59 PM  1000     70679    1.00    0.00    0.00    0.00    1.00     4  listener
03:00:59 PM  1000     70690    1.00    0.00    0.00    0.00    1.00    14  listener
03:00:59 PM  1000     70701    1.00    0.00    0.00    0.00    1.00    15  listener
03:00:59 PM  1000     70719    0.00    1.00    0.00    0.00    1.00     7  listener
03:00:59 PM  1000     70758    0.00    0.00    0.00    0.00    0.00     5  listener
03:00:59 PM  1000     70797    1.00    0.00    0.00    0.00    1.00     4  listener
03:00:59 PM  1000     70800    1.00    1.00    0.00    0.00    2.00     4  listener
03:00:59 PM  1000     70846    1.00    0.00    0.00    0.00    1.00     1  listener
03:00:59 PM  1000     70848    0.00    1.00    0.00    0.00    1.00    14  listener
03:00:59 PM  1000     70850    1.00    0.00    0.00    0.00    1.00    13  listener
03:00:59 PM  1000     70896    0.00    0.00    0.00    0.00    0.00     1  listener
03:00:59 PM  1000     70899    1.00    0.00    0.00    0.00    1.00     9  listener
03:00:59 PM  1000     70919    1.00    0.00    0.00    0.00    1.00    10  listener
03:00:59 PM  1000     70939    1.00    0.00    0.00    0.00    1.00    13  listener
03:00:59 PM  1000     70941    0.00    1.00    0.00    0.00    1.00     3  listener
03:00:59 PM  1000     70943    1.00    0.00    0.00    1.00    1.00     9  listener
03:00:59 PM  1000     70994    0.00    0.00    0.00    0.00    0.00     8  listener
03:00:59 PM  1000     71010    1.00    0.00    0.00    0.00    1.00     8  listener
03:00:59 PM  1000     71012    1.00    0.00    0.00    0.00    1.00    13  listener
03:00:59 PM  1000     71014    1.00    0.00    0.00    0.00    1.00     6  listener
03:00:59 PM  1000     71016    1.00    0.00    0.00    0.00    1.00     1  listener
03:00:59 PM  1000     71037    0.00    0.00    0.00    0.00    0.00     2  listener
03:00:59 PM  1000     71056    1.00    0.00    0.00    0.00    1.00    16  listener
03:00:59 PM  1000     71077    1.00    1.00    0.00    0.00    2.00     8  listener
03:00:59 PM  1000     71096    1.00    0.00    0.00    0.00    1.00     7  listener
03:00:59 PM  1000     71118    1.00    1.00    0.00    0.00    2.00    16  listener
03:00:59 PM  1000     71138    1.00    0.00    0.00    0.00    1.00    13  listener
03:00:59 PM  1000     71140    1.00    0.00    0.00    0.00    1.00     0  listener
03:00:59 PM  1000     71160    1.00    1.00    0.00    0.00    2.00    14  listener
03:00:59 PM  1000     71162    0.00    0.00    0.00    0.00    0.00    14  listener
03:00:59 PM  1000     71173    1.00    0.00    0.00    0.00    1.00    10  listener

03:00:59 PM   UID       PID    %usr %system  %guest   %wait    %CPU   CPU  Command
03:01:00 PM  1000     69460    1.00    1.00    0.00    0.00    2.00    17  listener
03:01:00 PM  1000     69462    0.00    1.00    0.00    0.00    1.00     0  listener
03:01:00 PM  1000     69464    1.00    1.00    0.00    0.00    2.00    14  listener
03:01:00 PM  1000     69466    1.00    0.00    0.00    0.00    1.00    16  listener
03:01:00 PM  1000     69468    1.00    1.00    0.00    0.00    2.00     1  listener
03:01:00 PM  1000     69470    1.00    0.00    0.00    0.00    1.00     1  listener
03:01:00 PM  1000     69472    1.00    0.00    0.00    0.00    1.00    12  listener
03:01:00 PM  1000     69474    0.00    1.00    0.00    0.00    1.00     4  listener
03:01:00 PM  1000     69476    0.00    1.00    0.00    0.00    1.00     9  listener
03:01:00 PM  1000     69486    0.00    1.00    0.00    0.00    1.00     6  listener
03:01:00 PM  1000     69490    0.00    1.00    0.00    0.00    1.00     5  listener
03:01:00 PM  1000     69547    1.00    1.00    0.00    0.00    2.00     5  listener
03:01:00 PM  1000     69583    1.00    1.00    0.00    0.00    2.00    12  listener
03:01:00 PM  1000     69594    0.00    1.00    0.00    0.00    1.00     2  listener
03:01:00 PM  1000     69614    1.00    0.00    0.00    0.00    1.00    13  listener
03:01:00 PM  1000     69625    1.00    1.00    0.00    0.00    2.00    13  listener
03:01:00 PM  1000     69634    1.00    1.00    0.00    0.00    2.00    14  listener
03:01:00 PM  1000     69656    1.00    1.00    0.00    0.00    2.00     6  listener
03:01:00 PM  1000     69666    1.00    0.00    0.00    0.00    1.00    12  listener
03:01:00 PM  1000     69679    1.00    0.00    0.00    0.00    1.00    11  listener
03:01:00 PM  1000     69724    1.00    0.00    0.00    0.00    1.00     2  listener
03:01:00 PM  1000     69728    1.00    1.00    0.00    0.00    2.00     3  listener
03:01:00 PM  1000     69733    1.00    1.00    0.00    0.00    2.00    19  listener
03:01:00 PM  1000     69785    1.00    0.00    0.00    0.00    1.00    11  listener
03:01:00 PM  1000     69787    1.00    1.00    0.00    0.00    2.00     1  listener
03:01:00 PM  1000     69789    0.00    1.00    0.00    0.00    1.00     1  listener
03:01:00 PM  1000     69791    0.00    1.00    0.00    0.00    1.00    15  listener
03:01:00 PM  1000     69811    1.00    0.00    0.00    0.00    1.00    11  listener
03:01:00 PM  1000     69813    1.00    1.00    0.00    0.00    2.00    17  listener
03:01:00 PM  1000     69815    1.00    0.00    0.00    0.00    1.00     2  listener
03:01:00 PM  1000     69826    1.00    0.00    0.00    0.00    1.00    17  listener
03:01:00 PM  1000     69836    0.00    1.00    0.00    0.00    1.00     7  listener
03:01:00 PM  1000     69917    0.00    1.00    0.00    0.00    1.00     3  listener
03:01:00 PM  1000     70039    1.00    0.00    0.00    0.00    1.00    18  listener
03:01:00 PM  1000     70041    0.00    0.00    0.00    0.00    0.00    12  listener
03:01:00 PM  1000     70063    1.00    0.00    0.00    0.00    1.00     6  listener
03:01:00 PM  1000     70090    0.00    1.00    0.00    0.00    1.00    12  listener
03:01:00 PM  1000     70100    0.00    1.00    0.00    0.00    1.00     2  listener
03:01:00 PM  1000     70139    1.00    0.00    0.00    0.00    1.00     5  listener
03:01:00 PM  1000     70168    1.00    1.00    0.00    0.00    2.00    19  listener
03:01:00 PM  1000     70171    1.00    1.00    0.00    0.00    2.00    12  listener
03:01:00 PM  1000     70208    2.00    1.00    0.00    0.00    3.00     3  listener
03:01:00 PM  1000     70246    0.00    1.00    0.00    1.00    1.00    16  listener
03:01:00 PM  1000     70248    1.00    0.00    0.00    0.00    1.00     3  listener
03:01:00 PM  1000     70259    0.00    2.00    0.00    0.00    2.00     8  listener
03:01:00 PM  1000     70261    0.00    1.00    0.00    0.00    1.00     3  listener
03:01:00 PM  1000     70272    1.00    1.00    0.00    0.00    2.00     2  listener
03:01:00 PM  1000     70301    1.00    0.00    0.00    0.00    1.00     5  listener
03:01:00 PM  1000     70316    1.00    1.00    0.00    0.00    2.00     0  listener
03:01:00 PM  1000     70332    0.00    1.00    0.00    0.00    1.00     6  listener
03:01:00 PM  1000     70343    1.00    0.00    0.00    0.00    1.00    14  listener
03:01:00 PM  1000     70345    0.00    1.00    0.00    0.00    1.00    16  listener
03:01:00 PM  1000     70348    0.00    1.00    0.00    0.00    1.00     3  listener
03:01:00 PM  1000     70357    1.00    0.00    0.00    0.00    1.00     9  listener
03:01:00 PM  1000     70386    1.00    1.00    0.00    0.00    2.00    17  listener
03:01:00 PM  1000     70479    0.00    2.00    0.00    0.00    2.00    16  listener
03:01:00 PM  1000     70498    1.00    1.00    0.00    0.00    2.00    16  listener
03:01:00 PM  1000     70501    0.00    1.00    0.00    0.00    1.00    16  listener
03:01:00 PM  1000     70530    0.00    0.00    0.00    0.00    0.00    11  listener
03:01:00 PM  1000     70541    1.00    0.00    0.00    0.00    1.00     1  listener
03:01:00 PM  1000     70544    1.00    1.00    0.00    0.00    2.00     4  listener
03:01:00 PM  1000     70581    0.00    1.00    0.00    0.00    1.00    18  listener
03:01:00 PM  1000     70592    1.00    1.00    0.00    0.00    2.00     4  listener
03:01:00 PM  1000     70602    1.00    1.00    0.00    0.00    2.00    12  listener
03:01:00 PM  1000     70623    1.00    1.00    0.00    0.00    2.00    17  listener
03:01:00 PM  1000     70679    1.00    1.00    0.00    0.00    2.00    14  listener
03:01:00 PM  1000     70690    1.00    0.00    0.00    0.00    1.00     5  listener
03:01:00 PM  1000     70701    1.00    0.00    0.00    0.00    1.00    13  listener
03:01:00 PM  1000     70719    1.00    0.00    0.00    0.00    1.00     8  listener
03:01:00 PM  1000     70758    1.00    0.00    0.00    0.00    1.00    13  listener
03:01:00 PM  1000     70797    1.00    1.00    0.00    0.00    2.00     1  listener
03:01:00 PM  1000     70800    0.00    1.00    0.00    0.00    1.00    10  listener
03:01:00 PM  1000     70846    1.00    1.00    0.00    0.00    2.00    18  listener
03:01:00 PM  1000     70848    0.00    1.00    0.00    0.00    1.00     0  listener
03:01:00 PM  1000     70850    0.00    0.00    0.00    0.00    0.00     8  listener
03:01:00 PM  1000     70896    1.00    1.00    0.00    0.00    2.00     6  listener
03:01:00 PM  1000     70899    0.00    1.00    0.00    0.00    1.00    16  listener
03:01:00 PM  1000     70919    1.00    1.00    0.00    0.00    2.00     6  listener
03:01:00 PM  1000     70939    1.00    1.00    0.00    0.00    2.00    17  listener
03:01:00 PM  1000     70941    0.00    1.00    0.00    0.00    1.00    14  listener
03:01:00 PM  1000     70943    1.00    0.00    0.00    0.00    1.00     7  listener
03:01:00 PM  1000     70994    1.00    1.00    0.00    0.00    2.00     1  listener
03:01:00 PM  1000     71010    1.00    0.00    0.00    0.00    1.00     0  listener
03:01:00 PM  1000     71012    0.00    1.00    0.00    0.00    1.00     9  listener
03:01:00 PM  1000     71014    1.00    0.00    0.00    0.00    1.00     2  listener
03:01:00 PM  1000     71016    0.00    1.00    0.00    0.00    1.00     8  listener
03:01:00 PM  1000     71037    1.00    1.00    0.00    0.00    2.00     4  listener
03:01:00 PM  1000     71056    1.00    1.00    0.00    0.00    2.00     1  listener
03:01:00 PM  1000     71077    1.00    0.00    0.00    0.00    1.00    14  listener
03:01:00 PM  1000     71096    1.00    0.00    0.00    0.00    1.00     7  listener
03:01:00 PM  1000     71118    1.00    0.00    0.00    0.00    1.00     9  listener
03:01:00 PM  1000     71138    1.00    0.00    0.00    0.00    1.00     1  listener
03:01:00 PM  1000     71140    1.00    1.00    0.00    0.00    2.00     9  listener
03:01:00 PM  1000     71160    1.00    0.00    0.00    0.00    1.00    15  listener
03:01:00 PM  1000     71162    1.00    1.00    0.00    0.00    2.00    14  listener
03:01:00 PM  1000     71173    0.00    0.00    0.00    0.00    0.00    14  listener

Average:      UID       PID    %usr %system  %guest   %wait    %CPU   CPU  Command
Average:     1000     69460    0.75    0.47    0.00    0.02    1.22     -  listener
Average:     1000     69462    0.67    0.37    0.00    0.02    1.03     -  listener
Average:     1000     69464    0.57    0.38    0.00    0.00    0.95     -  listener
Average:     1000     69466    0.70    0.40    0.00    0.00    1.10     -  listener
Average:     1000     69468    0.65    0.53    0.00    0.02    1.18     -  listener
Average:     1000     69470    0.58    0.42    0.00    0.00    1.00     -  listener
Average:     1000     69472    0.75    0.48    0.00    0.02    1.23     -  listener
Average:     1000     69474    0.72    0.40    0.00    0.02    1.12     -  listener
Average:     1000     69476    0.65    0.30    0.00    0.02    0.95     -  listener
Average:     1000     69486    0.70    0.43    0.00    0.02    1.13     -  listener
Average:     1000     69490    0.62    0.48    0.00    0.00    1.10     -  listener
Average:     1000     69547    0.65    0.38    0.00    0.02    1.03     -  listener
Average:     1000     69583    0.78    0.45    0.00    0.02    1.23     -  listener
Average:     1000     69594    0.68    0.33    0.00    0.00    1.02     -  listener
Average:     1000     69614    0.65    0.35    0.00    0.02    1.00     -  listener
Average:     1000     69625    0.70    0.38    0.00    0.00    1.08     -  listener
Average:     1000     69634    0.65    0.58    0.00    0.00    1.23     -  listener
Average:     1000     69656    0.67    0.38    0.00    0.00    1.05     -  listener
Average:     1000     69666    0.75    0.48    0.00    0.02    1.23     -  listener
Average:     1000     69679    0.68    0.43    0.00    0.02    1.12     -  listener
Average:     1000     69724    0.67    0.37    0.00    0.02    1.03     -  listener
Average:     1000     69728    0.70    0.47    0.00    0.02    1.17     -  listener
Average:     1000     69733    0.67    0.45    0.00    0.02    1.12     -  listener
Average:     1000     69785    0.77    0.33    0.00    0.00    1.10     -  listener
Average:     1000     69787    0.77    0.43    0.00    0.02    1.20     -  listener
Average:     1000     69789    0.58    0.52    0.00    0.02    1.10     -  listener
Average:     1000     69791    0.57    0.47    0.00    0.00    1.03     -  listener
Average:     1000     69811    0.72    0.35    0.00    0.02    1.07     -  listener
Average:     1000     69813    0.65    0.43    0.00    0.00    1.08     -  listener
Average:     1000     69815    0.62    0.42    0.00    0.02    1.03     -  listener
Average:     1000     69826    0.80    0.40    0.00    0.00    1.20     -  listener
Average:     1000     69836    0.58    0.38    0.00    0.00    0.97     -  listener
Average:     1000     69917    0.70    0.33    0.00    0.02    1.03     -  listener
Average:     1000     70039    0.72    0.40    0.00    0.00    1.12     -  listener
Average:     1000     70041    0.65    0.50    0.00    0.00    1.15     -  listener
Average:     1000     70063    0.67    0.38    0.00    0.02    1.05     -  listener
Average:     1000     70090    0.72    0.52    0.00    0.00    1.23     -  listener
Average:     1000     70100    0.58    0.43    0.00    0.02    1.02     -  listener
Average:     1000     70139    0.58    0.38    0.00    0.02    0.97     -  listener
Average:     1000     70168    0.68    0.43    0.00    0.02    1.12     -  listener
Average:     1000     70171    0.75    0.47    0.00    0.02    1.22     -  listener
Average:     1000     70208    0.72    0.42    0.00    0.02    1.13     -  listener
Average:     1000     70246    0.73    0.33    0.00    0.02    1.07     -  listener
Average:     1000     70248    0.67    0.42    0.00    0.00    1.08     -  listener
Average:     1000     70259    0.58    0.43    0.00    0.02    1.02     -  listener
Average:     1000     70261    0.67    0.43    0.00    0.00    1.10     -  listener
Average:     1000     70272    0.68    0.52    0.00    0.00    1.20     -  listener
Average:     1000     70301    0.72    0.33    0.00    0.00    1.05     -  listener
Average:     1000     70316    0.70    0.42    0.00    0.02    1.12     -  listener
Average:     1000     70332    0.58    0.48    0.00    0.02    1.07     -  listener
Average:     1000     70343    0.70    0.33    0.00    0.02    1.03     -  listener
Average:     1000     70345    0.65    0.45    0.00    0.02    1.10     -  listener
Average:     1000     70348    0.65    0.47    0.00    0.02    1.12     -  listener
Average:     1000     70357    0.68    0.38    0.00    0.00    1.07     -  listener
Average:     1000     70386    0.82    0.38    0.00    0.00    1.20     -  listener
Average:     1000     70479    0.72    0.40    0.00    0.02    1.12     -  listener
Average:     1000     70498    0.67    0.33    0.00    0.00    1.00     -  listener
Average:     1000     70501    0.63    0.48    0.00    0.02    1.12     -  listener
Average:     1000     70530    0.68    0.47    0.00    0.00    1.15     -  listener
Average:     1000     70541    0.70    0.35    0.00    0.02    1.05     -  listener
Average:     1000     70544    0.85    0.40    0.00    0.02    1.25     -  listener
Average:     1000     70581    0.68    0.43    0.00    0.00    1.12     -  listener
Average:     1000     70592    0.68    0.30    0.00    0.00    0.98     -  listener
Average:     1000     70602    0.78    0.37    0.00    0.02    1.15     -  listener
Average:     1000     70623    0.67    0.50    0.00    0.02    1.17     -  listener
Average:     1000     70679    0.77    0.33    0.00    0.00    1.10     -  listener
Average:     1000     70690    0.78    0.45    0.00    0.02    1.23     -  listener
Average:     1000     70701    0.62    0.43    0.00    0.02    1.05     -  listener
Average:     1000     70719    0.65    0.37    0.00    0.02    1.02     -  listener
Average:     1000     70758    0.73    0.40    0.00    0.02    1.13     -  listener
Average:     1000     70797    0.70    0.50    0.00    0.00    1.20     -  listener
Average:     1000     70800    0.68    0.42    0.00    0.02    1.10     -  listener
Average:     1000     70846    0.70    0.45    0.00    0.02    1.15     -  listener
Average:     1000     70848    0.68    0.45    0.00    0.02    1.13     -  listener
Average:     1000     70850    0.67    0.32    0.00    0.00    0.98     -  listener
Average:     1000     70896    0.78    0.40    0.00    0.02    1.18     -  listener
Average:     1000     70899    0.63    0.55    0.00    0.00    1.18     -  listener
Average:     1000     70919    0.72    0.43    0.00    0.02    1.15     -  listener
Average:     1000     70939    0.78    0.48    0.00    0.00    1.27     -  listener
Average:     1000     70941    0.62    0.45    0.00    0.02    1.07     -  listener
Average:     1000     70943    0.72    0.28    0.00    0.02    1.00     -  listener
Average:     1000     70994    0.70    0.38    0.00    0.02    1.08     -  listener
Average:     1000     71010    0.68    0.43    0.00    0.02    1.12     -  listener
Average:     1000     71012    0.58    0.47    0.00    0.00    1.05     -  listener
Average:     1000     71014    0.72    0.47    0.00    0.00    1.18     -  listener
Average:     1000     71016    0.68    0.38    0.00    0.00    1.07     -  listener
Average:     1000     71037    0.63    0.43    0.00    0.02    1.07     -  listener
Average:     1000     71056    0.75    0.45    0.00    0.02    1.20     -  listener
Average:     1000     71077    0.68    0.53    0.00    0.00    1.22     -  listener
Average:     1000     71096    0.80    0.32    0.00    0.02    1.12     -  listener
Average:     1000     71118    0.73    0.50    0.00    0.00    1.23     -  listener
Average:     1000     71138    0.67    0.33    0.00    0.00    1.00     -  listener
Average:     1000     71140    0.58    0.47    0.00    0.00    1.05     -  listener
Average:     1000     71160    0.72    0.45    0.00    0.00    1.17     -  listener
Average:     1000     71162    0.63    0.60    0.00    0.00    1.23     -  listener
Average:     1000     71173    0.62    0.42    0.00    0.00    1.03     -  listener
