Linux 6.5.0-44-generic (npc2408016) 	07/01/2025 	_x86_64_	(22 CPU)

11:55:54 AM   UID       PID    %usr %system  %guest   %wait    %CPU   CPU  Command
11:55:55 AM  1000     26825    1.00    0.00    0.00    0.00    1.00     3  listener
11:55:55 AM  1000     26827    0.00    0.00    0.00    0.00    0.00     6  listener
11:55:55 AM  1000     26829    1.00    1.00    0.00    0.00    2.00     7  listener
11:55:55 AM  1000     26831    0.00    0.00    0.00    0.00    0.00     1  listener
11:55:55 AM  1000     26833    0.00    1.00    0.00    0.00    1.00     5  listener
11:55:55 AM  1000     26835    0.00    1.00    0.00    0.00    1.00     5  listener
11:55:55 AM  1000     26837    0.00    0.00    0.00    0.00    0.00     3  listener
11:55:55 AM  1000     26839    0.00    1.00    0.00    0.00    1.00     4  listener
11:55:55 AM  1000     26842    0.00    0.00    0.00    0.00    0.00     1  listener
11:55:55 AM  1000     26845    0.00    0.00    0.00    0.00    0.00     8  listener
11:55:55 AM  1000     26853    0.00    0.00    0.00    0.00    0.00     0  listener
11:55:55 AM  1000     26857    0.00    1.00    0.00    0.00    1.00     3  listener
11:55:55 AM  1000     26868    0.00    1.00    0.00    0.00    1.00     6  listener
11:55:55 AM  1000     26870    0.00    0.00    0.00    0.00    0.00    11  listener
11:55:55 AM  1000     26891    1.00    0.00    0.00    0.00    1.00     5  listener
11:55:55 AM  1000     26916    0.00    1.00    0.00    0.00    1.00    17  listener
11:55:55 AM  1000     26999    0.00    0.00    0.00    0.00    0.00     5  listener
11:55:55 AM  1000     27003    0.00    2.00    0.00    0.00    2.00    16  listener
11:55:55 AM  1000     27005    1.00    0.00    0.00    0.00    1.00    14  listener
11:55:55 AM  1000     27023    0.00    1.00    0.00    0.00    1.00    17  listener
11:55:55 AM  1000     27043    1.00    1.00    0.00    0.00    2.00     6  listener
11:55:55 AM  1000     27067    0.00    0.00    0.00    0.00    0.00    16  listener
11:55:55 AM  1000     27076    1.00    1.00    0.00    0.00    2.00     0  listener
11:55:55 AM  1000     27079    0.00    1.00    0.00    0.00    1.00     5  listener
11:55:55 AM  1000     27082    0.00    1.00    0.00    0.00    1.00     3  listener
11:55:55 AM  1000     27099    0.00    1.00    0.00    0.00    1.00     3  listener
11:55:55 AM  1000     27103    1.00    0.00    0.00    0.00    1.00     8  listener
11:55:55 AM  1000     27129    0.00    0.00    0.00    0.00    0.00     2  listener
11:55:55 AM  1000     27185    0.00    0.00    0.00    0.00    0.00     1  listener
11:55:55 AM  1000     27190    0.00    1.00    0.00    0.00    1.00     3  listener
11:55:55 AM  1000     27210    1.00    0.00    0.00    0.00    1.00     5  listener
11:55:55 AM  1000     27212    0.00    0.00    0.00    0.00    0.00     6  listener

11:55:55 AM   UID       PID    %usr %system  %guest   %wait    %CPU   CPU  Command
11:55:56 AM  1000     26825    0.00    0.00    0.00    0.00    0.00     3  listener
11:55:56 AM  1000     26827    0.00    1.00    0.00    0.00    1.00    13  listener
11:55:56 AM  1000     26829    1.00    0.00    0.00    0.00    1.00     0  listener
11:55:56 AM  1000     26831    0.00    1.00    0.00    0.00    1.00     5  listener
11:55:56 AM  1000     26833    1.00    0.00    0.00    0.00    1.00     9  listener
11:55:56 AM  1000     26835    0.00    1.00    0.00    0.00    1.00     8  listener
11:55:56 AM  1000     26837    1.00    0.00    0.00    0.00    1.00     5  listener
11:55:56 AM  1000     26839    0.00    1.00    0.00    0.00    1.00     4  listener
11:55:56 AM  1000     26842    1.00    1.00    0.00    0.00    2.00     1  listener
11:55:56 AM  1000     26845    0.00    1.00    0.00    0.00    1.00    10  listener
11:55:56 AM  1000     26853    0.00    1.00    0.00    0.00    1.00     6  listener
11:55:56 AM  1000     26857    0.00    0.00    0.00    0.00    0.00     1  listener
11:55:56 AM  1000     26868    1.00    0.00    0.00    0.00    1.00     1  listener
11:55:56 AM  1000     26870    0.00    2.00    0.00    0.00    2.00    14  listener
11:55:56 AM  1000     26891    1.00    1.00    0.00    0.00    2.00     5  listener
11:55:56 AM  1000     26916    0.00    1.00    0.00    0.00    1.00    14  listener
11:55:56 AM  1000     26999    1.00    0.00    0.00    0.00    1.00     6  listener
11:55:56 AM  1000     27003    0.00    1.00    0.00    0.00    1.00     0  listener
11:55:56 AM  1000     27005    0.00    1.00    0.00    0.00    1.00     9  listener
11:55:56 AM  1000     27023    0.00    1.00    0.00    0.00    1.00    13  listener
11:55:56 AM  1000     27043    1.00    0.00    0.00    0.00    1.00     6  listener
11:55:56 AM  1000     27067    0.00    1.00    0.00    0.00    1.00    15  listener
11:55:56 AM  1000     27076    1.00    0.00    0.00    0.00    1.00    14  listener
11:55:56 AM  1000     27079    0.00    1.00    0.00    0.00    1.00     0  listener
11:55:56 AM  1000     27082    1.00    1.00    0.00    0.00    2.00     3  listener
11:55:56 AM  1000     27099    0.00    2.00    0.00    0.00    2.00     5  listener
11:55:56 AM  1000     27103    1.00    0.00    0.00    0.00    1.00     8  listener
11:55:56 AM  1000     27129    0.00    1.00    0.00    0.00    1.00     2  listener
11:55:56 AM  1000     27185    1.00    0.00    0.00    0.00    1.00    12  listener
11:55:56 AM  1000     27190    0.00    1.00    0.00    0.00    1.00     3  listener
11:55:56 AM  1000     27210    1.00    1.00    0.00    0.00    2.00     5  listener
11:55:56 AM  1000     27212    0.00    1.00    0.00    0.00    1.00    10  listener

11:55:56 AM   UID       PID    %usr %system  %guest   %wait    %CPU   CPU  Command
11:55:57 AM  1000     26825    1.00    0.00    0.00    0.00    1.00     2  listener
11:55:57 AM  1000     26827    0.00    2.00    0.00    0.00    2.00    21  listener
11:55:57 AM  1000     26829    1.00    0.00    0.00    0.00    1.00     7  listener
11:55:57 AM  1000     26831    0.00    1.00    0.00    0.00    1.00     3  listener
11:55:57 AM  1000     26833    0.00    1.00    0.00    0.00    1.00     9  listener
11:55:57 AM  1000     26835    0.00    1.00    0.00    0.00    1.00    12  listener
11:55:57 AM  1000     26837    1.00    1.00    0.00    0.00    2.00     5  listener
11:55:57 AM  1000     26839    0.00    2.00    0.00    0.00    2.00     4  listener
11:55:57 AM  1000     26842    0.00    0.00    0.00    0.00    0.00     1  listener
11:55:57 AM  1000     26845    0.00    1.00    0.00    0.00    1.00    12  listener
11:55:57 AM  1000     26853    1.00    0.00    0.00    0.00    1.00     6  listener
11:55:57 AM  1000     26857    0.00    1.00    0.00    0.00    1.00     6  listener
11:55:57 AM  1000     26868    1.00    0.00    0.00    0.00    1.00    10  listener
11:55:57 AM  1000     26870    0.00    1.00    0.00    0.00    1.00    11  listener
11:55:57 AM  1000     26891    1.00    0.00    0.00    0.00    1.00     8  listener
11:55:57 AM  1000     26916    0.00    1.00    0.00    0.00    1.00    14  listener
11:55:57 AM  1000     26999    1.00    1.00    0.00    0.00    2.00     6  listener
11:55:57 AM  1000     27003    0.00    2.00    0.00    0.00    2.00     3  listener
11:55:57 AM  1000     27005    1.00    0.00    0.00    0.00    1.00     9  listener
11:55:57 AM  1000     27023    0.00    1.00    0.00    0.00    1.00     8  listener
11:55:57 AM  1000     27043    0.00    1.00    0.00    0.00    1.00     3  listener
11:55:57 AM  1000     27067    0.00    1.00    0.00    0.00    1.00     3  listener
11:55:57 AM  1000     27076    0.00    1.00    0.00    0.00    1.00     3  listener
11:55:57 AM  1000     27079    0.00    1.00    0.00    0.00    1.00     6  listener
11:55:57 AM  1000     27082    0.00    0.00    0.00    0.00    0.00     3  listener
11:55:57 AM  1000     27099    0.00    0.00    0.00    0.00    0.00     6  listener
11:55:57 AM  1000     27103    1.00    0.00    0.00    0.00    1.00     8  listener
11:55:57 AM  1000     27129    0.00    1.00    0.00    0.00    1.00     2  listener
11:55:57 AM  1000     27185    1.00    1.00    0.00    0.00    2.00     0  listener
11:55:57 AM  1000     27190    0.00    1.00    0.00    0.00    1.00     1  listener
11:55:57 AM  1000     27210    0.00    0.00    0.00    0.00    0.00    14  listener
11:55:57 AM  1000     27212    0.00    1.00    0.00    0.00    1.00    10  listener

11:55:57 AM   UID       PID    %usr %system  %guest   %wait    %CPU   CPU  Command
11:55:58 AM  1000     26825    1.00    1.00    0.00    0.00    2.00     8  listener
11:55:58 AM  1000     26827    0.00    1.00    0.00    0.00    1.00    14  listener
11:55:58 AM  1000     26829    1.00    0.00    0.00    0.00    1.00     7  listener
11:55:58 AM  1000     26831    0.00    1.00    0.00    0.00    1.00    10  listener
11:55:58 AM  1000     26833    1.00    0.00    0.00    0.00    1.00     9  listener
11:55:58 AM  1000     26835    0.00    1.00    0.00    0.00    1.00     5  listener
11:55:58 AM  1000     26837    1.00    1.00    0.00    0.00    2.00     3  listener
11:55:58 AM  1000     26839    0.00    1.00    0.00    0.00    1.00     6  listener
11:55:58 AM  1000     26842    1.00    0.00    0.00    0.00    1.00     5  listener
11:55:58 AM  1000     26845    0.00    1.00    0.00    0.00    1.00    13  listener
11:55:58 AM  1000     26853    1.00    0.00    0.00    0.00    1.00     6  listener
11:55:58 AM  1000     26857    0.00    1.00    0.00    0.00    1.00     3  listener
11:55:58 AM  1000     26868    1.00    0.00    0.00    0.00    1.00    13  listener
11:55:58 AM  1000     26870    0.00    1.00    0.00    0.00    1.00     2  listener
11:55:58 AM  1000     26891    0.00    1.00    0.00    0.00    1.00     8  listener
11:55:58 AM  1000     26916    0.00    1.00    0.00    0.00    1.00    17  listener
11:55:58 AM  1000     26999    1.00    0.00    0.00    0.00    1.00     0  listener
11:55:58 AM  1000     27003    0.00    1.00    0.00    0.00    1.00     1  listener
11:55:58 AM  1000     27005    1.00    0.00    0.00    0.00    1.00    14  listener
11:55:58 AM  1000     27023    0.00    1.00    0.00    0.00    1.00    10  listener
11:55:58 AM  1000     27043    1.00    0.00    0.00    0.00    1.00    13  listener
11:55:58 AM  1000     27067    0.00    1.00    0.00    0.00    1.00     3  listener
11:55:58 AM  1000     27076    1.00    0.00    0.00    0.00    1.00     3  listener
11:55:58 AM  1000     27079    0.00    1.00    0.00    0.00    1.00     6  listener
11:55:58 AM  1000     27082    1.00    0.00    0.00    0.00    1.00     0  listener
11:55:58 AM  1000     27099    0.00    1.00    0.00    0.00    1.00     1  listener
11:55:58 AM  1000     27103    1.00    0.00    0.00    0.00    1.00     6  listener
11:55:58 AM  1000     27129    0.00    1.00    0.00    0.00    1.00     2  listener
11:55:58 AM  1000     27185    0.00    0.00    0.00    0.00    0.00     1  listener
11:55:58 AM  1000     27190    0.00    1.00    0.00    0.00    1.00    18  listener
11:55:58 AM  1000     27210    1.00    0.00    0.00    0.00    1.00    14  listener
11:55:58 AM  1000     27212    0.00    1.00    0.00    0.00    1.00     1  listener

11:55:58 AM   UID       PID    %usr %system  %guest   %wait    %CPU   CPU  Command
11:55:59 AM  1000     26825    0.00    0.00    0.00    0.00    0.00     2  listener
11:55:59 AM  1000     26827    0.00    1.00    0.00    0.00    1.00     6  listener
11:55:59 AM  1000     26829    1.00    1.00    0.00    0.00    2.00     7  listener
11:55:59 AM  1000     26831    0.00    1.00    0.00    0.00    1.00     5  listener
11:55:59 AM  1000     26833    1.00    1.00    0.00    0.00    2.00     9  listener
11:55:59 AM  1000     26835    0.00    0.00    0.00    0.00    0.00     5  listener
11:55:59 AM  1000     26837    0.00    0.00    0.00    0.00    0.00     3  listener
11:55:59 AM  1000     26839    0.00    1.00    0.00    0.00    1.00     6  listener
11:55:59 AM  1000     26842    1.00    1.00    0.00    0.00    2.00     5  listener
11:55:59 AM  1000     26845    0.00    1.00    0.00    0.00    1.00    13  listener
11:55:59 AM  1000     26853    0.00    1.00    0.00    0.00    1.00     6  listener
11:55:59 AM  1000     26857    0.00    1.00    0.00    0.00    1.00     3  listener
11:55:59 AM  1000     26868    1.00    1.00    0.00    0.00    2.00     1  listener
11:55:59 AM  1000     26870    0.00    0.00    0.00    0.00    0.00     2  listener
11:55:59 AM  1000     26891    1.00    0.00    0.00    0.00    1.00     8  listener
11:55:59 AM  1000     26916    0.00    1.00    0.00    0.00    1.00     4  listener
11:55:59 AM  1000     26999    0.00    0.00    0.00    0.00    0.00     0  listener
11:55:59 AM  1000     27003    0.00    1.00    0.00    0.00    1.00     8  listener
11:55:59 AM  1000     27005    0.00    0.00    0.00    0.00    0.00     1  listener
11:55:59 AM  1000     27023    0.00    1.00    0.00    0.00    1.00     8  listener
11:55:59 AM  1000     27043    1.00    0.00    0.00    0.00    1.00    13  listener
11:55:59 AM  1000     27067    0.00    1.00    0.00    0.00    1.00     3  listener
11:55:59 AM  1000     27076    1.00    1.00    0.00    0.00    2.00     3  listener
11:55:59 AM  1000     27079    0.00    0.00    0.00    0.00    0.00     6  listener
11:55:59 AM  1000     27082    0.00    1.00    0.00    0.00    1.00     1  listener
11:55:59 AM  1000     27099    0.00    1.00    0.00    0.00    1.00     3  listener
11:55:59 AM  1000     27103    0.00    0.00    0.00    0.00    0.00     6  listener
11:55:59 AM  1000     27129    0.00    1.00    0.00    0.00    1.00    10  listener
11:55:59 AM  1000     27185    1.00    0.00    0.00    0.00    1.00     3  listener
11:55:59 AM  1000     27190    0.00    0.00    0.00    0.00    0.00     3  listener
11:55:59 AM  1000     27210    1.00    0.00    0.00    0.00    1.00     3  listener
11:55:59 AM  1000     27212    0.00    0.00    0.00    0.00    0.00     3  listener

11:55:59 AM   UID       PID    %usr %system  %guest   %wait    %CPU   CPU  Command
11:56:00 AM  1000     26825    1.00    1.00    0.00    0.00    2.00     2  listener
11:56:00 AM  1000     26827    0.00    1.00    0.00    0.00    1.00    11  listener
11:56:00 AM  1000     26829    0.00    1.00    0.00    0.00    1.00    13  listener
11:56:00 AM  1000     26831    1.00    1.00    0.00    0.00    2.00     1  listener
11:56:00 AM  1000     26833    0.00    1.00    0.00    0.00    1.00    10  listener
11:56:00 AM  1000     26835    0.00    2.00    0.00    0.00    2.00     3  listener
11:56:00 AM  1000     26837    1.00    1.00    0.00    0.00    2.00    14  listener
11:56:00 AM  1000     26839    0.00    2.00    0.00    0.00    2.00     4  listener
11:56:00 AM  1000     26842    1.00    0.00    0.00    0.00    1.00     1  listener
11:56:00 AM  1000     26845    0.00    1.00    0.00    1.00    1.00     2  listener
11:56:00 AM  1000     26853    0.00    1.00    0.00    0.00    1.00     1  listener
11:56:00 AM  1000     26857    0.00    1.00    0.00    0.00    1.00     3  listener
11:56:00 AM  1000     26868    1.00    0.00    0.00    0.00    1.00    14  listener
11:56:00 AM  1000     26870    0.00    2.00    0.00    0.00    2.00     2  listener
11:56:00 AM  1000     26891    2.00    0.00    0.00    0.00    2.00    14  listener
11:56:00 AM  1000     26916    0.00    2.00    0.00    0.00    2.00     6  listener
11:56:00 AM  1000     26999    1.00    1.00    0.00    0.00    2.00     0  listener
11:56:00 AM  1000     27003    0.00    1.00    0.00    0.00    1.00    15  listener
11:56:00 AM  1000     27005    1.00    1.00    0.00    1.00    2.00    10  listener
11:56:00 AM  1000     27023    0.00    1.00    0.00    0.00    1.00     1  listener
11:56:00 AM  1000     27043    1.00    1.00    0.00    0.00    2.00    13  listener
11:56:00 AM  1000     27067    0.00    1.00    0.00    0.00    1.00     6  listener
11:56:00 AM  1000     27076    0.00    1.00    0.00    0.00    1.00     0  listener
11:56:00 AM  1000     27079    0.00    2.00    0.00    0.00    2.00     0  listener
11:56:00 AM  1000     27082    1.00    1.00    0.00    0.00    2.00     3  listener
11:56:00 AM  1000     27099    0.00    1.00    0.00    0.00    1.00     6  listener
11:56:00 AM  1000     27103    2.00    0.00    0.00    0.00    2.00     3  listener
11:56:00 AM  1000     27129    0.00    1.00    0.00    0.00    1.00     5  listener
11:56:00 AM  1000     27185    1.00    1.00    0.00    0.00    2.00     3  listener
11:56:00 AM  1000     27190    0.00    2.00    0.00    0.00    2.00     2  listener
11:56:00 AM  1000     27210    2.00    0.00    0.00    0.00    2.00     3  listener
11:56:00 AM  1000     27212    0.00    2.00    0.00    0.00    2.00    15  listener

11:56:00 AM   UID       PID    %usr %system  %guest   %wait    %CPU   CPU  Command
11:56:01 AM  1000     26825    1.00    1.00    0.00    0.00    2.00     2  listener
11:56:01 AM  1000     26827    0.00    1.00    0.00    0.00    1.00    11  listener
11:56:01 AM  1000     26829    1.00    0.00    0.00    0.00    1.00    13  listener
11:56:01 AM  1000     26831    0.00    0.00    0.00    0.00    0.00     1  listener
11:56:01 AM  1000     26833    0.00    1.00    0.00    0.00    1.00    13  listener
11:56:01 AM  1000     26835    0.00    1.00    0.00    0.00    1.00    16  listener
11:56:01 AM  1000     26837    1.00    0.00    0.00    0.00    1.00     4  listener
11:56:01 AM  1000     26839    0.00    1.00    0.00    0.00    1.00     4  listener
11:56:01 AM  1000     26842    0.00    0.00    0.00    0.00    0.00     2  listener
11:56:01 AM  1000     26845    0.00    1.00    0.00    0.00    1.00    13  listener
11:56:01 AM  1000     26853    0.00    1.00    0.00    0.00    1.00     0  listener
11:56:01 AM  1000     26857    0.00    1.00    0.00    0.00    1.00    10  listener
11:56:01 AM  1000     26868    1.00    0.00    0.00    0.00    1.00    15  listener
11:56:01 AM  1000     26870    0.00    0.00    0.00    0.00    0.00     2  listener
11:56:01 AM  1000     26891    1.00    0.00    0.00    0.00    1.00    14  listener
11:56:01 AM  1000     26916    0.00    1.00    0.00    0.00    1.00    10  listener
11:56:01 AM  1000     26999    0.00    0.00    0.00    0.00    0.00     0  listener
11:56:01 AM  1000     27003    0.00    1.00    0.00    0.00    1.00    10  listener
11:56:01 AM  1000     27005    0.00    1.00    0.00    0.00    1.00    10  listener
11:56:01 AM  1000     27023    0.00    1.00    0.00    0.00    1.00    10  listener
11:56:01 AM  1000     27043    1.00    0.00    0.00    0.00    1.00    14  listener
11:56:01 AM  1000     27067    0.00    1.00    0.00    0.00    1.00     6  listener
11:56:01 AM  1000     27076    0.00    1.00    0.00    0.00    1.00     0  listener
11:56:01 AM  1000     27079    0.00    0.00    0.00    0.00    0.00     0  listener
11:56:01 AM  1000     27082    1.00    1.00    0.00    0.00    2.00     5  listener
11:56:01 AM  1000     27099    0.00    1.00    0.00    0.00    1.00     8  listener
11:56:01 AM  1000     27103    1.00    0.00    0.00    0.00    1.00    10  listener
11:56:01 AM  1000     27129    0.00    1.00    0.00    0.00    1.00     3  listener
11:56:01 AM  1000     27185    0.00    1.00    0.00    0.00    1.00     9  listener
11:56:01 AM  1000     27190    0.00    0.00    0.00    0.00    0.00     2  listener
11:56:01 AM  1000     27210    0.00    0.00    0.00    0.00    0.00     3  listener
11:56:01 AM  1000     27212    0.00    0.00    0.00    0.00    0.00     0  listener

11:56:01 AM   UID       PID    %usr %system  %guest   %wait    %CPU   CPU  Command
11:56:02 AM  1000     26825    0.00    0.00    0.00    0.00    0.00     2  listener
11:56:02 AM  1000     26827    0.00    1.00    0.00    0.00    1.00    11  listener
11:56:02 AM  1000     26829    1.00    0.00    0.00    0.00    1.00    13  listener
11:56:02 AM  1000     26831    0.00    1.00    0.00    0.00    1.00    17  listener
11:56:02 AM  1000     26833    0.00    1.00    0.00    0.00    1.00    14  listener
11:56:02 AM  1000     26835    0.00    0.00    0.00    0.00    0.00    16  listener
11:56:02 AM  1000     26837    0.00    1.00    0.00    0.00    1.00    14  listener
11:56:02 AM  1000     26839    0.00    1.00    0.00    0.00    1.00     8  listener
11:56:02 AM  1000     26842    1.00    0.00    0.00    0.00    1.00     3  listener
11:56:02 AM  1000     26845    0.00    1.00    0.00    0.00    1.00     2  listener
11:56:02 AM  1000     26853    1.00    1.00    0.00    0.00    2.00    19  listener
11:56:02 AM  1000     26857    0.00    1.00    0.00    0.00    1.00     3  listener
11:56:02 AM  1000     26868    1.00    1.00    0.00    0.00    2.00    13  listener
11:56:02 AM  1000     26870    0.00    1.00    0.00    0.00    1.00     2  listener
11:56:02 AM  1000     26891    1.00    0.00    0.00    0.00    1.00     1  listener
11:56:02 AM  1000     26916    0.00    1.00    0.00    0.00    1.00     3  listener
11:56:02 AM  1000     26999    1.00    0.00    0.00    0.00    1.00     0  listener
11:56:02 AM  1000     27003    0.00    1.00    0.00    0.00    1.00    12  listener
11:56:02 AM  1000     27005    0.00    1.00    0.00    0.00    1.00    11  listener
11:56:02 AM  1000     27023    0.00    1.00    0.00    0.00    1.00     1  listener
11:56:02 AM  1000     27043    0.00    1.00    0.00    0.00    1.00    15  listener
11:56:02 AM  1000     27067    0.00    1.00    0.00    0.00    1.00     6  listener
11:56:02 AM  1000     27076    0.00    0.00    0.00    0.00    0.00     1  listener
11:56:02 AM  1000     27079    0.00    1.00    0.00    0.00    1.00     0  listener
11:56:02 AM  1000     27082    0.00    0.00    0.00    0.00    0.00     5  listener
11:56:02 AM  1000     27099    0.00    1.00    0.00    0.00    1.00     6  listener
11:56:02 AM  1000     27103    1.00    0.00    0.00    0.00    1.00     3  listener
11:56:02 AM  1000     27129    0.00    1.00    0.00    0.00    1.00     3  listener
11:56:02 AM  1000     27185    1.00    0.00    0.00    0.00    1.00     9  listener
11:56:02 AM  1000     27190    0.00    1.00    0.00    0.00    1.00     2  listener
11:56:02 AM  1000     27210    1.00    1.00    0.00    0.00    2.00    11  listener
11:56:02 AM  1000     27212    0.00    1.00    0.00    0.00    1.00    15  listener

11:56:02 AM   UID       PID    %usr %system  %guest   %wait    %CPU   CPU  Command
11:56:03 AM  1000     26825    1.00    0.00    0.00    0.00    1.00     2  listener
11:56:03 AM  1000     26827    0.00    1.00    0.00    0.00    1.00     6  listener
11:56:03 AM  1000     26829    1.00    0.00    0.00    0.00    1.00     7  listener
11:56:03 AM  1000     26831    1.00    0.00    0.00    0.00    1.00    12  listener
11:56:03 AM  1000     26833    1.00    1.00    0.00    0.00    2.00    14  listener
11:56:03 AM  1000     26835    0.00    1.00    0.00    0.00    1.00     9  listener
11:56:03 AM  1000     26837    2.00    0.00    0.00    0.00    2.00    16  listener
11:56:03 AM  1000     26839    0.00    1.00    0.00    0.00    1.00    13  listener
11:56:03 AM  1000     26842    0.00    1.00    0.00    0.00    1.00     5  listener
11:56:03 AM  1000     26845    0.00    0.00    0.00    0.00    0.00    13  listener
11:56:03 AM  1000     26853    0.00    0.00    0.00    0.00    0.00    10  listener
11:56:03 AM  1000     26857    0.00    1.00    0.00    0.00    1.00    12  listener
11:56:03 AM  1000     26868    1.00    0.00    0.00    0.00    1.00    13  listener
11:56:03 AM  1000     26870    0.00    1.00    0.00    0.00    1.00     5  listener
11:56:03 AM  1000     26891    0.00    1.00    0.00    0.00    1.00    14  listener
11:56:03 AM  1000     26916    0.00    0.00    0.00    0.00    0.00     3  listener
11:56:03 AM  1000     26999    0.00    1.00    0.00    0.00    1.00     0  listener
11:56:03 AM  1000     27003    0.00    1.00    0.00    0.00    1.00    10  listener
11:56:03 AM  1000     27005    1.00    0.00    0.00    0.00    1.00    11  listener
11:56:03 AM  1000     27023    0.00    1.00    0.00    0.00    1.00    10  listener
11:56:03 AM  1000     27043    1.00    0.00    0.00    0.00    1.00    14  listener
11:56:03 AM  1000     27067    0.00    1.00    0.00    0.00    1.00     6  listener
11:56:03 AM  1000     27076    1.00    0.00    0.00    0.00    1.00     1  listener
11:56:03 AM  1000     27079    0.00    1.00    0.00    0.00    1.00    11  listener
11:56:03 AM  1000     27082    1.00    0.00    0.00    0.00    1.00     5  listener
11:56:03 AM  1000     27099    0.00    0.00    0.00    0.00    0.00     6  listener
11:56:03 AM  1000     27103    0.00    0.00    0.00    0.00    0.00    10  listener
11:56:03 AM  1000     27129    0.00    1.00    0.00    0.00    1.00     3  listener
11:56:03 AM  1000     27185    1.00    0.00    0.00    0.00    1.00     9  listener
11:56:03 AM  1000     27190    0.00    1.00    0.00    0.00    1.00    12  listener
11:56:03 AM  1000     27210    1.00    0.00    0.00    0.00    1.00    10  listener
11:56:03 AM  1000     27212    0.00    1.00    0.00    0.00    1.00     5  listener

11:56:03 AM   UID       PID    %usr %system  %guest   %wait    %CPU   CPU  Command
11:56:04 AM  1000     26825    1.00    1.00    0.00    0.00    2.00     2  listener
11:56:04 AM  1000     26827    0.00    1.00    0.00    0.00    1.00     3  listener
11:56:04 AM  1000     26829    1.00    0.00    0.00    0.00    1.00     3  listener
11:56:04 AM  1000     26831    0.00    0.00    0.00    0.00    0.00    19  listener
11:56:04 AM  1000     26833    1.00    0.00    0.00    0.00    1.00    10  listener
11:56:04 AM  1000     26835    0.00    1.00    0.00    0.00    1.00     9  listener
11:56:04 AM  1000     26837    0.00    1.00    0.00    0.00    1.00    17  listener
11:56:04 AM  1000     26839    0.00    1.00    0.00    0.00    1.00    14  listener
11:56:04 AM  1000     26842    0.00    1.00    0.00    0.00    1.00     5  listener
11:56:04 AM  1000     26845    0.00    1.00    0.00    0.00    1.00     2  listener
11:56:04 AM  1000     26853    1.00    1.00    0.00    0.00    2.00    10  listener
11:56:04 AM  1000     26857    0.00    0.00    0.00    0.00    0.00    10  listener
11:56:04 AM  1000     26868    1.00    0.00    0.00    0.00    1.00    13  listener
11:56:04 AM  1000     26870    0.00    0.00    0.00    0.00    0.00     5  listener
11:56:04 AM  1000     26891    1.00    0.00    0.00    0.00    1.00     8  listener
11:56:04 AM  1000     26916    0.00    1.00    0.00    0.00    1.00     5  listener
11:56:04 AM  1000     26999    1.00    0.00    0.00    0.00    1.00     0  listener
11:56:04 AM  1000     27003    0.00    0.00    0.00    0.00    0.00    10  listener
11:56:04 AM  1000     27005    1.00    0.00    0.00    0.00    1.00    12  listener
11:56:04 AM  1000     27023    0.00    0.00    0.00    0.00    0.00    10  listener
11:56:04 AM  1000     27043    1.00    0.00    0.00    0.00    1.00    14  listener
11:56:04 AM  1000     27067    0.00    0.00    0.00    0.00    0.00    13  listener
11:56:04 AM  1000     27076    1.00    0.00    0.00    0.00    1.00     3  listener
11:56:04 AM  1000     27079    0.00    1.00    0.00    0.00    1.00    12  listener
11:56:04 AM  1000     27082    0.00    1.00    0.00    0.00    1.00     5  listener
11:56:04 AM  1000     27099    1.00    0.00    0.00    0.00    1.00     6  listener
11:56:04 AM  1000     27103    1.00    1.00    0.00    0.00    2.00    10  listener
11:56:04 AM  1000     27129    0.00    0.00    0.00    0.00    0.00    10  listener
11:56:04 AM  1000     27185    0.00    1.00    0.00    0.00    1.00    14  listener
11:56:04 AM  1000     27190    1.00    0.00    0.00    0.00    1.00     2  listener
11:56:04 AM  1000     27210    2.00    0.00    0.00    0.00    2.00    13  listener
11:56:04 AM  1000     27212    0.00    1.00    0.00    0.00    1.00     5  listener

11:56:04 AM   UID       PID    %usr %system  %guest   %wait    %CPU   CPU  Command
11:56:05 AM  1000     26825    1.00    0.00    0.00    0.00    1.00     2  listener
11:56:05 AM  1000     26827    0.00    0.00    0.00    0.00    0.00     3  listener
11:56:05 AM  1000     26829    0.00    1.00    0.00    0.00    1.00     7  listener
11:56:05 AM  1000     26831    1.00    1.00    0.00    0.00    2.00     0  listener
11:56:05 AM  1000     26833    0.00    0.00    0.00    0.00    0.00    12  listener
11:56:05 AM  1000     26835    0.00    1.00    0.00    0.00    1.00     9  listener
11:56:05 AM  1000     26837    1.00    0.00    0.00    0.00    1.00     3  listener
11:56:05 AM  1000     26839    0.00    0.00    0.00    0.00    0.00    14  listener
11:56:05 AM  1000     26842    1.00    0.00    0.00    0.00    1.00     5  listener
11:56:05 AM  1000     26845    1.00    1.00    0.00    0.00    2.00    10  listener
11:56:05 AM  1000     26853    0.00    0.00    0.00    0.00    0.00    10  listener
11:56:05 AM  1000     26857    0.00    1.00    0.00    0.00    1.00    10  listener
11:56:05 AM  1000     26868    0.00    1.00    0.00    0.00    1.00     3  listener
11:56:05 AM  1000     26870    0.00    1.00    0.00    0.00    1.00     3  listener
11:56:05 AM  1000     26891    0.00    0.00    0.00    0.00    0.00    14  listener
11:56:05 AM  1000     26916    0.00    1.00    0.00    0.00    1.00     5  listener
11:56:05 AM  1000     26999    0.00    0.00    0.00    0.00    0.00     2  listener
11:56:05 AM  1000     27003    0.00    1.00    0.00    0.00    1.00    13  listener
11:56:05 AM  1000     27005    1.00    0.00    0.00    0.00    1.00    11  listener
11:56:05 AM  1000     27023    0.00    1.00    0.00    0.00    1.00     1  listener
11:56:05 AM  1000     27043    0.00    1.00    0.00    0.00    1.00    13  listener
11:56:05 AM  1000     27067    0.00    1.00    0.00    0.00    1.00    15  listener
11:56:05 AM  1000     27076    1.00    1.00    0.00    0.00    2.00     8  listener
11:56:05 AM  1000     27079    0.00    1.00    0.00    0.00    1.00    14  listener
11:56:05 AM  1000     27082    1.00    0.00    0.00    0.00    1.00     5  listener
11:56:05 AM  1000     27099    0.00    0.00    0.00    0.00    0.00     6  listener
11:56:05 AM  1000     27103    0.00    1.00    0.00    0.00    1.00    10  listener
11:56:05 AM  1000     27129    0.00    1.00    0.00    0.00    1.00     1  listener
11:56:05 AM  1000     27185    1.00    0.00    0.00    0.00    1.00    14  listener
11:56:05 AM  1000     27190    0.00    1.00    0.00    0.00    1.00     2  listener
11:56:05 AM  1000     27210    1.00    0.00    0.00    0.00    1.00     1  listener
11:56:05 AM  1000     27212    0.00    1.00    0.00    0.00    1.00    12  listener

11:56:05 AM   UID       PID    %usr %system  %guest   %wait    %CPU   CPU  Command
11:56:06 AM  1000     26825    0.00    0.00    0.00    0.00    0.00     2  listener
11:56:06 AM  1000     26827    0.00    1.00    0.00    0.00    1.00     5  listener
11:56:06 AM  1000     26829    1.00    0.00    0.00    0.00    1.00     3  listener
11:56:06 AM  1000     26831    0.00    0.00    0.00    0.00    0.00     0  listener
11:56:06 AM  1000     26833    1.00    1.00    0.00    0.00    2.00    10  listener
11:56:06 AM  1000     26835    0.00    0.00    0.00    0.00    0.00    12  listener
11:56:06 AM  1000     26837    1.00    0.00    0.00    0.00    1.00    17  listener
11:56:06 AM  1000     26839    0.00    1.00    0.00    0.00    1.00    15  listener
11:56:06 AM  1000     26842    0.00    0.00    0.00    0.00    0.00     5  listener
11:56:06 AM  1000     26845    0.00    0.00    0.00    0.00    0.00     2  listener
11:56:06 AM  1000     26853    1.00    0.00    0.00    0.00    1.00    10  listener
11:56:06 AM  1000     26857    0.00    1.00    0.00    0.00    1.00    13  listener
11:56:06 AM  1000     26868    0.00    1.00    0.00    0.00    1.00    12  listener
11:56:06 AM  1000     26870    0.00    1.00    0.00    0.00    1.00    12  listener
11:56:06 AM  1000     26891    1.00    0.00    0.00    0.00    1.00    18  listener
11:56:06 AM  1000     26916    0.00    1.00    0.00    0.00    1.00     5  listener
11:56:06 AM  1000     26999    1.00    1.00    0.00    0.00    2.00     2  listener
11:56:06 AM  1000     27003    0.00    1.00    0.00    0.00    1.00    10  listener
11:56:06 AM  1000     27005    0.00    1.00    0.00    0.00    1.00    11  listener
11:56:06 AM  1000     27023    0.00    1.00    0.00    0.00    1.00    12  listener
11:56:06 AM  1000     27043    1.00    0.00    0.00    0.00    1.00     8  listener
11:56:06 AM  1000     27067    1.00    0.00    0.00    0.00    1.00    13  listener
11:56:06 AM  1000     27076    1.00    0.00    0.00    0.00    1.00    12  listener
11:56:06 AM  1000     27079    0.00    1.00    0.00    0.00    1.00    14  listener
11:56:06 AM  1000     27082    1.00    0.00    0.00    0.00    1.00     3  listener
11:56:06 AM  1000     27099    1.00    1.00    0.00    0.00    2.00     6  listener
11:56:06 AM  1000     27103    1.00    0.00    0.00    0.00    1.00     4  listener
11:56:06 AM  1000     27129    0.00    1.00    0.00    0.00    1.00     3  listener
11:56:06 AM  1000     27185    1.00    0.00    0.00    0.00    1.00     9  listener
11:56:06 AM  1000     27190    0.00    0.00    0.00    0.00    0.00     6  listener
11:56:06 AM  1000     27210    0.00    0.00    0.00    0.00    0.00     1  listener
11:56:06 AM  1000     27212    0.00    0.00    0.00    0.00    0.00     6  listener

11:56:06 AM   UID       PID    %usr %system  %guest   %wait    %CPU   CPU  Command
11:56:07 AM  1000     26825    1.00    0.00    0.00    0.00    1.00     2  listener
11:56:07 AM  1000     26827    0.00    0.00    0.00    0.00    0.00     6  listener
11:56:07 AM  1000     26829    1.00    0.00    0.00    0.00    1.00     0  listener
11:56:07 AM  1000     26831    0.00    0.00    0.00    0.00    0.00     0  listener
11:56:07 AM  1000     26833    1.00    0.00    0.00    0.00    1.00    15  listener
11:56:07 AM  1000     26835    0.00    1.00    0.00    0.00    1.00     9  listener
11:56:07 AM  1000     26837    1.00    0.00    0.00    0.00    1.00     3  listener
11:56:07 AM  1000     26839    0.00    1.00    0.00    0.00    1.00    16  listener
11:56:07 AM  1000     26842    1.00    0.00    0.00    0.00    1.00     3  listener
11:56:07 AM  1000     26845    0.00    0.00    0.00    0.00    0.00     2  listener
11:56:07 AM  1000     26853    1.00    1.00    0.00    0.00    2.00    14  listener
11:56:07 AM  1000     26857    0.00    1.00    0.00    0.00    1.00     6  listener
11:56:07 AM  1000     26868    1.00    1.00    0.00    0.00    2.00     1  listener
11:56:07 AM  1000     26870    0.00    0.00    0.00    0.00    0.00    13  listener
11:56:07 AM  1000     26891    1.00    0.00    0.00    0.00    1.00    10  listener
11:56:07 AM  1000     26916    0.00    0.00    0.00    0.00    0.00     3  listener
11:56:07 AM  1000     26999    0.00    0.00    0.00    0.00    0.00     6  listener
11:56:07 AM  1000     27003    0.00    1.00    0.00    0.00    1.00     3  listener
11:56:07 AM  1000     27005    1.00    1.00    0.00    0.00    2.00    11  listener
11:56:07 AM  1000     27023    0.00    1.00    0.00    0.00    1.00    10  listener
11:56:07 AM  1000     27043    1.00    1.00    0.00    0.00    2.00     8  listener
11:56:07 AM  1000     27067    0.00    0.00    0.00    0.00    0.00    13  listener
11:56:07 AM  1000     27076    0.00    1.00    0.00    0.00    1.00     8  listener
11:56:07 AM  1000     27079    0.00    1.00    0.00    0.00    1.00    15  listener
11:56:07 AM  1000     27082    0.00    0.00    0.00    0.00    0.00     6  listener
11:56:07 AM  1000     27099    0.00    0.00    0.00    0.00    0.00    15  listener
11:56:07 AM  1000     27103    1.00    0.00    0.00    0.00    1.00     3  listener
11:56:07 AM  1000     27129    0.00    0.00    0.00    0.00    0.00     3  listener
11:56:07 AM  1000     27185    0.00    0.00    0.00    0.00    0.00     9  listener
11:56:07 AM  1000     27190    0.00    1.00    0.00    0.00    1.00     2  listener
11:56:07 AM  1000     27210    0.00    1.00    0.00    0.00    1.00    10  listener
11:56:07 AM  1000     27212    0.00    1.00    0.00    0.00    1.00     6  listener

11:56:07 AM   UID       PID    %usr %system  %guest   %wait    %CPU   CPU  Command
11:56:08 AM  1000     26825    0.00    1.00    0.00    0.00    1.00     2  listener
11:56:08 AM  1000     26827    0.00    1.00    0.00    0.00    1.00    12  listener
11:56:08 AM  1000     26829    1.00    0.00    0.00    0.00    1.00    13  listener
11:56:08 AM  1000     26831    1.00    1.00    0.00    0.00    2.00     8  listener
11:56:08 AM  1000     26833    1.00    0.00    0.00    0.00    1.00    10  listener
11:56:08 AM  1000     26835    0.00    2.00    0.00    0.00    2.00     9  listener
11:56:08 AM  1000     26837    1.00    1.00    0.00    0.00    2.00     3  listener
11:56:08 AM  1000     26839    0.00    1.00    0.00    0.00    1.00    16  listener
11:56:08 AM  1000     26842    0.00    2.00    0.00    0.00    2.00    13  listener
11:56:08 AM  1000     26845    1.00    1.00    0.00    0.00    2.00     2  listener
11:56:08 AM  1000     26853    0.00    1.00    0.00    0.00    1.00    15  listener
11:56:08 AM  1000     26857    0.00    1.00    0.00    0.00    1.00    13  listener
11:56:08 AM  1000     26868    0.00    1.00    0.00    0.00    1.00     1  listener
11:56:08 AM  1000     26870    0.00    2.00    0.00    0.00    2.00     5  listener
11:56:08 AM  1000     26891    0.00    1.00    0.00    0.00    1.00    10  listener
11:56:08 AM  1000     26916    0.00    2.00    0.00    0.00    2.00    14  listener
11:56:08 AM  1000     26999    1.00    0.00    0.00    0.00    1.00     8  listener
11:56:08 AM  1000     27003    0.00    1.00    0.00    0.00    1.00    15  listener
11:56:08 AM  1000     27005    0.00    1.00    0.00    0.00    1.00     1  listener
11:56:08 AM  1000     27023    0.00    2.00    0.00    0.00    2.00    18  listener
11:56:08 AM  1000     27043    1.00    0.00    0.00    0.00    1.00     3  listener
11:56:08 AM  1000     27067    1.00    0.00    0.00    0.00    1.00     3  listener
11:56:08 AM  1000     27076    0.00    1.00    0.00    0.00    1.00    13  listener
11:56:08 AM  1000     27079    0.00    1.00    0.00    0.00    1.00    17  listener
11:56:08 AM  1000     27082    0.00    1.00    0.00    0.00    1.00     6  listener
11:56:08 AM  1000     27099    0.00    1.00    0.00    0.00    1.00    15  listener
11:56:08 AM  1000     27103    0.00    1.00    0.00    0.00    1.00     4  listener
11:56:08 AM  1000     27129    0.00    1.00    0.00    0.00    1.00    15  listener
11:56:08 AM  1000     27185    1.00    1.00    0.00    0.00    2.00     9  listener
11:56:08 AM  1000     27190    0.00    1.00    0.00    0.00    1.00     2  listener
11:56:08 AM  1000     27210    0.00    1.00    0.00    0.00    1.00    18  listener
11:56:08 AM  1000     27212    0.00    1.00    0.00    0.00    1.00     7  listener

11:56:08 AM   UID       PID    %usr %system  %guest   %wait    %CPU   CPU  Command
11:56:09 AM  1000     26825    0.00    0.00    0.00    0.00    0.00     2  listener
11:56:09 AM  1000     26827    0.00    1.00    0.00    0.00    1.00     3  listener
11:56:09 AM  1000     26829    1.00    0.00    0.00    0.00    1.00     1  listener
11:56:09 AM  1000     26831    0.00    1.00    0.00    0.00    1.00     8  listener
11:56:09 AM  1000     26833    0.00    1.00    0.00    0.00    1.00    16  listener
11:56:09 AM  1000     26835    0.00    1.00    0.00    0.00    1.00     9  listener
11:56:09 AM  1000     26837    0.00    0.00    0.00    0.00    0.00     5  listener
11:56:09 AM  1000     26839    0.00    1.00    0.00    0.00    1.00     1  listener
11:56:09 AM  1000     26842    0.00    0.00    0.00    0.00    0.00    13  listener
11:56:09 AM  1000     26845    0.00    0.00    0.00    0.00    0.00     5  listener
11:56:09 AM  1000     26853    0.00    1.00    0.00    0.00    1.00     8  listener
11:56:09 AM  1000     26857    0.00    1.00    0.00    0.00    1.00    12  listener
11:56:09 AM  1000     26868    0.00    0.00    0.00    0.00    0.00     3  listener
11:56:09 AM  1000     26870    0.00    0.00    0.00    0.00    0.00     3  listener
11:56:09 AM  1000     26891    1.00    0.00    0.00    0.00    1.00    10  listener
11:56:09 AM  1000     26916    0.00    0.00    0.00    0.00    0.00     3  listener
11:56:09 AM  1000     26999    1.00    0.00    0.00    0.00    1.00     7  listener
11:56:09 AM  1000     27003    0.00    1.00    0.00    0.00    1.00    15  listener
11:56:09 AM  1000     27005    0.00    0.00    0.00    0.00    0.00    14  listener
11:56:09 AM  1000     27023    0.00    1.00    0.00    0.00    1.00    11  listener
11:56:09 AM  1000     27043    0.00    1.00    0.00    0.00    1.00    10  listener
11:56:09 AM  1000     27067    0.00    1.00    0.00    0.00    1.00    12  listener
11:56:09 AM  1000     27076    1.00    1.00    0.00    0.00    2.00    13  listener
11:56:09 AM  1000     27079    0.00    1.00    0.00    0.00    1.00     9  listener
11:56:09 AM  1000     27082    1.00    1.00    0.00    0.00    2.00     6  listener
11:56:09 AM  1000     27099    0.00    1.00    0.00    0.00    1.00    15  listener
11:56:09 AM  1000     27103    1.00    0.00    0.00    0.00    1.00    16  listener
11:56:09 AM  1000     27129    1.00    1.00    0.00    0.00    2.00    11  listener
11:56:09 AM  1000     27185    1.00    0.00    0.00    0.00    1.00     6  listener
11:56:09 AM  1000     27190    1.00    0.00    0.00    0.00    1.00    12  listener
11:56:09 AM  1000     27210    0.00    1.00    0.00    0.00    1.00     8  listener
11:56:09 AM  1000     27212    0.00    1.00    0.00    0.00    1.00     6  listener

11:56:09 AM   UID       PID    %usr %system  %guest   %wait    %CPU   CPU  Command
11:56:10 AM  1000     26825    1.00    0.00    0.00    0.00    1.00     1  listener
11:56:10 AM  1000     26827    0.00    1.00    0.00    0.00    1.00     3  listener
11:56:10 AM  1000     26829    1.00    0.00    0.00    0.00    1.00    16  listener
11:56:10 AM  1000     26831    0.00    0.00    0.00    0.00    0.00     6  listener
11:56:10 AM  1000     26833    0.00    1.00    0.00    0.00    1.00    11  listener
11:56:10 AM  1000     26835    0.00    0.00    0.00    0.00    0.00    12  listener
11:56:10 AM  1000     26837    1.00    1.00    0.00    0.00    2.00     5  listener
11:56:10 AM  1000     26839    0.00    1.00    0.00    0.00    1.00     0  listener
11:56:10 AM  1000     26842    0.00    1.00    0.00    0.00    1.00     9  listener
11:56:10 AM  1000     26845    0.00    1.00    0.00    0.00    1.00     2  listener
11:56:10 AM  1000     26853    1.00    0.00    0.00    0.00    1.00    10  listener
11:56:10 AM  1000     26857    0.00    1.00    0.00    0.00    1.00    13  listener
11:56:10 AM  1000     26868    0.00    1.00    0.00    0.00    1.00    13  listener
11:56:10 AM  1000     26870    0.00    1.00    0.00    0.00    1.00     5  listener
11:56:10 AM  1000     26891    0.00    1.00    0.00    0.00    1.00    13  listener
11:56:10 AM  1000     26916    0.00    1.00    0.00    0.00    1.00     3  listener
11:56:10 AM  1000     26999    0.00    0.00    0.00    0.00    0.00    14  listener
11:56:10 AM  1000     27003    0.00    1.00    0.00    0.00    1.00    16  listener
11:56:10 AM  1000     27005    1.00    1.00    0.00    0.00    2.00    11  listener
11:56:10 AM  1000     27023    0.00    0.00    0.00    0.00    0.00    11  listener
11:56:10 AM  1000     27043    1.00    0.00    0.00    0.00    1.00    10  listener
11:56:10 AM  1000     27067    1.00    0.00    0.00    0.00    1.00    13  listener
11:56:10 AM  1000     27076    1.00    0.00    0.00    0.00    1.00    13  listener
11:56:10 AM  1000     27079    1.00    0.00    0.00    0.00    1.00     8  listener
11:56:10 AM  1000     27082    1.00    0.00    0.00    0.00    1.00     6  listener
11:56:10 AM  1000     27099    1.00    0.00    0.00    0.00    1.00    15  listener
11:56:10 AM  1000     27103    1.00    0.00    0.00    0.00    1.00     0  listener
11:56:10 AM  1000     27129    0.00    0.00    0.00    0.00    0.00    11  listener
11:56:10 AM  1000     27185    0.00    1.00    0.00    0.00    1.00     6  listener
11:56:10 AM  1000     27190    0.00    1.00    0.00    0.00    1.00    14  listener
11:56:10 AM  1000     27210    0.00    1.00    0.00    0.00    1.00    12  listener
11:56:10 AM  1000     27212    0.00    1.00    0.00    0.00    1.00     1  listener

11:56:10 AM   UID       PID    %usr %system  %guest   %wait    %CPU   CPU  Command
11:56:11 AM  1000     26825    1.00    0.00    0.00    0.00    1.00     3  listener
11:56:11 AM  1000     26827    1.00    0.00    0.00    0.00    1.00     3  listener
11:56:11 AM  1000     26829    1.00    0.00    0.00    0.00    1.00     1  listener
11:56:11 AM  1000     26831    1.00    1.00    0.00    0.00    2.00     6  listener
11:56:11 AM  1000     26833    0.00    1.00    0.00    0.00    1.00    15  listener
11:56:11 AM  1000     26835    0.00    2.00    0.00    0.00    2.00    12  listener
11:56:11 AM  1000     26837    0.00    0.00    0.00    0.00    0.00     6  listener
11:56:11 AM  1000     26839    0.00    1.00    0.00    0.00    1.00    12  listener
11:56:11 AM  1000     26842    0.00    1.00    0.00    0.00    1.00     9  listener
11:56:11 AM  1000     26845    1.00    0.00    0.00    0.00    1.00     1  listener
11:56:11 AM  1000     26853    0.00    0.00    0.00    0.00    0.00    15  listener
11:56:11 AM  1000     26857    0.00    0.00    0.00    0.00    0.00     3  listener
11:56:11 AM  1000     26868    1.00    1.00    0.00    0.00    2.00    18  listener
11:56:11 AM  1000     26870    0.00    1.00    0.00    0.00    1.00     3  listener
11:56:11 AM  1000     26891    1.00    0.00    0.00    0.00    1.00    12  listener
11:56:11 AM  1000     26916    0.00    1.00    0.00    0.00    1.00     0  listener
11:56:11 AM  1000     26999    1.00    0.00    0.00    0.00    1.00    13  listener
11:56:11 AM  1000     27003    1.00    1.00    0.00    0.00    2.00    16  listener
11:56:11 AM  1000     27005    0.00    0.00    0.00    0.00    0.00     1  listener
11:56:11 AM  1000     27023    0.00    1.00    0.00    0.00    1.00    11  listener
11:56:11 AM  1000     27043    0.00    0.00    0.00    0.00    0.00     9  listener
11:56:11 AM  1000     27067    0.00    1.00    0.00    0.00    1.00    13  listener
11:56:11 AM  1000     27076    0.00    0.00    0.00    0.00    0.00     7  listener
11:56:11 AM  1000     27079    0.00    1.00    0.00    0.00    1.00    14  listener
11:56:11 AM  1000     27082    0.00    0.00    0.00    0.00    0.00     3  listener
11:56:11 AM  1000     27099    1.00    1.00    0.00    0.00    2.00     1  listener
11:56:11 AM  1000     27103    0.00    0.00    0.00    0.00    0.00     0  listener
11:56:11 AM  1000     27129    1.00    0.00    0.00    0.00    1.00     3  listener
11:56:11 AM  1000     27185    0.00    0.00    0.00    0.00    0.00     6  listener
11:56:11 AM  1000     27190    1.00    0.00    0.00    0.00    1.00    10  listener
11:56:11 AM  1000     27210    0.00    1.00    0.00    0.00    1.00    15  listener
11:56:11 AM  1000     27212    0.00    1.00    0.00    0.00    1.00     7  listener

11:56:11 AM   UID       PID    %usr %system  %guest   %wait    %CPU   CPU  Command
11:56:12 AM  1000     26825    1.00    0.00    0.00    0.00    1.00     3  listener
11:56:12 AM  1000     26827    0.00    0.00    0.00    0.00    0.00     5  listener
11:56:12 AM  1000     26829    1.00    0.00    0.00    0.00    1.00    10  listener
11:56:12 AM  1000     26831    0.00    0.00    0.00    0.00    0.00    13  listener
11:56:12 AM  1000     26833    1.00    0.00    0.00    0.00    1.00    15  listener
11:56:12 AM  1000     26835    0.00    0.00    0.00    0.00    0.00    12  listener
11:56:12 AM  1000     26837    0.00    0.00    0.00    0.00    0.00     8  listener
11:56:12 AM  1000     26839    0.00    0.00    0.00    0.00    0.00    13  listener
11:56:12 AM  1000     26842    0.00    1.00    0.00    0.00    1.00    13  listener
11:56:12 AM  1000     26845    0.00    0.00    0.00    0.00    0.00     1  listener
11:56:12 AM  1000     26853    1.00    0.00    0.00    0.00    1.00     3  listener
11:56:12 AM  1000     26857    0.00    1.00    0.00    0.00    1.00     3  listener
11:56:12 AM  1000     26868    1.00    0.00    0.00    0.00    1.00    16  listener
11:56:12 AM  1000     26870    0.00    1.00    0.00    0.00    1.00     3  listener
11:56:12 AM  1000     26891    0.00    0.00    0.00    0.00    0.00    12  listener
11:56:12 AM  1000     26916    0.00    1.00    0.00    0.00    1.00    14  listener
11:56:12 AM  1000     26999    0.00    0.00    0.00    0.00    0.00     8  listener
11:56:12 AM  1000     27003    0.00    1.00    0.00    0.00    1.00     0  listener
11:56:12 AM  1000     27005    1.00    0.00    0.00    0.00    1.00     1  listener
11:56:12 AM  1000     27023    0.00    1.00    0.00    0.00    1.00    11  listener
11:56:12 AM  1000     27043    0.00    0.00    0.00    0.00    0.00     9  listener
11:56:12 AM  1000     27067    0.00    0.00    0.00    0.00    0.00    15  listener
11:56:12 AM  1000     27076    1.00    0.00    0.00    0.00    1.00    13  listener
11:56:12 AM  1000     27079    0.00    0.00    0.00    0.00    0.00    12  listener
11:56:12 AM  1000     27082    1.00    0.00    0.00    0.00    1.00     5  listener
11:56:12 AM  1000     27099    0.00    0.00    0.00    0.00    0.00     6  listener
11:56:12 AM  1000     27103    1.00    0.00    0.00    0.00    1.00     0  listener
11:56:12 AM  1000     27129    0.00    1.00    0.00    0.00    1.00     3  listener
11:56:12 AM  1000     27185    0.00    0.00    0.00    0.00    0.00     7  listener
11:56:12 AM  1000     27190    0.00    1.00    0.00    0.00    1.00    10  listener
11:56:12 AM  1000     27210    1.00    0.00    0.00    0.00    1.00     2  listener
11:56:12 AM  1000     27212    0.00    1.00    0.00    0.00    1.00     1  listener

11:56:12 AM   UID       PID    %usr %system  %guest   %wait    %CPU   CPU  Command
11:56:13 AM  1000     26825    0.00    0.00    0.00    0.00    0.00     2  listener
11:56:13 AM  1000     26827    0.00    1.00    0.00    0.00    1.00     5  listener
11:56:13 AM  1000     26829    1.00    0.00    0.00    0.00    1.00    10  listener
11:56:13 AM  1000     26831    0.00    1.00    0.00    0.00    1.00    14  listener
11:56:13 AM  1000     26833    0.00    1.00    0.00    0.00    1.00     0  listener
11:56:13 AM  1000     26835    0.00    1.00    0.00    0.00    1.00    19  listener
11:56:13 AM  1000     26837    0.00    0.00    0.00    0.00    0.00     8  listener
11:56:13 AM  1000     26839    0.00    1.00    0.00    0.00    1.00    13  listener
11:56:13 AM  1000     26842    1.00    0.00    0.00    0.00    1.00     9  listener
11:56:13 AM  1000     26845    0.00    1.00    0.00    0.00    1.00     1  listener
11:56:13 AM  1000     26853    1.00    0.00    0.00    0.00    1.00     3  listener
11:56:13 AM  1000     26857    0.00    1.00    0.00    0.00    1.00     5  listener
11:56:13 AM  1000     26868    0.00    0.00    0.00    0.00    0.00    17  listener
11:56:13 AM  1000     26870    0.00    1.00    0.00    0.00    1.00     5  listener
11:56:13 AM  1000     26891    1.00    0.00    0.00    0.00    1.00    15  listener
11:56:13 AM  1000     26916    0.00    1.00    0.00    0.00    1.00     1  listener
11:56:13 AM  1000     26999    1.00    0.00    0.00    0.00    1.00    15  listener
11:56:13 AM  1000     27003    0.00    0.00    0.00    0.00    0.00     1  listener
11:56:13 AM  1000     27005    0.00    0.00    0.00    0.00    0.00     1  listener
11:56:13 AM  1000     27023    0.00    0.00    0.00    0.00    0.00     2  listener
11:56:13 AM  1000     27043    1.00    1.00    0.00    0.00    2.00     9  listener
11:56:13 AM  1000     27067    1.00    0.00    0.00    0.00    1.00    14  listener
11:56:13 AM  1000     27076    0.00    0.00    0.00    0.00    0.00     7  listener
11:56:13 AM  1000     27079    1.00    1.00    0.00    0.00    2.00    10  listener
11:56:13 AM  1000     27082    0.00    0.00    0.00    0.00    0.00     5  listener
11:56:13 AM  1000     27099    0.00    1.00    0.00    0.00    1.00     8  listener
11:56:13 AM  1000     27103    1.00    0.00    0.00    0.00    1.00    17  listener
11:56:13 AM  1000     27129    0.00    0.00    0.00    0.00    0.00    10  listener
11:56:13 AM  1000     27185    1.00    1.00    0.00    0.00    2.00     7  listener
11:56:13 AM  1000     27190    0.00    0.00    0.00    0.00    0.00    10  listener
11:56:13 AM  1000     27210    1.00    0.00    0.00    0.00    1.00     8  listener
11:56:13 AM  1000     27212    0.00    0.00    0.00    0.00    0.00     3  listener

11:56:13 AM   UID       PID    %usr %system  %guest   %wait    %CPU   CPU  Command
11:56:14 AM  1000     26825    1.00    0.00    0.00    0.00    1.00     2  listener
11:56:14 AM  1000     26827    1.00    0.00    0.00    0.00    1.00     5  listener
11:56:14 AM  1000     26829    1.00    0.00    0.00    0.00    1.00     1  listener
11:56:14 AM  1000     26831    0.00    0.00    0.00    0.00    0.00    17  listener
11:56:14 AM  1000     26833    0.00    0.00    0.00    0.00    0.00     1  listener
11:56:14 AM  1000     26835    0.00    1.00    0.00    0.00    1.00    19  listener
11:56:14 AM  1000     26837    0.00    1.00    0.00    0.00    1.00     8  listener
11:56:14 AM  1000     26839    0.00    1.00    0.00    0.00    1.00    14  listener
11:56:14 AM  1000     26842    0.00    0.00    0.00    0.00    0.00     9  listener
11:56:14 AM  1000     26845    0.00    0.00    0.00    0.00    0.00     3  listener
11:56:14 AM  1000     26853    0.00    1.00    0.00    0.00    1.00     3  listener
11:56:14 AM  1000     26857    0.00    0.00    0.00    0.00    0.00     6  listener
11:56:14 AM  1000     26868    1.00    1.00    0.00    0.00    2.00     3  listener
11:56:14 AM  1000     26870    0.00    0.00    0.00    0.00    0.00     8  listener
11:56:14 AM  1000     26891    1.00    0.00    0.00    0.00    1.00    12  listener
11:56:14 AM  1000     26916    0.00    0.00    0.00    0.00    0.00     3  listener
11:56:14 AM  1000     26999    1.00    0.00    0.00    0.00    1.00     8  listener
11:56:14 AM  1000     27003    1.00    1.00    0.00    0.00    2.00     0  listener
11:56:14 AM  1000     27005    0.00    0.00    0.00    0.00    0.00     1  listener
11:56:14 AM  1000     27023    1.00    1.00    0.00    0.00    2.00     2  listener
11:56:14 AM  1000     27043    0.00    0.00    0.00    0.00    0.00     1  listener
11:56:14 AM  1000     27067    1.00    0.00    0.00    0.00    1.00     8  listener
11:56:14 AM  1000     27076    1.00    1.00    0.00    0.00    2.00     8  listener
11:56:14 AM  1000     27079    1.00    0.00    0.00    0.00    1.00     8  listener
11:56:14 AM  1000     27082    1.00    1.00    0.00    0.00    2.00     5  listener
11:56:14 AM  1000     27099    0.00    0.00    0.00    0.00    0.00     1  listener
11:56:14 AM  1000     27103    0.00    1.00    0.00    0.00    1.00     8  listener
11:56:14 AM  1000     27129    1.00    1.00    0.00    0.00    2.00     1  listener
11:56:14 AM  1000     27185    1.00    0.00    0.00    0.00    1.00     3  listener
11:56:14 AM  1000     27190    0.00    1.00    0.00    0.00    1.00    10  listener
11:56:14 AM  1000     27210    0.00    0.00    0.00    0.00    0.00     1  listener
11:56:14 AM  1000     27212    0.00    1.00    0.00    0.00    1.00     1  listener

11:56:14 AM   UID       PID    %usr %system  %guest   %wait    %CPU   CPU  Command
11:56:15 AM  1000     26825    1.00    0.00    0.00    0.00    1.00     3  listener
11:56:15 AM  1000     26827    0.00    1.00    0.00    0.00    1.00     5  listener
11:56:15 AM  1000     26829    0.00    0.00    0.00    0.00    0.00    10  listener
11:56:15 AM  1000     26831    1.00    1.00    0.00    0.00    2.00    17  listener
11:56:15 AM  1000     26833    1.00    0.00    0.00    0.00    1.00     1  listener
11:56:15 AM  1000     26835    1.00    0.00    0.00    0.00    1.00    19  listener
11:56:15 AM  1000     26837    1.00    0.00    0.00    0.00    1.00     6  listener
11:56:15 AM  1000     26839    0.00    1.00    0.00    0.00    1.00    16  listener
11:56:15 AM  1000     26842    1.00    0.00    0.00    0.00    1.00     9  listener
11:56:15 AM  1000     26845    1.00    1.00    0.00    0.00    2.00     3  listener
11:56:15 AM  1000     26853    0.00    0.00    0.00    0.00    0.00     5  listener
11:56:15 AM  1000     26857    0.00    1.00    0.00    0.00    1.00     6  listener
11:56:15 AM  1000     26868    0.00    0.00    0.00    0.00    0.00     3  listener
11:56:15 AM  1000     26870    0.00    1.00    0.00    0.00    1.00     5  listener
11:56:15 AM  1000     26891    1.00    0.00    0.00    0.00    1.00    13  listener
11:56:15 AM  1000     26916    0.00    1.00    0.00    0.00    1.00     1  listener
11:56:15 AM  1000     26999    0.00    0.00    0.00    0.00    0.00    10  listener
11:56:15 AM  1000     27003    0.00    0.00    0.00    0.00    0.00     0  listener
11:56:15 AM  1000     27005    1.00    0.00    0.00    0.00    1.00     5  listener
11:56:15 AM  1000     27023    0.00    0.00    0.00    0.00    0.00     2  listener
11:56:15 AM  1000     27043    1.00    0.00    0.00    0.00    1.00     9  listener
11:56:15 AM  1000     27067    0.00    1.00    0.00    0.00    1.00     6  listener
11:56:15 AM  1000     27076    1.00    0.00    0.00    0.00    1.00     7  listener
11:56:15 AM  1000     27079    0.00    0.00    0.00    0.00    0.00     8  listener
11:56:15 AM  1000     27082    0.00    0.00    0.00    0.00    0.00     5  listener
11:56:15 AM  1000     27099    0.00    1.00    0.00    0.00    1.00     8  listener
11:56:15 AM  1000     27103    0.00    0.00    0.00    0.00    0.00     8  listener
11:56:15 AM  1000     27129    0.00    0.00    0.00    0.00    0.00    10  listener
11:56:15 AM  1000     27185    1.00    0.00    0.00    0.00    1.00     3  listener
11:56:15 AM  1000     27190    1.00    0.00    0.00    0.00    1.00    12  listener
11:56:15 AM  1000     27210    1.00    0.00    0.00    0.00    1.00     8  listener
11:56:15 AM  1000     27212    0.00    1.00    0.00    0.00    1.00     8  listener

11:56:15 AM   UID       PID    %usr %system  %guest   %wait    %CPU   CPU  Command
11:56:16 AM  1000     26825    0.00    2.00    0.00    0.00    2.00     1  listener
11:56:16 AM  1000     26827    1.00    0.00    0.00    0.00    1.00     5  listener
11:56:16 AM  1000     26829    0.00    2.00    0.00    0.00    2.00    14  listener
11:56:16 AM  1000     26831    0.00    0.00    0.00    0.00    0.00    17  listener
11:56:16 AM  1000     26833    0.00    1.00    0.00    0.00    1.00     0  listener
11:56:16 AM  1000     26835    1.00    1.00    0.00    0.00    2.00    15  listener
11:56:16 AM  1000     26837    0.00    1.00    0.00    0.00    1.00     6  listener
11:56:16 AM  1000     26839    0.00    1.00    0.00    0.00    1.00     0  listener
11:56:16 AM  1000     26842    0.00    1.00    0.00    0.00    1.00     9  listener
11:56:16 AM  1000     26845    0.00    1.00    0.00    0.00    1.00     0  listener
11:56:16 AM  1000     26853    0.00    2.00    0.00    0.00    2.00     3  listener
11:56:16 AM  1000     26857    1.00    0.00    0.00    0.00    1.00     3  listener
11:56:16 AM  1000     26868    1.00    1.00    0.00    0.00    2.00     5  listener
11:56:16 AM  1000     26870    0.00    1.00    0.00    0.00    1.00     8  listener
11:56:16 AM  1000     26891    0.00    2.00    0.00    0.00    2.00    10  listener
11:56:16 AM  1000     26916    1.00    1.00    0.00    0.00    2.00     4  listener
11:56:16 AM  1000     26999    0.00    1.00    0.00    0.00    1.00    15  listener
11:56:16 AM  1000     27003    1.00    1.00    0.00    0.00    2.00    10  listener
11:56:16 AM  1000     27005    1.00    0.00    0.00    0.00    1.00    10  listener
11:56:16 AM  1000     27023    1.00    0.00    0.00    0.00    1.00     2  listener
11:56:16 AM  1000     27043    1.00    1.00    0.00    0.00    2.00     9  listener
11:56:16 AM  1000     27067    0.00    0.00    0.00    0.00    0.00     2  listener
11:56:16 AM  1000     27076    1.00    0.00    0.00    0.00    1.00     7  listener
11:56:16 AM  1000     27079    1.00    1.00    0.00    0.00    2.00    10  listener
11:56:16 AM  1000     27082    0.00    1.00    0.00    0.00    1.00     5  listener
11:56:16 AM  1000     27099    1.00    0.00    0.00    0.00    1.00     1  listener
11:56:16 AM  1000     27103    1.00    1.00    0.00    0.00    2.00     8  listener
11:56:16 AM  1000     27129    1.00    1.00    0.00    0.00    2.00     1  listener
11:56:16 AM  1000     27185    1.00    0.00    0.00    0.00    1.00     6  listener
11:56:16 AM  1000     27190    1.00    1.00    0.00    0.00    2.00     0  listener
11:56:16 AM  1000     27210    0.00    2.00    0.00    0.00    2.00     1  listener
11:56:16 AM  1000     27212    0.00    1.00    0.00    0.00    1.00     1  listener

11:56:16 AM   UID       PID    %usr %system  %guest   %wait    %CPU   CPU  Command
11:56:17 AM  1000     26825    0.00    0.00    0.00    0.00    0.00     0  listener
11:56:17 AM  1000     26827    0.00    0.00    0.00    0.00    0.00     1  listener
11:56:17 AM  1000     26829    1.00    0.00    0.00    0.00    1.00     3  listener
11:56:17 AM  1000     26831    1.00    1.00    0.00    0.00    2.00    17  listener
11:56:17 AM  1000     26833    0.00    0.00    0.00    0.00    0.00     0  listener
11:56:17 AM  1000     26835    0.00    0.00    0.00    0.00    0.00     3  listener
11:56:17 AM  1000     26837    1.00    0.00    0.00    0.00    1.00    12  listener
11:56:17 AM  1000     26839    1.00    1.00    0.00    0.00    2.00    18  listener
11:56:17 AM  1000     26842    0.00    1.00    0.00    0.00    1.00     1  listener
11:56:17 AM  1000     26845    0.00    0.00    0.00    0.00    0.00     0  listener
11:56:17 AM  1000     26853    0.00    1.00    0.00    0.00    1.00     5  listener
11:56:17 AM  1000     26857    0.00    0.00    0.00    0.00    0.00     1  listener
11:56:17 AM  1000     26868    0.00    0.00    0.00    0.00    0.00     5  listener
11:56:17 AM  1000     26870    0.00    1.00    0.00    0.00    1.00     8  listener
11:56:17 AM  1000     26891    0.00    0.00    0.00    0.00    0.00    13  listener
11:56:17 AM  1000     26916    0.00    0.00    0.00    0.00    0.00    13  listener
11:56:17 AM  1000     26999    1.00    0.00    0.00    0.00    1.00    15  listener
11:56:17 AM  1000     27003    0.00    0.00    0.00    0.00    0.00    13  listener
11:56:17 AM  1000     27005    1.00    1.00    0.00    0.00    2.00    11  listener
11:56:17 AM  1000     27023    0.00    1.00    0.00    0.00    1.00     5  listener
11:56:17 AM  1000     27043    1.00    0.00    0.00    0.00    1.00     9  listener
11:56:17 AM  1000     27067    1.00    1.00    0.00    0.00    2.00     2  listener
11:56:17 AM  1000     27076    0.00    0.00    0.00    0.00    0.00     7  listener
11:56:17 AM  1000     27079    0.00    0.00    0.00    0.00    0.00    10  listener
11:56:17 AM  1000     27082    0.00    1.00    0.00    0.00    1.00     5  listener
11:56:17 AM  1000     27099    0.00    1.00    0.00    0.00    1.00    10  listener
11:56:17 AM  1000     27103    0.00    1.00    0.00    0.00    1.00     8  listener
11:56:17 AM  1000     27129    0.00    0.00    0.00    0.00    0.00     8  listener
11:56:17 AM  1000     27185    0.00    0.00    0.00    0.00    0.00     6  listener
11:56:17 AM  1000     27190    0.00    0.00    0.00    0.00    0.00     0  listener
11:56:17 AM  1000     27210    0.00    1.00    0.00    0.00    1.00     1  listener
11:56:17 AM  1000     27212    0.00    0.00    0.00    0.00    0.00    13  listener

11:56:17 AM   UID       PID    %usr %system  %guest   %wait    %CPU   CPU  Command
11:56:18 AM  1000     26825    0.00    0.00    0.00    0.00    0.00     3  listener
11:56:18 AM  1000     26827    0.00    0.00    0.00    0.00    0.00     5  listener
11:56:18 AM  1000     26829    0.00    1.00    0.00    0.00    1.00     3  listener
11:56:18 AM  1000     26831    0.00    0.00    0.00    0.00    0.00    19  listener
11:56:18 AM  1000     26833    1.00    0.00    0.00    0.00    1.00     3  listener
11:56:18 AM  1000     26835    0.00    1.00    0.00    0.00    1.00     3  listener
11:56:18 AM  1000     26837    1.00    1.00    0.00    0.00    2.00    12  listener
11:56:18 AM  1000     26839    0.00    0.00    0.00    0.00    0.00     8  listener
11:56:18 AM  1000     26842    1.00    0.00    0.00    0.00    1.00    10  listener
11:56:18 AM  1000     26845    0.00    1.00    0.00    0.00    1.00    15  listener
11:56:18 AM  1000     26853    1.00    0.00    0.00    0.00    1.00     5  listener
11:56:18 AM  1000     26857    1.00    1.00    0.00    0.00    2.00     1  listener
11:56:18 AM  1000     26868    1.00    0.00    0.00    0.00    1.00     3  listener
11:56:18 AM  1000     26870    0.00    1.00    0.00    0.00    1.00     8  listener
11:56:18 AM  1000     26891    0.00    1.00    0.00    0.00    1.00    16  listener
11:56:18 AM  1000     26916    1.00    1.00    0.00    0.00    2.00     4  listener
11:56:18 AM  1000     26999    1.00    0.00    0.00    0.00    1.00    15  listener
11:56:18 AM  1000     27003    1.00    0.00    0.00    0.00    1.00    10  listener
11:56:18 AM  1000     27005    0.00    0.00    0.00    0.00    0.00    12  listener
11:56:18 AM  1000     27023    0.00    1.00    0.00    0.00    1.00     5  listener
11:56:18 AM  1000     27043    0.00    1.00    0.00    0.00    1.00    17  listener
11:56:18 AM  1000     27067    0.00    0.00    0.00    0.00    0.00     9  listener
11:56:18 AM  1000     27076    1.00    0.00    0.00    0.00    1.00    10  listener
11:56:18 AM  1000     27079    0.00    1.00    0.00    0.00    1.00    10  listener
11:56:18 AM  1000     27082    1.00    0.00    0.00    0.00    1.00    12  listener
11:56:18 AM  1000     27099    1.00    0.00    0.00    0.00    1.00    10  listener
11:56:18 AM  1000     27103    1.00    0.00    0.00    0.00    1.00    12  listener
11:56:18 AM  1000     27129    1.00    1.00    0.00    0.00    2.00    14  listener
11:56:18 AM  1000     27185    1.00    0.00    0.00    0.00    1.00     5  listener
11:56:18 AM  1000     27190    0.00    1.00    0.00    0.00    1.00    10  listener
11:56:18 AM  1000     27210    0.00    0.00    0.00    0.00    0.00     8  listener
11:56:18 AM  1000     27212    1.00    1.00    0.00    0.00    2.00    15  listener

11:56:18 AM   UID       PID    %usr %system  %guest   %wait    %CPU   CPU  Command
11:56:19 AM  1000     26825    1.00    0.00    0.00    0.00    1.00    10  listener
11:56:19 AM  1000     26827    1.00    1.00    0.00    0.00    2.00     3  listener
11:56:19 AM  1000     26829    1.00    0.00    0.00    0.00    1.00     5  listener
11:56:19 AM  1000     26831    1.00    1.00    0.00    0.00    2.00     1  listener
11:56:19 AM  1000     26833    1.00    0.00    0.00    0.00    1.00     3  listener
11:56:19 AM  1000     26835    1.00    0.00    0.00    0.00    1.00    13  listener
11:56:19 AM  1000     26837    0.00    0.00    0.00    0.00    0.00    14  listener
11:56:19 AM  1000     26839    1.00    1.00    0.00    0.00    2.00     8  listener
11:56:19 AM  1000     26842    0.00    1.00    0.00    0.00    1.00     3  listener
11:56:19 AM  1000     26845    1.00    0.00    0.00    0.00    1.00     0  listener
11:56:19 AM  1000     26853    1.00    0.00    0.00    0.00    1.00     3  listener
11:56:19 AM  1000     26857    1.00    0.00    0.00    0.00    1.00     1  listener
11:56:19 AM  1000     26868    1.00    0.00    0.00    0.00    1.00     6  listener
11:56:19 AM  1000     26870    0.00    0.00    0.00    0.00    0.00     8  listener
11:56:19 AM  1000     26891    0.00    1.00    0.00    0.00    1.00    18  listener
11:56:19 AM  1000     26916    0.00    0.00    0.00    0.00    0.00     4  listener
11:56:19 AM  1000     26999    0.00    1.00    0.00    0.00    1.00     3  listener
11:56:19 AM  1000     27003    0.00    1.00    0.00    0.00    1.00    12  listener
11:56:19 AM  1000     27005    1.00    1.00    0.00    0.00    2.00    11  listener
11:56:19 AM  1000     27023    1.00    0.00    0.00    0.00    1.00     2  listener
11:56:19 AM  1000     27043    1.00    0.00    0.00    0.00    1.00    18  listener
11:56:19 AM  1000     27067    1.00    0.00    0.00    0.00    1.00     1  listener
11:56:19 AM  1000     27076    0.00    1.00    0.00    0.00    1.00     1  listener
11:56:19 AM  1000     27079    1.00    0.00    0.00    0.00    1.00    12  listener
11:56:19 AM  1000     27082    0.00    1.00    0.00    0.00    1.00     0  listener
11:56:19 AM  1000     27099    0.00    1.00    0.00    0.00    1.00    15  listener
11:56:19 AM  1000     27103    1.00    0.00    0.00    0.00    1.00    10  listener
11:56:19 AM  1000     27129    0.00    0.00    0.00    0.00    0.00     1  listener
11:56:19 AM  1000     27185    0.00    0.00    0.00    0.00    0.00     5  listener
11:56:19 AM  1000     27190    0.00    0.00    0.00    0.00    0.00    10  listener
11:56:19 AM  1000     27210    1.00    0.00    0.00    0.00    1.00     1  listener
11:56:19 AM  1000     27212    0.00    0.00    0.00    0.00    0.00     3  listener

11:56:19 AM   UID       PID    %usr %system  %guest   %wait    %CPU   CPU  Command
11:56:20 AM  1000     26825    1.00    0.00    0.00    0.00    1.00     1  listener
11:56:20 AM  1000     26827    0.00    0.00    0.00    0.00    0.00    10  listener
11:56:20 AM  1000     26829    0.00    0.00    0.00    0.00    0.00     6  listener
11:56:20 AM  1000     26831    0.00    0.00    0.00    0.00    0.00     6  listener
11:56:20 AM  1000     26833    0.00    0.00    0.00    0.00    0.00     3  listener
11:56:20 AM  1000     26835    0.00    0.00    0.00    0.00    0.00    16  listener
11:56:20 AM  1000     26837    1.00    0.00    0.00    0.00    1.00    12  listener
11:56:20 AM  1000     26839    0.00    0.00    0.00    0.00    0.00     8  listener
11:56:20 AM  1000     26842    1.00    0.00    0.00    0.00    1.00     1  listener
11:56:20 AM  1000     26845    0.00    0.00    0.00    0.00    0.00     1  listener
11:56:20 AM  1000     26853    0.00    0.00    0.00    0.00    0.00     5  listener
11:56:20 AM  1000     26857    0.00    0.00    0.00    0.00    0.00     1  listener
11:56:20 AM  1000     26868    1.00    1.00    0.00    0.00    2.00     4  listener
11:56:20 AM  1000     26870    0.00    1.00    0.00    0.00    1.00    10  listener
11:56:20 AM  1000     26891    1.00    0.00    0.00    0.00    1.00    16  listener
11:56:20 AM  1000     26916    1.00    0.00    0.00    0.00    1.00     8  listener
11:56:20 AM  1000     26999    0.00    0.00    0.00    0.00    0.00    13  listener
11:56:20 AM  1000     27003    0.00    0.00    0.00    0.00    0.00    16  listener
11:56:20 AM  1000     27005    1.00    0.00    0.00    0.00    1.00    11  listener
11:56:20 AM  1000     27023    0.00    0.00    0.00    0.00    0.00     2  listener
11:56:20 AM  1000     27043    0.00    0.00    0.00    0.00    0.00    10  listener
11:56:20 AM  1000     27067    0.00    0.00    0.00    0.00    0.00     6  listener
11:56:20 AM  1000     27076    1.00    0.00    0.00    0.00    1.00     1  listener
11:56:20 AM  1000     27079    0.00    0.00    0.00    0.00    0.00    14  listener
11:56:20 AM  1000     27082    1.00    0.00    0.00    0.00    1.00     0  listener
11:56:20 AM  1000     27099    0.00    0.00    0.00    0.00    0.00     3  listener
11:56:20 AM  1000     27103    1.00    1.00    0.00    0.00    2.00    10  listener
11:56:20 AM  1000     27129    0.00    1.00    0.00    0.00    1.00     1  listener
11:56:20 AM  1000     27185    1.00    1.00    0.00    0.00    2.00     8  listener
11:56:20 AM  1000     27190    1.00    1.00    0.00    0.00    2.00     8  listener
11:56:20 AM  1000     27210    1.00    1.00    0.00    0.00    2.00     6  listener
11:56:20 AM  1000     27212    1.00    0.00    0.00    0.00    1.00     5  listener

11:56:20 AM   UID       PID    %usr %system  %guest   %wait    %CPU   CPU  Command
11:56:21 AM  1000     26825    0.00    0.00    0.00    0.00    0.00     0  listener
11:56:21 AM  1000     26827    1.00    0.00    0.00    0.00    1.00    10  listener
11:56:21 AM  1000     26829    1.00    1.00    0.00    0.00    2.00    12  listener
11:56:21 AM  1000     26831    0.00    0.00    0.00    0.00    0.00     6  listener
11:56:21 AM  1000     26833    1.00    0.00    0.00    0.00    1.00    13  listener
11:56:21 AM  1000     26835    1.00    0.00    0.00    0.00    1.00     8  listener
11:56:21 AM  1000     26837    1.00    1.00    0.00    0.00    2.00    12  listener
11:56:21 AM  1000     26839    1.00    0.00    0.00    0.00    1.00    12  listener
11:56:21 AM  1000     26842    0.00    0.00    0.00    0.00    0.00     3  listener
11:56:21 AM  1000     26845    1.00    1.00    0.00    0.00    2.00     1  listener
11:56:21 AM  1000     26853    1.00    0.00    0.00    0.00    1.00     5  listener
11:56:21 AM  1000     26857    0.00    1.00    0.00    0.00    1.00     6  listener
11:56:21 AM  1000     26868    1.00    0.00    0.00    0.00    1.00     4  listener
11:56:21 AM  1000     26870    0.00    0.00    0.00    0.00    0.00    18  listener
11:56:21 AM  1000     26891    0.00    1.00    0.00    0.00    1.00     0  listener
11:56:21 AM  1000     26916    0.00    1.00    0.00    0.00    1.00     8  listener
11:56:21 AM  1000     26999    0.00    0.00    0.00    0.00    0.00     0  listener
11:56:21 AM  1000     27003    1.00    0.00    0.00    0.00    1.00    12  listener
11:56:21 AM  1000     27005    1.00    0.00    0.00    0.00    1.00    11  listener
11:56:21 AM  1000     27023    0.00    1.00    0.00    0.00    1.00     2  listener
11:56:21 AM  1000     27043    1.00    1.00    0.00    0.00    2.00    17  listener
11:56:21 AM  1000     27067    0.00    0.00    0.00    0.00    0.00     6  listener
11:56:21 AM  1000     27076    0.00    0.00    0.00    0.00    0.00     1  listener
11:56:21 AM  1000     27079    1.00    1.00    0.00    0.00    2.00     1  listener
11:56:21 AM  1000     27082    1.00    0.00    0.00    0.00    1.00     3  listener
11:56:21 AM  1000     27099    0.00    1.00    0.00    0.00    1.00     3  listener
11:56:21 AM  1000     27103    0.00    0.00    0.00    0.00    0.00    10  listener
11:56:21 AM  1000     27129    1.00    0.00    0.00    0.00    1.00     1  listener
11:56:21 AM  1000     27185    1.00    0.00    0.00    0.00    1.00     8  listener
11:56:21 AM  1000     27190    0.00    0.00    0.00    0.00    0.00    13  listener
11:56:21 AM  1000     27210    0.00    0.00    0.00    0.00    0.00     6  listener
11:56:21 AM  1000     27212    0.00    0.00    0.00    0.00    0.00     3  listener

11:56:21 AM   UID       PID    %usr %system  %guest   %wait    %CPU   CPU  Command
11:56:22 AM  1000     26825    1.00    1.00    0.00    0.00    2.00     0  listener
11:56:22 AM  1000     26827    0.00    1.00    0.00    0.00    1.00     3  listener
11:56:22 AM  1000     26829    0.00    0.00    0.00    0.00    0.00    15  listener
11:56:22 AM  1000     26831    0.00    1.00    0.00    0.00    1.00     8  listener
11:56:22 AM  1000     26833    0.00    0.00    0.00    0.00    0.00    16  listener
11:56:22 AM  1000     26835    0.00    1.00    0.00    0.00    1.00    18  listener
11:56:22 AM  1000     26837    1.00    0.00    0.00    0.00    1.00    15  listener
11:56:22 AM  1000     26839    0.00    1.00    0.00    0.00    1.00    10  listener
11:56:22 AM  1000     26842    0.00    1.00    0.00    0.00    1.00     3  listener
11:56:22 AM  1000     26845    0.00    0.00    0.00    0.00    0.00     1  listener
11:56:22 AM  1000     26853    1.00    0.00    0.00    0.00    1.00     5  listener
11:56:22 AM  1000     26857    1.00    0.00    0.00    0.00    1.00     6  listener
11:56:22 AM  1000     26868    0.00    0.00    0.00    0.00    0.00     4  listener
11:56:22 AM  1000     26870    0.00    1.00    0.00    0.00    1.00     3  listener
11:56:22 AM  1000     26891    1.00    0.00    0.00    0.00    1.00     8  listener
11:56:22 AM  1000     26916    1.00    0.00    0.00    0.00    1.00     4  listener
11:56:22 AM  1000     26999    1.00    1.00    0.00    0.00    2.00     0  listener
11:56:22 AM  1000     27003    0.00    0.00    0.00    0.00    0.00    10  listener
11:56:22 AM  1000     27005    0.00    0.00    0.00    0.00    0.00    11  listener
11:56:22 AM  1000     27023    0.00    0.00    0.00    0.00    0.00     2  listener
11:56:22 AM  1000     27043    1.00    0.00    0.00    0.00    1.00     8  listener
11:56:22 AM  1000     27067    1.00    1.00    0.00    0.00    2.00     6  listener
11:56:22 AM  1000     27076    0.00    0.00    0.00    0.00    0.00     1  listener
11:56:22 AM  1000     27079    0.00    0.00    0.00    0.00    0.00    14  listener
11:56:22 AM  1000     27082    0.00    0.00    0.00    0.00    0.00    14  listener
11:56:22 AM  1000     27099    0.00    0.00    0.00    0.00    0.00     3  listener
11:56:22 AM  1000     27103    1.00    1.00    0.00    0.00    2.00    12  listener
11:56:22 AM  1000     27129    0.00    0.00    0.00    0.00    0.00     6  listener
11:56:22 AM  1000     27185    0.00    0.00    0.00    0.00    0.00     1  listener
11:56:22 AM  1000     27190    0.00    0.00    0.00    0.00    0.00    10  listener
11:56:22 AM  1000     27210    1.00    0.00    0.00    0.00    1.00     5  listener
11:56:22 AM  1000     27212    0.00    1.00    0.00    0.00    1.00     3  listener

11:56:22 AM   UID       PID    %usr %system  %guest   %wait    %CPU   CPU  Command
11:56:23 AM  1000     26825    1.00    0.00    0.00    0.00    1.00     0  listener
11:56:23 AM  1000     26827    1.00    0.00    0.00    0.00    1.00     3  listener
11:56:23 AM  1000     26829    1.00    1.00    0.00    0.00    2.00    15  listener
11:56:23 AM  1000     26831    1.00    0.00    0.00    0.00    1.00    18  listener
11:56:23 AM  1000     26833    1.00    0.00    0.00    0.00    1.00    16  listener
11:56:23 AM  1000     26835    0.00    0.00    0.00    0.00    0.00    18  listener
11:56:23 AM  1000     26837    1.00    0.00    0.00    0.00    1.00     3  listener
11:56:23 AM  1000     26839    0.00    0.00    0.00    0.00    0.00     0  listener
11:56:23 AM  1000     26842    0.00    0.00    0.00    0.00    0.00     3  listener
11:56:23 AM  1000     26845    0.00    0.00    0.00    0.00    0.00     3  listener
11:56:23 AM  1000     26853    1.00    1.00    0.00    0.00    2.00     5  listener
11:56:23 AM  1000     26857    0.00    0.00    0.00    0.00    0.00     1  listener
11:56:23 AM  1000     26868    1.00    1.00    0.00    0.00    2.00     4  listener
11:56:23 AM  1000     26870    1.00    1.00    0.00    0.00    2.00     3  listener
11:56:23 AM  1000     26891    1.00    0.00    0.00    0.00    1.00     8  listener
11:56:23 AM  1000     26916    0.00    1.00    0.00    0.00    1.00     4  listener
11:56:23 AM  1000     26999    0.00    0.00    0.00    0.00    0.00     0  listener
11:56:23 AM  1000     27003    1.00    1.00    0.00    0.00    2.00    13  listener
11:56:23 AM  1000     27005    1.00    1.00    0.00    0.00    2.00    11  listener
11:56:23 AM  1000     27023    1.00    1.00    0.00    0.00    2.00     2  listener
11:56:23 AM  1000     27043    0.00    0.00    0.00    0.00    0.00    10  listener
11:56:23 AM  1000     27067    0.00    0.00    0.00    0.00    0.00     6  listener
11:56:23 AM  1000     27076    1.00    1.00    0.00    0.00    2.00     1  listener
11:56:23 AM  1000     27079    0.00    1.00    0.00    0.00    1.00     1  listener
11:56:23 AM  1000     27082    1.00    1.00    0.00    0.00    2.00    14  listener
11:56:23 AM  1000     27099    1.00    1.00    0.00    0.00    2.00     5  listener
11:56:23 AM  1000     27103    0.00    0.00    0.00    0.00    0.00     1  listener
11:56:23 AM  1000     27129    0.00    0.00    0.00    0.00    0.00     6  listener
11:56:23 AM  1000     27185    1.00    0.00    0.00    0.00    1.00     1  listener
11:56:23 AM  1000     27190    1.00    1.00    0.00    0.00    2.00    15  listener
11:56:23 AM  1000     27210    0.00    0.00    0.00    0.00    0.00     6  listener
11:56:23 AM  1000     27212    0.00    0.00    0.00    0.00    0.00    15  listener

11:56:23 AM   UID       PID    %usr %system  %guest   %wait    %CPU   CPU  Command
11:56:24 AM  1000     26825    0.00    2.00    0.00    0.00    2.00     1  listener
11:56:24 AM  1000     26827    0.00    0.00    0.00    0.00    0.00     3  listener
11:56:24 AM  1000     26829    1.00    1.00    0.00    0.00    2.00    12  listener
11:56:24 AM  1000     26831    0.00    1.00    0.00    0.00    1.00    10  listener
11:56:24 AM  1000     26833    0.00    2.00    0.00    0.00    2.00    18  listener
11:56:24 AM  1000     26835    1.00    1.00    0.00    0.00    2.00     8  listener
11:56:24 AM  1000     26837    0.00    1.00    0.00    0.00    1.00    14  listener
11:56:24 AM  1000     26839    1.00    1.00    0.00    0.00    2.00    20  listener
11:56:24 AM  1000     26842    0.00    2.00    0.00    0.00    2.00     1  listener
11:56:24 AM  1000     26845    1.00    1.00    0.00    0.00    2.00     0  listener
11:56:24 AM  1000     26853    1.00    0.00    0.00    0.00    1.00     5  listener
11:56:24 AM  1000     26857    0.00    1.00    0.00    0.00    1.00     1  listener
11:56:24 AM  1000     26868    0.00    1.00    0.00    0.00    1.00     4  listener
11:56:24 AM  1000     26870    0.00    0.00    0.00    0.00    0.00     3  listener
11:56:24 AM  1000     26891    0.00    1.00    0.00    0.00    1.00    14  listener
11:56:24 AM  1000     26916    1.00    0.00    0.00    0.00    1.00     4  listener
11:56:24 AM  1000     26999    1.00    1.00    0.00    0.00    2.00     0  listener
11:56:24 AM  1000     27003    0.00    1.00    0.00    0.00    1.00    17  listener
11:56:24 AM  1000     27005    1.00    0.00    0.00    0.00    1.00    11  listener
11:56:24 AM  1000     27023    0.00    0.00    0.00    0.00    0.00     2  listener
11:56:24 AM  1000     27043    0.00    2.00    0.00    0.00    2.00     3  listener
11:56:24 AM  1000     27067    0.00    1.00    0.00    0.00    1.00     4  listener
11:56:24 AM  1000     27076    1.00    0.00    0.00    0.00    1.00     3  listener
11:56:24 AM  1000     27079    1.00    0.00    0.00    0.00    1.00     1  listener
11:56:24 AM  1000     27082    0.00    1.00    0.00    0.00    1.00     3  listener
11:56:24 AM  1000     27099    0.00    1.00    0.00    0.00    1.00     5  listener
11:56:24 AM  1000     27103    0.00    1.00    0.00    0.00    1.00     8  listener
11:56:24 AM  1000     27129    1.00    1.00    0.00    0.00    2.00    15  listener
11:56:24 AM  1000     27185    0.00    1.00    0.00    0.00    1.00     8  listener
11:56:24 AM  1000     27190    0.00    1.00    0.00    0.00    1.00     3  listener
11:56:24 AM  1000     27210    2.00    0.00    0.00    0.00    2.00     8  listener
11:56:24 AM  1000     27212    1.00    1.00    0.00    0.00    2.00    16  listener

11:56:24 AM   UID       PID    %usr %system  %guest   %wait    %CPU   CPU  Command
11:56:25 AM  1000     26825    0.00    0.00    0.00    0.00    0.00     1  listener
11:56:25 AM  1000     26827    1.00    0.00    0.00    0.00    1.00    19  listener
11:56:25 AM  1000     26829    0.00    0.00    0.00    0.00    0.00     3  listener
11:56:25 AM  1000     26831    1.00    0.00    0.00    0.00    1.00    12  listener
11:56:25 AM  1000     26833    0.00    0.00    0.00    0.00    0.00     6  listener
11:56:25 AM  1000     26835    0.00    0.00    0.00    0.00    0.00     8  listener
11:56:25 AM  1000     26837    0.00    1.00    0.00    0.00    1.00     8  listener
11:56:25 AM  1000     26839    1.00    1.00    0.00    0.00    2.00    20  listener
11:56:25 AM  1000     26842    1.00    0.00    0.00    0.00    1.00    17  listener
11:56:25 AM  1000     26845    0.00    0.00    0.00    0.00    0.00     0  listener
11:56:25 AM  1000     26853    0.00    0.00    0.00    0.00    0.00     3  listener
11:56:25 AM  1000     26857    1.00    1.00    0.00    0.00    2.00     6  listener
11:56:25 AM  1000     26868    0.00    1.00    0.00    0.00    1.00     4  listener
11:56:25 AM  1000     26870    1.00    0.00    0.00    0.00    1.00     3  listener
11:56:25 AM  1000     26891    0.00    1.00    0.00    0.00    1.00    12  listener
11:56:25 AM  1000     26916    1.00    0.00    0.00    0.00    1.00     4  listener
11:56:25 AM  1000     26999    0.00    0.00    0.00    0.00    0.00     6  listener
11:56:25 AM  1000     27003    1.00    0.00    0.00    0.00    1.00     0  listener
11:56:25 AM  1000     27005    0.00    1.00    0.00    0.00    1.00    11  listener
11:56:25 AM  1000     27023    0.00    1.00    0.00    0.00    1.00     2  listener
11:56:25 AM  1000     27043    0.00    1.00    0.00    0.00    1.00    10  listener
11:56:25 AM  1000     27067    1.00    0.00    0.00    0.00    1.00    10  listener
11:56:25 AM  1000     27076    1.00    0.00    0.00    0.00    1.00     8  listener
11:56:25 AM  1000     27079    0.00    1.00    0.00    0.00    1.00     1  listener
11:56:25 AM  1000     27082    0.00    0.00    0.00    0.00    0.00     6  listener
11:56:25 AM  1000     27099    0.00    0.00    0.00    0.00    0.00     8  listener
11:56:25 AM  1000     27103    1.00    1.00    0.00    0.00    2.00     3  listener
11:56:25 AM  1000     27129    1.00    0.00    0.00    0.00    1.00    18  listener
11:56:25 AM  1000     27185    1.00    0.00    0.00    0.00    1.00     8  listener
11:56:25 AM  1000     27190    0.00    1.00    0.00    0.00    1.00     3  listener
11:56:25 AM  1000     27210    1.00    0.00    0.00    0.00    1.00     3  listener
11:56:25 AM  1000     27212    0.00    0.00    0.00    0.00    0.00     1  listener

11:56:25 AM   UID       PID    %usr %system  %guest   %wait    %CPU   CPU  Command
11:56:26 AM  1000     26825    1.00    0.00    0.00    0.00    1.00     0  listener
11:56:26 AM  1000     26827    0.00    1.00    0.00    0.00    1.00     3  listener
11:56:26 AM  1000     26829    0.00    1.00    0.00    0.00    1.00     1  listener
11:56:26 AM  1000     26831    0.00    0.00    0.00    0.00    0.00    10  listener
11:56:26 AM  1000     26833    1.00    1.00    0.00    0.00    2.00    19  listener
11:56:26 AM  1000     26835    1.00    1.00    0.00    0.00    2.00     6  listener
11:56:26 AM  1000     26837    0.00    1.00    0.00    0.00    1.00    14  listener
11:56:26 AM  1000     26839    1.00    1.00    0.00    0.00    2.00     2  listener
11:56:26 AM  1000     26842    1.00    0.00    0.00    0.00    1.00    17  listener
11:56:26 AM  1000     26845    0.00    1.00    0.00    0.00    1.00     8  listener
11:56:26 AM  1000     26853    1.00    0.00    0.00    0.00    1.00     1  listener
11:56:26 AM  1000     26857    0.00    0.00    0.00    0.00    0.00     3  listener
11:56:26 AM  1000     26868    1.00    0.00    0.00    0.00    1.00    14  listener
11:56:26 AM  1000     26870    0.00    1.00    0.00    0.00    1.00    12  listener
11:56:26 AM  1000     26891    1.00    0.00    0.00    0.00    1.00    12  listener
11:56:26 AM  1000     26916    0.00    0.00    0.00    0.00    0.00     8  listener
11:56:26 AM  1000     26999    1.00    0.00    0.00    0.00    1.00    14  listener
11:56:26 AM  1000     27003    0.00    1.00    0.00    0.00    1.00     3  listener
11:56:26 AM  1000     27005    1.00    0.00    0.00    0.00    1.00     8  listener
11:56:26 AM  1000     27023    1.00    0.00    0.00    0.00    1.00     2  listener
11:56:26 AM  1000     27043    1.00    0.00    0.00    0.00    1.00    13  listener
11:56:26 AM  1000     27067    0.00    0.00    0.00    0.00    0.00     4  listener
11:56:26 AM  1000     27076    1.00    0.00    0.00    0.00    1.00     1  listener
11:56:26 AM  1000     27079    1.00    0.00    0.00    0.00    1.00    10  listener
11:56:26 AM  1000     27082    1.00    0.00    0.00    0.00    1.00     6  listener
11:56:26 AM  1000     27099    1.00    1.00    0.00    0.00    2.00     8  listener
11:56:26 AM  1000     27103    0.00    0.00    0.00    0.00    0.00     6  listener
11:56:26 AM  1000     27129    0.00    1.00    0.00    0.00    1.00    18  listener
11:56:26 AM  1000     27185    0.00    0.00    0.00    0.00    0.00     3  listener
11:56:26 AM  1000     27190    0.00    0.00    0.00    0.00    0.00     3  listener
11:56:26 AM  1000     27210    1.00    1.00    0.00    0.00    2.00     1  listener
11:56:26 AM  1000     27212    0.00    1.00    0.00    0.00    1.00    19  listener

11:56:26 AM   UID       PID    %usr %system  %guest   %wait    %CPU   CPU  Command
11:56:27 AM  1000     26825    1.00    0.00    0.00    0.00    1.00     6  listener
11:56:27 AM  1000     26827    0.00    0.00    0.00    0.00    0.00    19  listener
11:56:27 AM  1000     26829    1.00    1.00    0.00    0.00    2.00     5  listener
11:56:27 AM  1000     26831    1.00    1.00    0.00    0.00    2.00    10  listener
11:56:27 AM  1000     26833    1.00    0.00    0.00    0.00    1.00     0  listener
11:56:27 AM  1000     26835    0.00    0.00    0.00    0.00    0.00     8  listener
11:56:27 AM  1000     26837    1.00    0.00    0.00    0.00    1.00     6  listener
11:56:27 AM  1000     26839    0.00    0.00    0.00    0.00    0.00     1  listener
11:56:27 AM  1000     26842    0.00    1.00    0.00    0.00    1.00    17  listener
11:56:27 AM  1000     26845    1.00    0.00    0.00    0.00    1.00     8  listener
11:56:27 AM  1000     26853    1.00    0.00    0.00    0.00    1.00    13  listener
11:56:27 AM  1000     26857    1.00    0.00    0.00    0.00    1.00     8  listener
11:56:27 AM  1000     26868    1.00    0.00    0.00    0.00    1.00     4  listener
11:56:27 AM  1000     26870    0.00    0.00    0.00    0.00    0.00     6  listener
11:56:27 AM  1000     26891    0.00    0.00    0.00    0.00    0.00    12  listener
11:56:27 AM  1000     26916    0.00    1.00    0.00    0.00    1.00     5  listener
11:56:27 AM  1000     26999    0.00    0.00    0.00    0.00    0.00    14  listener
11:56:27 AM  1000     27003    0.00    0.00    0.00    0.00    0.00     3  listener
11:56:27 AM  1000     27005    1.00    0.00    0.00    0.00    1.00     8  listener
11:56:27 AM  1000     27023    0.00    0.00    0.00    0.00    0.00     2  listener
11:56:27 AM  1000     27043    1.00    1.00    0.00    0.00    2.00     8  listener
11:56:27 AM  1000     27067    0.00    1.00    0.00    0.00    1.00     4  listener
11:56:27 AM  1000     27076    0.00    1.00    0.00    0.00    1.00     2  listener
11:56:27 AM  1000     27079    0.00    1.00    0.00    0.00    1.00    13  listener
11:56:27 AM  1000     27082    1.00    1.00    0.00    0.00    2.00     8  listener
11:56:27 AM  1000     27099    0.00    0.00    0.00    0.00    0.00     8  listener
11:56:27 AM  1000     27103    1.00    0.00    0.00    0.00    1.00     1  listener
11:56:27 AM  1000     27129    1.00    0.00    0.00    0.00    1.00    18  listener
11:56:27 AM  1000     27185    1.00    0.00    0.00    0.00    1.00     5  listener
11:56:27 AM  1000     27190    0.00    1.00    0.00    0.00    1.00     8  listener
11:56:27 AM  1000     27210    0.00    0.00    0.00    0.00    0.00     1  listener
11:56:27 AM  1000     27212    1.00    0.00    0.00    0.00    1.00     3  listener

11:56:27 AM   UID       PID    %usr %system  %guest   %wait    %CPU   CPU  Command
11:56:28 AM  1000     26825    0.00    1.00    0.00    0.00    1.00     6  listener
11:56:28 AM  1000     26827    1.00    0.00    0.00    0.00    1.00     1  listener
11:56:28 AM  1000     26829    0.00    0.00    0.00    0.00    0.00     1  listener
11:56:28 AM  1000     26831    0.00    0.00    0.00    0.00    0.00     6  listener
11:56:28 AM  1000     26833    0.00    1.00    0.00    0.00    1.00     3  listener
11:56:28 AM  1000     26835    0.00    0.00    0.00    0.00    0.00    12  listener
11:56:28 AM  1000     26837    0.00    1.00    0.00    0.00    1.00     1  listener
11:56:28 AM  1000     26839    1.00    0.00    0.00    0.00    1.00     1  listener
11:56:28 AM  1000     26842    1.00    0.00    0.00    0.00    1.00    17  listener
11:56:28 AM  1000     26845    0.00    0.00    0.00    0.00    0.00    14  listener
11:56:28 AM  1000     26853    1.00    1.00    0.00    0.00    2.00     3  listener
11:56:28 AM  1000     26857    0.00    1.00    0.00    0.00    1.00     1  listener
11:56:28 AM  1000     26868    0.00    1.00    0.00    0.00    1.00     8  listener
11:56:28 AM  1000     26870    1.00    1.00    0.00    0.00    2.00     5  listener
11:56:28 AM  1000     26891    1.00    0.00    0.00    0.00    1.00     1  listener
11:56:28 AM  1000     26916    0.00    0.00    0.00    0.00    0.00     1  listener
11:56:28 AM  1000     26999    1.00    0.00    0.00    0.00    1.00     1  listener
11:56:28 AM  1000     27003    1.00    1.00    0.00    0.00    2.00     3  listener
11:56:28 AM  1000     27005    0.00    1.00    0.00    0.00    1.00     8  listener
11:56:28 AM  1000     27023    1.00    0.00    0.00    0.00    1.00    14  listener
11:56:28 AM  1000     27043    1.00    0.00    0.00    0.00    1.00    12  listener
11:56:28 AM  1000     27067    0.00    0.00    0.00    0.00    0.00     3  listener
11:56:28 AM  1000     27076    1.00    0.00    0.00    0.00    1.00     1  listener
11:56:28 AM  1000     27079    1.00    0.00    0.00    0.00    1.00     3  listener
11:56:28 AM  1000     27082    1.00    0.00    0.00    0.00    1.00     8  listener
11:56:28 AM  1000     27099    0.00    1.00    0.00    0.00    1.00    18  listener
11:56:28 AM  1000     27103    1.00    0.00    0.00    0.00    1.00     6  listener
11:56:28 AM  1000     27129    0.00    0.00    0.00    0.00    0.00    18  listener
11:56:28 AM  1000     27185    0.00    1.00    0.00    0.00    1.00     5  listener
11:56:28 AM  1000     27190    1.00    0.00    0.00    0.00    1.00     8  listener
11:56:28 AM  1000     27210    1.00    0.00    0.00    0.00    1.00    10  listener
11:56:28 AM  1000     27212    0.00    0.00    0.00    0.00    0.00     8  listener

11:56:28 AM   UID       PID    %usr %system  %guest   %wait    %CPU   CPU  Command
11:56:29 AM  1000     26825    1.00    0.00    0.00    0.00    1.00     3  listener
11:56:29 AM  1000     26827    0.00    0.00    0.00    0.00    0.00     5  listener
11:56:29 AM  1000     26829    1.00    0.00    0.00    0.00    1.00     5  listener
11:56:29 AM  1000     26831    0.00    1.00    0.00    0.00    1.00    10  listener
11:56:29 AM  1000     26833    1.00    0.00    0.00    0.00    1.00    10  listener
11:56:29 AM  1000     26835    1.00    1.00    0.00    0.00    2.00     2  listener
11:56:29 AM  1000     26837    1.00    1.00    0.00    0.00    2.00     8  listener
11:56:29 AM  1000     26839    0.00    1.00    0.00    0.00    1.00     8  listener
11:56:29 AM  1000     26842    0.00    0.00    0.00    0.00    0.00     6  listener
11:56:29 AM  1000     26845    0.00    1.00    0.00    0.00    1.00    16  listener
11:56:29 AM  1000     26853    1.00    0.00    0.00    0.00    1.00     3  listener
11:56:29 AM  1000     26857    0.00    0.00    0.00    0.00    0.00     3  listener
11:56:29 AM  1000     26868    1.00    0.00    0.00    0.00    1.00     5  listener
11:56:29 AM  1000     26870    0.00    0.00    0.00    0.00    0.00     5  listener
11:56:29 AM  1000     26891    1.00    0.00    0.00    0.00    1.00     1  listener
11:56:29 AM  1000     26916    1.00    0.00    0.00    0.00    1.00     1  listener
11:56:29 AM  1000     26999    0.00    1.00    0.00    0.00    1.00     0  listener
11:56:29 AM  1000     27003    0.00    0.00    0.00    0.00    0.00     1  listener
11:56:29 AM  1000     27005    1.00    0.00    0.00    0.00    1.00     8  listener
11:56:29 AM  1000     27023    0.00    1.00    0.00    0.00    1.00     8  listener
11:56:29 AM  1000     27043    0.00    0.00    0.00    0.00    0.00     1  listener
11:56:29 AM  1000     27067    0.00    1.00    0.00    0.00    1.00     4  listener
11:56:29 AM  1000     27076    0.00    0.00    0.00    0.00    0.00     2  listener
11:56:29 AM  1000     27079    0.00    0.00    0.00    0.00    0.00     3  listener
11:56:29 AM  1000     27082    0.00    0.00    0.00    0.00    0.00    12  listener
11:56:29 AM  1000     27099    1.00    0.00    0.00    0.00    1.00    10  listener
11:56:29 AM  1000     27103    1.00    1.00    0.00    0.00    2.00     0  listener
11:56:29 AM  1000     27129    0.00    1.00    0.00    0.00    1.00     6  listener
11:56:29 AM  1000     27185    0.00    0.00    0.00    0.00    0.00     5  listener
11:56:29 AM  1000     27190    0.00    1.00    0.00    0.00    1.00     1  listener
11:56:29 AM  1000     27210    1.00    1.00    0.00    0.00    2.00     8  listener
11:56:29 AM  1000     27212    0.00    1.00    0.00    0.00    1.00     8  listener

11:56:29 AM   UID       PID    %usr %system  %guest   %wait    %CPU   CPU  Command
11:56:30 AM  1000     26825    1.00    0.00    0.00    0.00    1.00     4  listener
11:56:30 AM  1000     26827    0.00    1.00    0.00    0.00    1.00     1  listener
11:56:30 AM  1000     26829    1.00    1.00    0.00    0.00    2.00     1  listener
11:56:30 AM  1000     26831    0.00    0.00    0.00    0.00    0.00    10  listener
11:56:30 AM  1000     26833    0.00    0.00    0.00    0.00    0.00     3  listener
11:56:30 AM  1000     26835    0.00    0.00    0.00    0.00    0.00     2  listener
11:56:30 AM  1000     26837    0.00    0.00    0.00    0.00    0.00     1  listener
11:56:30 AM  1000     26839    1.00    0.00    0.00    0.00    1.00     6  listener
11:56:30 AM  1000     26842    1.00    1.00    0.00    0.00    2.00     0  listener
11:56:30 AM  1000     26845    1.00    0.00    0.00    0.00    1.00    15  listener
11:56:30 AM  1000     26853    0.00    0.00    0.00    0.00    0.00    13  listener
11:56:30 AM  1000     26857    1.00    0.00    0.00    0.00    1.00     3  listener
11:56:30 AM  1000     26868    1.00    0.00    0.00    0.00    1.00     5  listener
11:56:30 AM  1000     26870    1.00    1.00    0.00    0.00    2.00     5  listener
11:56:30 AM  1000     26891    1.00    0.00    0.00    0.00    1.00     1  listener
11:56:30 AM  1000     26916    0.00    1.00    0.00    0.00    1.00     1  listener
11:56:30 AM  1000     26999    1.00    0.00    0.00    0.00    1.00     3  listener
11:56:30 AM  1000     27003    0.00    1.00    0.00    0.00    1.00    12  listener
11:56:30 AM  1000     27005    1.00    0.00    0.00    0.00    1.00     1  listener
11:56:30 AM  1000     27023    0.00    1.00    0.00    0.00    1.00     5  listener
11:56:30 AM  1000     27043    1.00    0.00    0.00    0.00    1.00     3  listener
11:56:30 AM  1000     27067    1.00    0.00    0.00    0.00    1.00     4  listener
11:56:30 AM  1000     27076    1.00    1.00    0.00    0.00    2.00     3  listener
11:56:30 AM  1000     27079    0.00    1.00    0.00    0.00    1.00     3  listener
11:56:30 AM  1000     27082    1.00    1.00    0.00    0.00    2.00    12  listener
11:56:30 AM  1000     27099    0.00    0.00    0.00    0.00    0.00    10  listener
11:56:30 AM  1000     27103    0.00    0.00    0.00    0.00    0.00     0  listener
11:56:30 AM  1000     27129    1.00    0.00    0.00    0.00    1.00    14  listener
11:56:30 AM  1000     27185    1.00    0.00    0.00    0.00    1.00    17  listener
11:56:30 AM  1000     27190    0.00    0.00    0.00    0.00    0.00     1  listener
11:56:30 AM  1000     27210    0.00    0.00    0.00    0.00    0.00     8  listener
11:56:30 AM  1000     27212    1.00    0.00    0.00    0.00    1.00    15  listener

11:56:30 AM   UID       PID    %usr %system  %guest   %wait    %CPU   CPU  Command
11:56:31 AM  1000     26825    0.00    2.00    0.00    0.00    2.00     4  listener
11:56:31 AM  1000     26827    1.00    0.00    0.00    0.00    1.00     5  listener
11:56:31 AM  1000     26829    0.00    0.00    0.00    0.00    0.00     5  listener
11:56:31 AM  1000     26831    1.00    1.00    0.00    0.00    2.00     8  listener
11:56:31 AM  1000     26833    1.00    0.00    0.00    0.00    1.00     8  listener
11:56:31 AM  1000     26835    1.00    0.00    0.00    0.00    1.00     6  listener
11:56:31 AM  1000     26837    1.00    0.00    0.00    0.00    1.00    13  listener
11:56:31 AM  1000     26839    0.00    1.00    0.00    0.00    1.00    15  listener
11:56:31 AM  1000     26842    0.00    0.00    0.00    0.00    0.00     6  listener
11:56:31 AM  1000     26845    0.00    0.00    0.00    0.00    0.00    16  listener
11:56:31 AM  1000     26853    1.00    1.00    0.00    0.00    2.00    13  listener
11:56:31 AM  1000     26857    0.00    1.00    0.00    0.00    1.00     5  listener
11:56:31 AM  1000     26868    0.00    1.00    0.00    0.00    1.00     5  listener
11:56:31 AM  1000     26870    0.00    0.00    0.00    0.00    0.00     6  listener
11:56:31 AM  1000     26891    1.00    1.00    0.00    0.00    2.00     1  listener
11:56:31 AM  1000     26916    1.00    0.00    0.00    0.00    1.00     1  listener
11:56:31 AM  1000     26999    1.00    0.00    0.00    0.00    1.00    19  listener
11:56:31 AM  1000     27003    0.00    0.00    0.00    0.00    0.00     1  listener
11:56:31 AM  1000     27005    0.00    0.00    0.00    0.00    0.00    12  listener
11:56:31 AM  1000     27023    1.00    0.00    0.00    0.00    1.00     2  listener
11:56:31 AM  1000     27043    1.00    1.00    0.00    0.00    2.00     3  listener
11:56:31 AM  1000     27067    0.00    0.00    0.00    0.00    0.00     3  listener
11:56:31 AM  1000     27076    1.00    0.00    0.00    0.00    1.00     6  listener
11:56:31 AM  1000     27079    1.00    0.00    0.00    0.00    1.00     1  listener
11:56:31 AM  1000     27082    0.00    0.00    0.00    0.00    0.00    14  listener
11:56:31 AM  1000     27099    0.00    1.00    0.00    0.00    1.00    10  listener
11:56:31 AM  1000     27103    1.00    1.00    0.00    0.00    2.00     1  listener
11:56:31 AM  1000     27129    0.00    1.00    0.00    0.00    1.00    14  listener
11:56:31 AM  1000     27185    0.00    0.00    0.00    0.00    0.00    17  listener
11:56:31 AM  1000     27190    1.00    1.00    0.00    0.00    2.00     8  listener
11:56:31 AM  1000     27210    1.00    0.00    0.00    0.00    1.00     0  listener
11:56:31 AM  1000     27212    0.00    0.00    0.00    0.00    0.00    15  listener

11:56:31 AM   UID       PID    %usr %system  %guest   %wait    %CPU   CPU  Command
11:56:32 AM  1000     26825    0.00    0.00    0.00    0.00    0.00     3  listener
11:56:32 AM  1000     26827    0.00    0.00    0.00    0.00    0.00     5  listener
11:56:32 AM  1000     26829    1.00    0.00    0.00    0.00    1.00     6  listener
11:56:32 AM  1000     26831    0.00    0.00    0.00    0.00    0.00    12  listener
11:56:32 AM  1000     26833    2.00    1.00    0.00    0.00    3.00    18  listener
11:56:32 AM  1000     26835    0.00    1.00    0.00    0.00    1.00     6  listener
11:56:32 AM  1000     26837    1.00    0.00    0.00    0.00    1.00     1  listener
11:56:32 AM  1000     26839    0.00    1.00    0.00    0.00    1.00    15  listener
11:56:32 AM  1000     26842    0.00    1.00    0.00    0.00    1.00     6  listener
11:56:32 AM  1000     26845    1.00    1.00    0.00    0.00    2.00     1  listener
11:56:32 AM  1000     26853    1.00    0.00    0.00    0.00    1.00     0  listener
11:56:32 AM  1000     26857    1.00    0.00    0.00    0.00    1.00     5  listener
11:56:32 AM  1000     26868    1.00    0.00    0.00    0.00    1.00     5  listener
11:56:32 AM  1000     26870    0.00    1.00    0.00    0.00    1.00     6  listener
11:56:32 AM  1000     26891    0.00    1.00    0.00    0.00    1.00     1  listener
11:56:32 AM  1000     26916    0.00    1.00    0.00    0.00    1.00     1  listener
11:56:32 AM  1000     26999    0.00    1.00    0.00    0.00    1.00     0  listener
11:56:32 AM  1000     27003    1.00    1.00    0.00    0.00    2.00     6  listener
11:56:32 AM  1000     27005    1.00    1.00    0.00    0.00    2.00    11  listener
11:56:32 AM  1000     27023    0.00    1.00    0.00    0.00    1.00     1  listener
11:56:32 AM  1000     27043    0.00    0.00    0.00    0.00    0.00     5  listener
11:56:32 AM  1000     27067    0.00    1.00    0.00    0.00    1.00     4  listener
11:56:32 AM  1000     27076    1.00    0.00    0.00    0.00    1.00     6  listener
11:56:32 AM  1000     27079    0.00    1.00    0.00    0.00    1.00     2  listener
11:56:32 AM  1000     27082    1.00    0.00    0.00    1.00    1.00     1  listener
11:56:32 AM  1000     27099    1.00    1.00    0.00    0.00    2.00    18  listener
11:56:32 AM  1000     27103    0.00    1.00    0.00    0.00    1.00     8  listener
11:56:32 AM  1000     27129    0.00    1.00    0.00    0.00    1.00     3  listener
11:56:32 AM  1000     27185    0.00    2.00    0.00    0.00    2.00     0  listener
11:56:32 AM  1000     27190    0.00    1.00    0.00    0.00    1.00    10  listener
11:56:32 AM  1000     27210    1.00    1.00    0.00    0.00    2.00     0  listener
11:56:32 AM  1000     27212    0.00    1.00    0.00    0.00    1.00    16  listener

11:56:32 AM   UID       PID    %usr %system  %guest   %wait    %CPU   CPU  Command
11:56:33 AM  1000     26825    1.00    1.00    0.00    0.00    2.00     5  listener
11:56:33 AM  1000     26827    1.00    1.00    0.00    0.00    2.00     5  listener
11:56:33 AM  1000     26829    1.00    0.00    0.00    0.00    1.00     6  listener
11:56:33 AM  1000     26831    1.00    1.00    0.00    0.00    2.00     3  listener
11:56:33 AM  1000     26833    0.00    0.00    0.00    0.00    0.00    18  listener
11:56:33 AM  1000     26835    1.00    0.00    0.00    0.00    1.00     2  listener
11:56:33 AM  1000     26837    1.00    1.00    0.00    0.00    2.00    10  listener
11:56:33 AM  1000     26839    1.00    0.00    0.00    0.00    1.00    12  listener
11:56:33 AM  1000     26842    0.00    1.00    0.00    0.00    1.00     6  listener
11:56:33 AM  1000     26845    0.00    0.00    0.00    0.00    0.00     1  listener
11:56:33 AM  1000     26853    1.00    0.00    0.00    0.00    1.00    13  listener
11:56:33 AM  1000     26857    0.00    1.00    0.00    0.00    1.00     5  listener
11:56:33 AM  1000     26868    0.00    1.00    0.00    0.00    1.00     8  listener
11:56:33 AM  1000     26870    0.00    0.00    0.00    0.00    0.00     5  listener
11:56:33 AM  1000     26891    0.00    0.00    0.00    0.00    0.00     9  listener
11:56:33 AM  1000     26916    1.00    0.00    0.00    0.00    1.00     3  listener
11:56:33 AM  1000     26999    1.00    1.00    0.00    0.00    2.00    13  listener
11:56:33 AM  1000     27003    1.00    0.00    0.00    0.00    1.00     1  listener
11:56:33 AM  1000     27005    1.00    1.00    0.00    0.00    2.00     1  listener
11:56:33 AM  1000     27023    0.00    0.00    0.00    0.00    0.00     3  listener
11:56:33 AM  1000     27043    0.00    1.00    0.00    0.00    1.00     6  listener
11:56:33 AM  1000     27067    1.00    0.00    0.00    0.00    1.00     4  listener
11:56:33 AM  1000     27076    1.00    1.00    0.00    0.00    2.00     6  listener
11:56:33 AM  1000     27079    1.00    0.00    0.00    0.00    1.00     2  listener
11:56:33 AM  1000     27082    1.00    0.00    0.00    0.00    1.00     3  listener
11:56:33 AM  1000     27099    0.00    0.00    0.00    0.00    0.00    15  listener
11:56:33 AM  1000     27103    0.00    1.00    0.00    0.00    1.00    10  listener
11:56:33 AM  1000     27129    1.00    0.00    0.00    0.00    1.00    10  listener
11:56:33 AM  1000     27185    0.00    0.00    0.00    0.00    0.00    14  listener
11:56:33 AM  1000     27190    0.00    0.00    0.00    0.00    0.00    10  listener
11:56:33 AM  1000     27210    1.00    0.00    0.00    0.00    1.00    10  listener
11:56:33 AM  1000     27212    1.00    1.00    0.00    0.00    2.00    15  listener

11:56:33 AM   UID       PID    %usr %system  %guest   %wait    %CPU   CPU  Command
11:56:34 AM  1000     26825    1.00    0.00    0.00    0.00    1.00     5  listener
11:56:34 AM  1000     26827    0.00    0.00    0.00    0.00    0.00     5  listener
11:56:34 AM  1000     26829    1.00    1.00    0.00    0.00    2.00     5  listener
11:56:34 AM  1000     26831    0.00    0.00    0.00    0.00    0.00    12  listener
11:56:34 AM  1000     26833    1.00    0.00    0.00    0.00    1.00     8  listener
11:56:34 AM  1000     26835    0.00    1.00    0.00    0.00    1.00     2  listener
11:56:34 AM  1000     26837    1.00    0.00    0.00    0.00    1.00    17  listener
11:56:34 AM  1000     26839    0.00    1.00    0.00    0.00    1.00     8  listener
11:56:34 AM  1000     26842    0.00    1.00    0.00    0.00    1.00     6  listener
11:56:34 AM  1000     26845    0.00    1.00    0.00    0.00    1.00     1  listener
11:56:34 AM  1000     26853    1.00    0.00    0.00    0.00    1.00     1  listener
11:56:34 AM  1000     26857    0.00    1.00    0.00    0.00    1.00     5  listener
11:56:34 AM  1000     26868    1.00    0.00    0.00    0.00    1.00     8  listener
11:56:34 AM  1000     26870    0.00    1.00    0.00    0.00    1.00     8  listener
11:56:34 AM  1000     26891    0.00    1.00    0.00    0.00    1.00     9  listener
11:56:34 AM  1000     26916    0.00    1.00    0.00    0.00    1.00     1  listener
11:56:34 AM  1000     26999    0.00    0.00    0.00    0.00    0.00    19  listener
11:56:34 AM  1000     27003    0.00    1.00    0.00    0.00    1.00     1  listener
11:56:34 AM  1000     27005    0.00    0.00    0.00    0.00    0.00    11  listener
11:56:34 AM  1000     27023    1.00    1.00    0.00    0.00    2.00     3  listener
11:56:34 AM  1000     27043    1.00    0.00    0.00    0.00    1.00     5  listener
11:56:34 AM  1000     27067    0.00    1.00    0.00    0.00    1.00     8  listener
11:56:34 AM  1000     27076    1.00    0.00    0.00    0.00    1.00    12  listener
11:56:34 AM  1000     27079    0.00    0.00    0.00    0.00    0.00     1  listener
11:56:34 AM  1000     27082    1.00    1.00    0.00    0.00    2.00     3  listener
11:56:34 AM  1000     27099    0.00    1.00    0.00    0.00    1.00     3  listener
11:56:34 AM  1000     27103    1.00    0.00    0.00    0.00    1.00     8  listener
11:56:34 AM  1000     27129    0.00    1.00    0.00    0.00    1.00     3  listener
11:56:34 AM  1000     27185    1.00    0.00    0.00    0.00    1.00     8  listener
11:56:34 AM  1000     27190    0.00    1.00    0.00    0.00    1.00     8  listener
11:56:34 AM  1000     27210    1.00    0.00    0.00    0.00    1.00    12  listener
11:56:34 AM  1000     27212    0.00    0.00    0.00    0.00    0.00     8  listener

11:56:34 AM   UID       PID    %usr %system  %guest   %wait    %CPU   CPU  Command
11:56:35 AM  1000     26825    0.00    0.00    0.00    0.00    0.00     5  listener
11:56:35 AM  1000     26827    1.00    0.00    0.00    0.00    1.00     6  listener
11:56:35 AM  1000     26829    0.00    1.00    0.00    0.00    1.00     5  listener
11:56:35 AM  1000     26831    1.00    0.00    0.00    0.00    1.00    13  listener
11:56:35 AM  1000     26833    0.00    1.00    0.00    0.00    1.00     8  listener
11:56:35 AM  1000     26835    0.00    0.00    0.00    0.00    0.00     3  listener
11:56:35 AM  1000     26837    0.00    0.00    0.00    0.00    0.00     6  listener
11:56:35 AM  1000     26839    0.00    0.00    0.00    0.00    0.00    12  listener
11:56:35 AM  1000     26842    1.00    1.00    0.00    0.00    2.00     1  listener
11:56:35 AM  1000     26845    1.00    0.00    0.00    0.00    1.00     4  listener
11:56:35 AM  1000     26853    1.00    0.00    0.00    0.00    1.00     1  listener
11:56:35 AM  1000     26857    1.00    0.00    0.00    0.00    1.00     3  listener
11:56:35 AM  1000     26868    0.00    0.00    0.00    0.00    0.00     1  listener
11:56:35 AM  1000     26870    1.00    0.00    0.00    0.00    1.00    16  listener
11:56:35 AM  1000     26891    1.00    1.00    0.00    0.00    2.00     3  listener
11:56:35 AM  1000     26916    1.00    0.00    0.00    0.00    1.00     1  listener
11:56:35 AM  1000     26999    1.00    1.00    0.00    0.00    2.00     2  listener
11:56:35 AM  1000     27003    0.00    0.00    0.00    0.00    0.00     1  listener
11:56:35 AM  1000     27005    1.00    0.00    0.00    0.00    1.00    11  listener
11:56:35 AM  1000     27023    0.00    0.00    0.00    0.00    0.00     3  listener
11:56:35 AM  1000     27043    1.00    1.00    0.00    0.00    2.00     8  listener
11:56:35 AM  1000     27067    1.00    0.00    0.00    0.00    1.00     4  listener
11:56:35 AM  1000     27076    0.00    1.00    0.00    0.00    1.00     6  listener
11:56:35 AM  1000     27079    1.00    1.00    0.00    0.00    2.00     6  listener
11:56:35 AM  1000     27082    0.00    0.00    0.00    0.00    0.00     8  listener
11:56:35 AM  1000     27099    1.00    0.00    0.00    0.00    1.00     3  listener
11:56:35 AM  1000     27103    1.00    0.00    0.00    0.00    1.00    12  listener
11:56:35 AM  1000     27129    1.00    0.00    0.00    0.00    1.00     3  listener
11:56:35 AM  1000     27185    1.00    0.00    0.00    0.00    1.00    12  listener
11:56:35 AM  1000     27190    1.00    0.00    0.00    0.00    1.00     8  listener
11:56:35 AM  1000     27210    0.00    0.00    0.00    0.00    0.00     0  listener
11:56:35 AM  1000     27212    0.00    0.00    0.00    0.00    0.00     3  listener

11:56:35 AM   UID       PID    %usr %system  %guest   %wait    %CPU   CPU  Command
11:56:36 AM  1000     26825    0.00    1.00    0.00    0.00    1.00     5  listener
11:56:36 AM  1000     26827    0.00    1.00    0.00    0.00    1.00    14  listener
11:56:36 AM  1000     26829    0.00    0.00    0.00    0.00    0.00     6  listener
11:56:36 AM  1000     26831    0.00    1.00    0.00    0.00    1.00    10  listener
11:56:36 AM  1000     26833    0.00    0.00    0.00    0.00    0.00     8  listener
11:56:36 AM  1000     26835    1.00    1.00    0.00    0.00    2.00     2  listener
11:56:36 AM  1000     26837    1.00    1.00    0.00    0.00    2.00    10  listener
11:56:36 AM  1000     26839    1.00    1.00    0.00    0.00    2.00     3  listener
11:56:36 AM  1000     26842    0.00    0.00    0.00    0.00    0.00    12  listener
11:56:36 AM  1000     26845    0.00    1.00    0.00    0.00    1.00     4  listener
11:56:36 AM  1000     26853    1.00    0.00    0.00    0.00    1.00    18  listener
11:56:36 AM  1000     26857    0.00    0.00    0.00    0.00    0.00     5  listener
11:56:36 AM  1000     26868    1.00    0.00    0.00    0.00    1.00     6  listener
11:56:36 AM  1000     26870    0.00    1.00    0.00    0.00    1.00     3  listener
11:56:36 AM  1000     26891    1.00    0.00    0.00    0.00    1.00     3  listener
11:56:36 AM  1000     26916    1.00    0.00    0.00    0.00    1.00    10  listener
11:56:36 AM  1000     26999    0.00    0.00    0.00    0.00    0.00     1  listener
11:56:36 AM  1000     27003    1.00    0.00    0.00    0.00    1.00     8  listener
11:56:36 AM  1000     27005    0.00    0.00    0.00    0.00    0.00    14  listener
11:56:36 AM  1000     27023    0.00    1.00    0.00    0.00    1.00     1  listener
11:56:36 AM  1000     27043    0.00    1.00    0.00    0.00    1.00    10  listener
11:56:36 AM  1000     27067    0.00    0.00    0.00    0.00    0.00    10  listener
11:56:36 AM  1000     27076    1.00    0.00    0.00    0.00    1.00    14  listener
11:56:36 AM  1000     27079    0.00    0.00    0.00    0.00    0.00     3  listener
11:56:36 AM  1000     27082    1.00    1.00    0.00    0.00    2.00     8  listener
11:56:36 AM  1000     27099    0.00    1.00    0.00    0.00    1.00    10  listener
11:56:36 AM  1000     27103    1.00    1.00    0.00    0.00    2.00    12  listener
11:56:36 AM  1000     27129    0.00    1.00    0.00    0.00    1.00    10  listener
11:56:36 AM  1000     27185    0.00    0.00    0.00    0.00    0.00     8  listener
11:56:36 AM  1000     27190    0.00    1.00    0.00    0.00    1.00     8  listener
11:56:36 AM  1000     27210    1.00    1.00    0.00    0.00    2.00     0  listener
11:56:36 AM  1000     27212    1.00    0.00    0.00    0.00    1.00    10  listener

11:56:36 AM   UID       PID    %usr %system  %guest   %wait    %CPU   CPU  Command
11:56:37 AM  1000     26825    1.00    0.00    0.00    0.00    1.00     5  listener
11:56:37 AM  1000     26827    0.00    0.00    0.00    0.00    0.00     0  listener
11:56:37 AM  1000     26829    1.00    0.00    0.00    0.00    1.00     5  listener
11:56:37 AM  1000     26831    1.00    0.00    0.00    0.00    1.00    11  listener
11:56:37 AM  1000     26833    1.00    0.00    0.00    0.00    1.00    12  listener
11:56:37 AM  1000     26835    0.00    0.00    0.00    0.00    0.00     2  listener
11:56:37 AM  1000     26837    1.00    0.00    0.00    0.00    1.00    13  listener
11:56:37 AM  1000     26839    0.00    0.00    0.00    0.00    0.00    10  listener
11:56:37 AM  1000     26842    0.00    1.00    0.00    0.00    1.00    10  listener
11:56:37 AM  1000     26845    0.00    0.00    0.00    0.00    0.00     5  listener
11:56:37 AM  1000     26853    0.00    0.00    0.00    0.00    0.00     1  listener
11:56:37 AM  1000     26857    0.00    1.00    0.00    0.00    1.00     3  listener
11:56:37 AM  1000     26868    1.00    1.00    0.00    0.00    2.00     6  listener
11:56:37 AM  1000     26870    0.00    0.00    0.00    0.00    0.00     3  listener
11:56:37 AM  1000     26891    0.00    0.00    0.00    0.00    0.00     1  listener
11:56:37 AM  1000     26916    0.00    0.00    0.00    0.00    0.00    14  listener
11:56:37 AM  1000     26999    1.00    0.00    0.00    0.00    1.00     2  listener
11:56:37 AM  1000     27003    0.00    1.00    0.00    0.00    1.00    10  listener
11:56:37 AM  1000     27005    1.00    1.00    0.00    0.00    2.00     1  listener
11:56:37 AM  1000     27023    0.00    0.00    0.00    0.00    0.00     3  listener
11:56:37 AM  1000     27043    0.00    0.00    0.00    0.00    0.00     6  listener
11:56:37 AM  1000     27067    1.00    0.00    0.00    0.00    1.00    10  listener
11:56:37 AM  1000     27076    1.00    0.00    0.00    0.00    1.00    14  listener
11:56:37 AM  1000     27079    0.00    1.00    0.00    0.00    1.00     6  listener
11:56:37 AM  1000     27082    0.00    0.00    0.00    0.00    0.00     3  listener
11:56:37 AM  1000     27099    0.00    0.00    0.00    0.00    0.00    11  listener
11:56:37 AM  1000     27103    1.00    0.00    0.00    0.00    1.00     3  listener
11:56:37 AM  1000     27129    0.00    0.00    0.00    0.00    0.00     3  listener
11:56:37 AM  1000     27185    1.00    1.00    0.00    0.00    2.00     8  listener
11:56:37 AM  1000     27190    1.00    0.00    0.00    0.00    1.00    10  listener
11:56:37 AM  1000     27210    0.00    0.00    0.00    0.00    0.00    12  listener
11:56:37 AM  1000     27212    0.00    1.00    0.00    0.00    1.00    12  listener

11:56:37 AM   UID       PID    %usr %system  %guest   %wait    %CPU   CPU  Command
11:56:38 AM  1000     26825    1.00    1.00    0.00    0.00    2.00     5  listener
11:56:38 AM  1000     26827    0.00    0.00    0.00    0.00    0.00     0  listener
11:56:38 AM  1000     26829    1.00    0.00    0.00    0.00    1.00     6  listener
11:56:38 AM  1000     26831    0.00    0.00    0.00    0.00    0.00    11  listener
11:56:38 AM  1000     26833    0.00    0.00    0.00    0.00    0.00    15  listener
11:56:38 AM  1000     26835    1.00    1.00    0.00    0.00    2.00     2  listener
11:56:38 AM  1000     26837    0.00    1.00    0.00    0.00    1.00    13  listener
11:56:38 AM  1000     26839    1.00    0.00    0.00    0.00    1.00    10  listener
11:56:38 AM  1000     26842    0.00    1.00    0.00    0.00    1.00    10  listener
11:56:38 AM  1000     26845    1.00    1.00    0.00    0.00    2.00     5  listener
11:56:38 AM  1000     26853    1.00    0.00    0.00    0.00    1.00     1  listener
11:56:38 AM  1000     26857    1.00    0.00    0.00    0.00    1.00     3  listener
11:56:38 AM  1000     26868    1.00    0.00    0.00    0.00    1.00     6  listener
11:56:38 AM  1000     26870    1.00    1.00    0.00    0.00    2.00     3  listener
11:56:38 AM  1000     26891    1.00    0.00    0.00    0.00    1.00     1  listener
11:56:38 AM  1000     26916    1.00    1.00    0.00    0.00    2.00    10  listener
11:56:38 AM  1000     26999    1.00    1.00    0.00    0.00    2.00     2  listener
11:56:38 AM  1000     27003    1.00    0.00    0.00    0.00    1.00    13  listener
11:56:38 AM  1000     27005    0.00    0.00    0.00    0.00    0.00     1  listener
11:56:38 AM  1000     27023    0.00    1.00    0.00    0.00    1.00     8  listener
11:56:38 AM  1000     27043    1.00    0.00    0.00    0.00    1.00     6  listener
11:56:38 AM  1000     27067    0.00    0.00    0.00    0.00    0.00     4  listener
11:56:38 AM  1000     27076    0.00    0.00    0.00    0.00    0.00     8  listener
11:56:38 AM  1000     27079    1.00    0.00    0.00    0.00    1.00     3  listener
11:56:38 AM  1000     27082    1.00    0.00    0.00    0.00    1.00     1  listener
11:56:38 AM  1000     27099    0.00    1.00    0.00    0.00    1.00    11  listener
11:56:38 AM  1000     27103    0.00    0.00    0.00    0.00    0.00     3  listener
11:56:38 AM  1000     27129    1.00    0.00    0.00    0.00    1.00     3  listener
11:56:38 AM  1000     27185    0.00    0.00    0.00    0.00    0.00     8  listener
11:56:38 AM  1000     27190    0.00    1.00    0.00    0.00    1.00     3  listener
11:56:38 AM  1000     27210    1.00    0.00    0.00    0.00    1.00     8  listener
11:56:38 AM  1000     27212    1.00    0.00    0.00    0.00    1.00    13  listener

11:56:38 AM   UID       PID    %usr %system  %guest   %wait    %CPU   CPU  Command
11:56:39 AM  1000     26825    0.00    0.00    0.00    0.00    0.00     5  listener
11:56:39 AM  1000     26827    1.00    1.00    0.00    0.00    2.00     2  listener
11:56:39 AM  1000     26829    1.00    0.00    0.00    0.00    1.00     6  listener
11:56:39 AM  1000     26831    0.00    1.00    0.00    0.00    1.00     0  listener
11:56:39 AM  1000     26833    1.00    1.00    0.00    0.00    2.00     8  listener
11:56:39 AM  1000     26835    0.00    0.00    0.00    0.00    0.00     3  listener
11:56:39 AM  1000     26837    1.00    0.00    0.00    0.00    1.00    17  listener
11:56:39 AM  1000     26839    0.00    0.00    0.00    0.00    0.00    12  listener
11:56:39 AM  1000     26842    1.00    0.00    0.00    0.00    1.00    13  listener
11:56:39 AM  1000     26845    0.00    0.00    0.00    0.00    0.00     5  listener
11:56:39 AM  1000     26853    1.00    0.00    0.00    0.00    1.00     5  listener
11:56:39 AM  1000     26857    0.00    1.00    0.00    0.00    1.00     1  listener
11:56:39 AM  1000     26868    1.00    0.00    0.00    0.00    1.00     3  listener
11:56:39 AM  1000     26870    0.00    0.00    0.00    0.00    0.00    16  listener
11:56:39 AM  1000     26891    0.00    1.00    0.00    0.00    1.00    10  listener
11:56:39 AM  1000     26916    0.00    0.00    0.00    0.00    0.00    10  listener
11:56:39 AM  1000     26999    0.00    0.00    0.00    0.00    0.00     3  listener
11:56:39 AM  1000     27003    0.00    1.00    0.00    0.00    1.00    10  listener
11:56:39 AM  1000     27005    1.00    0.00    0.00    0.00    1.00     3  listener
11:56:39 AM  1000     27023    1.00    0.00    0.00    0.00    1.00    10  listener
11:56:39 AM  1000     27043    1.00    0.00    0.00    0.00    1.00     6  listener
11:56:39 AM  1000     27067    0.00    0.00    0.00    0.00    0.00    10  listener
11:56:39 AM  1000     27076    1.00    0.00    0.00    0.00    1.00     6  listener
11:56:39 AM  1000     27079    0.00    0.00    0.00    0.00    0.00    13  listener
11:56:39 AM  1000     27082    0.00    0.00    0.00    0.00    0.00     1  listener
11:56:39 AM  1000     27099    1.00    0.00    0.00    0.00    1.00    10  listener
11:56:39 AM  1000     27103    0.00    1.00    0.00    0.00    1.00     6  listener
11:56:39 AM  1000     27129    1.00    0.00    0.00    0.00    1.00    10  listener
11:56:39 AM  1000     27185    0.00    0.00    0.00    0.00    0.00     8  listener
11:56:39 AM  1000     27190    0.00    0.00    0.00    0.00    0.00     3  listener
11:56:39 AM  1000     27210    1.00    1.00    0.00    0.00    2.00     1  listener
11:56:39 AM  1000     27212    0.00    0.00    0.00    0.00    0.00    15  listener

11:56:39 AM   UID       PID    %usr %system  %guest   %wait    %CPU   CPU  Command
11:56:40 AM  1000     26825    1.00    1.00    0.00    0.00    2.00     6  listener
11:56:40 AM  1000     26827    0.00    0.00    0.00    0.00    0.00     2  listener
11:56:40 AM  1000     26829    0.00    1.00    0.00    0.00    1.00    12  listener
11:56:40 AM  1000     26831    1.00    0.00    0.00    0.00    1.00     6  listener
11:56:40 AM  1000     26833    0.00    1.00    0.00    0.00    1.00     0  listener
11:56:40 AM  1000     26835    1.00    0.00    0.00    0.00    1.00     6  listener
11:56:40 AM  1000     26837    1.00    0.00    0.00    0.00    1.00     1  listener
11:56:40 AM  1000     26839    1.00    1.00    0.00    0.00    2.00     3  listener
11:56:40 AM  1000     26842    0.00    1.00    0.00    0.00    1.00    10  listener
11:56:40 AM  1000     26845    0.00    1.00    0.00    0.00    1.00     3  listener
11:56:40 AM  1000     26853    1.00    0.00    0.00    0.00    1.00     6  listener
11:56:40 AM  1000     26857    1.00    0.00    0.00    0.00    1.00     3  listener
11:56:40 AM  1000     26868    1.00    0.00    0.00    0.00    1.00     3  listener
11:56:40 AM  1000     26870    1.00    1.00    0.00    0.00    2.00     3  listener
11:56:40 AM  1000     26891    1.00    1.00    0.00    0.00    2.00    16  listener
11:56:40 AM  1000     26916    0.00    1.00    0.00    0.00    1.00    10  listener
11:56:40 AM  1000     26999    0.00    1.00    0.00    0.00    1.00     5  listener
11:56:40 AM  1000     27003    1.00    0.00    0.00    0.00    1.00     9  listener
11:56:40 AM  1000     27005    1.00    0.00    0.00    0.00    1.00     3  listener
11:56:40 AM  1000     27023    0.00    1.00    0.00    0.00    1.00     8  listener
11:56:40 AM  1000     27043    1.00    0.00    0.00    0.00    1.00     4  listener
11:56:40 AM  1000     27067    0.00    1.00    0.00    0.00    1.00     6  listener
11:56:40 AM  1000     27076    1.00    0.00    0.00    0.00    1.00     3  listener
11:56:40 AM  1000     27079    1.00    1.00    0.00    0.00    2.00    11  listener
11:56:40 AM  1000     27082    2.00    0.00    0.00    0.00    2.00     1  listener
11:56:40 AM  1000     27099    0.00    1.00    0.00    0.00    1.00    11  listener
11:56:40 AM  1000     27103    1.00    1.00    0.00    0.00    2.00     6  listener
11:56:40 AM  1000     27129    0.00    1.00    0.00    0.00    1.00    10  listener
11:56:40 AM  1000     27185    1.00    0.00    0.00    0.00    1.00     8  listener
11:56:40 AM  1000     27190    0.00    1.00    0.00    0.00    1.00    10  listener
11:56:40 AM  1000     27210    1.00    0.00    0.00    0.00    1.00    12  listener
11:56:40 AM  1000     27212    1.00    1.00    0.00    0.00    2.00    13  listener

11:56:40 AM   UID       PID    %usr %system  %guest   %wait    %CPU   CPU  Command
11:56:41 AM  1000     26825    0.00    2.00    0.00    0.00    2.00     8  listener
11:56:41 AM  1000     26827    1.00    0.00    0.00    0.00    1.00     2  listener
11:56:41 AM  1000     26829    1.00    1.00    0.00    0.00    2.00    12  listener
11:56:41 AM  1000     26831    0.00    1.00    0.00    0.00    1.00     6  listener
11:56:41 AM  1000     26833    0.00    0.00    0.00    0.00    0.00    16  listener
11:56:41 AM  1000     26835    0.00    1.00    0.00    0.00    1.00     6  listener
11:56:41 AM  1000     26837    1.00    0.00    0.00    0.00    1.00    17  listener
11:56:41 AM  1000     26839    0.00    0.00    0.00    0.00    0.00     3  listener
11:56:41 AM  1000     26842    1.00    0.00    0.00    0.00    1.00     3  listener
11:56:41 AM  1000     26845    0.00    0.00    0.00    0.00    0.00    10  listener
11:56:41 AM  1000     26853    0.00    1.00    0.00    0.00    1.00     6  listener
11:56:41 AM  1000     26857    0.00    0.00    0.00    0.00    0.00     3  listener
11:56:41 AM  1000     26868    1.00    0.00    0.00    0.00    1.00     5  listener
11:56:41 AM  1000     26870    0.00    0.00    0.00    0.00    0.00    10  listener
11:56:41 AM  1000     26891    1.00    0.00    0.00    0.00    1.00    10  listener
11:56:41 AM  1000     26916    1.00    0.00    0.00    0.00    1.00     1  listener
11:56:41 AM  1000     26999    1.00    1.00    0.00    0.00    2.00     5  listener
11:56:41 AM  1000     27003    0.00    0.00    0.00    0.00    0.00     3  listener
11:56:41 AM  1000     27005    1.00    0.00    0.00    0.00    1.00     0  listener
11:56:41 AM  1000     27023    0.00    1.00    0.00    0.00    1.00     8  listener
11:56:41 AM  1000     27043    1.00    1.00    0.00    0.00    2.00     6  listener
11:56:41 AM  1000     27067    1.00    0.00    0.00    0.00    1.00     1  listener
11:56:41 AM  1000     27076    1.00    1.00    0.00    0.00    2.00    10  listener
11:56:41 AM  1000     27079    0.00    1.00    0.00    0.00    1.00    11  listener
11:56:41 AM  1000     27082    0.00    0.00    0.00    0.00    0.00     3  listener
11:56:41 AM  1000     27099    0.00    1.00    0.00    0.00    1.00    11  listener
11:56:41 AM  1000     27103    0.00    0.00    0.00    0.00    0.00     5  listener
11:56:41 AM  1000     27129    0.00    0.00    0.00    0.00    0.00    18  listener
11:56:41 AM  1000     27185    1.00    0.00    0.00    0.00    1.00     1  listener
11:56:41 AM  1000     27190    0.00    1.00    0.00    0.00    1.00    10  listener
11:56:41 AM  1000     27210    0.00    1.00    0.00    0.00    1.00    15  listener
11:56:41 AM  1000     27212    0.00    0.00    0.00    0.00    0.00     1  listener

11:56:41 AM   UID       PID    %usr %system  %guest   %wait    %CPU   CPU  Command
11:56:42 AM  1000     26825    0.00    0.00    0.00    0.00    0.00     1  listener
11:56:42 AM  1000     26827    0.00    1.00    0.00    0.00    1.00     3  listener
11:56:42 AM  1000     26829    1.00    0.00    0.00    0.00    1.00    17  listener
11:56:42 AM  1000     26831    0.00    0.00    0.00    0.00    0.00     1  listener
11:56:42 AM  1000     26833    1.00    0.00    0.00    0.00    1.00    14  listener
11:56:42 AM  1000     26835    0.00    0.00    0.00    0.00    0.00     6  listener
11:56:42 AM  1000     26837    0.00    0.00    0.00    0.00    0.00     1  listener
11:56:42 AM  1000     26839    0.00    1.00    0.00    0.00    1.00     3  listener
11:56:42 AM  1000     26842    1.00    0.00    0.00    0.00    1.00    13  listener
11:56:42 AM  1000     26845    1.00    1.00    0.00    0.00    2.00     3  listener
11:56:42 AM  1000     26853    1.00    1.00    0.00    0.00    2.00     6  listener
11:56:42 AM  1000     26857    1.00    1.00    0.00    0.00    2.00     5  listener
11:56:42 AM  1000     26868    1.00    0.00    0.00    0.00    1.00     6  listener
11:56:42 AM  1000     26870    0.00    1.00    0.00    0.00    1.00     5  listener
11:56:42 AM  1000     26891    1.00    0.00    0.00    0.00    1.00    18  listener
11:56:42 AM  1000     26916    0.00    1.00    0.00    0.00    1.00     8  listener
11:56:42 AM  1000     26999    0.00    0.00    0.00    0.00    0.00     6  listener
11:56:42 AM  1000     27003    1.00    1.00    0.00    0.00    2.00     3  listener
11:56:42 AM  1000     27005    1.00    0.00    0.00    0.00    1.00     2  listener
11:56:42 AM  1000     27023    0.00    0.00    0.00    0.00    0.00    16  listener
11:56:42 AM  1000     27043    0.00    0.00    0.00    0.00    0.00    16  listener
11:56:42 AM  1000     27067    0.00    1.00    0.00    0.00    1.00     5  listener
11:56:42 AM  1000     27076    0.00    0.00    0.00    0.00    0.00     4  listener
11:56:42 AM  1000     27079    1.00    0.00    0.00    0.00    1.00    11  listener
11:56:42 AM  1000     27082    1.00    1.00    0.00    0.00    2.00     3  listener
11:56:42 AM  1000     27099    1.00    0.00    0.00    0.00    1.00     1  listener
11:56:42 AM  1000     27103    1.00    1.00    0.00    0.00    2.00     5  listener
11:56:42 AM  1000     27129    1.00    1.00    0.00    0.00    2.00     0  listener
11:56:42 AM  1000     27185    0.00    0.00    0.00    0.00    0.00    11  listener
11:56:42 AM  1000     27190    1.00    0.00    0.00    0.00    1.00    18  listener
11:56:42 AM  1000     27210    1.00    0.00    0.00    0.00    1.00    19  listener
11:56:42 AM  1000     27212    0.00    0.00    0.00    0.00    0.00    15  listener

11:56:42 AM   UID       PID    %usr %system  %guest   %wait    %CPU   CPU  Command
11:56:43 AM  1000     26825    1.00    0.00    0.00    0.00    1.00    12  listener
11:56:43 AM  1000     26827    0.00    0.00    0.00    0.00    0.00     2  listener
11:56:43 AM  1000     26829    1.00    0.00    0.00    0.00    1.00    13  listener
11:56:43 AM  1000     26831    1.00    0.00    0.00    0.00    1.00     6  listener
11:56:43 AM  1000     26833    1.00    0.00    0.00    0.00    1.00    16  listener
11:56:43 AM  1000     26835    1.00    0.00    0.00    0.00    1.00     0  listener
11:56:43 AM  1000     26837    1.00    0.00    0.00    0.00    1.00     3  listener
11:56:43 AM  1000     26839    1.00    0.00    0.00    0.00    1.00     3  listener
11:56:43 AM  1000     26842    1.00    0.00    0.00    0.00    1.00    11  listener
11:56:43 AM  1000     26845    0.00    0.00    0.00    0.00    0.00     3  listener
11:56:43 AM  1000     26853    1.00    0.00    0.00    0.00    1.00     3  listener
11:56:43 AM  1000     26857    0.00    0.00    0.00    0.00    0.00    12  listener
11:56:43 AM  1000     26868    1.00    0.00    0.00    0.00    1.00     6  listener
11:56:43 AM  1000     26870    1.00    0.00    0.00    0.00    1.00     8  listener
11:56:43 AM  1000     26891    1.00    0.00    0.00    0.00    1.00     6  listener
11:56:43 AM  1000     26916    1.00    0.00    0.00    0.00    1.00     1  listener
11:56:43 AM  1000     26999    1.00    0.00    0.00    0.00    1.00     1  listener
11:56:43 AM  1000     27003    0.00    0.00    0.00    0.00    0.00     3  listener
11:56:43 AM  1000     27005    1.00    1.00    0.00    0.00    2.00     2  listener
11:56:43 AM  1000     27023    1.00    0.00    0.00    0.00    1.00    16  listener
11:56:43 AM  1000     27043    2.00    0.00    0.00    0.00    2.00     3  listener
11:56:43 AM  1000     27067    0.00    1.00    0.00    0.00    1.00     5  listener
11:56:43 AM  1000     27076    1.00    0.00    0.00    0.00    1.00     8  listener
11:56:43 AM  1000     27079    0.00    0.00    0.00    0.00    0.00    11  listener
11:56:43 AM  1000     27082    1.00    0.00    0.00    0.00    1.00     5  listener
11:56:43 AM  1000     27099    0.00    0.00    0.00    0.00    0.00    10  listener
11:56:43 AM  1000     27103    1.00    0.00    0.00    0.00    1.00    10  listener
11:56:43 AM  1000     27129    0.00    0.00    0.00    0.00    0.00     0  listener
11:56:43 AM  1000     27185    1.00    1.00    0.00    0.00    2.00    12  listener
11:56:43 AM  1000     27190    0.00    0.00    0.00    0.00    0.00    18  listener
11:56:43 AM  1000     27210    0.00    1.00    0.00    0.00    1.00    19  listener
11:56:43 AM  1000     27212    0.00    1.00    0.00    0.00    1.00    13  listener

11:56:43 AM   UID       PID    %usr %system  %guest   %wait    %CPU   CPU  Command
11:56:44 AM  1000     26825    0.00    1.00    0.00    0.00    1.00     6  listener
11:56:44 AM  1000     26827    1.00    0.00    0.00    0.00    1.00     2  listener
11:56:44 AM  1000     26829    1.00    0.00    0.00    0.00    1.00    16  listener
11:56:44 AM  1000     26831    0.00    1.00    0.00    0.00    1.00     1  listener
11:56:44 AM  1000     26833    0.00    1.00    0.00    0.00    1.00     3  listener
11:56:44 AM  1000     26835    0.00    1.00    0.00    0.00    1.00     4  listener
11:56:44 AM  1000     26837    1.00    0.00    0.00    0.00    1.00     1  listener
11:56:44 AM  1000     26839    0.00    0.00    0.00    0.00    0.00    10  listener
11:56:44 AM  1000     26842    1.00    0.00    0.00    0.00    1.00     1  listener
11:56:44 AM  1000     26845    1.00    0.00    0.00    0.00    1.00     1  listener
11:56:44 AM  1000     26853    1.00    0.00    0.00    0.00    1.00     6  listener
11:56:44 AM  1000     26857    0.00    1.00    0.00    0.00    1.00     1  listener
11:56:44 AM  1000     26868    1.00    0.00    0.00    0.00    1.00     5  listener
11:56:44 AM  1000     26870    0.00    1.00    0.00    0.00    1.00     5  listener
11:56:44 AM  1000     26891    1.00    0.00    0.00    0.00    1.00     6  listener
11:56:44 AM  1000     26916    1.00    0.00    0.00    0.00    1.00    10  listener
11:56:44 AM  1000     26999    1.00    0.00    0.00    0.00    1.00     5  listener
11:56:44 AM  1000     27003    1.00    1.00    0.00    0.00    2.00     3  listener
11:56:44 AM  1000     27005    0.00    0.00    0.00    0.00    0.00     2  listener
11:56:44 AM  1000     27023    0.00    1.00    0.00    0.00    1.00     2  listener
11:56:44 AM  1000     27043    0.00    0.00    0.00    0.00    0.00     3  listener
11:56:44 AM  1000     27067    0.00    0.00    0.00    0.00    0.00     1  listener
11:56:44 AM  1000     27076    1.00    1.00    0.00    0.00    2.00     4  listener
11:56:44 AM  1000     27079    1.00    0.00    0.00    0.00    1.00    11  listener
11:56:44 AM  1000     27082    1.00    0.00    0.00    0.00    1.00     3  listener
11:56:44 AM  1000     27099    1.00    1.00    0.00    0.00    2.00    10  listener
11:56:44 AM  1000     27103    0.00    0.00    0.00    0.00    0.00     3  listener
11:56:44 AM  1000     27129    1.00    0.00    0.00    0.00    1.00     3  listener
11:56:44 AM  1000     27185    1.00    0.00    0.00    0.00    1.00    11  listener
11:56:44 AM  1000     27190    1.00    1.00    0.00    0.00    2.00    10  listener
11:56:44 AM  1000     27210    1.00    0.00    0.00    0.00    1.00    10  listener
11:56:44 AM  1000     27212    1.00    0.00    0.00    0.00    1.00    10  listener

11:56:44 AM   UID       PID    %usr %system  %guest   %wait    %CPU   CPU  Command
11:56:45 AM  1000     26825    1.00    0.00    0.00    0.00    1.00     3  listener
11:56:45 AM  1000     26827    0.00    1.00    0.00    0.00    1.00     2  listener
11:56:45 AM  1000     26829    0.00    0.00    0.00    0.00    0.00    19  listener
11:56:45 AM  1000     26831    0.00    0.00    0.00    0.00    0.00     6  listener
11:56:45 AM  1000     26833    0.00    0.00    0.00    0.00    0.00    14  listener
11:56:45 AM  1000     26835    0.00    0.00    0.00    0.00    0.00     4  listener
11:56:45 AM  1000     26837    0.00    0.00    0.00    0.00    0.00     6  listener
11:56:45 AM  1000     26839    1.00    1.00    0.00    0.00    2.00     1  listener
11:56:45 AM  1000     26842    1.00    0.00    0.00    0.00    1.00     1  listener
11:56:45 AM  1000     26845    0.00    0.00    0.00    0.00    0.00     1  listener
11:56:45 AM  1000     26853    0.00    0.00    0.00    0.00    0.00     8  listener
11:56:45 AM  1000     26857    1.00    0.00    0.00    0.00    1.00    10  listener
11:56:45 AM  1000     26868    1.00    0.00    0.00    0.00    1.00     6  listener
11:56:45 AM  1000     26870    1.00    0.00    0.00    0.00    1.00     6  listener
11:56:45 AM  1000     26891    1.00    1.00    0.00    0.00    2.00     1  listener
11:56:45 AM  1000     26916    0.00    0.00    0.00    0.00    0.00     8  listener
11:56:45 AM  1000     26999    1.00    0.00    0.00    0.00    1.00    12  listener
11:56:45 AM  1000     27003    0.00    0.00    0.00    0.00    0.00    14  listener
11:56:45 AM  1000     27005    1.00    0.00    0.00    0.00    1.00     2  listener
11:56:45 AM  1000     27023    0.00    0.00    0.00    0.00    0.00     2  listener
11:56:45 AM  1000     27043    1.00    1.00    0.00    0.00    2.00    13  listener
11:56:45 AM  1000     27067    1.00    0.00    0.00    0.00    1.00     1  listener
11:56:45 AM  1000     27076    1.00    0.00    0.00    0.00    1.00     8  listener
11:56:45 AM  1000     27079    0.00    1.00    0.00    0.00    1.00    12  listener
11:56:45 AM  1000     27082    0.00    1.00    0.00    0.00    1.00    10  listener
11:56:45 AM  1000     27099    0.00    0.00    0.00    0.00    0.00    10  listener
11:56:45 AM  1000     27103    0.00    1.00    0.00    0.00    1.00     6  listener
11:56:45 AM  1000     27129    0.00    1.00    0.00    0.00    1.00     0  listener
11:56:45 AM  1000     27185    0.00    0.00    0.00    0.00    0.00    12  listener
11:56:45 AM  1000     27190    0.00    0.00    0.00    0.00    0.00    10  listener
11:56:45 AM  1000     27210    0.00    1.00    0.00    0.00    1.00     6  listener
11:56:45 AM  1000     27212    0.00    0.00    0.00    0.00    0.00    10  listener

11:56:45 AM   UID       PID    %usr %system  %guest   %wait    %CPU   CPU  Command
11:56:46 AM  1000     26825    0.00    0.00    0.00    0.00    0.00     1  listener
11:56:46 AM  1000     26827    1.00    0.00    0.00    0.00    1.00     2  listener
11:56:46 AM  1000     26829    1.00    0.00    0.00    0.00    1.00    11  listener
11:56:46 AM  1000     26831    1.00    1.00    0.00    0.00    2.00     1  listener
11:56:46 AM  1000     26833    1.00    0.00    0.00    0.00    1.00     6  listener
11:56:46 AM  1000     26835    1.00    1.00    0.00    0.00    2.00     4  listener
11:56:46 AM  1000     26837    0.00    1.00    0.00    0.00    1.00     6  listener
11:56:46 AM  1000     26839    0.00    0.00    0.00    0.00    0.00     1  listener
11:56:46 AM  1000     26842    0.00    0.00    0.00    0.00    0.00     5  listener
11:56:46 AM  1000     26845    0.00    1.00    0.00    0.00    1.00     6  listener
11:56:46 AM  1000     26853    1.00    0.00    0.00    0.00    1.00    10  listener
11:56:46 AM  1000     26857    0.00    1.00    0.00    0.00    1.00     1  listener
11:56:46 AM  1000     26868    0.00    1.00    0.00    0.00    1.00     8  listener
11:56:46 AM  1000     26870    0.00    0.00    0.00    0.00    0.00     8  listener
11:56:46 AM  1000     26891    1.00    0.00    0.00    0.00    1.00     6  listener
11:56:46 AM  1000     26916    1.00    1.00    0.00    0.00    2.00     8  listener
11:56:46 AM  1000     26999    1.00    0.00    0.00    0.00    1.00    12  listener
11:56:46 AM  1000     27003    1.00    0.00    0.00    0.00    1.00     6  listener
11:56:46 AM  1000     27005    1.00    1.00    0.00    0.00    2.00     2  listener
11:56:46 AM  1000     27023    1.00    0.00    0.00    0.00    1.00     2  listener
11:56:46 AM  1000     27043    0.00    1.00    0.00    0.00    1.00     0  listener
11:56:46 AM  1000     27067    1.00    0.00    0.00    0.00    1.00     5  listener
11:56:46 AM  1000     27076    1.00    0.00    0.00    0.00    1.00    10  listener
11:56:46 AM  1000     27079    1.00    0.00    0.00    0.00    1.00     3  listener
11:56:46 AM  1000     27082    0.00    0.00    0.00    0.00    0.00     3  listener
11:56:46 AM  1000     27099    0.00    1.00    0.00    0.00    1.00     0  listener
11:56:46 AM  1000     27103    1.00    1.00    0.00    0.00    2.00     6  listener
11:56:46 AM  1000     27129    0.00    0.00    0.00    0.00    0.00     3  listener
11:56:46 AM  1000     27185    1.00    0.00    0.00    0.00    1.00    11  listener
11:56:46 AM  1000     27190    0.00    1.00    0.00    0.00    1.00     1  listener
11:56:46 AM  1000     27210    0.00    1.00    0.00    0.00    1.00     6  listener
11:56:46 AM  1000     27212    1.00    0.00    0.00    0.00    1.00    10  listener

11:56:46 AM   UID       PID    %usr %system  %guest   %wait    %CPU   CPU  Command
11:56:47 AM  1000     26825    1.00    0.00    0.00    0.00    1.00     3  listener
11:56:47 AM  1000     26827    0.00    0.00    0.00    0.00    0.00     2  listener
11:56:47 AM  1000     26829    0.00    1.00    0.00    0.00    1.00    11  listener
11:56:47 AM  1000     26831    0.00    0.00    0.00    0.00    0.00     6  listener
11:56:47 AM  1000     26833    1.00    1.00    0.00    0.00    2.00     3  listener
11:56:47 AM  1000     26835    0.00    0.00    0.00    0.00    0.00     5  listener
11:56:47 AM  1000     26837    0.00    0.00    0.00    0.00    0.00     1  listener
11:56:47 AM  1000     26839    0.00    0.00    0.00    0.00    0.00     8  listener
11:56:47 AM  1000     26842    0.00    1.00    0.00    0.00    1.00     1  listener
11:56:47 AM  1000     26845    1.00    0.00    0.00    0.00    1.00     1  listener
11:56:47 AM  1000     26853    1.00    0.00    0.00    0.00    1.00     6  listener
11:56:47 AM  1000     26857    0.00    0.00    0.00    0.00    0.00    10  listener
11:56:47 AM  1000     26868    0.00    1.00    0.00    0.00    1.00     8  listener
11:56:47 AM  1000     26870    0.00    1.00    0.00    0.00    1.00    10  listener
11:56:47 AM  1000     26891    1.00    1.00    0.00    0.00    2.00     6  listener
11:56:47 AM  1000     26916    0.00    0.00    0.00    0.00    0.00    12  listener
11:56:47 AM  1000     26999    1.00    0.00    0.00    0.00    1.00    12  listener
11:56:47 AM  1000     27003    0.00    0.00    0.00    0.00    0.00     6  listener
11:56:47 AM  1000     27005    1.00    0.00    0.00    0.00    1.00     3  listener
11:56:47 AM  1000     27023    0.00    1.00    0.00    0.00    1.00     2  listener
11:56:47 AM  1000     27043    0.00    0.00    0.00    0.00    0.00     0  listener
11:56:47 AM  1000     27067    0.00    0.00    0.00    0.00    0.00     5  listener
11:56:47 AM  1000     27076    0.00    0.00    0.00    0.00    0.00    10  listener
11:56:47 AM  1000     27079    0.00    0.00    0.00    0.00    0.00     8  listener
11:56:47 AM  1000     27082    1.00    0.00    0.00    0.00    1.00     5  listener
11:56:47 AM  1000     27099    0.00    0.00    0.00    0.00    0.00    10  listener
11:56:47 AM  1000     27103    1.00    0.00    0.00    0.00    1.00     3  listener
11:56:47 AM  1000     27129    0.00    0.00    0.00    0.00    0.00     0  listener
11:56:47 AM  1000     27185    0.00    0.00    0.00    0.00    0.00    11  listener
11:56:47 AM  1000     27190    1.00    0.00    0.00    0.00    1.00     3  listener
11:56:47 AM  1000     27210    1.00    0.00    0.00    0.00    1.00     8  listener
11:56:47 AM  1000     27212    0.00    1.00    0.00    0.00    1.00    12  listener

11:56:47 AM   UID       PID    %usr %system  %guest   %wait    %CPU   CPU  Command
11:56:48 AM  1000     26825    1.00    0.00    0.00    0.00    1.00     6  listener
11:56:48 AM  1000     26827    1.00    1.00    0.00    0.00    2.00     2  listener
11:56:48 AM  1000     26829    2.00    0.00    0.00    0.00    2.00     3  listener
11:56:48 AM  1000     26831    1.00    0.00    0.00    0.00    1.00    12  listener
11:56:48 AM  1000     26833    1.00    0.00    0.00    0.00    1.00     6  listener
11:56:48 AM  1000     26835    0.00    1.00    0.00    0.00    1.00     3  listener
11:56:48 AM  1000     26837    1.00    1.00    0.00    0.00    2.00     6  listener
11:56:48 AM  1000     26839    1.00    1.00    0.00    0.00    2.00     9  listener
11:56:48 AM  1000     26842    0.00    1.00    0.00    0.00    1.00     3  listener
11:56:48 AM  1000     26845    0.00    1.00    0.00    0.00    1.00     3  listener
11:56:48 AM  1000     26853    1.00    0.00    0.00    0.00    1.00    15  listener
11:56:48 AM  1000     26857    1.00    1.00    0.00    0.00    2.00    15  listener
11:56:48 AM  1000     26868    2.00    0.00    0.00    0.00    2.00     8  listener
11:56:48 AM  1000     26870    0.00    1.00    0.00    0.00    1.00     3  listener
11:56:48 AM  1000     26891    0.00    0.00    0.00    0.00    0.00    13  listener
11:56:48 AM  1000     26916    1.00    1.00    0.00    0.00    2.00     0  listener
11:56:48 AM  1000     26999    1.00    1.00    0.00    0.00    2.00     1  listener
11:56:48 AM  1000     27003    0.00    1.00    0.00    0.00    1.00     4  listener
11:56:48 AM  1000     27005    1.00    0.00    0.00    0.00    1.00     3  listener
11:56:48 AM  1000     27023    1.00    0.00    0.00    0.00    1.00     0  listener
11:56:48 AM  1000     27043    1.00    1.00    0.00    0.00    2.00     1  listener
11:56:48 AM  1000     27067    1.00    0.00    0.00    0.00    1.00     5  listener
11:56:48 AM  1000     27076    1.00    1.00    0.00    0.00    2.00    13  listener
11:56:48 AM  1000     27079    1.00    1.00    0.00    0.00    2.00     5  listener
11:56:48 AM  1000     27082    1.00    0.00    0.00    0.00    1.00     3  listener
11:56:48 AM  1000     27099    1.00    1.00    0.00    0.00    2.00    12  listener
11:56:48 AM  1000     27103    1.00    0.00    0.00    0.00    1.00     3  listener
11:56:48 AM  1000     27129    1.00    1.00    0.00    0.00    2.00     0  listener
11:56:48 AM  1000     27185    0.00    1.00    0.00    0.00    1.00    11  listener
11:56:48 AM  1000     27190    0.00    1.00    0.00    0.00    1.00    10  listener
11:56:48 AM  1000     27210    0.00    1.00    0.00    0.00    1.00     8  listener
11:56:48 AM  1000     27212    1.00    0.00    0.00    0.00    1.00     0  listener

11:56:48 AM   UID       PID    %usr %system  %guest   %wait    %CPU   CPU  Command
11:56:49 AM  1000     26825    1.00    0.00    0.00    0.00    1.00     3  listener
11:56:49 AM  1000     26827    0.00    0.00    0.00    0.00    0.00     9  listener
11:56:49 AM  1000     26829    0.00    1.00    0.00    0.00    1.00    11  listener
11:56:49 AM  1000     26831    0.00    1.00    0.00    0.00    1.00    14  listener
11:56:49 AM  1000     26833    1.00    0.00    0.00    0.00    1.00     3  listener
11:56:49 AM  1000     26835    1.00    0.00    0.00    0.00    1.00     5  listener
11:56:49 AM  1000     26837    0.00    0.00    0.00    0.00    0.00     1  listener
11:56:49 AM  1000     26839    0.00    0.00    0.00    0.00    0.00     9  listener
11:56:49 AM  1000     26842    1.00    0.00    0.00    0.00    1.00     6  listener
11:56:49 AM  1000     26845    1.00    0.00    0.00    0.00    1.00    12  listener
11:56:49 AM  1000     26853    1.00    0.00    0.00    0.00    1.00     3  listener
11:56:49 AM  1000     26857    1.00    0.00    0.00    0.00    1.00    12  listener
11:56:49 AM  1000     26868    0.00    0.00    0.00    0.00    0.00     6  listener
11:56:49 AM  1000     26870    1.00    0.00    0.00    0.00    1.00     5  listener
11:56:49 AM  1000     26891    0.00    1.00    0.00    0.00    1.00    10  listener
11:56:49 AM  1000     26916    0.00    0.00    0.00    0.00    0.00     0  listener
11:56:49 AM  1000     26999    0.00    0.00    0.00    0.00    0.00     5  listener
11:56:49 AM  1000     27003    1.00    1.00    0.00    0.00    2.00     4  listener
11:56:49 AM  1000     27005    0.00    0.00    0.00    0.00    0.00     2  listener
11:56:49 AM  1000     27023    0.00    1.00    0.00    0.00    1.00     3  listener
11:56:49 AM  1000     27043    0.00    1.00    0.00    0.00    1.00     3  listener
11:56:49 AM  1000     27067    0.00    1.00    0.00    0.00    1.00     1  listener
11:56:49 AM  1000     27076    1.00    0.00    0.00    0.00    1.00    13  listener
11:56:49 AM  1000     27079    0.00    1.00    0.00    0.00    1.00     5  listener
11:56:49 AM  1000     27082    1.00    1.00    0.00    0.00    2.00     5  listener
11:56:49 AM  1000     27099    0.00    0.00    0.00    0.00    0.00    13  listener
11:56:49 AM  1000     27103    1.00    0.00    0.00    0.00    1.00     7  listener
11:56:49 AM  1000     27129    1.00    0.00    0.00    0.00    1.00     0  listener
11:56:49 AM  1000     27185    0.00    0.00    0.00    0.00    0.00     1  listener
11:56:49 AM  1000     27190    0.00    1.00    0.00    0.00    1.00     8  listener
11:56:49 AM  1000     27210    1.00    0.00    0.00    0.00    1.00     8  listener
11:56:49 AM  1000     27212    0.00    0.00    0.00    0.00    0.00     0  listener

11:56:49 AM   UID       PID    %usr %system  %guest   %wait    %CPU   CPU  Command
11:56:50 AM  1000     26825    0.00    2.00    0.00    0.00    2.00    10  listener
11:56:50 AM  1000     26827    0.00    0.00    0.00    0.00    0.00     3  listener
11:56:50 AM  1000     26829    0.00    0.00    0.00    0.00    0.00    11  listener
11:56:50 AM  1000     26831    0.00    0.00    0.00    0.00    0.00    15  listener
11:56:50 AM  1000     26833    0.00    0.00    0.00    0.00    0.00     6  listener
11:56:50 AM  1000     26835    1.00    0.00    0.00    0.00    1.00     6  listener
11:56:50 AM  1000     26837    1.00    0.00    0.00    0.00    1.00    13  listener
11:56:50 AM  1000     26839    0.00    1.00    0.00    0.00    1.00     8  listener
11:56:50 AM  1000     26842    1.00    0.00    0.00    0.00    1.00     3  listener
11:56:50 AM  1000     26845    0.00    0.00    0.00    0.00    0.00     3  listener
11:56:50 AM  1000     26853    1.00    1.00    0.00    0.00    2.00    10  listener
11:56:50 AM  1000     26857    0.00    0.00    0.00    0.00    0.00    10  listener
11:56:50 AM  1000     26868    1.00    0.00    0.00    0.00    1.00     8  listener
11:56:50 AM  1000     26870    0.00    0.00    0.00    0.00    0.00     3  listener
11:56:50 AM  1000     26891    0.00    1.00    0.00    0.00    1.00    10  listener
11:56:50 AM  1000     26916    0.00    1.00    0.00    0.00    1.00    15  listener
11:56:50 AM  1000     26999    1.00    0.00    0.00    0.00    1.00     5  listener
11:56:50 AM  1000     27003    0.00    0.00    0.00    0.00    0.00     6  listener
11:56:50 AM  1000     27005    1.00    1.00    0.00    0.00    2.00     2  listener
11:56:50 AM  1000     27023    0.00    1.00    0.00    0.00    1.00     2  listener
11:56:50 AM  1000     27043    1.00    0.00    0.00    0.00    1.00     1  listener
11:56:50 AM  1000     27067    0.00    0.00    0.00    0.00    0.00     8  listener
11:56:50 AM  1000     27076    1.00    0.00    0.00    0.00    1.00     8  listener
11:56:50 AM  1000     27079    1.00    0.00    0.00    0.00    1.00     6  listener
11:56:50 AM  1000     27082    0.00    1.00    0.00    0.00    1.00    10  listener
11:56:50 AM  1000     27099    1.00    1.00    0.00    0.00    2.00    13  listener
11:56:50 AM  1000     27103    0.00    2.00    0.00    0.00    2.00     7  listener
11:56:50 AM  1000     27129    0.00    1.00    0.00    0.00    1.00     1  listener
11:56:50 AM  1000     27185    1.00    1.00    0.00    0.00    2.00     1  listener
11:56:50 AM  1000     27190    1.00    0.00    0.00    0.00    1.00     8  listener
11:56:50 AM  1000     27210    0.00    1.00    0.00    0.00    1.00     8  listener
11:56:50 AM  1000     27212    1.00    0.00    0.00    0.00    1.00     3  listener

11:56:50 AM   UID       PID    %usr %system  %guest   %wait    %CPU   CPU  Command
11:56:51 AM  1000     26825    1.00    0.00    0.00    0.00    1.00    10  listener
11:56:51 AM  1000     26827    0.00    1.00    0.00    0.00    1.00     6  listener
11:56:51 AM  1000     26829    1.00    1.00    0.00    0.00    2.00    11  listener
11:56:51 AM  1000     26831    1.00    1.00    0.00    0.00    2.00    13  listener
11:56:51 AM  1000     26833    0.00    1.00    0.00    0.00    1.00     8  listener
11:56:51 AM  1000     26835    0.00    0.00    0.00    0.00    0.00     6  listener
11:56:51 AM  1000     26837    1.00    0.00    0.00    0.00    1.00     8  listener
11:56:51 AM  1000     26839    1.00    1.00    0.00    0.00    2.00     8  listener
11:56:51 AM  1000     26842    0.00    0.00    0.00    0.00    0.00     6  listener
11:56:51 AM  1000     26845    1.00    1.00    0.00    0.00    2.00    12  listener
11:56:51 AM  1000     26853    0.00    0.00    0.00    0.00    0.00    12  listener
11:56:51 AM  1000     26857    1.00    1.00    0.00    0.00    2.00    12  listener
11:56:51 AM  1000     26868    1.00    0.00    0.00    0.00    1.00     6  listener
11:56:51 AM  1000     26870    1.00    0.00    0.00    0.00    1.00     6  listener
11:56:51 AM  1000     26891    1.00    0.00    0.00    0.00    1.00    14  listener
11:56:51 AM  1000     26916    1.00    0.00    0.00    0.00    1.00    10  listener
11:56:51 AM  1000     26999    1.00    0.00    0.00    0.00    1.00    10  listener
11:56:51 AM  1000     27003    1.00    0.00    0.00    0.00    1.00     6  listener
11:56:51 AM  1000     27005    0.00    0.00    0.00    0.00    0.00    16  listener
11:56:51 AM  1000     27023    1.00    0.00    0.00    0.00    1.00     3  listener
11:56:51 AM  1000     27043    1.00    0.00    0.00    0.00    1.00     1  listener
11:56:51 AM  1000     27067    1.00    0.00    0.00    0.00    1.00     8  listener
11:56:51 AM  1000     27076    1.00    0.00    0.00    0.00    1.00     6  listener
11:56:51 AM  1000     27079    0.00    0.00    0.00    0.00    0.00    10  listener
11:56:51 AM  1000     27082    0.00    0.00    0.00    0.00    0.00     8  listener
11:56:51 AM  1000     27099    0.00    0.00    0.00    0.00    0.00     1  listener
11:56:51 AM  1000     27103    0.00    0.00    0.00    0.00    0.00    10  listener
11:56:51 AM  1000     27129    1.00    0.00    0.00    0.00    1.00     8  listener
11:56:51 AM  1000     27185    0.00    0.00    0.00    0.00    0.00     1  listener
11:56:51 AM  1000     27190    0.00    0.00    0.00    0.00    0.00     8  listener
11:56:51 AM  1000     27210    1.00    0.00    0.00    0.00    1.00    14  listener
11:56:51 AM  1000     27212    0.00    1.00    0.00    0.00    1.00     3  listener

11:56:51 AM   UID       PID    %usr %system  %guest   %wait    %CPU   CPU  Command
11:56:52 AM  1000     26825    1.00    0.00    0.00    0.00    1.00    13  listener
11:56:52 AM  1000     26827    1.00    0.00    0.00    0.00    1.00    12  listener
11:56:52 AM  1000     26829    1.00    0.00    0.00    0.00    1.00    11  listener
11:56:52 AM  1000     26831    0.00    0.00    0.00    0.00    0.00     0  listener
11:56:52 AM  1000     26833    0.00    1.00    0.00    0.00    1.00    17  listener
11:56:52 AM  1000     26835    0.00    1.00    0.00    0.00    1.00     6  listener
11:56:52 AM  1000     26837    1.00    0.00    0.00    0.00    1.00    15  listener
11:56:52 AM  1000     26839    0.00    0.00    0.00    0.00    0.00    12  listener
11:56:52 AM  1000     26842    1.00    1.00    0.00    0.00    2.00     3  listener
11:56:52 AM  1000     26845    0.00    0.00    0.00    0.00    0.00     3  listener
11:56:52 AM  1000     26853    0.00    1.00    0.00    0.00    1.00    17  listener
11:56:52 AM  1000     26857    0.00    1.00    0.00    0.00    1.00    13  listener
11:56:52 AM  1000     26868    1.00    1.00    0.00    0.00    2.00     8  listener
11:56:52 AM  1000     26870    0.00    1.00    0.00    0.00    1.00    10  listener
11:56:52 AM  1000     26891    0.00    0.00    0.00    0.00    0.00    17  listener
11:56:52 AM  1000     26916    1.00    0.00    0.00    0.00    1.00    12  listener
11:56:52 AM  1000     26999    0.00    0.00    0.00    0.00    0.00     6  listener
11:56:52 AM  1000     27003    0.00    1.00    0.00    0.00    1.00    15  listener
11:56:52 AM  1000     27005    1.00    0.00    0.00    0.00    1.00    17  listener
11:56:52 AM  1000     27023    1.00    0.00    0.00    0.00    1.00     5  listener
11:56:52 AM  1000     27043    1.00    0.00    0.00    0.00    1.00     6  listener
11:56:52 AM  1000     27067    1.00    0.00    0.00    0.00    1.00    12  listener
11:56:52 AM  1000     27076    1.00    0.00    0.00    0.00    1.00     3  listener
11:56:52 AM  1000     27079    1.00    0.00    0.00    0.00    1.00    12  listener
11:56:52 AM  1000     27082    0.00    1.00    0.00    0.00    1.00     8  listener
11:56:52 AM  1000     27099    0.00    1.00    0.00    0.00    1.00     1  listener
11:56:52 AM  1000     27103    1.00    0.00    0.00    0.00    1.00     5  listener
11:56:52 AM  1000     27129    0.00    1.00    0.00    0.00    1.00     1  listener
11:56:52 AM  1000     27185    1.00    0.00    0.00    0.00    1.00     3  listener
11:56:52 AM  1000     27190    0.00    1.00    0.00    0.00    1.00     3  listener
11:56:52 AM  1000     27210    1.00    0.00    0.00    0.00    1.00    16  listener
11:56:52 AM  1000     27212    0.00    0.00    0.00    0.00    0.00    10  listener

11:56:52 AM   UID       PID    %usr %system  %guest   %wait    %CPU   CPU  Command
11:56:53 AM  1000     26825    0.00    1.00    0.00    0.00    1.00    10  listener
11:56:53 AM  1000     26827    0.00    1.00    0.00    0.00    1.00    10  listener
11:56:53 AM  1000     26829    0.00    0.00    0.00    0.00    0.00     5  listener
11:56:53 AM  1000     26831    0.00    1.00    0.00    0.00    1.00     0  listener
11:56:53 AM  1000     26833    0.00    1.00    0.00    0.00    1.00    17  listener
11:56:53 AM  1000     26835    1.00    0.00    0.00    0.00    1.00     5  listener
11:56:53 AM  1000     26837    1.00    0.00    0.00    0.00    1.00     0  listener
11:56:53 AM  1000     26839    0.00    1.00    0.00    0.00    1.00    14  listener
11:56:53 AM  1000     26842    0.00    0.00    0.00    0.00    0.00     4  listener
11:56:53 AM  1000     26845    1.00    0.00    0.00    0.00    1.00     3  listener
11:56:53 AM  1000     26853    1.00    0.00    0.00    0.00    1.00    16  listener
11:56:53 AM  1000     26857    0.00    0.00    0.00    0.00    0.00     3  listener
11:56:53 AM  1000     26868    0.00    0.00    0.00    0.00    0.00     5  listener
11:56:53 AM  1000     26870    1.00    0.00    0.00    0.00    1.00    13  listener
11:56:53 AM  1000     26891    1.00    1.00    0.00    0.00    2.00    17  listener
11:56:53 AM  1000     26916    0.00    0.00    0.00    0.00    0.00    12  listener
11:56:53 AM  1000     26999    1.00    1.00    0.00    0.00    2.00     8  listener
11:56:53 AM  1000     27003    1.00    0.00    0.00    0.00    1.00     0  listener
11:56:53 AM  1000     27005    0.00    1.00    0.00    0.00    1.00     6  listener
11:56:53 AM  1000     27023    0.00    0.00    0.00    0.00    0.00     3  listener
11:56:53 AM  1000     27043    0.00    0.00    0.00    0.00    0.00     1  listener
11:56:53 AM  1000     27067    0.00    0.00    0.00    0.00    0.00    10  listener
11:56:53 AM  1000     27076    1.00    0.00    0.00    0.00    1.00     6  listener
11:56:53 AM  1000     27079    0.00    1.00    0.00    0.00    1.00    14  listener
11:56:53 AM  1000     27082    0.00    1.00    0.00    0.00    1.00    16  listener
11:56:53 AM  1000     27099    1.00    0.00    0.00    0.00    1.00     5  listener
11:56:53 AM  1000     27103    0.00    1.00    0.00    0.00    1.00     0  listener
11:56:53 AM  1000     27129    0.00    0.00    0.00    0.00    0.00     5  listener
11:56:53 AM  1000     27185    0.00    1.00    0.00    0.00    1.00     3  listener
11:56:53 AM  1000     27190    1.00    0.00    0.00    0.00    1.00     5  listener
11:56:53 AM  1000     27210    1.00    0.00    0.00    0.00    1.00    19  listener
11:56:53 AM  1000     27212    1.00    0.00    0.00    0.00    1.00    10  listener

11:56:53 AM   UID       PID    %usr %system  %guest   %wait    %CPU   CPU  Command
11:56:54 AM  1000     26825    1.00    0.00    0.00    0.00    1.00     1  listener
11:56:54 AM  1000     26827    0.00    0.00    0.00    0.00    0.00    10  listener
11:56:54 AM  1000     26829    1.00    0.00    0.00    0.00    1.00     3  listener
11:56:54 AM  1000     26831    1.00    0.00    0.00    0.00    1.00     3  listener
11:56:54 AM  1000     26833    1.00    0.00    0.00    0.00    1.00     0  listener
11:56:54 AM  1000     26835    0.00    0.00    0.00    0.00    0.00     6  listener
11:56:54 AM  1000     26837    0.00    0.00    0.00    0.00    0.00    16  listener
11:56:54 AM  1000     26839    0.00    0.00    0.00    0.00    0.00    11  listener
11:56:54 AM  1000     26842    1.00    0.00    0.00    0.00    1.00     3  listener
11:56:54 AM  1000     26845    0.00    0.00    0.00    0.00    0.00     0  listener
11:56:54 AM  1000     26853    1.00    0.00    0.00    0.00    1.00    10  listener
11:56:54 AM  1000     26857    0.00    0.00    0.00    0.00    0.00     3  listener
11:56:54 AM  1000     26868    1.00    0.00    0.00    0.00    1.00     5  listener
11:56:54 AM  1000     26870    0.00    0.00    0.00    0.00    0.00     8  listener
11:56:54 AM  1000     26891    1.00    0.00    0.00    0.00    1.00     8  listener
11:56:54 AM  1000     26916    0.00    1.00    0.00    0.00    1.00     1  listener
11:56:54 AM  1000     26999    1.00    0.00    0.00    0.00    1.00    10  listener
11:56:54 AM  1000     27003    0.00    1.00    0.00    0.00    1.00    16  listener
11:56:54 AM  1000     27005    1.00    0.00    0.00    0.00    1.00     8  listener
11:56:54 AM  1000     27023    0.00    0.00    0.00    0.00    0.00     3  listener
11:56:54 AM  1000     27043    1.00    0.00    0.00    0.00    1.00     3  listener
11:56:54 AM  1000     27067    0.00    1.00    0.00    0.00    1.00    10  listener
11:56:54 AM  1000     27076    0.00    0.00    0.00    0.00    0.00    10  listener
11:56:54 AM  1000     27079    1.00    0.00    0.00    0.00    1.00    12  listener
11:56:54 AM  1000     27082    0.00    0.00    0.00    0.00    0.00     3  listener
11:56:54 AM  1000     27099    0.00    0.00    0.00    0.00    0.00     5  listener
11:56:54 AM  1000     27103    1.00    0.00    0.00    0.00    1.00     0  listener
11:56:54 AM  1000     27129    1.00    0.00    0.00    0.00    1.00     5  listener
11:56:54 AM  1000     27185    1.00    0.00    0.00    0.00    1.00     3  listener
11:56:54 AM  1000     27190    0.00    0.00    0.00    0.00    0.00     3  listener
11:56:54 AM  1000     27210    1.00    0.00    0.00    0.00    1.00    12  listener
11:56:54 AM  1000     27212    1.00    0.00    0.00    0.00    1.00     3  listener

Average:      UID       PID    %usr %system  %guest   %wait    %CPU   CPU  Command
Average:     1000     26825    0.58    0.38    0.00    0.00    0.97     -  listener
Average:     1000     26827    0.28    0.47    0.00    0.00    0.75     -  listener
Average:     1000     26829    0.70    0.33    0.00    0.00    1.03     -  listener
Average:     1000     26831    0.35    0.47    0.00    0.00    0.82     -  listener
Average:     1000     26833    0.50    0.43    0.00    0.00    0.93     -  listener
Average:     1000     26835    0.28    0.55    0.00    0.00    0.83     -  listener
Average:     1000     26837    0.62    0.35    0.00    0.00    0.97     -  listener
Average:     1000     26839    0.27    0.67    0.00    0.00    0.93     -  listener
Average:     1000     26842    0.43    0.45    0.00    0.00    0.88     -  listener
Average:     1000     26845    0.30    0.47    0.00    0.02    0.77     -  listener
Average:     1000     26853    0.63    0.33    0.00    0.00    0.97     -  listener
Average:     1000     26857    0.27    0.55    0.00    0.00    0.82     -  listener
Average:     1000     26868    0.68    0.37    0.00    0.00    1.05     -  listener
Average:     1000     26870    0.20    0.60    0.00    0.00    0.80     -  listener
Average:     1000     26891    0.63    0.38    0.00    0.00    1.02     -  listener
Average:     1000     26916    0.32    0.57    0.00    0.00    0.88     -  listener
Average:     1000     26999    0.58    0.28    0.00    0.00    0.87     -  listener
Average:     1000     27003    0.32    0.62    0.00    0.00    0.93     -  listener
Average:     1000     27005    0.63    0.33    0.00    0.02    0.97     -  listener
Average:     1000     27023    0.23    0.58    0.00    0.00    0.82     -  listener
Average:     1000     27043    0.63    0.40    0.00    0.00    1.03     -  listener
Average:     1000     27067    0.32    0.40    0.00    0.00    0.72     -  listener
Average:     1000     27076    0.68    0.32    0.00    0.00    1.00     -  listener
Average:     1000     27079    0.35    0.53    0.00    0.00    0.88     -  listener
Average:     1000     27082    0.53    0.40    0.00    0.02    0.93     -  listener
Average:     1000     27099    0.28    0.55    0.00    0.00    0.83     -  listener
Average:     1000     27103    0.63    0.38    0.00    0.00    1.02     -  listener
Average:     1000     27129    0.33    0.50    0.00    0.00    0.83     -  listener
Average:     1000     27185    0.53    0.28    0.00    0.00    0.82     -  listener
Average:     1000     27190    0.27    0.57    0.00    0.00    0.83     -  listener
Average:     1000     27210    0.65    0.37    0.00    0.00    1.02     -  listener
Average:     1000     27212    0.25    0.50    0.00    0.00    0.75     -  listener
