Linux 6.5.0-44-generic (npc2408016) 	07/01/2025 	_x86_64_	(22 CPU)

12:09:45 PM   UID       PID    %usr %system  %guest   %wait    %CPU   CPU  Command
12:09:46 PM  1000     33667    1.00    1.00    0.00    0.00    2.00    16  listener
12:09:46 PM  1000     33669    1.00    1.00    0.00    0.00    2.00    14  listener
12:09:46 PM  1000     33671    1.00    0.00    0.00    0.00    1.00    10  listener
12:09:46 PM  1000     33673    0.00    2.00    0.00    0.00    2.00     7  listener
12:09:46 PM  1000     33675    0.00    1.00    0.00    0.00    1.00     3  listener
12:09:46 PM  1000     33677    0.00    2.00    0.00    0.00    2.00     4  listener
12:09:46 PM  1000     33679    1.00    1.00    0.00    0.00    2.00     9  listener
12:09:46 PM  1000     33681    0.00    1.00    0.00    0.00    1.00     5  listener
12:09:46 PM  1000     33683    1.00    0.00    0.00    0.00    1.00    20  listener
12:09:46 PM  1000     33685    0.00    1.00    0.00    0.00    1.00    13  listener
12:09:46 PM  1000     33687    1.00    0.00    0.00    0.00    1.00     9  listener
12:09:46 PM  1000     33689    0.00    2.00    0.00    0.00    2.00    17  listener
12:09:46 PM  1000     33692    0.00    1.00    0.00    0.00    1.00     8  listener
12:09:46 PM  1000     33702    1.00    1.00    0.00    0.00    2.00     0  listener
12:09:46 PM  1000     33704    0.00    2.00    0.00    0.00    2.00    19  listener
12:09:46 PM  1000     33706    1.00    0.00    0.00    0.00    1.00     5  listener
12:09:46 PM  1000     33711    1.00    0.00    0.00    0.00    1.00     7  listener
12:09:46 PM  1000     33797    1.00    0.00    0.00    0.00    1.00     6  listener
12:09:46 PM  1000     33882    0.00    2.00    0.00    0.00    2.00     6  listener
12:09:46 PM  1000     33885    0.00    2.00    0.00    0.00    2.00    17  listener
12:09:46 PM  1000     33903    1.00    1.00    0.00    0.00    2.00    10  listener
12:09:46 PM  1000     33970    1.00    1.00    0.00    0.00    2.00    16  listener
12:09:46 PM  1000     33972    1.00    0.00    0.00    0.00    1.00    14  listener
12:09:46 PM  1000     33974    0.00    1.00    0.00    0.00    1.00     9  listener
12:09:46 PM  1000     34012    1.00    1.00    0.00    0.00    2.00     8  listener
12:09:46 PM  1000     34041    1.00    1.00    0.00    0.00    2.00     0  listener
12:09:46 PM  1000     34070    1.00    0.00    0.00    0.00    1.00    16  listener
12:09:46 PM  1000     34081    0.00    1.00    0.00    0.00    1.00    12  listener
12:09:46 PM  1000     34092    1.00    1.00    0.00    0.00    2.00    19  listener
12:09:46 PM  1000     34094    2.00    1.00    0.00    0.00    3.00    17  listener
12:09:46 PM  1000     34096    0.00    1.00    0.00    0.00    1.00    16  listener
12:09:46 PM  1000     34098    1.00    1.00    0.00    0.00    2.00     1  listener
12:09:46 PM  1000     34100    1.00    1.00    0.00    0.00    2.00     9  listener
12:09:46 PM  1000     34129    1.00    1.00    0.00    0.00    2.00    19  listener
12:09:46 PM  1000     34184    1.00    1.00    0.00    0.00    2.00     1  listener
12:09:46 PM  1000     34241    1.00    1.00    0.00    0.00    2.00     7  listener
12:09:46 PM  1000     34261    1.00    1.00    0.00    0.00    2.00    12  listener
12:09:46 PM  1000     34281    1.00    2.00    0.00    0.00    3.00     9  listener
12:09:46 PM  1000     34318    0.00    2.00    0.00    0.00    2.00    16  listener
12:09:46 PM  1000     34348    1.00    1.00    0.00    0.00    2.00     8  listener
12:09:46 PM  1000     34377    2.00    0.00    0.00    0.00    2.00     2  listener
12:09:46 PM  1000     34389    1.00    1.00    0.00    0.00    2.00    11  listener
12:09:46 PM  1000     34402    1.00    0.00    0.00    0.00    1.00    10  listener
12:09:46 PM  1000     34440    2.00    0.00    0.00    0.00    2.00     7  listener
12:09:46 PM  1000     34469    0.00    1.00    0.00    0.00    1.00    16  listener
12:09:46 PM  1000     34480    1.00    1.00    0.00    0.00    2.00    15  listener
12:09:46 PM  1000     34491    0.00    2.00    0.00    0.00    2.00     1  listener
12:09:46 PM  1000     34504    1.00    1.00    0.00    0.00    2.00     2  listener
12:09:46 PM  1000     34541    1.00    1.00    0.00    0.00    2.00     1  listener
12:09:46 PM  1000     34588    2.00    0.00    0.00    0.00    2.00    12  listener
12:09:46 PM  1000     34590    1.00    1.00    0.00    0.00    2.00    19  listener
12:09:46 PM  1000     34603    0.00    1.00    0.00    0.00    1.00     8  listener
12:09:46 PM  1000     34623    0.00    1.00    0.00    0.00    1.00    17  listener
12:09:46 PM  1000     34642    1.00    0.00    0.00    0.00    1.00     5  listener
12:09:46 PM  1000     34645    0.00    2.00    0.00    0.00    2.00    14  listener
12:09:46 PM  1000     34684    1.00    1.00    0.00    0.00    2.00     3  listener
12:09:46 PM  1000     34712    1.00    1.00    0.00    0.00    2.00    15  listener
12:09:46 PM  1000     34721    1.00    0.00    0.00    0.00    1.00    10  listener
12:09:46 PM  1000     34784    1.00    1.00    0.00    0.00    2.00     6  listener
12:09:46 PM  1000     34790    1.00    1.00    0.00    0.00    2.00    14  listener
12:09:46 PM  1000     34800    0.00    0.00    0.00    0.00    0.00    14  listener
12:09:46 PM  1000     34803    2.00    0.00    0.00    0.00    2.00    11  listener
12:09:46 PM  1000     34805    0.00    2.00    0.00    0.00    2.00     0  listener
12:09:46 PM  1000     34816    1.00    1.00    0.00    0.00    2.00    11  listener
12:09:46 PM  1000     34855    1.00    1.00    0.00    0.00    2.00     2  listener
12:09:46 PM  1000     34874    1.00    1.00    0.00    0.00    2.00    13  listener
12:09:46 PM  1000     34876    0.00    2.00    0.00    0.00    2.00     0  listener
12:09:46 PM  1000     34932    1.00    1.00    0.00    0.00    2.00    16  listener
12:09:46 PM  1000     34934    1.00    0.00    0.00    0.00    1.00     2  listener
12:09:46 PM  1000     34936    1.00    0.00    0.00    0.00    1.00     2  listener
12:09:46 PM  1000     34939    0.00    2.00    0.00    0.00    2.00     3  listener
12:09:46 PM  1000     34962    1.00    1.00    0.00    0.00    2.00     8  listener
12:09:46 PM  1000     34965    1.00    0.00    0.00    0.00    1.00     5  listener
12:09:46 PM  1000     35034    1.00    0.00    0.00    0.00    1.00    18  listener
12:09:46 PM  1000     35036    0.00    1.00    0.00    0.00    1.00    10  listener
12:09:46 PM  1000     35047    1.00    1.00    0.00    0.00    2.00     8  listener
12:09:46 PM  1000     35068    0.00    1.00    0.00    0.00    1.00    17  listener
12:09:46 PM  1000     35114    1.00    0.00    0.00    0.00    1.00     3  listener
12:09:46 PM  1000     35117    1.00    1.00    0.00    0.00    2.00     6  listener
12:09:46 PM  1000     35128    0.00    1.00    0.00    0.00    1.00     1  listener
12:09:46 PM  1000     35164    0.00    1.00    0.00    0.00    1.00     6  listener
12:09:46 PM  1000     35230    1.00    1.00    0.00    0.00    2.00     8  listener
12:09:46 PM  1000     35232    1.00    1.00    0.00    0.00    2.00     5  listener
12:09:46 PM  1000     35234    1.00    1.00    0.00    0.00    2.00    14  listener
12:09:46 PM  1000     35246    0.00    1.00    0.00    0.00    1.00    13  listener
12:09:46 PM  1000     35275    2.00    1.00    0.00    0.00    3.00     6  listener
12:09:46 PM  1000     35281    0.00    2.00    0.00    0.00    2.00    17  listener
12:09:46 PM  1000     35296    1.00    0.00    0.00    0.00    1.00     1  listener
12:09:46 PM  1000     35307    1.00    1.00    0.00    0.00    2.00    12  listener
12:09:46 PM  1000     35327    1.00    1.00    0.00    0.00    2.00    12  listener
12:09:46 PM  1000     35347    1.00    1.00    0.00    0.00    2.00    19  listener
12:09:46 PM  1000     35358    2.00    1.00    0.00    0.00    3.00    16  listener
12:09:46 PM  1000     35369    1.00    1.00    0.00    0.00    2.00    12  listener
12:09:46 PM  1000     35389    1.00    1.00    0.00    0.00    2.00    12  listener
12:09:46 PM  1000     35409    1.00    1.00    0.00    0.00    2.00    11  listener
12:09:46 PM  1000     35428    2.00    0.00    0.00    0.00    2.00    13  listener
12:09:46 PM  1000     35432    0.00    1.00    0.00    0.00    1.00     1  listener
12:09:46 PM  1000     35434    1.00    1.00    0.00    0.00    2.00    19  listener
12:09:46 PM  1000     35445    2.00    0.00    0.00    0.00    2.00     5  listener
12:09:46 PM  1000     35467    0.00    2.00    0.00    0.00    2.00     1  listener
12:09:46 PM  1000     35487    1.00    0.00    0.00    0.00    1.00     3  listener
12:09:46 PM  1000     35524    1.00    0.00    0.00    0.00    1.00     1  listener
12:09:46 PM  1000     35544    0.00    1.00    0.00    0.00    1.00    14  listener
12:09:46 PM  1000     35546    1.00    2.00    0.00    0.00    3.00    10  listener
12:09:46 PM  1000     35558    1.00    1.00    0.00    0.00    2.00    17  listener
12:09:46 PM  1000     35578    0.00    1.00    0.00    0.00    1.00    11  listener
12:09:46 PM  1000     35598    1.00    0.00    0.00    0.00    1.00    20  listener
12:09:46 PM  1000     35629    1.00    1.00    0.00    0.00    2.00    16  listener
12:09:46 PM  1000     35641    1.00    1.00    0.00    1.00    2.00    17  listener
12:09:46 PM  1000     35651    1.00    1.00    0.00    0.00    2.00    10  listener
12:09:46 PM  1000     35673    0.00    2.00    0.00    0.00    2.00     2  listener
12:09:46 PM  1000     35701    1.00    1.00    0.00    0.00    2.00    14  listener
12:09:46 PM  1000     35703    0.00    1.00    0.00    0.00    1.00    12  listener
12:09:46 PM  1000     35723    1.00    1.00    0.00    0.00    2.00    14  listener
12:09:46 PM  1000     35734    0.00    1.00    0.00    0.00    1.00     3  listener
12:09:46 PM  1000     35745    0.00    1.00    0.00    0.00    1.00    18  listener
12:09:46 PM  1000     35764    1.00    1.00    0.00    1.00    2.00     6  listener
12:09:46 PM  1000     35777    1.00    1.00    0.00    0.00    2.00    17  listener
12:09:46 PM  1000     35787    0.00    2.00    0.00    0.00    2.00     2  listener
12:09:46 PM  1000     35825    1.00    1.00    0.00    0.00    2.00     5  listener
12:09:46 PM  1000     35827    1.00    0.00    0.00    0.00    1.00    13  listener
12:09:46 PM  1000     35829    1.00    1.00    0.00    0.00    2.00     4  listener
12:09:46 PM  1000     35858    1.00    1.00    0.00    0.00    2.00     8  listener
12:09:46 PM  1000     35905    1.00    1.00    0.00    0.00    2.00    16  listener
12:09:46 PM  1000     35916    0.00    1.00    0.00    0.00    1.00     7  listener
12:09:46 PM  1000     35918    1.00    1.00    0.00    0.00    2.00    16  listener
12:09:46 PM  1000     35956    0.00    1.00    0.00    0.00    1.00     7  listener
12:09:46 PM  1000     36003    1.00    1.00    0.00    0.00    2.00    18  listener

12:09:46 PM   UID       PID    %usr %system  %guest   %wait    %CPU   CPU  Command
12:09:47 PM  1000     33667    1.00    1.00    0.00    0.00    2.00    15  listener
12:09:47 PM  1000     33669    1.00    0.00    0.00    0.00    1.00    10  listener
12:09:47 PM  1000     33671    1.00    1.00    0.00    0.00    2.00     8  listener
12:09:47 PM  1000     33673    0.00    2.00    0.00    0.00    2.00    10  listener
12:09:47 PM  1000     33675    1.00    1.00    0.00    0.00    2.00     6  listener
12:09:47 PM  1000     33677    1.00    1.00    0.00    0.00    2.00     6  listener
12:09:47 PM  1000     33679    0.00    1.00    0.00    0.00    1.00     9  listener
12:09:47 PM  1000     33681    1.00    1.00    0.00    0.00    2.00    13  listener
12:09:47 PM  1000     33683    1.00    1.00    0.00    0.00    2.00     6  listener
12:09:47 PM  1000     33685    1.00    1.00    0.00    0.00    2.00     7  listener
12:09:47 PM  1000     33687    0.00    1.00    0.00    0.00    1.00    16  listener
12:09:47 PM  1000     33689    0.00    1.00    0.00    0.00    1.00     2  listener
12:09:47 PM  1000     33692    1.00    0.00    0.00    0.00    1.00    15  listener
12:09:47 PM  1000     33702    1.00    1.00    0.00    0.00    2.00    17  listener
12:09:47 PM  1000     33704    0.00    1.00    0.00    0.00    1.00    19  listener
12:09:47 PM  1000     33706    0.00    1.00    0.00    0.00    1.00     7  listener
12:09:47 PM  1000     33711    1.00    1.00    0.00    0.00    2.00     1  listener
12:09:47 PM  1000     33797    1.00    1.00    0.00    0.00    2.00     0  listener
12:09:47 PM  1000     33882    1.00    0.00    0.00    0.00    1.00     3  listener
12:09:47 PM  1000     33885    0.00    1.00    0.00    0.00    1.00    13  listener
12:09:47 PM  1000     33903    1.00    0.00    0.00    0.00    1.00     5  listener
12:09:47 PM  1000     33970    1.00    0.00    0.00    0.00    1.00     6  listener
12:09:47 PM  1000     33972    0.00    1.00    0.00    0.00    1.00    14  listener
12:09:47 PM  1000     33974    1.00    1.00    0.00    0.00    2.00     5  listener
12:09:47 PM  1000     34012    1.00    0.00    0.00    0.00    1.00     3  listener
12:09:47 PM  1000     34041    0.00    1.00    0.00    0.00    1.00     8  listener
12:09:47 PM  1000     34070    1.00    1.00    0.00    0.00    2.00    11  listener
12:09:47 PM  1000     34081    1.00    1.00    0.00    0.00    2.00    13  listener
12:09:47 PM  1000     34092    0.00    1.00    0.00    0.00    1.00    17  listener
12:09:47 PM  1000     34094    0.00    1.00    0.00    0.00    1.00    12  listener
12:09:47 PM  1000     34096    0.00    1.00    0.00    0.00    1.00    16  listener
12:09:47 PM  1000     34098    0.00    1.00    0.00    0.00    1.00     3  listener
12:09:47 PM  1000     34100    1.00    1.00    0.00    0.00    2.00    12  listener
12:09:47 PM  1000     34129    0.00    1.00    0.00    0.00    1.00     3  listener
12:09:47 PM  1000     34184    1.00    1.00    0.00    0.00    2.00     8  listener
12:09:47 PM  1000     34241    0.00    1.00    0.00    0.00    1.00    14  listener
12:09:47 PM  1000     34261    0.00    1.00    0.00    0.00    1.00     2  listener
12:09:47 PM  1000     34281    1.00    0.00    0.00    0.00    1.00     5  listener
12:09:47 PM  1000     34318    0.00    1.00    0.00    0.00    1.00     0  listener
12:09:47 PM  1000     34348    1.00    0.00    0.00    0.00    1.00    10  listener
12:09:47 PM  1000     34377    1.00    1.00    0.00    0.00    2.00     8  listener
12:09:47 PM  1000     34389    1.00    1.00    0.00    0.00    2.00     1  listener
12:09:47 PM  1000     34402    0.00    1.00    0.00    0.00    1.00    15  listener
12:09:47 PM  1000     34440    1.00    1.00    0.00    0.00    2.00    12  listener
12:09:47 PM  1000     34469    1.00    1.00    0.00    0.00    2.00     1  listener
12:09:47 PM  1000     34480    1.00    0.00    0.00    0.00    1.00    14  listener
12:09:47 PM  1000     34491    0.00    2.00    0.00    0.00    2.00    10  listener
12:09:47 PM  1000     34504    1.00    0.00    0.00    0.00    1.00    18  listener
12:09:47 PM  1000     34541    1.00    0.00    0.00    0.00    1.00     8  listener
12:09:47 PM  1000     34588    1.00    0.00    0.00    0.00    1.00     7  listener
12:09:47 PM  1000     34590    1.00    0.00    0.00    0.00    1.00    12  listener
12:09:47 PM  1000     34603    1.00    0.00    0.00    0.00    1.00    19  listener
12:09:47 PM  1000     34623    1.00    0.00    0.00    0.00    1.00     3  listener
12:09:47 PM  1000     34642    1.00    1.00    0.00    0.00    2.00     1  listener
12:09:47 PM  1000     34645    1.00    1.00    0.00    0.00    2.00     6  listener
12:09:47 PM  1000     34684    1.00    0.00    0.00    0.00    1.00     0  listener
12:09:47 PM  1000     34712    0.00    1.00    0.00    0.00    1.00     5  listener
12:09:47 PM  1000     34721    1.00    1.00    0.00    0.00    2.00    11  listener
12:09:47 PM  1000     34784    1.00    1.00    0.00    0.00    2.00     3  listener
12:09:47 PM  1000     34790    1.00    1.00    0.00    0.00    2.00    17  listener
12:09:47 PM  1000     34800    1.00    1.00    0.00    0.00    2.00     1  listener
12:09:47 PM  1000     34803    1.00    1.00    0.00    0.00    2.00     2  listener
12:09:47 PM  1000     34805    0.00    1.00    0.00    0.00    1.00     7  listener
12:09:47 PM  1000     34816    1.00    0.00    0.00    0.00    1.00     6  listener
12:09:47 PM  1000     34855    0.00    1.00    0.00    0.00    1.00     0  listener
12:09:47 PM  1000     34874    0.00    1.00    0.00    0.00    1.00    17  listener
12:09:47 PM  1000     34876    1.00    0.00    0.00    0.00    1.00    12  listener
12:09:47 PM  1000     34932    1.00    0.00    0.00    0.00    1.00    13  listener
12:09:47 PM  1000     34934    1.00    1.00    0.00    0.00    2.00    13  listener
12:09:47 PM  1000     34936    1.00    1.00    0.00    0.00    2.00    18  listener
12:09:47 PM  1000     34939    0.00    1.00    0.00    0.00    1.00     0  listener
12:09:47 PM  1000     34962    1.00    0.00    0.00    0.00    1.00     3  listener
12:09:47 PM  1000     34965    1.00    1.00    0.00    0.00    2.00    15  listener
12:09:47 PM  1000     35034    1.00    1.00    0.00    0.00    2.00    14  listener
12:09:47 PM  1000     35036    1.00    0.00    0.00    0.00    1.00    10  listener
12:09:47 PM  1000     35047    1.00    0.00    0.00    0.00    1.00    17  listener
12:09:47 PM  1000     35068    1.00    0.00    0.00    0.00    1.00     0  listener
12:09:47 PM  1000     35114    1.00    1.00    0.00    0.00    2.00    12  listener
12:09:47 PM  1000     35117    0.00    1.00    0.00    0.00    1.00    16  listener
12:09:47 PM  1000     35128    1.00    1.00    0.00    0.00    2.00    11  listener
12:09:47 PM  1000     35164    1.00    1.00    0.00    0.00    2.00    13  listener
12:09:47 PM  1000     35230    1.00    0.00    0.00    0.00    1.00    16  listener
12:09:47 PM  1000     35232    1.00    1.00    0.00    0.00    2.00    13  listener
12:09:47 PM  1000     35234    1.00    1.00    0.00    0.00    2.00    15  listener
12:09:47 PM  1000     35246    1.00    0.00    0.00    0.00    1.00     8  listener
12:09:47 PM  1000     35275    0.00    0.00    0.00    0.00    0.00    12  listener
12:09:47 PM  1000     35281    0.00    1.00    0.00    0.00    1.00     8  listener
12:09:47 PM  1000     35296    1.00    0.00    0.00    0.00    1.00     2  listener
12:09:47 PM  1000     35307    0.00    1.00    0.00    0.00    1.00     8  listener
12:09:47 PM  1000     35327    0.00    0.00    0.00    0.00    0.00    12  listener
12:09:47 PM  1000     35347    0.00    1.00    0.00    0.00    1.00    11  listener
12:09:47 PM  1000     35358    1.00    0.00    0.00    0.00    1.00     1  listener
12:09:47 PM  1000     35369    0.00    1.00    0.00    0.00    1.00     9  listener
12:09:47 PM  1000     35389    1.00    0.00    0.00    0.00    1.00    12  listener
12:09:47 PM  1000     35409    0.00    1.00    0.00    0.00    1.00    11  listener
12:09:47 PM  1000     35428    1.00    1.00    0.00    0.00    2.00     5  listener
12:09:47 PM  1000     35432    1.00    0.00    0.00    0.00    1.00     0  listener
12:09:47 PM  1000     35434    0.00    0.00    0.00    0.00    0.00     6  listener
12:09:47 PM  1000     35445    1.00    0.00    0.00    0.00    1.00    18  listener
12:09:47 PM  1000     35467    0.00    1.00    0.00    0.00    1.00    13  listener
12:09:47 PM  1000     35487    0.00    1.00    0.00    0.00    1.00    17  listener
12:09:47 PM  1000     35524    2.00    1.00    0.00    0.00    3.00     0  listener
12:09:47 PM  1000     35544    1.00    1.00    0.00    0.00    2.00    15  listener
12:09:47 PM  1000     35546    0.00    0.00    0.00    0.00    0.00    19  listener
12:09:47 PM  1000     35558    1.00    0.00    0.00    0.00    1.00     6  listener
12:09:47 PM  1000     35578    1.00    0.00    0.00    0.00    1.00    14  listener
12:09:47 PM  1000     35598    1.00    1.00    0.00    0.00    2.00     7  listener
12:09:47 PM  1000     35629    0.00    0.00    0.00    0.00    0.00     2  listener
12:09:47 PM  1000     35641    1.00    1.00    0.00    0.00    2.00    16  listener
12:09:47 PM  1000     35651    1.00    0.00    0.00    0.00    1.00    10  listener
12:09:47 PM  1000     35673    0.00    1.00    0.00    0.00    1.00    16  listener
12:09:47 PM  1000     35701    1.00    0.00    0.00    0.00    1.00    10  listener
12:09:47 PM  1000     35703    1.00    1.00    0.00    0.00    2.00    15  listener
12:09:47 PM  1000     35723    0.00    0.00    0.00    0.00    0.00    16  listener
12:09:47 PM  1000     35734    1.00    0.00    0.00    0.00    1.00    18  listener
12:09:47 PM  1000     35745    2.00    0.00    0.00    0.00    2.00    13  listener
12:09:47 PM  1000     35764    0.00    0.00    0.00    0.00    0.00    14  listener
12:09:47 PM  1000     35777    0.00    1.00    0.00    0.00    1.00     3  listener
12:09:47 PM  1000     35787    1.00    0.00    0.00    0.00    1.00     0  listener
12:09:47 PM  1000     35825    1.00    0.00    0.00    0.00    1.00    10  listener
12:09:47 PM  1000     35827    1.00    1.00    0.00    0.00    2.00    15  listener
12:09:47 PM  1000     35829    0.00    1.00    0.00    0.00    1.00    11  listener
12:09:47 PM  1000     35858    0.00    1.00    0.00    0.00    1.00    10  listener
12:09:47 PM  1000     35905    0.00    1.00    0.00    0.00    1.00    13  listener
12:09:47 PM  1000     35916    1.00    1.00    0.00    0.00    2.00    15  listener
12:09:47 PM  1000     35918    1.00    0.00    0.00    0.00    1.00    14  listener
12:09:47 PM  1000     35956    0.00    2.00    0.00    0.00    2.00    19  listener
12:09:47 PM  1000     36003    1.00    0.00    0.00    0.00    1.00     1  listener

12:09:47 PM   UID       PID    %usr %system  %guest   %wait    %CPU   CPU  Command
12:09:48 PM  1000     33667    0.00    1.00    0.00    0.00    1.00    11  listener
12:09:48 PM  1000     33669    1.00    1.00    0.00    0.00    2.00    17  listener
12:09:48 PM  1000     33671    0.00    1.00    0.00    0.00    1.00    12  listener
12:09:48 PM  1000     33673    1.00    1.00    0.00    0.00    2.00    17  listener
12:09:48 PM  1000     33675    1.00    0.00    0.00    0.00    1.00    16  listener
12:09:48 PM  1000     33677    1.00    0.00    0.00    0.00    1.00     6  listener
12:09:48 PM  1000     33679    0.00    2.00    0.00    0.00    2.00    10  listener
12:09:48 PM  1000     33681    0.00    1.00    0.00    0.00    1.00     6  listener
12:09:48 PM  1000     33683    1.00    0.00    0.00    0.00    1.00     5  listener
12:09:48 PM  1000     33685    1.00    0.00    0.00    0.00    1.00     3  listener
12:09:48 PM  1000     33687    1.00    1.00    0.00    0.00    2.00     7  listener
12:09:48 PM  1000     33689    1.00    1.00    0.00    0.00    2.00     2  listener
12:09:48 PM  1000     33692    1.00    1.00    0.00    0.00    2.00     2  listener
12:09:48 PM  1000     33702    0.00    1.00    0.00    0.00    1.00    12  listener
12:09:48 PM  1000     33704    0.00    2.00    0.00    0.00    2.00    17  listener
12:09:48 PM  1000     33706    1.00    1.00    0.00    0.00    2.00    18  listener
12:09:48 PM  1000     33711    1.00    0.00    0.00    0.00    1.00     4  listener
12:09:48 PM  1000     33797    0.00    1.00    0.00    0.00    1.00    17  listener
12:09:48 PM  1000     33882    0.00    2.00    0.00    0.00    2.00    15  listener
12:09:48 PM  1000     33885    0.00    2.00    0.00    0.00    2.00    18  listener
12:09:48 PM  1000     33903    0.00    1.00    0.00    0.00    1.00     0  listener
12:09:48 PM  1000     33970    0.00    2.00    0.00    0.00    2.00    16  listener
12:09:48 PM  1000     33972    1.00    1.00    0.00    0.00    2.00     0  listener
12:09:48 PM  1000     33974    0.00    1.00    0.00    0.00    1.00     2  listener
12:09:48 PM  1000     34012    1.00    1.00    0.00    0.00    2.00    16  listener
12:09:48 PM  1000     34041    1.00    0.00    0.00    0.00    1.00    17  listener
12:09:48 PM  1000     34070    1.00    1.00    0.00    0.00    2.00     2  listener
12:09:48 PM  1000     34081    1.00    1.00    0.00    0.00    2.00    17  listener
12:09:48 PM  1000     34092    1.00    0.00    0.00    0.00    1.00     8  listener
12:09:48 PM  1000     34094    1.00    1.00    0.00    0.00    2.00    15  listener
12:09:48 PM  1000     34096    1.00    1.00    0.00    0.00    2.00    10  listener
12:09:48 PM  1000     34098    0.00    1.00    0.00    0.00    1.00     2  listener
12:09:48 PM  1000     34100    1.00    0.00    0.00    0.00    1.00     8  listener
12:09:48 PM  1000     34129    0.00    1.00    0.00    0.00    1.00     3  listener
12:09:48 PM  1000     34184    0.00    0.00    0.00    0.00    0.00     7  listener
12:09:48 PM  1000     34241    1.00    1.00    0.00    0.00    2.00     8  listener
12:09:48 PM  1000     34261    1.00    0.00    0.00    0.00    1.00    13  listener
12:09:48 PM  1000     34281    1.00    1.00    0.00    0.00    2.00    19  listener
12:09:48 PM  1000     34318    0.00    2.00    0.00    0.00    2.00     0  listener
12:09:48 PM  1000     34348    1.00    0.00    0.00    0.00    1.00    13  listener
12:09:48 PM  1000     34377    1.00    0.00    0.00    0.00    1.00    17  listener
12:09:48 PM  1000     34389    1.00    0.00    0.00    0.00    1.00     6  listener
12:09:48 PM  1000     34402    1.00    1.00    0.00    1.00    2.00     1  listener
12:09:48 PM  1000     34440    1.00    0.00    0.00    0.00    1.00     1  listener
12:09:48 PM  1000     34469    1.00    1.00    0.00    0.00    2.00     3  listener
12:09:48 PM  1000     34480    1.00    1.00    0.00    0.00    2.00     1  listener
12:09:48 PM  1000     34491    0.00    1.00    0.00    0.00    1.00     7  listener
12:09:48 PM  1000     34504    1.00    1.00    0.00    0.00    2.00    16  listener
12:09:48 PM  1000     34541    0.00    1.00    0.00    0.00    1.00     7  listener
12:09:48 PM  1000     34588    1.00    1.00    0.00    0.00    2.00    14  listener
12:09:48 PM  1000     34590    1.00    1.00    0.00    0.00    2.00    17  listener
12:09:48 PM  1000     34603    1.00    1.00    0.00    0.00    2.00    15  listener
12:09:48 PM  1000     34623    1.00    1.00    0.00    0.00    2.00    10  listener
12:09:48 PM  1000     34642    1.00    0.00    0.00    0.00    1.00     9  listener
12:09:48 PM  1000     34645    0.00    1.00    0.00    0.00    1.00    10  listener
12:09:48 PM  1000     34684    0.00    2.00    0.00    0.00    2.00    18  listener
12:09:48 PM  1000     34712    2.00    0.00    0.00    0.00    2.00    12  listener
12:09:48 PM  1000     34721    1.00    0.00    0.00    0.00    1.00    15  listener
12:09:48 PM  1000     34784    1.00    0.00    0.00    0.00    1.00    15  listener
12:09:48 PM  1000     34790    0.00    0.00    0.00    0.00    0.00    13  listener
12:09:48 PM  1000     34800    1.00    1.00    0.00    0.00    2.00    12  listener
12:09:48 PM  1000     34803    1.00    1.00    0.00    0.00    2.00    18  listener
12:09:48 PM  1000     34805    0.00    2.00    0.00    0.00    2.00     7  listener
12:09:48 PM  1000     34816    1.00    0.00    0.00    0.00    1.00    17  listener
12:09:48 PM  1000     34855    1.00    1.00    0.00    0.00    2.00    14  listener
12:09:48 PM  1000     34874    1.00    0.00    0.00    0.00    1.00    12  listener
12:09:48 PM  1000     34876    1.00    1.00    0.00    0.00    2.00     6  listener
12:09:48 PM  1000     34932    1.00    1.00    0.00    0.00    2.00    10  listener
12:09:48 PM  1000     34934    1.00    1.00    0.00    0.00    2.00    16  listener
12:09:48 PM  1000     34936    0.00    1.00    0.00    0.00    1.00    12  listener
12:09:48 PM  1000     34939    0.00    1.00    0.00    0.00    1.00    14  listener
12:09:48 PM  1000     34962    1.00    0.00    0.00    0.00    1.00    18  listener
12:09:48 PM  1000     34965    1.00    1.00    0.00    0.00    2.00     8  listener
12:09:48 PM  1000     35034    1.00    1.00    0.00    0.00    2.00     5  listener
12:09:48 PM  1000     35036    1.00    2.00    0.00    0.00    3.00    11  listener
12:09:48 PM  1000     35047    1.00    1.00    0.00    0.00    2.00     5  listener
12:09:48 PM  1000     35068    1.00    1.00    0.00    0.00    2.00     5  listener
12:09:48 PM  1000     35114    1.00    1.00    0.00    0.00    2.00     5  listener
12:09:48 PM  1000     35117    0.00    1.00    0.00    0.00    1.00    14  listener
12:09:48 PM  1000     35128    1.00    0.00    0.00    0.00    1.00    18  listener
12:09:48 PM  1000     35164    1.00    1.00    0.00    0.00    2.00     8  listener
12:09:48 PM  1000     35230    1.00    0.00    0.00    0.00    1.00     1  listener
12:09:48 PM  1000     35232    1.00    0.00    0.00    0.00    1.00     4  listener
12:09:48 PM  1000     35234    1.00    0.00    0.00    0.00    1.00     6  listener
12:09:48 PM  1000     35246    0.00    1.00    0.00    0.00    1.00    13  listener
12:09:48 PM  1000     35275    1.00    1.00    0.00    0.00    2.00     3  listener
12:09:48 PM  1000     35281    1.00    1.00    0.00    0.00    2.00     9  listener
12:09:48 PM  1000     35296    1.00    1.00    0.00    0.00    2.00     0  listener
12:09:48 PM  1000     35307    2.00    0.00    0.00    0.00    2.00    16  listener
12:09:48 PM  1000     35327    1.00    1.00    0.00    0.00    2.00     5  listener
12:09:48 PM  1000     35347    1.00    0.00    0.00    0.00    1.00    16  listener
12:09:48 PM  1000     35358    1.00    0.00    0.00    0.00    1.00    14  listener
12:09:48 PM  1000     35369    0.00    1.00    0.00    0.00    1.00     8  listener
12:09:48 PM  1000     35389    1.00    1.00    0.00    0.00    2.00     3  listener
12:09:48 PM  1000     35409    1.00    1.00    0.00    0.00    2.00     2  listener
12:09:48 PM  1000     35428    1.00    0.00    0.00    0.00    1.00     2  listener
12:09:48 PM  1000     35432    1.00    1.00    0.00    0.00    2.00    16  listener
12:09:48 PM  1000     35434    1.00    1.00    0.00    0.00    2.00     6  listener
12:09:48 PM  1000     35445    1.00    1.00    0.00    1.00    2.00    15  listener
12:09:48 PM  1000     35467    0.00    2.00    0.00    0.00    2.00    12  listener
12:09:48 PM  1000     35487    1.00    1.00    0.00    0.00    2.00    15  listener
12:09:48 PM  1000     35524    0.00    1.00    0.00    0.00    1.00    17  listener
12:09:48 PM  1000     35544    1.00    1.00    0.00    0.00    2.00    10  listener
12:09:48 PM  1000     35546    1.00    1.00    0.00    0.00    2.00    13  listener
12:09:48 PM  1000     35558    1.00    1.00    0.00    0.00    2.00     6  listener
12:09:48 PM  1000     35578    1.00    1.00    0.00    0.00    2.00     7  listener
12:09:48 PM  1000     35598    1.00    1.00    0.00    0.00    2.00    18  listener
12:09:48 PM  1000     35629    2.00    1.00    0.00    0.00    3.00    19  listener
12:09:48 PM  1000     35641    1.00    1.00    0.00    0.00    2.00     1  listener
12:09:48 PM  1000     35651    1.00    1.00    0.00    0.00    2.00    12  listener
12:09:48 PM  1000     35673    0.00    1.00    0.00    0.00    1.00     4  listener
12:09:48 PM  1000     35701    1.00    1.00    0.00    0.00    2.00     4  listener
12:09:48 PM  1000     35703    1.00    1.00    0.00    0.00    2.00     9  listener
12:09:48 PM  1000     35723    1.00    1.00    0.00    0.00    2.00    16  listener
12:09:48 PM  1000     35734    1.00    1.00    0.00    0.00    2.00     6  listener
12:09:48 PM  1000     35745    1.00    0.00    0.00    0.00    1.00     6  listener
12:09:48 PM  1000     35764    1.00    1.00    0.00    0.00    2.00     2  listener
12:09:48 PM  1000     35777    1.00    0.00    0.00    0.00    1.00    12  listener
12:09:48 PM  1000     35787    1.00    1.00    0.00    0.00    2.00    12  listener
12:09:48 PM  1000     35825    1.00    1.00    0.00    0.00    2.00     6  listener
12:09:48 PM  1000     35827    1.00    0.00    0.00    0.00    1.00    10  listener
12:09:48 PM  1000     35829    1.00    0.00    0.00    0.00    1.00     4  listener
12:09:48 PM  1000     35858    1.00    1.00    0.00    0.00    2.00     9  listener
12:09:48 PM  1000     35905    0.00    1.00    0.00    0.00    1.00     9  listener
12:09:48 PM  1000     35916    1.00    1.00    0.00    0.00    2.00    12  listener
12:09:48 PM  1000     35918    1.00    1.00    0.00    0.00    2.00    16  listener
12:09:48 PM  1000     35956    0.00    1.00    0.00    0.00    1.00    15  listener
12:09:48 PM  1000     36003    1.00    1.00    0.00    0.00    2.00     8  listener

12:09:48 PM   UID       PID    %usr %system  %guest   %wait    %CPU   CPU  Command
12:09:49 PM  1000     33667    1.00    0.00    0.00    0.00    1.00     4  listener
12:09:49 PM  1000     33669    0.00    1.00    0.00    0.00    1.00     2  listener
12:09:49 PM  1000     33671    0.00    1.00    0.00    0.00    1.00    19  listener
12:09:49 PM  1000     33673    0.00    1.00    0.00    0.00    1.00     6  listener
12:09:49 PM  1000     33675    1.00    1.00    0.00    0.00    2.00    19  listener
12:09:49 PM  1000     33677    1.00    1.00    0.00    0.00    2.00     6  listener
12:09:49 PM  1000     33679    0.00    1.00    0.00    0.00    1.00    14  listener
12:09:49 PM  1000     33681    1.00    0.00    0.00    0.00    1.00     8  listener
12:09:49 PM  1000     33683    1.00    1.00    0.00    0.00    2.00     1  listener
12:09:49 PM  1000     33685    1.00    0.00    0.00    0.00    1.00     3  listener
12:09:49 PM  1000     33687    1.00    1.00    0.00    0.00    2.00     3  listener
12:09:49 PM  1000     33689    0.00    0.00    0.00    0.00    0.00     2  listener
12:09:49 PM  1000     33692    1.00    0.00    0.00    0.00    1.00     1  listener
12:09:49 PM  1000     33702    1.00    0.00    0.00    0.00    1.00     6  listener
12:09:49 PM  1000     33704    0.00    1.00    0.00    0.00    1.00    13  listener
12:09:49 PM  1000     33706    0.00    0.00    0.00    0.00    0.00     5  listener
12:09:49 PM  1000     33711    1.00    1.00    0.00    0.00    2.00     8  listener
12:09:49 PM  1000     33797    1.00    1.00    0.00    0.00    2.00    10  listener
12:09:49 PM  1000     33882    1.00    0.00    0.00    0.00    1.00    11  listener
12:09:49 PM  1000     33885    1.00    0.00    0.00    0.00    1.00     1  listener
12:09:49 PM  1000     33903    1.00    1.00    0.00    0.00    2.00     8  listener
12:09:49 PM  1000     33970    1.00    0.00    0.00    0.00    1.00     8  listener
12:09:49 PM  1000     33972    1.00    0.00    0.00    0.00    1.00    14  listener
12:09:49 PM  1000     33974    1.00    1.00    0.00    0.00    2.00     9  listener
12:09:49 PM  1000     34012    0.00    0.00    0.00    0.00    0.00    15  listener
12:09:49 PM  1000     34041    1.00    1.00    0.00    0.00    2.00    18  listener
12:09:49 PM  1000     34070    0.00    0.00    0.00    0.00    0.00     6  listener
12:09:49 PM  1000     34081    0.00    0.00    0.00    0.00    0.00     4  listener
12:09:49 PM  1000     34092    0.00    1.00    0.00    0.00    1.00    12  listener
12:09:49 PM  1000     34094    0.00    1.00    0.00    0.00    1.00     3  listener
12:09:49 PM  1000     34096    0.00    0.00    0.00    0.00    0.00     8  listener
12:09:49 PM  1000     34098    1.00    1.00    0.00    0.00    2.00    17  listener
12:09:49 PM  1000     34100    1.00    0.00    0.00    0.00    1.00    12  listener
12:09:49 PM  1000     34129    0.00    1.00    0.00    0.00    1.00     6  listener
12:09:49 PM  1000     34184    1.00    1.00    0.00    0.00    2.00     7  listener
12:09:49 PM  1000     34241    0.00    1.00    0.00    0.00    1.00     6  listener
12:09:49 PM  1000     34261    1.00    0.00    0.00    0.00    1.00     8  listener
12:09:49 PM  1000     34281    1.00    0.00    0.00    0.00    1.00     5  listener
12:09:49 PM  1000     34318    0.00    1.00    0.00    0.00    1.00    14  listener
12:09:49 PM  1000     34348    1.00    1.00    0.00    0.00    2.00     2  listener
12:09:49 PM  1000     34377    0.00    0.00    0.00    0.00    0.00    14  listener
12:09:49 PM  1000     34389    0.00    0.00    0.00    0.00    0.00     1  listener
12:09:49 PM  1000     34402    1.00    0.00    0.00    0.00    1.00     1  listener
12:09:49 PM  1000     34440    0.00    2.00    0.00    0.00    2.00    11  listener
12:09:49 PM  1000     34469    0.00    0.00    0.00    0.00    0.00     8  listener
12:09:49 PM  1000     34480    1.00    0.00    0.00    0.00    1.00    10  listener
12:09:49 PM  1000     34491    0.00    1.00    0.00    0.00    1.00    10  listener
12:09:49 PM  1000     34504    0.00    1.00    0.00    0.00    1.00    15  listener
12:09:49 PM  1000     34541    1.00    1.00    0.00    0.00    2.00    15  listener
12:09:49 PM  1000     34588    0.00    1.00    0.00    0.00    1.00     1  listener
12:09:49 PM  1000     34590    0.00    0.00    0.00    0.00    0.00     6  listener
12:09:49 PM  1000     34603    0.00    1.00    0.00    0.00    1.00     0  listener
12:09:49 PM  1000     34623    0.00    0.00    0.00    0.00    0.00     7  listener
12:09:49 PM  1000     34642    1.00    1.00    0.00    0.00    2.00     8  listener
12:09:49 PM  1000     34645    0.00    0.00    0.00    0.00    0.00     8  listener
12:09:49 PM  1000     34684    0.00    0.00    0.00    0.00    0.00     7  listener
12:09:49 PM  1000     34712    1.00    0.00    0.00    0.00    1.00    19  listener
12:09:49 PM  1000     34721    0.00    1.00    0.00    0.00    1.00     0  listener
12:09:49 PM  1000     34784    0.00    1.00    0.00    0.00    1.00     3  listener
12:09:49 PM  1000     34790    1.00    1.00    0.00    0.00    2.00    10  listener
12:09:49 PM  1000     34800    0.00    0.00    0.00    0.00    0.00     4  listener
12:09:49 PM  1000     34803    0.00    0.00    0.00    0.00    0.00     5  listener
12:09:49 PM  1000     34805    0.00    1.00    0.00    0.00    1.00    16  listener
12:09:49 PM  1000     34816    1.00    1.00    0.00    0.00    2.00     9  listener
12:09:49 PM  1000     34855    1.00    0.00    0.00    0.00    1.00    13  listener
12:09:49 PM  1000     34874    1.00    1.00    0.00    0.00    2.00    13  listener
12:09:49 PM  1000     34876    0.00    1.00    0.00    0.00    1.00    12  listener
12:09:49 PM  1000     34932    0.00    1.00    0.00    0.00    1.00     0  listener
12:09:49 PM  1000     34934    0.00    0.00    0.00    0.00    0.00     7  listener
12:09:49 PM  1000     34936    1.00    1.00    0.00    0.00    2.00     5  listener
12:09:49 PM  1000     34939    0.00    2.00    0.00    0.00    2.00    10  listener
12:09:49 PM  1000     34962    1.00    1.00    0.00    0.00    2.00    12  listener
12:09:49 PM  1000     34965    0.00    0.00    0.00    0.00    0.00    14  listener
12:09:49 PM  1000     35034    0.00    0.00    0.00    0.00    0.00     0  listener
12:09:49 PM  1000     35036    0.00    0.00    0.00    0.00    0.00    14  listener
12:09:49 PM  1000     35047    0.00    1.00    0.00    0.00    1.00    15  listener
12:09:49 PM  1000     35068    1.00    0.00    0.00    0.00    1.00     5  listener
12:09:49 PM  1000     35114    1.00    0.00    0.00    0.00    1.00     6  listener
12:09:49 PM  1000     35117    1.00    1.00    0.00    0.00    2.00     3  listener
12:09:49 PM  1000     35128    1.00    1.00    0.00    0.00    2.00     2  listener
12:09:49 PM  1000     35164    0.00    0.00    0.00    0.00    0.00     3  listener
12:09:49 PM  1000     35230    1.00    1.00    0.00    0.00    2.00    16  listener
12:09:49 PM  1000     35232    0.00    1.00    0.00    0.00    1.00    12  listener
12:09:49 PM  1000     35234    0.00    1.00    0.00    0.00    1.00    12  listener
12:09:49 PM  1000     35246    1.00    1.00    0.00    0.00    2.00     8  listener
12:09:49 PM  1000     35275    1.00    1.00    0.00    0.00    2.00     5  listener
12:09:49 PM  1000     35281    1.00    0.00    0.00    0.00    1.00     9  listener
12:09:49 PM  1000     35296    1.00    0.00    0.00    0.00    1.00    13  listener
12:09:49 PM  1000     35307    1.00    1.00    0.00    0.00    2.00     1  listener
12:09:49 PM  1000     35327    0.00    1.00    0.00    0.00    1.00     5  listener
12:09:49 PM  1000     35347    1.00    0.00    0.00    0.00    1.00    18  listener
12:09:49 PM  1000     35358    1.00    1.00    0.00    0.00    2.00    15  listener
12:09:49 PM  1000     35369    1.00    0.00    0.00    0.00    1.00     5  listener
12:09:49 PM  1000     35389    1.00    1.00    0.00    0.00    2.00    17  listener
12:09:49 PM  1000     35409    0.00    1.00    0.00    0.00    1.00    10  listener
12:09:49 PM  1000     35428    1.00    1.00    0.00    0.00    2.00     1  listener
12:09:49 PM  1000     35432    1.00    0.00    0.00    0.00    1.00     2  listener
12:09:49 PM  1000     35434    1.00    1.00    0.00    0.00    2.00     8  listener
12:09:49 PM  1000     35445    0.00    0.00    0.00    0.00    0.00     0  listener
12:09:49 PM  1000     35467    1.00    1.00    0.00    0.00    2.00     6  listener
12:09:49 PM  1000     35487    1.00    0.00    0.00    0.00    1.00    10  listener
12:09:49 PM  1000     35524    1.00    0.00    0.00    0.00    1.00    13  listener
12:09:49 PM  1000     35544    0.00    0.00    0.00    0.00    0.00     6  listener
12:09:49 PM  1000     35546    0.00    1.00    0.00    0.00    1.00    16  listener
12:09:49 PM  1000     35558    0.00    1.00    0.00    0.00    1.00     8  listener
12:09:49 PM  1000     35578    0.00    1.00    0.00    0.00    1.00     6  listener
12:09:49 PM  1000     35598    0.00    1.00    0.00    0.00    1.00    10  listener
12:09:49 PM  1000     35629    0.00    0.00    0.00    0.00    0.00     1  listener
12:09:49 PM  1000     35641    1.00    0.00    0.00    0.00    1.00    15  listener
12:09:49 PM  1000     35651    1.00    0.00    0.00    0.00    1.00     3  listener
12:09:49 PM  1000     35673    1.00    1.00    0.00    0.00    2.00     6  listener
12:09:49 PM  1000     35701    0.00    1.00    0.00    0.00    1.00    11  listener
12:09:49 PM  1000     35703    0.00    0.00    0.00    0.00    0.00     3  listener
12:09:49 PM  1000     35723    1.00    0.00    0.00    0.00    1.00    13  listener
12:09:49 PM  1000     35734    1.00    0.00    0.00    0.00    1.00    18  listener
12:09:49 PM  1000     35745    1.00    1.00    0.00    0.00    2.00    13  listener
12:09:49 PM  1000     35764    1.00    0.00    0.00    0.00    1.00    13  listener
12:09:49 PM  1000     35777    1.00    1.00    0.00    0.00    2.00     0  listener
12:09:49 PM  1000     35787    1.00    0.00    0.00    0.00    1.00    10  listener
12:09:49 PM  1000     35825    1.00    1.00    0.00    0.00    2.00    10  listener
12:09:49 PM  1000     35827    1.00    1.00    0.00    0.00    2.00     8  listener
12:09:49 PM  1000     35829    1.00    1.00    0.00    0.00    2.00    10  listener
12:09:49 PM  1000     35858    0.00    1.00    0.00    0.00    1.00     4  listener
12:09:49 PM  1000     35905    1.00    0.00    0.00    0.00    1.00    17  listener
12:09:49 PM  1000     35916    0.00    0.00    0.00    0.00    0.00    10  listener
12:09:49 PM  1000     35918    1.00    0.00    0.00    0.00    1.00     9  listener
12:09:49 PM  1000     35956    0.00    1.00    0.00    0.00    1.00     5  listener
12:09:49 PM  1000     36003    1.00    0.00    0.00    0.00    1.00    10  listener

12:09:49 PM   UID       PID    %usr %system  %guest   %wait    %CPU   CPU  Command
12:09:50 PM  1000     33667    1.00    0.00    0.00    0.00    1.00     9  listener
12:09:50 PM  1000     33669    1.00    0.00    0.00    0.00    1.00     8  listener
12:09:50 PM  1000     33671    1.00    1.00    0.00    0.00    2.00    10  listener
12:09:50 PM  1000     33673    0.00    0.00    0.00    0.00    0.00    10  listener
12:09:50 PM  1000     33675    0.00    0.00    0.00    0.00    0.00    12  listener
12:09:50 PM  1000     33677    1.00    0.00    0.00    0.00    1.00     1  listener
12:09:50 PM  1000     33679    0.00    1.00    0.00    0.00    1.00     8  listener
12:09:50 PM  1000     33681    1.00    0.00    0.00    0.00    1.00     6  listener
12:09:50 PM  1000     33683    1.00    0.00    0.00    0.00    1.00    14  listener
12:09:50 PM  1000     33685    0.00    1.00    0.00    0.00    1.00     3  listener
12:09:50 PM  1000     33687    0.00    0.00    0.00    0.00    0.00     5  listener
12:09:50 PM  1000     33689    1.00    1.00    0.00    0.00    2.00    13  listener
12:09:50 PM  1000     33692    0.00    1.00    0.00    0.00    1.00    12  listener
12:09:50 PM  1000     33702    1.00    1.00    0.00    0.00    2.00     4  listener
12:09:50 PM  1000     33704    0.00    1.00    0.00    0.00    1.00    10  listener
12:09:50 PM  1000     33706    0.00    1.00    0.00    0.00    1.00     5  listener
12:09:50 PM  1000     33711    1.00    0.00    0.00    0.00    1.00     8  listener
12:09:50 PM  1000     33797    0.00    0.00    0.00    0.00    0.00     9  listener
12:09:50 PM  1000     33882    0.00    1.00    0.00    0.00    1.00    15  listener
12:09:50 PM  1000     33885    1.00    1.00    0.00    0.00    2.00     7  listener
12:09:50 PM  1000     33903    1.00    0.00    0.00    0.00    1.00     5  listener
12:09:50 PM  1000     33970    0.00    1.00    0.00    0.00    1.00     8  listener
12:09:50 PM  1000     33972    0.00    1.00    0.00    0.00    1.00     3  listener
12:09:50 PM  1000     33974    1.00    0.00    0.00    0.00    1.00    17  listener
12:09:50 PM  1000     34012    1.00    0.00    0.00    0.00    1.00    19  listener
12:09:50 PM  1000     34041    1.00    0.00    0.00    0.00    1.00    12  listener
12:09:50 PM  1000     34070    1.00    1.00    0.00    0.00    2.00    15  listener
12:09:50 PM  1000     34081    1.00    0.00    0.00    0.00    1.00    11  listener
12:09:50 PM  1000     34092    1.00    0.00    0.00    0.00    1.00     0  listener
12:09:50 PM  1000     34094    1.00    0.00    0.00    0.00    1.00    10  listener
12:09:50 PM  1000     34096    0.00    2.00    0.00    0.00    2.00     3  listener
12:09:50 PM  1000     34098    1.00    0.00    0.00    0.00    1.00    17  listener
12:09:50 PM  1000     34100    0.00    1.00    0.00    0.00    1.00     1  listener
12:09:50 PM  1000     34129    1.00    0.00    0.00    0.00    1.00    13  listener
12:09:50 PM  1000     34184    1.00    0.00    0.00    0.00    1.00    11  listener
12:09:50 PM  1000     34241    1.00    0.00    0.00    0.00    1.00     6  listener
12:09:50 PM  1000     34261    1.00    1.00    0.00    0.00    2.00     6  listener
12:09:50 PM  1000     34281    0.00    1.00    0.00    0.00    1.00     6  listener
12:09:50 PM  1000     34318    0.00    1.00    0.00    0.00    1.00    12  listener
12:09:50 PM  1000     34348    0.00    1.00    0.00    0.00    1.00    10  listener
12:09:50 PM  1000     34377    1.00    1.00    0.00    0.00    2.00     0  listener
12:09:50 PM  1000     34389    1.00    1.00    0.00    0.00    2.00     7  listener
12:09:50 PM  1000     34402    1.00    0.00    0.00    0.00    1.00    13  listener
12:09:50 PM  1000     34440    1.00    0.00    0.00    0.00    1.00    16  listener
12:09:50 PM  1000     34469    1.00    1.00    0.00    0.00    2.00     5  listener
12:09:50 PM  1000     34480    1.00    1.00    0.00    0.00    2.00    17  listener
12:09:50 PM  1000     34491    0.00    1.00    0.00    0.00    1.00    10  listener
12:09:50 PM  1000     34504    1.00    0.00    0.00    0.00    1.00    11  listener
12:09:50 PM  1000     34541    1.00    0.00    0.00    0.00    1.00    16  listener
12:09:50 PM  1000     34588    1.00    0.00    0.00    0.00    1.00    14  listener
12:09:50 PM  1000     34590    1.00    1.00    0.00    0.00    2.00     4  listener
12:09:50 PM  1000     34603    1.00    0.00    0.00    0.00    1.00    17  listener
12:09:50 PM  1000     34623    1.00    1.00    0.00    0.00    2.00    15  listener
12:09:50 PM  1000     34642    1.00    0.00    0.00    0.00    1.00    10  listener
12:09:50 PM  1000     34645    1.00    1.00    0.00    0.00    2.00    13  listener
12:09:50 PM  1000     34684    1.00    1.00    0.00    0.00    2.00     5  listener
12:09:50 PM  1000     34712    0.00    0.00    0.00    0.00    0.00     8  listener
12:09:50 PM  1000     34721    1.00    0.00    0.00    0.00    1.00     8  listener
12:09:50 PM  1000     34784    1.00    0.00    0.00    0.00    1.00    13  listener
12:09:50 PM  1000     34790    0.00    1.00    0.00    0.00    1.00     7  listener
12:09:50 PM  1000     34800    1.00    1.00    0.00    0.00    2.00    12  listener
12:09:50 PM  1000     34803    1.00    1.00    0.00    0.00    2.00     6  listener
12:09:50 PM  1000     34805    0.00    1.00    0.00    0.00    1.00     1  listener
12:09:50 PM  1000     34816    0.00    0.00    0.00    0.00    0.00    10  listener
12:09:50 PM  1000     34855    1.00    0.00    0.00    0.00    1.00    14  listener
12:09:50 PM  1000     34874    0.00    0.00    0.00    0.00    0.00     7  listener
12:09:50 PM  1000     34876    1.00    0.00    0.00    0.00    1.00    15  listener
12:09:50 PM  1000     34932    1.00    1.00    0.00    0.00    2.00    11  listener
12:09:50 PM  1000     34934    1.00    0.00    0.00    0.00    1.00     7  listener
12:09:50 PM  1000     34936    1.00    1.00    0.00    0.00    2.00     8  listener
12:09:50 PM  1000     34939    0.00    1.00    0.00    0.00    1.00     0  listener
12:09:50 PM  1000     34962    1.00    0.00    0.00    0.00    1.00    18  listener
12:09:50 PM  1000     34965    1.00    0.00    0.00    0.00    1.00     5  listener
12:09:50 PM  1000     35034    1.00    0.00    0.00    0.00    1.00    13  listener
12:09:50 PM  1000     35036    1.00    0.00    0.00    0.00    1.00    11  listener
12:09:50 PM  1000     35047    1.00    0.00    0.00    0.00    1.00    16  listener
12:09:50 PM  1000     35068    0.00    1.00    0.00    0.00    1.00     9  listener
12:09:50 PM  1000     35114    0.00    1.00    0.00    0.00    1.00    15  listener
12:09:50 PM  1000     35117    1.00    0.00    0.00    0.00    1.00     3  listener
12:09:50 PM  1000     35128    0.00    0.00    0.00    0.00    0.00    15  listener
12:09:50 PM  1000     35164    1.00    1.00    0.00    0.00    2.00    14  listener
12:09:50 PM  1000     35230    1.00    0.00    0.00    0.00    1.00     6  listener
12:09:50 PM  1000     35232    1.00    0.00    0.00    0.00    1.00    15  listener
12:09:50 PM  1000     35234    1.00    0.00    0.00    0.00    1.00    16  listener
12:09:50 PM  1000     35246    0.00    0.00    0.00    0.00    0.00     1  listener
12:09:50 PM  1000     35275    1.00    0.00    0.00    0.00    1.00     3  listener
12:09:50 PM  1000     35281    0.00    1.00    0.00    0.00    1.00    14  listener
12:09:50 PM  1000     35296    1.00    1.00    0.00    0.00    2.00    17  listener
12:09:50 PM  1000     35307    0.00    0.00    0.00    0.00    0.00    18  listener
12:09:50 PM  1000     35327    1.00    1.00    0.00    0.00    2.00     2  listener
12:09:50 PM  1000     35347    1.00    1.00    0.00    0.00    2.00    13  listener
12:09:50 PM  1000     35358    0.00    1.00    0.00    1.00    1.00     8  listener
12:09:50 PM  1000     35369    0.00    1.00    0.00    0.00    1.00    17  listener
12:09:50 PM  1000     35389    0.00    0.00    0.00    0.00    0.00    11  listener
12:09:50 PM  1000     35409    0.00    1.00    0.00    0.00    1.00     6  listener
12:09:50 PM  1000     35428    0.00    0.00    0.00    0.00    0.00    13  listener
12:09:50 PM  1000     35432    0.00    1.00    0.00    0.00    1.00     9  listener
12:09:50 PM  1000     35434    0.00    0.00    0.00    0.00    0.00    12  listener
12:09:50 PM  1000     35445    1.00    1.00    0.00    0.00    2.00     4  listener
12:09:50 PM  1000     35467    0.00    0.00    0.00    0.00    0.00     2  listener
12:09:50 PM  1000     35487    1.00    0.00    0.00    0.00    1.00     5  listener
12:09:50 PM  1000     35524    1.00    0.00    0.00    0.00    1.00     6  listener
12:09:50 PM  1000     35544    1.00    1.00    0.00    0.00    2.00     6  listener
12:09:50 PM  1000     35546    1.00    1.00    0.00    0.00    2.00     8  listener
12:09:50 PM  1000     35558    1.00    1.00    0.00    0.00    2.00     7  listener
12:09:50 PM  1000     35578    1.00    0.00    0.00    0.00    1.00    17  listener
12:09:50 PM  1000     35598    1.00    1.00    0.00    0.00    2.00    13  listener
12:09:50 PM  1000     35629    1.00    1.00    0.00    0.00    2.00     3  listener
12:09:50 PM  1000     35641    0.00    0.00    0.00    0.00    0.00    12  listener
12:09:50 PM  1000     35651    0.00    1.00    0.00    0.00    1.00     0  listener
12:09:50 PM  1000     35673    1.00    0.00    0.00    0.00    1.00     7  listener
12:09:50 PM  1000     35701    1.00    1.00    0.00    0.00    2.00    16  listener
12:09:50 PM  1000     35703    1.00    1.00    0.00    0.00    2.00     3  listener
12:09:50 PM  1000     35723    0.00    1.00    0.00    0.00    1.00     8  listener
12:09:50 PM  1000     35734    0.00    1.00    0.00    0.00    1.00     3  listener
12:09:50 PM  1000     35745    0.00    1.00    0.00    0.00    1.00    15  listener
12:09:50 PM  1000     35764    1.00    1.00    0.00    0.00    2.00    12  listener
12:09:50 PM  1000     35777    0.00    1.00    0.00    0.00    1.00    19  listener
12:09:50 PM  1000     35787    0.00    0.00    0.00    0.00    0.00     6  listener
12:09:50 PM  1000     35825    0.00    0.00    0.00    0.00    0.00     9  listener
12:09:50 PM  1000     35827    0.00    0.00    0.00    0.00    0.00    18  listener
12:09:50 PM  1000     35829    1.00    0.00    0.00    0.00    1.00     2  listener
12:09:50 PM  1000     35858    1.00    0.00    0.00    0.00    1.00     3  listener
12:09:50 PM  1000     35905    1.00    1.00    0.00    0.00    2.00     0  listener
12:09:50 PM  1000     35916    1.00    1.00    0.00    0.00    2.00    15  listener
12:09:50 PM  1000     35918    0.00    1.00    0.00    0.00    1.00    12  listener
12:09:50 PM  1000     35956    0.00    2.00    0.00    0.00    2.00    14  listener
12:09:50 PM  1000     36003    1.00    1.00    0.00    0.00    2.00    12  listener

12:09:50 PM   UID       PID    %usr %system  %guest   %wait    %CPU   CPU  Command
12:09:51 PM  1000     33667    1.00    0.00    0.00    0.00    1.00    16  listener
12:09:51 PM  1000     33669    0.00    0.00    0.00    0.00    0.00    14  listener
12:09:51 PM  1000     33671    0.00    0.00    0.00    0.00    0.00    13  listener
12:09:51 PM  1000     33673    1.00    0.00    0.00    0.00    1.00    14  listener
12:09:51 PM  1000     33675    1.00    0.00    0.00    0.00    1.00     4  listener
12:09:51 PM  1000     33677    0.00    1.00    0.00    0.00    1.00     8  listener
12:09:51 PM  1000     33679    0.00    1.00    0.00    0.00    1.00     8  listener
12:09:51 PM  1000     33681    1.00    0.00    0.00    0.00    1.00     9  listener
12:09:51 PM  1000     33683    0.00    1.00    0.00    0.00    1.00     8  listener
12:09:51 PM  1000     33685    0.00    0.00    0.00    0.00    0.00     0  listener
12:09:51 PM  1000     33687    1.00    0.00    0.00    0.00    1.00     8  listener
12:09:51 PM  1000     33689    0.00    1.00    0.00    0.00    1.00    14  listener
12:09:51 PM  1000     33692    1.00    0.00    0.00    0.00    1.00     6  listener
12:09:51 PM  1000     33702    0.00    0.00    0.00    0.00    0.00     2  listener
12:09:51 PM  1000     33704    0.00    1.00    0.00    0.00    1.00    15  listener
12:09:51 PM  1000     33706    1.00    0.00    0.00    0.00    1.00     8  listener
12:09:51 PM  1000     33711    1.00    0.00    0.00    0.00    1.00    17  listener
12:09:51 PM  1000     33797    1.00    0.00    0.00    0.00    1.00     2  listener
12:09:51 PM  1000     33882    1.00    0.00    0.00    0.00    1.00    12  listener
12:09:51 PM  1000     33885    0.00    1.00    0.00    0.00    1.00    17  listener
12:09:51 PM  1000     33903    0.00    0.00    0.00    0.00    0.00    17  listener
12:09:51 PM  1000     33970    1.00    1.00    0.00    0.00    2.00    13  listener
12:09:51 PM  1000     33972    0.00    0.00    0.00    0.00    0.00    11  listener
12:09:51 PM  1000     33974    0.00    1.00    0.00    0.00    1.00     2  listener
12:09:51 PM  1000     34012    1.00    1.00    0.00    0.00    2.00    10  listener
12:09:51 PM  1000     34041    0.00    1.00    0.00    0.00    1.00    14  listener
12:09:51 PM  1000     34070    0.00    1.00    0.00    0.00    1.00     1  listener
12:09:51 PM  1000     34081    1.00    1.00    0.00    0.00    2.00     3  listener
12:09:51 PM  1000     34092    0.00    0.00    0.00    0.00    0.00     7  listener
12:09:51 PM  1000     34094    1.00    0.00    0.00    0.00    1.00    18  listener
12:09:51 PM  1000     34096    1.00    1.00    0.00    0.00    2.00    17  listener
12:09:51 PM  1000     34098    1.00    0.00    0.00    0.00    1.00     0  listener
12:09:51 PM  1000     34100    1.00    0.00    0.00    0.00    1.00     2  listener
12:09:51 PM  1000     34129    1.00    1.00    0.00    1.00    2.00    12  listener
12:09:51 PM  1000     34184    1.00    1.00    0.00    0.00    2.00    14  listener
12:09:51 PM  1000     34241    1.00    1.00    0.00    0.00    2.00     0  listener
12:09:51 PM  1000     34261    0.00    0.00    0.00    0.00    0.00     1  listener
12:09:51 PM  1000     34281    1.00    0.00    0.00    0.00    1.00    13  listener
12:09:51 PM  1000     34318    0.00    1.00    0.00    0.00    1.00    19  listener
12:09:51 PM  1000     34348    1.00    0.00    0.00    0.00    1.00     5  listener
12:09:51 PM  1000     34377    0.00    0.00    0.00    0.00    0.00     2  listener
12:09:51 PM  1000     34389    0.00    0.00    0.00    0.00    0.00     9  listener
12:09:51 PM  1000     34402    1.00    0.00    0.00    0.00    1.00     8  listener
12:09:51 PM  1000     34440    0.00    1.00    0.00    0.00    1.00    12  listener
12:09:51 PM  1000     34469    0.00    0.00    0.00    0.00    0.00    10  listener
12:09:51 PM  1000     34480    0.00    1.00    0.00    0.00    1.00     8  listener
12:09:51 PM  1000     34491    0.00    1.00    0.00    0.00    1.00    14  listener
12:09:51 PM  1000     34504    1.00    0.00    0.00    0.00    1.00    11  listener
12:09:51 PM  1000     34541    1.00    0.00    0.00    0.00    1.00     8  listener
12:09:51 PM  1000     34588    0.00    0.00    0.00    0.00    0.00     5  listener
12:09:51 PM  1000     34590    0.00    0.00    0.00    0.00    0.00     5  listener
12:09:51 PM  1000     34603    0.00    1.00    0.00    0.00    1.00    14  listener
12:09:51 PM  1000     34623    1.00    0.00    0.00    0.00    1.00     8  listener
12:09:51 PM  1000     34642    0.00    1.00    0.00    0.00    1.00     9  listener
12:09:51 PM  1000     34645    0.00    0.00    0.00    0.00    0.00    14  listener
12:09:51 PM  1000     34684    0.00    0.00    0.00    0.00    0.00     8  listener
12:09:51 PM  1000     34712    1.00    1.00    0.00    0.00    2.00    18  listener
12:09:51 PM  1000     34721    1.00    0.00    0.00    0.00    1.00    15  listener
12:09:51 PM  1000     34784    1.00    0.00    0.00    0.00    1.00     8  listener
12:09:51 PM  1000     34790    1.00    0.00    0.00    0.00    1.00    12  listener
12:09:51 PM  1000     34800    0.00    0.00    0.00    0.00    0.00     6  listener
12:09:51 PM  1000     34803    1.00    0.00    0.00    0.00    1.00     3  listener
12:09:51 PM  1000     34805    1.00    1.00    0.00    0.00    2.00     7  listener
12:09:51 PM  1000     34816    1.00    1.00    0.00    0.00    2.00    17  listener
12:09:51 PM  1000     34855    0.00    1.00    0.00    0.00    1.00     1  listener
12:09:51 PM  1000     34874    1.00    1.00    0.00    0.00    2.00     4  listener
12:09:51 PM  1000     34876    0.00    1.00    0.00    0.00    1.00    14  listener
12:09:51 PM  1000     34932    0.00    0.00    0.00    0.00    0.00     0  listener
12:09:51 PM  1000     34934    1.00    1.00    0.00    0.00    2.00    13  listener
12:09:51 PM  1000     34936    0.00    0.00    0.00    0.00    0.00     8  listener
12:09:51 PM  1000     34939    0.00    1.00    0.00    0.00    1.00     5  listener
12:09:51 PM  1000     34962    1.00    0.00    0.00    0.00    1.00    10  listener
12:09:51 PM  1000     34965    1.00    1.00    0.00    0.00    2.00    13  listener
12:09:51 PM  1000     35034    1.00    0.00    0.00    0.00    1.00     2  listener
12:09:51 PM  1000     35036    1.00    1.00    0.00    0.00    2.00     1  listener
12:09:51 PM  1000     35047    1.00    1.00    0.00    0.00    2.00     9  listener
12:09:51 PM  1000     35068    1.00    0.00    0.00    0.00    1.00    16  listener
12:09:51 PM  1000     35114    1.00    0.00    0.00    0.00    1.00     9  listener
12:09:51 PM  1000     35117    1.00    1.00    0.00    0.00    2.00    10  listener
12:09:51 PM  1000     35128    1.00    1.00    0.00    0.00    2.00    17  listener
12:09:51 PM  1000     35164    1.00    0.00    0.00    0.00    1.00    13  listener
12:09:51 PM  1000     35230    0.00    0.00    0.00    0.00    0.00    15  listener
12:09:51 PM  1000     35232    1.00    1.00    0.00    0.00    2.00    14  listener
12:09:51 PM  1000     35234    1.00    1.00    0.00    0.00    2.00     2  listener
12:09:51 PM  1000     35246    1.00    1.00    0.00    0.00    2.00    14  listener
12:09:51 PM  1000     35275    1.00    0.00    0.00    0.00    1.00    15  listener
12:09:51 PM  1000     35281    1.00    0.00    0.00    0.00    1.00    13  listener
12:09:51 PM  1000     35296    0.00    0.00    0.00    0.00    0.00     1  listener
12:09:51 PM  1000     35307    1.00    0.00    0.00    0.00    1.00     5  listener
12:09:51 PM  1000     35327    0.00    0.00    0.00    0.00    0.00     7  listener
12:09:51 PM  1000     35347    0.00    0.00    0.00    1.00    0.00     6  listener
12:09:51 PM  1000     35358    1.00    0.00    0.00    0.00    1.00     6  listener
12:09:51 PM  1000     35369    1.00    0.00    0.00    0.00    1.00    18  listener
12:09:51 PM  1000     35389    1.00    1.00    0.00    0.00    2.00    14  listener
12:09:51 PM  1000     35409    0.00    1.00    0.00    0.00    1.00    14  listener
12:09:51 PM  1000     35428    1.00    0.00    0.00    0.00    1.00    12  listener
12:09:51 PM  1000     35432    1.00    1.00    0.00    0.00    2.00     3  listener
12:09:51 PM  1000     35434    1.00    1.00    0.00    0.00    2.00    13  listener
12:09:51 PM  1000     35445    0.00    0.00    0.00    0.00    0.00     5  listener
12:09:51 PM  1000     35467    1.00    1.00    0.00    0.00    2.00    16  listener
12:09:51 PM  1000     35487    1.00    1.00    0.00    0.00    2.00    13  listener
12:09:51 PM  1000     35524    1.00    1.00    0.00    0.00    2.00    15  listener
12:09:51 PM  1000     35544    1.00    0.00    0.00    0.00    1.00    12  listener
12:09:51 PM  1000     35546    1.00    0.00    0.00    0.00    1.00     8  listener
12:09:51 PM  1000     35558    1.00    0.00    0.00    0.00    1.00     9  listener
12:09:51 PM  1000     35578    0.00    0.00    0.00    0.00    0.00    15  listener
12:09:51 PM  1000     35598    0.00    0.00    0.00    0.00    0.00     9  listener
12:09:51 PM  1000     35629    1.00    0.00    0.00    0.00    1.00     3  listener
12:09:51 PM  1000     35641    0.00    1.00    0.00    0.00    1.00     3  listener
12:09:51 PM  1000     35651    1.00    1.00    0.00    0.00    2.00     8  listener
12:09:51 PM  1000     35673    1.00    1.00    0.00    0.00    2.00     6  listener
12:09:51 PM  1000     35701    1.00    0.00    0.00    0.00    1.00     6  listener
12:09:51 PM  1000     35703    1.00    0.00    0.00    0.00    1.00     3  listener
12:09:51 PM  1000     35723    1.00    0.00    0.00    0.00    1.00    14  listener
12:09:51 PM  1000     35734    1.00    0.00    0.00    0.00    1.00     1  listener
12:09:51 PM  1000     35745    0.00    0.00    0.00    0.00    0.00    10  listener
12:09:51 PM  1000     35764    0.00    0.00    0.00    0.00    0.00    16  listener
12:09:51 PM  1000     35777    1.00    0.00    0.00    0.00    1.00    18  listener
12:09:51 PM  1000     35787    1.00    1.00    0.00    0.00    2.00     8  listener
12:09:51 PM  1000     35825    1.00    0.00    0.00    0.00    1.00    10  listener
12:09:51 PM  1000     35827    1.00    1.00    0.00    0.00    2.00     9  listener
12:09:51 PM  1000     35829    1.00    0.00    0.00    0.00    1.00     6  listener
12:09:51 PM  1000     35858    1.00    1.00    0.00    0.00    2.00    19  listener
12:09:51 PM  1000     35905    1.00    0.00    0.00    0.00    1.00     3  listener
12:09:51 PM  1000     35916    0.00    0.00    0.00    0.00    0.00     1  listener
12:09:51 PM  1000     35918    1.00    1.00    0.00    0.00    2.00     6  listener
12:09:51 PM  1000     35956    0.00    1.00    0.00    0.00    1.00     4  listener
12:09:51 PM  1000     36003    0.00    0.00    0.00    0.00    0.00     5  listener

12:09:51 PM   UID       PID    %usr %system  %guest   %wait    %CPU   CPU  Command
12:09:52 PM  1000     33667    1.00    1.00    0.00    0.00    2.00     1  listener
12:09:52 PM  1000     33669    1.00    1.00    0.00    0.00    2.00     8  listener
12:09:52 PM  1000     33671    1.00    1.00    0.00    0.00    2.00    11  listener
12:09:52 PM  1000     33673    1.00    1.00    0.00    0.00    2.00    16  listener
12:09:52 PM  1000     33675    1.00    0.00    0.00    0.00    1.00     2  listener
12:09:52 PM  1000     33677    1.00    0.00    0.00    0.00    1.00    18  listener
12:09:52 PM  1000     33679    0.00    1.00    0.00    0.00    1.00     7  listener
12:09:52 PM  1000     33681    0.00    1.00    0.00    0.00    1.00    10  listener
12:09:52 PM  1000     33683    1.00    0.00    0.00    0.00    1.00    18  listener
12:09:52 PM  1000     33685    1.00    1.00    0.00    0.00    2.00    13  listener
12:09:52 PM  1000     33687    0.00    1.00    0.00    0.00    1.00    10  listener
12:09:52 PM  1000     33689    1.00    0.00    0.00    0.00    1.00    18  listener
12:09:52 PM  1000     33692    1.00    0.00    0.00    0.00    1.00     7  listener
12:09:52 PM  1000     33702    1.00    1.00    0.00    0.00    2.00    16  listener
12:09:52 PM  1000     33704    0.00    1.00    0.00    0.00    1.00     3  listener
12:09:52 PM  1000     33706    1.00    0.00    0.00    0.00    1.00    13  listener
12:09:52 PM  1000     33711    1.00    0.00    0.00    0.00    1.00    11  listener
12:09:52 PM  1000     33797    1.00    1.00    0.00    0.00    2.00    18  listener
12:09:52 PM  1000     33882    0.00    1.00    0.00    0.00    1.00    10  listener
12:09:52 PM  1000     33885    0.00    1.00    0.00    0.00    1.00    19  listener
12:09:52 PM  1000     33903    1.00    1.00    0.00    0.00    2.00     6  listener
12:09:52 PM  1000     33970    1.00    0.00    0.00    0.00    1.00     7  listener
12:09:52 PM  1000     33972    0.00    2.00    0.00    0.00    2.00     6  listener
12:09:52 PM  1000     33974    1.00    0.00    0.00    0.00    1.00     4  listener
12:09:52 PM  1000     34012    1.00    0.00    0.00    0.00    1.00     3  listener
12:09:52 PM  1000     34041    0.00    1.00    0.00    0.00    1.00     3  listener
12:09:52 PM  1000     34070    1.00    0.00    0.00    0.00    1.00    15  listener
12:09:52 PM  1000     34081    1.00    0.00    0.00    0.00    1.00    17  listener
12:09:52 PM  1000     34092    1.00    1.00    0.00    0.00    2.00     4  listener
12:09:52 PM  1000     34094    1.00    1.00    0.00    0.00    2.00     3  listener
12:09:52 PM  1000     34096    0.00    0.00    0.00    0.00    0.00     3  listener
12:09:52 PM  1000     34098    0.00    1.00    0.00    0.00    1.00     1  listener
12:09:52 PM  1000     34100    1.00    1.00    0.00    0.00    2.00    10  listener
12:09:52 PM  1000     34129    0.00    0.00    0.00    0.00    0.00     8  listener
12:09:52 PM  1000     34184    1.00    0.00    0.00    0.00    1.00     7  listener
12:09:52 PM  1000     34241    0.00    1.00    0.00    0.00    1.00    15  listener
12:09:52 PM  1000     34261    2.00    0.00    0.00    0.00    2.00    10  listener
12:09:52 PM  1000     34281    1.00    0.00    0.00    0.00    1.00     4  listener
12:09:52 PM  1000     34318    0.00    0.00    0.00    0.00    0.00    15  listener
12:09:52 PM  1000     34348    1.00    0.00    0.00    0.00    1.00     5  listener
12:09:52 PM  1000     34377    1.00    1.00    0.00    0.00    2.00     7  listener
12:09:52 PM  1000     34389    1.00    1.00    0.00    0.00    2.00     4  listener
12:09:52 PM  1000     34402    0.00    1.00    0.00    0.00    1.00    19  listener
12:09:52 PM  1000     34440    1.00    0.00    0.00    0.00    1.00    16  listener
12:09:52 PM  1000     34469    1.00    0.00    0.00    0.00    1.00    17  listener
12:09:52 PM  1000     34480    1.00    0.00    0.00    0.00    1.00     3  listener
12:09:52 PM  1000     34491    1.00    1.00    0.00    0.00    2.00    12  listener
12:09:52 PM  1000     34504    1.00    1.00    0.00    0.00    2.00     3  listener
12:09:52 PM  1000     34541    1.00    0.00    0.00    0.00    1.00    12  listener
12:09:52 PM  1000     34588    1.00    1.00    0.00    0.00    2.00    12  listener
12:09:52 PM  1000     34590    1.00    1.00    0.00    0.00    2.00    10  listener
12:09:52 PM  1000     34603    1.00    0.00    0.00    0.00    1.00     3  listener
12:09:52 PM  1000     34623    0.00    1.00    0.00    0.00    1.00     7  listener
12:09:52 PM  1000     34642    1.00    0.00    0.00    0.00    1.00    14  listener
12:09:52 PM  1000     34645    1.00    1.00    0.00    0.00    2.00    11  listener
12:09:52 PM  1000     34684    1.00    1.00    0.00    0.00    2.00     9  listener
12:09:52 PM  1000     34712    1.00    0.00    0.00    0.00    1.00     4  listener
12:09:52 PM  1000     34721    0.00    1.00    0.00    0.00    1.00    14  listener
12:09:52 PM  1000     34784    0.00    1.00    0.00    0.00    1.00    12  listener
12:09:52 PM  1000     34790    1.00    1.00    0.00    0.00    2.00     6  listener
12:09:52 PM  1000     34800    1.00    0.00    0.00    0.00    1.00    13  listener
12:09:52 PM  1000     34803    1.00    1.00    0.00    0.00    2.00    13  listener
12:09:52 PM  1000     34805    0.00    1.00    0.00    0.00    1.00     1  listener
12:09:52 PM  1000     34816    1.00    0.00    0.00    0.00    1.00    12  listener
12:09:52 PM  1000     34855    1.00    1.00    0.00    0.00    2.00     2  listener
12:09:52 PM  1000     34874    0.00    0.00    0.00    0.00    0.00     8  listener
12:09:52 PM  1000     34876    1.00    0.00    0.00    0.00    1.00     8  listener
12:09:52 PM  1000     34932    1.00    1.00    0.00    0.00    2.00     5  listener
12:09:52 PM  1000     34934    0.00    0.00    0.00    0.00    0.00     9  listener
12:09:52 PM  1000     34936    1.00    1.00    0.00    0.00    2.00    13  listener
12:09:52 PM  1000     34939    0.00    1.00    0.00    0.00    1.00     9  listener
12:09:52 PM  1000     34962    0.00    1.00    0.00    0.00    1.00    18  listener
12:09:52 PM  1000     34965    0.00    1.00    0.00    0.00    1.00     5  listener
12:09:52 PM  1000     35034    1.00    1.00    0.00    0.00    2.00    15  listener
12:09:52 PM  1000     35036    1.00    0.00    0.00    0.00    1.00    11  listener
12:09:52 PM  1000     35047    0.00    0.00    0.00    0.00    0.00    15  listener
12:09:52 PM  1000     35068    0.00    1.00    0.00    0.00    1.00     0  listener
12:09:52 PM  1000     35114    1.00    0.00    0.00    0.00    1.00     6  listener
12:09:52 PM  1000     35117    0.00    0.00    0.00    0.00    0.00     8  listener
12:09:52 PM  1000     35128    1.00    0.00    0.00    0.00    1.00     5  listener
12:09:52 PM  1000     35164    0.00    1.00    0.00    0.00    1.00     2  listener
12:09:52 PM  1000     35230    1.00    1.00    0.00    0.00    2.00     6  listener
12:09:52 PM  1000     35232    0.00    0.00    0.00    0.00    0.00     6  listener
12:09:52 PM  1000     35234    0.00    0.00    0.00    0.00    0.00     9  listener
12:09:52 PM  1000     35246    0.00    1.00    0.00    0.00    1.00    13  listener
12:09:52 PM  1000     35275    1.00    1.00    0.00    0.00    2.00     5  listener
12:09:52 PM  1000     35281    0.00    1.00    0.00    0.00    1.00    15  listener
12:09:52 PM  1000     35296    1.00    1.00    0.00    0.00    2.00     8  listener
12:09:52 PM  1000     35307    1.00    1.00    0.00    0.00    2.00     6  listener
12:09:52 PM  1000     35327    0.00    1.00    0.00    0.00    1.00     2  listener
12:09:52 PM  1000     35347    1.00    1.00    0.00    0.00    2.00     0  listener
12:09:52 PM  1000     35358    0.00    1.00    0.00    0.00    1.00     8  listener
12:09:52 PM  1000     35369    0.00    1.00    0.00    0.00    1.00    17  listener
12:09:52 PM  1000     35389    1.00    0.00    0.00    0.00    1.00    16  listener
12:09:52 PM  1000     35409    0.00    1.00    0.00    0.00    1.00     5  listener
12:09:52 PM  1000     35428    1.00    0.00    0.00    0.00    1.00     1  listener
12:09:52 PM  1000     35432    1.00    0.00    0.00    0.00    1.00     6  listener
12:09:52 PM  1000     35434    1.00    0.00    0.00    0.00    1.00     2  listener
12:09:52 PM  1000     35445    1.00    1.00    0.00    0.00    2.00     5  listener
12:09:52 PM  1000     35467    1.00    0.00    0.00    0.00    1.00     7  listener
12:09:52 PM  1000     35487    0.00    0.00    0.00    0.00    0.00     6  listener
12:09:52 PM  1000     35524    1.00    1.00    0.00    0.00    2.00    19  listener
12:09:52 PM  1000     35544    1.00    1.00    0.00    0.00    2.00     7  listener
12:09:52 PM  1000     35546    0.00    0.00    0.00    0.00    0.00     3  listener
12:09:52 PM  1000     35558    0.00    1.00    0.00    0.00    1.00    10  listener
12:09:52 PM  1000     35578    1.00    1.00    0.00    0.00    2.00    17  listener
12:09:52 PM  1000     35598    1.00    1.00    0.00    0.00    2.00    12  listener
12:09:52 PM  1000     35629    1.00    0.00    0.00    0.00    1.00     5  listener
12:09:52 PM  1000     35641    1.00    1.00    0.00    0.00    2.00     8  listener
12:09:52 PM  1000     35651    1.00    0.00    0.00    0.00    1.00    16  listener
12:09:52 PM  1000     35673    0.00    0.00    0.00    0.00    0.00     6  listener
12:09:52 PM  1000     35701    0.00    0.00    0.00    0.00    0.00     5  listener
12:09:52 PM  1000     35703    1.00    1.00    0.00    0.00    2.00    12  listener
12:09:52 PM  1000     35723    0.00    1.00    0.00    0.00    1.00     4  listener
12:09:52 PM  1000     35734    0.00    1.00    0.00    0.00    1.00    16  listener
12:09:52 PM  1000     35745    1.00    2.00    0.00    0.00    3.00    19  listener
12:09:52 PM  1000     35764    0.00    1.00    0.00    0.00    1.00     3  listener
12:09:52 PM  1000     35777    1.00    1.00    0.00    0.00    2.00    11  listener
12:09:52 PM  1000     35787    1.00    1.00    0.00    0.00    2.00     0  listener
12:09:52 PM  1000     35825    1.00    1.00    0.00    0.00    2.00    18  listener
12:09:52 PM  1000     35827    2.00    0.00    0.00    0.00    2.00    13  listener
12:09:52 PM  1000     35829    0.00    1.00    0.00    1.00    1.00    12  listener
12:09:52 PM  1000     35858    1.00    0.00    0.00    0.00    1.00     8  listener
12:09:52 PM  1000     35905    1.00    1.00    0.00    0.00    2.00    18  listener
12:09:52 PM  1000     35916    1.00    1.00    0.00    0.00    2.00     2  listener
12:09:52 PM  1000     35918    1.00    0.00    0.00    0.00    1.00     5  listener
12:09:52 PM  1000     35956    0.00    1.00    0.00    0.00    1.00    14  listener
12:09:52 PM  1000     36003    1.00    1.00    0.00    0.00    2.00     1  listener

12:09:52 PM   UID       PID    %usr %system  %guest   %wait    %CPU   CPU  Command
12:09:53 PM  1000     33667    1.00    0.00    0.00    0.00    1.00     2  listener
12:09:53 PM  1000     33669    1.00    0.00    0.00    0.00    1.00    13  listener
12:09:53 PM  1000     33671    1.00    0.00    0.00    0.00    1.00    11  listener
12:09:53 PM  1000     33673    1.00    0.00    0.00    0.00    1.00     2  listener
12:09:53 PM  1000     33675    1.00    1.00    0.00    0.00    2.00     3  listener
12:09:53 PM  1000     33677    1.00    0.00    0.00    0.00    1.00    14  listener
12:09:53 PM  1000     33679    0.00    1.00    0.00    0.00    1.00    16  listener
12:09:53 PM  1000     33681    1.00    0.00    0.00    0.00    1.00    17  listener
12:09:53 PM  1000     33683    0.00    1.00    0.00    0.00    1.00    15  listener
12:09:53 PM  1000     33685    1.00    1.00    0.00    0.00    2.00     8  listener
12:09:53 PM  1000     33687    1.00    0.00    0.00    0.00    1.00     3  listener
12:09:53 PM  1000     33689    1.00    1.00    0.00    0.00    2.00     4  listener
12:09:53 PM  1000     33692    0.00    1.00    0.00    0.00    1.00    16  listener
12:09:53 PM  1000     33702    1.00    0.00    0.00    0.00    1.00     2  listener
12:09:53 PM  1000     33704    0.00    1.00    0.00    0.00    1.00     0  listener
12:09:53 PM  1000     33706    1.00    1.00    0.00    0.00    2.00     4  listener
12:09:53 PM  1000     33711    1.00    0.00    0.00    0.00    1.00    15  listener
12:09:53 PM  1000     33797    0.00    0.00    0.00    0.00    0.00     9  listener
12:09:53 PM  1000     33882    1.00    0.00    0.00    0.00    1.00     7  listener
12:09:53 PM  1000     33885    0.00    1.00    0.00    0.00    1.00     8  listener
12:09:53 PM  1000     33903    0.00    0.00    0.00    0.00    0.00     8  listener
12:09:53 PM  1000     33970    0.00    1.00    0.00    0.00    1.00    14  listener
12:09:53 PM  1000     33972    0.00    0.00    0.00    0.00    0.00    10  listener
12:09:53 PM  1000     33974    1.00    0.00    0.00    0.00    1.00    15  listener
12:09:53 PM  1000     34012    1.00    0.00    0.00    0.00    1.00     2  listener
12:09:53 PM  1000     34041    1.00    0.00    0.00    0.00    1.00     3  listener
12:09:53 PM  1000     34070    1.00    0.00    0.00    0.00    1.00    14  listener
12:09:53 PM  1000     34081    0.00    0.00    0.00    0.00    0.00     1  listener
12:09:53 PM  1000     34092    0.00    0.00    0.00    0.00    0.00    12  listener
12:09:53 PM  1000     34094    0.00    1.00    0.00    0.00    1.00    19  listener
12:09:53 PM  1000     34096    1.00    0.00    0.00    0.00    1.00    17  listener
12:09:53 PM  1000     34098    1.00    0.00    0.00    0.00    1.00     5  listener
12:09:53 PM  1000     34100    0.00    0.00    0.00    0.00    0.00    10  listener
12:09:53 PM  1000     34129    1.00    0.00    0.00    0.00    1.00    18  listener
12:09:53 PM  1000     34184    1.00    0.00    0.00    0.00    1.00     7  listener
12:09:53 PM  1000     34241    1.00    0.00    0.00    0.00    1.00    10  listener
12:09:53 PM  1000     34261    0.00    0.00    0.00    0.00    0.00     1  listener
12:09:53 PM  1000     34281    1.00    1.00    0.00    0.00    2.00     3  listener
12:09:53 PM  1000     34318    1.00    1.00    0.00    0.00    2.00     5  listener
12:09:53 PM  1000     34348    1.00    0.00    0.00    0.00    1.00     5  listener
12:09:53 PM  1000     34377    1.00    0.00    0.00    0.00    1.00    18  listener
12:09:53 PM  1000     34389    0.00    0.00    0.00    0.00    0.00    12  listener
12:09:53 PM  1000     34402    0.00    0.00    0.00    0.00    0.00     1  listener
12:09:53 PM  1000     34440    1.00    1.00    0.00    0.00    2.00     2  listener
12:09:53 PM  1000     34469    1.00    1.00    0.00    0.00    2.00     3  listener
12:09:53 PM  1000     34480    1.00    1.00    0.00    0.00    2.00     6  listener
12:09:53 PM  1000     34491    0.00    0.00    0.00    0.00    0.00    15  listener
12:09:53 PM  1000     34504    0.00    0.00    0.00    0.00    0.00    18  listener
12:09:53 PM  1000     34541    0.00    0.00    0.00    0.00    0.00     5  listener
12:09:53 PM  1000     34588    1.00    0.00    0.00    0.00    1.00     4  listener
12:09:53 PM  1000     34590    1.00    0.00    0.00    0.00    1.00    16  listener
12:09:53 PM  1000     34603    1.00    0.00    0.00    0.00    1.00     2  listener
12:09:53 PM  1000     34623    0.00    1.00    0.00    0.00    1.00     3  listener
12:09:53 PM  1000     34642    1.00    0.00    0.00    0.00    1.00    17  listener
12:09:53 PM  1000     34645    1.00    1.00    0.00    0.00    2.00    11  listener
12:09:53 PM  1000     34684    1.00    0.00    0.00    0.00    1.00    17  listener
12:09:53 PM  1000     34712    1.00    0.00    0.00    0.00    1.00     7  listener
12:09:53 PM  1000     34721    1.00    0.00    0.00    0.00    1.00    17  listener
12:09:53 PM  1000     34784    1.00    0.00    0.00    0.00    1.00     3  listener
12:09:53 PM  1000     34790    0.00    1.00    0.00    0.00    1.00    12  listener
12:09:53 PM  1000     34800    1.00    1.00    0.00    0.00    2.00     1  listener
12:09:53 PM  1000     34803    1.00    0.00    0.00    0.00    1.00     3  listener
12:09:53 PM  1000     34805    1.00    0.00    0.00    0.00    1.00    16  listener
12:09:53 PM  1000     34816    1.00    0.00    0.00    0.00    1.00    15  listener
12:09:53 PM  1000     34855    1.00    0.00    0.00    0.00    1.00    15  listener
12:09:53 PM  1000     34874    1.00    1.00    0.00    0.00    2.00    12  listener
12:09:53 PM  1000     34876    1.00    1.00    0.00    0.00    2.00     8  listener
12:09:53 PM  1000     34932    1.00    0.00    0.00    0.00    1.00     3  listener
12:09:53 PM  1000     34934    1.00    1.00    0.00    0.00    2.00     0  listener
12:09:53 PM  1000     34936    0.00    1.00    0.00    0.00    1.00     6  listener
12:09:53 PM  1000     34939    0.00    1.00    0.00    0.00    1.00     9  listener
12:09:53 PM  1000     34962    1.00    0.00    0.00    0.00    1.00     6  listener
12:09:53 PM  1000     34965    1.00    0.00    0.00    0.00    1.00    17  listener
12:09:53 PM  1000     35034    0.00    0.00    0.00    0.00    0.00    14  listener
12:09:53 PM  1000     35036    0.00    1.00    0.00    0.00    1.00     6  listener
12:09:53 PM  1000     35047    1.00    0.00    0.00    0.00    1.00     1  listener
12:09:53 PM  1000     35068    1.00    0.00    0.00    0.00    1.00     6  listener
12:09:53 PM  1000     35114    1.00    1.00    0.00    0.00    2.00    15  listener
12:09:53 PM  1000     35117    1.00    0.00    0.00    0.00    1.00    18  listener
12:09:53 PM  1000     35128    1.00    0.00    0.00    0.00    1.00    12  listener
12:09:53 PM  1000     35164    1.00    0.00    0.00    0.00    1.00     9  listener
12:09:53 PM  1000     35230    1.00    0.00    0.00    0.00    1.00    15  listener
12:09:53 PM  1000     35232    1.00    1.00    0.00    0.00    2.00    13  listener
12:09:53 PM  1000     35234    1.00    1.00    0.00    0.00    2.00     5  listener
12:09:53 PM  1000     35246    1.00    0.00    0.00    0.00    1.00     0  listener
12:09:53 PM  1000     35275    1.00    0.00    0.00    0.00    1.00    12  listener
12:09:53 PM  1000     35281    1.00    1.00    0.00    0.00    2.00     1  listener
12:09:53 PM  1000     35296    0.00    0.00    0.00    0.00    0.00     3  listener
12:09:53 PM  1000     35307    1.00    0.00    0.00    0.00    1.00     1  listener
12:09:53 PM  1000     35327    1.00    0.00    0.00    0.00    1.00     8  listener
12:09:53 PM  1000     35347    0.00    0.00    0.00    0.00    0.00     3  listener
12:09:53 PM  1000     35358    1.00    0.00    0.00    0.00    1.00     3  listener
12:09:53 PM  1000     35369    1.00    1.00    0.00    0.00    2.00    19  listener
12:09:53 PM  1000     35389    1.00    1.00    0.00    0.00    2.00     0  listener
12:09:53 PM  1000     35409    0.00    1.00    0.00    0.00    1.00    13  listener
12:09:53 PM  1000     35428    1.00    0.00    0.00    0.00    1.00     7  listener
12:09:53 PM  1000     35432    0.00    0.00    0.00    0.00    0.00    13  listener
12:09:53 PM  1000     35434    0.00    1.00    0.00    0.00    1.00     1  listener
12:09:53 PM  1000     35445    1.00    0.00    0.00    0.00    1.00    13  listener
12:09:53 PM  1000     35467    0.00    1.00    0.00    0.00    1.00     1  listener
12:09:53 PM  1000     35487    1.00    0.00    0.00    0.00    1.00    12  listener
12:09:53 PM  1000     35524    0.00    0.00    0.00    0.00    0.00    11  listener
12:09:53 PM  1000     35544    0.00    0.00    0.00    0.00    0.00     6  listener
12:09:53 PM  1000     35546    1.00    1.00    0.00    0.00    2.00     4  listener
12:09:53 PM  1000     35558    1.00    0.00    0.00    0.00    1.00    14  listener
12:09:53 PM  1000     35578    0.00    0.00    0.00    0.00    0.00     3  listener
12:09:53 PM  1000     35598    0.00    0.00    0.00    0.00    0.00    14  listener
12:09:53 PM  1000     35629    0.00    1.00    0.00    0.00    1.00     0  listener
12:09:53 PM  1000     35641    1.00    0.00    0.00    0.00    1.00    12  listener
12:09:53 PM  1000     35651    0.00    1.00    0.00    0.00    1.00     6  listener
12:09:53 PM  1000     35673    1.00    0.00    0.00    0.00    1.00    13  listener
12:09:53 PM  1000     35701    1.00    1.00    0.00    0.00    2.00     4  listener
12:09:53 PM  1000     35703    0.00    0.00    0.00    0.00    0.00    12  listener
12:09:53 PM  1000     35723    1.00    0.00    0.00    0.00    1.00     9  listener
12:09:53 PM  1000     35734    1.00    0.00    0.00    0.00    1.00     8  listener
12:09:53 PM  1000     35745    0.00    0.00    0.00    0.00    0.00    19  listener
12:09:53 PM  1000     35764    1.00    1.00    0.00    0.00    2.00    18  listener
12:09:53 PM  1000     35777    0.00    1.00    0.00    0.00    1.00    11  listener
12:09:53 PM  1000     35787    0.00    0.00    0.00    0.00    0.00    12  listener
12:09:53 PM  1000     35825    1.00    0.00    0.00    0.00    1.00     3  listener
12:09:53 PM  1000     35827    0.00    0.00    0.00    0.00    0.00    11  listener
12:09:53 PM  1000     35829    1.00    0.00    0.00    0.00    1.00     5  listener
12:09:53 PM  1000     35858    0.00    1.00    0.00    0.00    1.00    10  listener
12:09:53 PM  1000     35905    0.00    0.00    0.00    0.00    0.00     5  listener
12:09:53 PM  1000     35916    0.00    0.00    0.00    0.00    0.00    11  listener
12:09:53 PM  1000     35918    0.00    1.00    0.00    0.00    1.00     8  listener
12:09:53 PM  1000     35956    0.00    1.00    0.00    0.00    1.00     5  listener
12:09:53 PM  1000     36003    1.00    0.00    0.00    0.00    1.00    16  listener

12:09:53 PM   UID       PID    %usr %system  %guest   %wait    %CPU   CPU  Command
12:09:54 PM  1000     33667    0.00    1.00    0.00    0.00    1.00     4  listener
12:09:54 PM  1000     33669    1.00    1.00    0.00    0.00    2.00     1  listener
12:09:54 PM  1000     33671    0.00    2.00    0.00    0.00    2.00    10  listener
12:09:54 PM  1000     33673    0.00    2.00    0.00    0.00    2.00     4  listener
12:09:54 PM  1000     33675    0.00    1.00    0.00    0.00    1.00     4  listener
12:09:54 PM  1000     33677    0.00    2.00    0.00    0.00    2.00     8  listener
12:09:54 PM  1000     33679    0.00    2.00    0.00    0.00    2.00    16  listener
12:09:54 PM  1000     33681    1.00    1.00    0.00    0.00    2.00    16  listener
12:09:54 PM  1000     33683    1.00    1.00    0.00    0.00    2.00     1  listener
12:09:54 PM  1000     33685    1.00    0.00    0.00    0.00    1.00    15  listener
12:09:54 PM  1000     33687    1.00    1.00    0.00    0.00    2.00    14  listener
12:09:54 PM  1000     33689    1.00    0.00    0.00    0.00    1.00    16  listener
12:09:54 PM  1000     33692    0.00    1.00    0.00    0.00    1.00    15  listener
12:09:54 PM  1000     33702    1.00    1.00    0.00    0.00    2.00    15  listener
12:09:54 PM  1000     33704    0.00    2.00    0.00    0.00    2.00     8  listener
12:09:54 PM  1000     33706    0.00    1.00    0.00    0.00    1.00    18  listener
12:09:54 PM  1000     33711    0.00    1.00    0.00    0.00    1.00    11  listener
12:09:54 PM  1000     33797    2.00    0.00    0.00    0.00    2.00     0  listener
12:09:54 PM  1000     33882    1.00    0.00    0.00    0.00    1.00     6  listener
12:09:54 PM  1000     33885    2.00    0.00    0.00    0.00    2.00     3  listener
12:09:54 PM  1000     33903    0.00    1.00    0.00    0.00    1.00     5  listener
12:09:54 PM  1000     33970    1.00    1.00    0.00    0.00    2.00     3  listener
12:09:54 PM  1000     33972    0.00    2.00    0.00    0.00    2.00     9  listener
12:09:54 PM  1000     33974    1.00    1.00    0.00    0.00    2.00     5  listener
12:09:54 PM  1000     34012    0.00    2.00    0.00    0.00    2.00    12  listener
12:09:54 PM  1000     34041    0.00    1.00    0.00    0.00    1.00     4  listener
12:09:54 PM  1000     34070    0.00    1.00    0.00    0.00    1.00     1  listener
12:09:54 PM  1000     34081    2.00    1.00    0.00    0.00    3.00    14  listener
12:09:54 PM  1000     34092    1.00    1.00    0.00    0.00    2.00    19  listener
12:09:54 PM  1000     34094    2.00    0.00    0.00    0.00    2.00    13  listener
12:09:54 PM  1000     34096    1.00    1.00    0.00    0.00    2.00    12  listener
12:09:54 PM  1000     34098    2.00    0.00    0.00    0.00    2.00    16  listener
12:09:54 PM  1000     34100    1.00    1.00    0.00    0.00    2.00     5  listener
12:09:54 PM  1000     34129    1.00    1.00    0.00    0.00    2.00    17  listener
12:09:54 PM  1000     34184    0.00    1.00    0.00    0.00    1.00    18  listener
12:09:54 PM  1000     34241    1.00    1.00    0.00    0.00    2.00     7  listener
12:09:54 PM  1000     34261    1.00    1.00    0.00    0.00    2.00     1  listener
12:09:54 PM  1000     34281    0.00    1.00    0.00    0.00    1.00    17  listener
12:09:54 PM  1000     34318    0.00    1.00    0.00    0.00    1.00     4  listener
12:09:54 PM  1000     34348    1.00    0.00    0.00    0.00    1.00     5  listener
12:09:54 PM  1000     34377    0.00    1.00    0.00    0.00    1.00     2  listener
12:09:54 PM  1000     34389    2.00    1.00    0.00    0.00    3.00    10  listener
12:09:54 PM  1000     34402    2.00    0.00    0.00    0.00    2.00     5  listener
12:09:54 PM  1000     34440    0.00    1.00    0.00    0.00    1.00    12  listener
12:09:54 PM  1000     34469    0.00    0.00    0.00    0.00    0.00     2  listener
12:09:54 PM  1000     34480    1.00    1.00    0.00    0.00    2.00    18  listener
12:09:54 PM  1000     34491    1.00    1.00    0.00    0.00    2.00     5  listener
12:09:54 PM  1000     34504    1.00    0.00    0.00    0.00    1.00    13  listener
12:09:54 PM  1000     34541    2.00    1.00    0.00    0.00    3.00    17  listener
12:09:54 PM  1000     34588    1.00    1.00    0.00    0.00    2.00     8  listener
12:09:54 PM  1000     34590    1.00    1.00    0.00    0.00    2.00     0  listener
12:09:54 PM  1000     34603    1.00    1.00    0.00    0.00    2.00     6  listener
12:09:54 PM  1000     34623    0.00    1.00    0.00    0.00    1.00    16  listener
12:09:54 PM  1000     34642    1.00    1.00    0.00    0.00    2.00    18  listener
12:09:54 PM  1000     34645    0.00    1.00    0.00    0.00    1.00    12  listener
12:09:54 PM  1000     34684    1.00    1.00    0.00    0.00    2.00    17  listener
12:09:54 PM  1000     34712    1.00    1.00    0.00    1.00    2.00    10  listener
12:09:54 PM  1000     34721    0.00    1.00    0.00    1.00    1.00     4  listener
12:09:54 PM  1000     34784    1.00    0.00    0.00    0.00    1.00     1  listener
12:09:54 PM  1000     34790    1.00    0.00    0.00    0.00    1.00    14  listener
12:09:54 PM  1000     34800    0.00    1.00    0.00    0.00    1.00    16  listener
12:09:54 PM  1000     34803    0.00    1.00    0.00    0.00    1.00    12  listener
12:09:54 PM  1000     34805    0.00    2.00    0.00    0.00    2.00    13  listener
12:09:54 PM  1000     34816    0.00    1.00    0.00    0.00    1.00     3  listener
12:09:54 PM  1000     34855    1.00    0.00    0.00    0.00    1.00     6  listener
12:09:54 PM  1000     34874    1.00    1.00    0.00    0.00    2.00     5  listener
12:09:54 PM  1000     34876    1.00    0.00    0.00    0.00    1.00     1  listener
12:09:54 PM  1000     34932    0.00    1.00    0.00    0.00    1.00    18  listener
12:09:54 PM  1000     34934    0.00    1.00    0.00    0.00    1.00    17  listener
12:09:54 PM  1000     34936    1.00    1.00    0.00    0.00    2.00    18  listener
12:09:54 PM  1000     34939    0.00    1.00    0.00    0.00    1.00    19  listener
12:09:54 PM  1000     34962    1.00    1.00    0.00    0.00    2.00     9  listener
12:09:54 PM  1000     34965    0.00    1.00    0.00    0.00    1.00    18  listener
12:09:54 PM  1000     35034    0.00    1.00    0.00    0.00    1.00     6  listener
12:09:54 PM  1000     35036    1.00    1.00    0.00    0.00    2.00     2  listener
12:09:54 PM  1000     35047    1.00    1.00    0.00    0.00    2.00     3  listener
12:09:54 PM  1000     35068    0.00    1.00    0.00    0.00    1.00    11  listener
12:09:54 PM  1000     35114    1.00    0.00    0.00    0.00    1.00     1  listener
12:09:54 PM  1000     35117    1.00    1.00    0.00    0.00    2.00    15  listener
12:09:54 PM  1000     35128    1.00    0.00    0.00    0.00    1.00     1  listener
12:09:54 PM  1000     35164    1.00    1.00    0.00    0.00    2.00     1  listener
12:09:54 PM  1000     35230    0.00    1.00    0.00    0.00    1.00    18  listener
12:09:54 PM  1000     35232    1.00    0.00    0.00    0.00    1.00    10  listener
12:09:54 PM  1000     35234    1.00    1.00    0.00    0.00    2.00     7  listener
12:09:54 PM  1000     35246    1.00    0.00    0.00    0.00    1.00     7  listener
12:09:54 PM  1000     35275    0.00    2.00    0.00    0.00    2.00     3  listener
12:09:54 PM  1000     35281    1.00    0.00    0.00    0.00    1.00     8  listener
12:09:54 PM  1000     35296    1.00    1.00    0.00    0.00    2.00    15  listener
12:09:54 PM  1000     35307    1.00    1.00    0.00    0.00    2.00    17  listener
12:09:54 PM  1000     35327    1.00    1.00    0.00    0.00    2.00     9  listener
12:09:54 PM  1000     35347    1.00    1.00    0.00    0.00    2.00    12  listener
12:09:54 PM  1000     35358    1.00    1.00    0.00    0.00    2.00     4  listener
12:09:54 PM  1000     35369    0.00    1.00    0.00    0.00    1.00     4  listener
12:09:54 PM  1000     35389    0.00    1.00    0.00    0.00    1.00     6  listener
12:09:54 PM  1000     35409    1.00    1.00    0.00    0.00    2.00     6  listener
12:09:54 PM  1000     35428    1.00    1.00    0.00    0.00    2.00     0  listener
12:09:54 PM  1000     35432    0.00    1.00    0.00    0.00    1.00     0  listener
12:09:54 PM  1000     35434    1.00    1.00    0.00    0.00    2.00    12  listener
12:09:54 PM  1000     35445    1.00    1.00    0.00    0.00    2.00     0  listener
12:09:54 PM  1000     35467    1.00    1.00    0.00    0.00    2.00     1  listener
12:09:54 PM  1000     35487    0.00    2.00    0.00    0.00    2.00    18  listener
12:09:54 PM  1000     35524    0.00    1.00    0.00    0.00    1.00    19  listener
12:09:54 PM  1000     35544    2.00    1.00    0.00    0.00    3.00     5  listener
12:09:54 PM  1000     35546    1.00    0.00    0.00    0.00    1.00    16  listener
12:09:54 PM  1000     35558    1.00    0.00    0.00    0.00    1.00    16  listener
12:09:54 PM  1000     35578    1.00    1.00    0.00    1.00    2.00    11  listener
12:09:54 PM  1000     35598    1.00    1.00    0.00    0.00    2.00     5  listener
12:09:54 PM  1000     35629    1.00    1.00    0.00    0.00    2.00     6  listener
12:09:54 PM  1000     35641    0.00    1.00    0.00    0.00    1.00    19  listener
12:09:54 PM  1000     35651    1.00    1.00    0.00    0.00    2.00     1  listener
12:09:54 PM  1000     35673    1.00    2.00    0.00    0.00    3.00     1  listener
12:09:54 PM  1000     35701    1.00    0.00    0.00    0.00    1.00    14  listener
12:09:54 PM  1000     35703    0.00    2.00    0.00    0.00    2.00     7  listener
12:09:54 PM  1000     35723    1.00    0.00    0.00    0.00    1.00     5  listener
12:09:54 PM  1000     35734    0.00    1.00    0.00    0.00    1.00    12  listener
12:09:54 PM  1000     35745    1.00    1.00    0.00    0.00    2.00     4  listener
12:09:54 PM  1000     35764    1.00    0.00    0.00    0.00    1.00    13  listener
12:09:54 PM  1000     35777    1.00    0.00    0.00    0.00    1.00    12  listener
12:09:54 PM  1000     35787    1.00    1.00    0.00    0.00    2.00     0  listener
12:09:54 PM  1000     35825    1.00    0.00    0.00    0.00    1.00     8  listener
12:09:54 PM  1000     35827    1.00    1.00    0.00    0.00    2.00     1  listener
12:09:54 PM  1000     35829    1.00    1.00    0.00    0.00    2.00     1  listener
12:09:54 PM  1000     35858    1.00    0.00    0.00    0.00    1.00    10  listener
12:09:54 PM  1000     35905    1.00    1.00    0.00    0.00    2.00    15  listener
12:09:54 PM  1000     35916    1.00    1.00    0.00    0.00    2.00    14  listener
12:09:54 PM  1000     35918    1.00    1.00    0.00    0.00    2.00     2  listener
12:09:54 PM  1000     35956    0.00    2.00    0.00    0.00    2.00     4  listener
12:09:54 PM  1000     36003    1.00    1.00    0.00    0.00    2.00    14  listener

12:09:54 PM   UID       PID    %usr %system  %guest   %wait    %CPU   CPU  Command
12:09:55 PM  1000     33667    1.00    0.00    0.00    0.00    1.00     4  listener
12:09:55 PM  1000     33669    1.00    0.00    0.00    0.00    1.00     2  listener
12:09:55 PM  1000     33671    1.00    0.00    0.00    0.00    1.00     0  listener
12:09:55 PM  1000     33673    1.00    0.00    0.00    0.00    1.00    15  listener
12:09:55 PM  1000     33675    1.00    0.00    0.00    0.00    1.00    11  listener
12:09:55 PM  1000     33677    1.00    1.00    0.00    0.00    2.00    18  listener
12:09:55 PM  1000     33679    0.00    1.00    0.00    0.00    1.00    10  listener
12:09:55 PM  1000     33681    0.00    1.00    0.00    0.00    1.00     2  listener
12:09:55 PM  1000     33683    0.00    1.00    0.00    0.00    1.00    13  listener
12:09:55 PM  1000     33685    0.00    1.00    0.00    0.00    1.00     5  listener
12:09:55 PM  1000     33687    1.00    0.00    0.00    0.00    1.00    17  listener
12:09:55 PM  1000     33689    1.00    1.00    0.00    0.00    2.00     5  listener
12:09:55 PM  1000     33692    1.00    1.00    0.00    0.00    2.00     3  listener
12:09:55 PM  1000     33702    0.00    1.00    0.00    0.00    1.00    10  listener
12:09:55 PM  1000     33704    0.00    1.00    0.00    0.00    1.00    19  listener
12:09:55 PM  1000     33706    1.00    0.00    0.00    0.00    1.00     1  listener
12:09:55 PM  1000     33711    0.00    2.00    0.00    0.00    2.00    10  listener
12:09:55 PM  1000     33797    1.00    1.00    0.00    0.00    2.00     8  listener
12:09:55 PM  1000     33882    1.00    1.00    0.00    0.00    2.00    14  listener
12:09:55 PM  1000     33885    1.00    0.00    0.00    0.00    1.00    10  listener
12:09:55 PM  1000     33903    1.00    1.00    0.00    0.00    2.00    13  listener
12:09:55 PM  1000     33970    1.00    1.00    0.00    0.00    2.00     9  listener
12:09:55 PM  1000     33972    2.00    0.00    0.00    0.00    2.00    16  listener
12:09:55 PM  1000     33974    1.00    0.00    0.00    0.00    1.00     2  listener
12:09:55 PM  1000     34012    0.00    1.00    0.00    0.00    1.00     3  listener
12:09:55 PM  1000     34041    1.00    1.00    0.00    0.00    2.00    14  listener
12:09:55 PM  1000     34070    0.00    2.00    0.00    0.00    2.00     1  listener
12:09:55 PM  1000     34081    0.00    1.00    0.00    0.00    1.00    15  listener
12:09:55 PM  1000     34092    0.00    1.00    0.00    0.00    1.00     5  listener
12:09:55 PM  1000     34094    0.00    1.00    0.00    0.00    1.00     5  listener
12:09:55 PM  1000     34096    1.00    1.00    0.00    0.00    2.00    17  listener
12:09:55 PM  1000     34098    0.00    1.00    0.00    0.00    1.00    15  listener
12:09:55 PM  1000     34100    1.00    1.00    0.00    0.00    2.00    16  listener
12:09:55 PM  1000     34129    0.00    2.00    0.00    0.00    2.00     9  listener
12:09:55 PM  1000     34184    1.00    1.00    0.00    0.00    2.00    15  listener
12:09:55 PM  1000     34241    1.00    0.00    0.00    0.00    1.00    10  listener
12:09:55 PM  1000     34261    1.00    0.00    0.00    0.00    1.00    16  listener
12:09:55 PM  1000     34281    1.00    0.00    0.00    0.00    1.00    11  listener
12:09:55 PM  1000     34318    1.00    0.00    0.00    0.00    1.00     4  listener
12:09:55 PM  1000     34348    1.00    1.00    0.00    0.00    2.00     8  listener
12:09:55 PM  1000     34377    1.00    1.00    0.00    0.00    2.00     1  listener
12:09:55 PM  1000     34389    0.00    0.00    0.00    0.00    0.00    18  listener
12:09:55 PM  1000     34402    1.00    0.00    0.00    0.00    1.00     8  listener
12:09:55 PM  1000     34440    1.00    0.00    0.00    0.00    1.00     0  listener
12:09:55 PM  1000     34469    1.00    1.00    0.00    0.00    2.00    14  listener
12:09:55 PM  1000     34480    1.00    0.00    0.00    0.00    1.00     0  listener
12:09:55 PM  1000     34491    1.00    1.00    0.00    0.00    2.00    13  listener
12:09:55 PM  1000     34504    1.00    2.00    0.00    0.00    3.00     8  listener
12:09:55 PM  1000     34541    0.00    0.00    0.00    0.00    0.00     8  listener
12:09:55 PM  1000     34588    0.00    0.00    0.00    0.00    0.00     6  listener
12:09:55 PM  1000     34590    0.00    0.00    0.00    0.00    0.00     5  listener
12:09:55 PM  1000     34603    1.00    0.00    0.00    0.00    1.00     8  listener
12:09:55 PM  1000     34623    0.00    1.00    0.00    0.00    1.00    10  listener
12:09:55 PM  1000     34642    1.00    1.00    0.00    0.00    2.00     5  listener
12:09:55 PM  1000     34645    1.00    0.00    0.00    0.00    1.00    17  listener
12:09:55 PM  1000     34684    0.00    1.00    0.00    0.00    1.00    15  listener
12:09:55 PM  1000     34712    1.00    0.00    0.00    0.00    1.00     6  listener
12:09:55 PM  1000     34721    0.00    1.00    0.00    0.00    1.00     5  listener
12:09:55 PM  1000     34784    1.00    1.00    0.00    0.00    2.00     8  listener
12:09:55 PM  1000     34790    1.00    1.00    0.00    0.00    2.00    15  listener
12:09:55 PM  1000     34800    1.00    0.00    0.00    0.00    1.00    12  listener
12:09:55 PM  1000     34803    1.00    1.00    0.00    0.00    2.00     8  listener
12:09:55 PM  1000     34805    1.00    0.00    0.00    0.00    1.00     8  listener
12:09:55 PM  1000     34816    1.00    1.00    0.00    0.00    2.00     3  listener
12:09:55 PM  1000     34855    1.00    1.00    0.00    0.00    2.00    10  listener
12:09:55 PM  1000     34874    0.00    1.00    0.00    0.00    1.00    16  listener
12:09:55 PM  1000     34876    1.00    0.00    0.00    0.00    1.00     5  listener
12:09:55 PM  1000     34932    2.00    0.00    0.00    0.00    2.00    19  listener
12:09:55 PM  1000     34934    1.00    0.00    0.00    0.00    1.00     1  listener
12:09:55 PM  1000     34936    1.00    0.00    0.00    0.00    1.00     5  listener
12:09:55 PM  1000     34939    1.00    0.00    0.00    0.00    1.00    17  listener
12:09:55 PM  1000     34962    0.00    1.00    0.00    0.00    1.00     4  listener
12:09:55 PM  1000     34965    1.00    1.00    0.00    0.00    2.00    17  listener
12:09:55 PM  1000     35034    1.00    1.00    0.00    0.00    2.00     8  listener
12:09:55 PM  1000     35036    1.00    0.00    0.00    0.00    1.00    13  listener
12:09:55 PM  1000     35047    1.00    1.00    0.00    0.00    2.00    12  listener
12:09:55 PM  1000     35068    1.00    0.00    0.00    0.00    1.00    18  listener
12:09:55 PM  1000     35114    0.00    1.00    0.00    0.00    1.00     1  listener
12:09:55 PM  1000     35117    0.00    1.00    0.00    0.00    1.00     3  listener
12:09:55 PM  1000     35128    0.00    1.00    0.00    0.00    1.00     8  listener
12:09:55 PM  1000     35164    1.00    0.00    0.00    0.00    1.00     5  listener
12:09:55 PM  1000     35230    0.00    1.00    0.00    0.00    1.00    10  listener
12:09:55 PM  1000     35232    1.00    1.00    0.00    1.00    2.00    16  listener
12:09:55 PM  1000     35234    0.00    1.00    0.00    0.00    1.00     1  listener
12:09:55 PM  1000     35246    0.00    1.00    0.00    0.00    1.00    17  listener
12:09:55 PM  1000     35275    1.00    0.00    0.00    0.00    1.00     2  listener
12:09:55 PM  1000     35281    1.00    1.00    0.00    0.00    2.00    13  listener
12:09:55 PM  1000     35296    1.00    1.00    0.00    0.00    2.00     8  listener
12:09:55 PM  1000     35307    1.00    0.00    0.00    0.00    1.00     8  listener
12:09:55 PM  1000     35327    1.00    0.00    0.00    0.00    1.00     3  listener
12:09:55 PM  1000     35347    0.00    1.00    0.00    0.00    1.00    11  listener
12:09:55 PM  1000     35358    1.00    0.00    0.00    0.00    1.00     6  listener
12:09:55 PM  1000     35369    0.00    1.00    0.00    0.00    1.00     9  listener
12:09:55 PM  1000     35389    1.00    1.00    0.00    0.00    2.00    16  listener
12:09:55 PM  1000     35409    1.00    1.00    0.00    0.00    2.00     2  listener
12:09:55 PM  1000     35428    0.00    1.00    0.00    0.00    1.00     3  listener
12:09:55 PM  1000     35432    1.00    1.00    0.00    0.00    2.00    21  listener
12:09:55 PM  1000     35434    0.00    0.00    0.00    0.00    0.00     3  listener
12:09:55 PM  1000     35445    1.00    1.00    0.00    0.00    2.00     7  listener
12:09:55 PM  1000     35467    1.00    0.00    0.00    0.00    1.00    10  listener
12:09:55 PM  1000     35487    1.00    0.00    0.00    0.00    1.00     3  listener
12:09:55 PM  1000     35524    1.00    1.00    0.00    0.00    2.00    17  listener
12:09:55 PM  1000     35544    0.00    0.00    0.00    0.00    0.00    17  listener
12:09:55 PM  1000     35546    1.00    1.00    0.00    0.00    2.00     6  listener
12:09:55 PM  1000     35558    1.00    0.00    0.00    0.00    1.00    16  listener
12:09:55 PM  1000     35578    0.00    1.00    0.00    0.00    1.00    19  listener
12:09:55 PM  1000     35598    1.00    1.00    0.00    0.00    2.00     1  listener
12:09:55 PM  1000     35629    0.00    1.00    0.00    0.00    1.00    15  listener
12:09:55 PM  1000     35641    2.00    0.00    0.00    0.00    2.00    18  listener
12:09:55 PM  1000     35651    1.00    1.00    0.00    0.00    2.00    14  listener
12:09:55 PM  1000     35673    0.00    0.00    0.00    0.00    0.00    10  listener
12:09:55 PM  1000     35701    0.00    1.00    0.00    0.00    1.00     4  listener
12:09:55 PM  1000     35703    2.00    0.00    0.00    0.00    2.00     2  listener
12:09:55 PM  1000     35723    0.00    2.00    0.00    0.00    2.00     4  listener
12:09:55 PM  1000     35734    1.00    1.00    0.00    0.00    2.00     6  listener
12:09:55 PM  1000     35745    1.00    1.00    0.00    0.00    2.00    13  listener
12:09:55 PM  1000     35764    1.00    0.00    0.00    0.00    1.00     0  listener
12:09:55 PM  1000     35777    1.00    1.00    0.00    0.00    2.00     9  listener
12:09:55 PM  1000     35787    0.00    1.00    0.00    0.00    1.00    16  listener
12:09:55 PM  1000     35825    1.00    0.00    0.00    0.00    1.00     8  listener
12:09:55 PM  1000     35827    1.00    1.00    0.00    0.00    2.00    12  listener
12:09:55 PM  1000     35829    1.00    0.00    0.00    0.00    1.00    19  listener
12:09:55 PM  1000     35858    1.00    1.00    0.00    0.00    2.00     4  listener
12:09:55 PM  1000     35905    1.00    0.00    0.00    0.00    1.00     0  listener
12:09:55 PM  1000     35916    1.00    0.00    0.00    0.00    1.00     8  listener
12:09:55 PM  1000     35918    1.00    0.00    0.00    0.00    1.00     6  listener
12:09:55 PM  1000     35956    0.00    1.00    0.00    0.00    1.00     5  listener
12:09:55 PM  1000     36003    0.00    1.00    0.00    0.00    1.00     2  listener

12:09:55 PM   UID       PID    %usr %system  %guest   %wait    %CPU   CPU  Command
12:09:56 PM  1000     33667    1.00    1.00    0.00    0.00    2.00    16  listener
12:09:56 PM  1000     33669    0.00    1.00    0.00    0.00    1.00     1  listener
12:09:56 PM  1000     33671    1.00    0.00    0.00    0.00    1.00    17  listener
12:09:56 PM  1000     33673    1.00    1.00    0.00    0.00    2.00    15  listener
12:09:56 PM  1000     33675    1.00    1.00    0.00    0.00    2.00    14  listener
12:09:56 PM  1000     33677    0.00    1.00    0.00    0.00    1.00     3  listener
12:09:56 PM  1000     33679    2.00    0.00    0.00    0.00    2.00     1  listener
12:09:56 PM  1000     33681    1.00    1.00    0.00    1.00    2.00    12  listener
12:09:56 PM  1000     33683    1.00    1.00    0.00    0.00    2.00    11  listener
12:09:56 PM  1000     33685    1.00    1.00    0.00    0.00    2.00    10  listener
12:09:56 PM  1000     33687    1.00    1.00    0.00    0.00    2.00    16  listener
12:09:56 PM  1000     33689    0.00    1.00    0.00    0.00    1.00     0  listener
12:09:56 PM  1000     33692    1.00    0.00    0.00    0.00    1.00    19  listener
12:09:56 PM  1000     33702    1.00    1.00    0.00    0.00    2.00    19  listener
12:09:56 PM  1000     33704    0.00    1.00    0.00    0.00    1.00     9  listener
12:09:56 PM  1000     33706    1.00    1.00    0.00    0.00    2.00     0  listener
12:09:56 PM  1000     33711    1.00    0.00    0.00    0.00    1.00    10  listener
12:09:56 PM  1000     33797    1.00    0.00    0.00    0.00    1.00    18  listener
12:09:56 PM  1000     33882    0.00    1.00    0.00    0.00    1.00     8  listener
12:09:56 PM  1000     33885    1.00    1.00    0.00    0.00    2.00    16  listener
12:09:56 PM  1000     33903    1.00    1.00    0.00    0.00    2.00     0  listener
12:09:56 PM  1000     33970    1.00    0.00    0.00    0.00    1.00    19  listener
12:09:56 PM  1000     33972    0.00    2.00    0.00    0.00    2.00     7  listener
12:09:56 PM  1000     33974    0.00    1.00    0.00    0.00    1.00    15  listener
12:09:56 PM  1000     34012    1.00    1.00    0.00    0.00    2.00    12  listener
12:09:56 PM  1000     34041    1.00    0.00    0.00    0.00    1.00     9  listener
12:09:56 PM  1000     34070    2.00    0.00    0.00    0.00    2.00    11  listener
12:09:56 PM  1000     34081    1.00    1.00    0.00    0.00    2.00     3  listener
12:09:56 PM  1000     34092    1.00    1.00    0.00    0.00    2.00    14  listener
12:09:56 PM  1000     34094    1.00    1.00    0.00    0.00    2.00     7  listener
12:09:56 PM  1000     34096    0.00    1.00    0.00    0.00    1.00    17  listener
12:09:56 PM  1000     34098    1.00    0.00    0.00    0.00    1.00    14  listener
12:09:56 PM  1000     34100    0.00    1.00    0.00    0.00    1.00     2  listener
12:09:56 PM  1000     34129    0.00    0.00    0.00    0.00    0.00     5  listener
12:09:56 PM  1000     34184    0.00    1.00    0.00    0.00    1.00    17  listener
12:09:56 PM  1000     34241    1.00    1.00    0.00    0.00    2.00    14  listener
12:09:56 PM  1000     34261    1.00    1.00    0.00    0.00    2.00    13  listener
12:09:56 PM  1000     34281    1.00    1.00    0.00    0.00    2.00     4  listener
12:09:56 PM  1000     34318    1.00    1.00    0.00    0.00    2.00    17  listener
12:09:56 PM  1000     34348    0.00    0.00    0.00    0.00    0.00    15  listener
12:09:56 PM  1000     34377    1.00    1.00    0.00    0.00    2.00    10  listener
12:09:56 PM  1000     34389    0.00    1.00    0.00    0.00    1.00    12  listener
12:09:56 PM  1000     34402    1.00    1.00    0.00    0.00    2.00     4  listener
12:09:56 PM  1000     34440    1.00    1.00    0.00    0.00    2.00    11  listener
12:09:56 PM  1000     34469    0.00    2.00    0.00    0.00    2.00     9  listener
12:09:56 PM  1000     34480    0.00    1.00    0.00    0.00    1.00     0  listener
12:09:56 PM  1000     34491    1.00    0.00    0.00    0.00    1.00     5  listener
12:09:56 PM  1000     34504    0.00    0.00    0.00    0.00    0.00     2  listener
12:09:56 PM  1000     34541    1.00    1.00    0.00    0.00    2.00     5  listener
12:09:56 PM  1000     34588    1.00    1.00    0.00    0.00    2.00     9  listener
12:09:56 PM  1000     34590    1.00    2.00    0.00    0.00    3.00    12  listener
12:09:56 PM  1000     34603    0.00    1.00    0.00    0.00    1.00    17  listener
12:09:56 PM  1000     34623    0.00    1.00    0.00    0.00    1.00     9  listener
12:09:56 PM  1000     34642    0.00    1.00    0.00    0.00    1.00     8  listener
12:09:56 PM  1000     34645    1.00    1.00    0.00    0.00    2.00    16  listener
12:09:56 PM  1000     34684    0.00    1.00    0.00    0.00    1.00     2  listener
12:09:56 PM  1000     34712    0.00    2.00    0.00    0.00    2.00    10  listener
12:09:56 PM  1000     34721    0.00    2.00    0.00    0.00    2.00    17  listener
12:09:56 PM  1000     34784    0.00    1.00    0.00    0.00    1.00     6  listener
12:09:56 PM  1000     34790    1.00    0.00    0.00    0.00    1.00     0  listener
12:09:56 PM  1000     34800    0.00    2.00    0.00    0.00    2.00    16  listener
12:09:56 PM  1000     34803    1.00    0.00    0.00    0.00    1.00    16  listener
12:09:56 PM  1000     34805    1.00    1.00    0.00    0.00    2.00     4  listener
12:09:56 PM  1000     34816    0.00    2.00    0.00    0.00    2.00     2  listener
12:09:56 PM  1000     34855    2.00    0.00    0.00    0.00    2.00     0  listener
12:09:56 PM  1000     34874    1.00    0.00    0.00    0.00    1.00    14  listener
12:09:56 PM  1000     34876    1.00    1.00    0.00    0.00    2.00     3  listener
12:09:56 PM  1000     34932    1.00    1.00    0.00    0.00    2.00     1  listener
12:09:56 PM  1000     34934    1.00    1.00    0.00    0.00    2.00    13  listener
12:09:56 PM  1000     34936    2.00    0.00    0.00    0.00    2.00     6  listener
12:09:56 PM  1000     34939    1.00    1.00    0.00    0.00    2.00    19  listener
12:09:56 PM  1000     34962    2.00    0.00    0.00    0.00    2.00     3  listener
12:09:56 PM  1000     34965    1.00    0.00    0.00    0.00    1.00     3  listener
12:09:56 PM  1000     35034    1.00    1.00    0.00    0.00    2.00     5  listener
12:09:56 PM  1000     35036    0.00    1.00    0.00    0.00    1.00    18  listener
12:09:56 PM  1000     35047    1.00    0.00    0.00    0.00    1.00     3  listener
12:09:56 PM  1000     35068    1.00    1.00    0.00    0.00    2.00     8  listener
12:09:56 PM  1000     35114    1.00    1.00    0.00    0.00    2.00    10  listener
12:09:56 PM  1000     35117    1.00    1.00    0.00    0.00    2.00     3  listener
12:09:56 PM  1000     35128    1.00    1.00    0.00    0.00    2.00     5  listener
12:09:56 PM  1000     35164    1.00    1.00    0.00    0.00    2.00     8  listener
12:09:56 PM  1000     35230    2.00    1.00    0.00    0.00    3.00    18  listener
12:09:56 PM  1000     35232    1.00    0.00    0.00    0.00    1.00    13  listener
12:09:56 PM  1000     35234    1.00    0.00    0.00    0.00    1.00    18  listener
12:09:56 PM  1000     35246    1.00    1.00    0.00    0.00    2.00    15  listener
12:09:56 PM  1000     35275    1.00    1.00    0.00    0.00    2.00    12  listener
12:09:56 PM  1000     35281    1.00    0.00    0.00    0.00    1.00    12  listener
12:09:56 PM  1000     35296    1.00    0.00    0.00    0.00    1.00     3  listener
12:09:56 PM  1000     35307    0.00    1.00    0.00    0.00    1.00     3  listener
12:09:56 PM  1000     35327    0.00    2.00    0.00    0.00    2.00    10  listener
12:09:56 PM  1000     35347    1.00    1.00    0.00    0.00    2.00     4  listener
12:09:56 PM  1000     35358    1.00    1.00    0.00    0.00    2.00    16  listener
12:09:56 PM  1000     35369    2.00    0.00    0.00    0.00    2.00     5  listener
12:09:56 PM  1000     35389    1.00    1.00    0.00    0.00    2.00    11  listener
12:09:56 PM  1000     35409    0.00    1.00    0.00    0.00    1.00    12  listener
12:09:56 PM  1000     35428    1.00    0.00    0.00    0.00    1.00     2  listener
12:09:56 PM  1000     35432    1.00    1.00    0.00    0.00    2.00    14  listener
12:09:56 PM  1000     35434    1.00    1.00    0.00    0.00    2.00     8  listener
12:09:56 PM  1000     35445    0.00    0.00    0.00    0.00    0.00     8  listener
12:09:56 PM  1000     35467    1.00    1.00    0.00    0.00    2.00    15  listener
12:09:56 PM  1000     35487    2.00    0.00    0.00    0.00    2.00    13  listener
12:09:56 PM  1000     35524    1.00    1.00    0.00    0.00    2.00    13  listener
12:09:56 PM  1000     35544    1.00    1.00    0.00    0.00    2.00     3  listener
12:09:56 PM  1000     35546    1.00    0.00    0.00    0.00    1.00    18  listener
12:09:56 PM  1000     35558    2.00    1.00    0.00    0.00    3.00    10  listener
12:09:56 PM  1000     35578    1.00    1.00    0.00    0.00    2.00     9  listener
12:09:56 PM  1000     35598    1.00    1.00    0.00    0.00    2.00    11  listener
12:09:56 PM  1000     35629    1.00    0.00    0.00    0.00    1.00     9  listener
12:09:56 PM  1000     35641    1.00    1.00    0.00    0.00    2.00    14  listener
12:09:56 PM  1000     35651    0.00    1.00    0.00    0.00    1.00     2  listener
12:09:56 PM  1000     35673    1.00    1.00    0.00    0.00    2.00     2  listener
12:09:56 PM  1000     35701    1.00    1.00    0.00    0.00    2.00     1  listener
12:09:56 PM  1000     35703    1.00    0.00    0.00    0.00    1.00    16  listener
12:09:56 PM  1000     35723    0.00    1.00    0.00    0.00    1.00    13  listener
12:09:56 PM  1000     35734    0.00    1.00    0.00    0.00    1.00    11  listener
12:09:56 PM  1000     35745    1.00    1.00    0.00    0.00    2.00     4  listener
12:09:56 PM  1000     35764    1.00    2.00    0.00    0.00    3.00    18  listener
12:09:56 PM  1000     35777    0.00    1.00    0.00    0.00    1.00    15  listener
12:09:56 PM  1000     35787    1.00    1.00    0.00    0.00    2.00     4  listener
12:09:56 PM  1000     35825    1.00    1.00    0.00    0.00    2.00     1  listener
12:09:56 PM  1000     35827    1.00    0.00    0.00    0.00    1.00     7  listener
12:09:56 PM  1000     35829    0.00    1.00    0.00    0.00    1.00     0  listener
12:09:56 PM  1000     35858    1.00    0.00    0.00    0.00    1.00     5  listener
12:09:56 PM  1000     35905    1.00    1.00    0.00    0.00    2.00    14  listener
12:09:56 PM  1000     35916    0.00    2.00    0.00    0.00    2.00     8  listener
12:09:56 PM  1000     35918    1.00    1.00    0.00    0.00    2.00     5  listener
12:09:56 PM  1000     35956    0.00    2.00    0.00    0.00    2.00     8  listener
12:09:56 PM  1000     36003    2.00    0.00    0.00    0.00    2.00     4  listener

12:09:56 PM   UID       PID    %usr %system  %guest   %wait    %CPU   CPU  Command
12:09:57 PM  1000     33667    1.00    1.00    0.00    0.00    2.00    15  listener
12:09:57 PM  1000     33669    1.00    1.00    0.00    0.00    2.00     1  listener
12:09:57 PM  1000     33671    0.00    1.00    0.00    0.00    1.00     6  listener
12:09:57 PM  1000     33673    1.00    0.00    0.00    0.00    1.00    16  listener
12:09:57 PM  1000     33675    1.00    0.00    0.00    0.00    1.00    14  listener
12:09:57 PM  1000     33677    1.00    0.00    0.00    0.00    1.00    15  listener
12:09:57 PM  1000     33679    0.00    0.00    0.00    0.00    0.00     5  listener
12:09:57 PM  1000     33681    0.00    0.00    0.00    0.00    0.00     4  listener
12:09:57 PM  1000     33683    1.00    1.00    0.00    0.00    2.00     4  listener
12:09:57 PM  1000     33685    0.00    0.00    0.00    0.00    0.00     3  listener
12:09:57 PM  1000     33687    1.00    0.00    0.00    0.00    1.00    14  listener
12:09:57 PM  1000     33689    1.00    0.00    0.00    0.00    1.00    10  listener
12:09:57 PM  1000     33692    1.00    0.00    0.00    0.00    1.00    16  listener
12:09:57 PM  1000     33702    1.00    0.00    0.00    0.00    1.00    19  listener
12:09:57 PM  1000     33704    1.00    1.00    0.00    0.00    2.00     3  listener
12:09:57 PM  1000     33706    0.00    1.00    0.00    0.00    1.00     6  listener
12:09:57 PM  1000     33711    0.00    1.00    0.00    0.00    1.00     2  listener
12:09:57 PM  1000     33797    0.00    1.00    0.00    0.00    1.00     5  listener
12:09:57 PM  1000     33882    1.00    0.00    0.00    0.00    1.00     6  listener
12:09:57 PM  1000     33885    1.00    0.00    0.00    0.00    1.00     6  listener
12:09:57 PM  1000     33903    0.00    0.00    0.00    0.00    0.00    10  listener
12:09:57 PM  1000     33970    0.00    1.00    0.00    0.00    1.00     6  listener
12:09:57 PM  1000     33972    0.00    0.00    0.00    0.00    0.00     0  listener
12:09:57 PM  1000     33974    1.00    0.00    0.00    0.00    1.00    11  listener
12:09:57 PM  1000     34012    0.00    0.00    0.00    0.00    0.00    15  listener
12:09:57 PM  1000     34041    1.00    0.00    0.00    1.00    1.00    15  listener
12:09:57 PM  1000     34070    1.00    0.00    0.00    0.00    1.00    18  listener
12:09:57 PM  1000     34081    1.00    0.00    0.00    1.00    1.00    13  listener
12:09:57 PM  1000     34092    0.00    0.00    0.00    0.00    0.00     2  listener
12:09:57 PM  1000     34094    1.00    0.00    0.00    0.00    1.00     4  listener
12:09:57 PM  1000     34096    1.00    0.00    0.00    0.00    1.00    18  listener
12:09:57 PM  1000     34098    1.00    1.00    0.00    0.00    2.00    11  listener
12:09:57 PM  1000     34100    1.00    0.00    0.00    0.00    1.00     6  listener
12:09:57 PM  1000     34129    1.00    0.00    0.00    0.00    1.00    10  listener
12:09:57 PM  1000     34184    1.00    0.00    0.00    0.00    1.00    10  listener
12:09:57 PM  1000     34241    0.00    0.00    0.00    0.00    0.00    13  listener
12:09:57 PM  1000     34261    0.00    1.00    0.00    0.00    1.00    11  listener
12:09:57 PM  1000     34281    1.00    0.00    0.00    0.00    1.00     9  listener
12:09:57 PM  1000     34318    0.00    1.00    0.00    0.00    1.00     7  listener
12:09:57 PM  1000     34348    1.00    1.00    0.00    0.00    2.00     2  listener
12:09:57 PM  1000     34377    0.00    0.00    0.00    0.00    0.00     8  listener
12:09:57 PM  1000     34389    1.00    0.00    0.00    0.00    1.00     8  listener
12:09:57 PM  1000     34402    1.00    0.00    0.00    0.00    1.00    14  listener
12:09:57 PM  1000     34440    1.00    0.00    0.00    0.00    1.00    16  listener
12:09:57 PM  1000     34469    1.00    0.00    0.00    0.00    1.00    13  listener
12:09:57 PM  1000     34480    1.00    1.00    0.00    0.00    2.00    14  listener
12:09:57 PM  1000     34491    0.00    1.00    0.00    0.00    1.00    18  listener
12:09:57 PM  1000     34504    1.00    0.00    0.00    0.00    1.00    13  listener
12:09:57 PM  1000     34541    1.00    0.00    0.00    0.00    1.00    16  listener
12:09:57 PM  1000     34588    1.00    0.00    0.00    0.00    1.00    14  listener
12:09:57 PM  1000     34590    0.00    0.00    0.00    0.00    0.00    19  listener
12:09:57 PM  1000     34603    1.00    1.00    0.00    0.00    2.00     7  listener
12:09:57 PM  1000     34623    1.00    1.00    0.00    0.00    2.00    17  listener
12:09:57 PM  1000     34642    1.00    1.00    0.00    0.00    2.00     8  listener
12:09:57 PM  1000     34645    1.00    0.00    0.00    0.00    1.00    14  listener
12:09:57 PM  1000     34684    1.00    1.00    0.00    0.00    2.00    14  listener
12:09:57 PM  1000     34712    1.00    0.00    0.00    0.00    1.00    17  listener
12:09:57 PM  1000     34721    1.00    0.00    0.00    0.00    1.00     8  listener
12:09:57 PM  1000     34784    1.00    0.00    0.00    0.00    1.00     9  listener
12:09:57 PM  1000     34790    1.00    1.00    0.00    0.00    2.00    12  listener
12:09:57 PM  1000     34800    0.00    1.00    0.00    0.00    1.00     0  listener
12:09:57 PM  1000     34803    1.00    1.00    0.00    0.00    2.00    14  listener
12:09:57 PM  1000     34805    0.00    1.00    0.00    0.00    1.00     6  listener
12:09:57 PM  1000     34816    0.00    1.00    0.00    0.00    1.00    16  listener
12:09:57 PM  1000     34855    0.00    0.00    0.00    0.00    0.00    15  listener
12:09:57 PM  1000     34874    0.00    1.00    0.00    0.00    1.00    17  listener
12:09:57 PM  1000     34876    0.00    1.00    0.00    0.00    1.00    10  listener
12:09:57 PM  1000     34932    1.00    0.00    0.00    0.00    1.00    13  listener
12:09:57 PM  1000     34934    0.00    1.00    0.00    0.00    1.00    12  listener
12:09:57 PM  1000     34936    1.00    0.00    0.00    0.00    1.00    19  listener
12:09:57 PM  1000     34939    1.00    0.00    0.00    0.00    1.00    18  listener
12:09:57 PM  1000     34962    0.00    0.00    0.00    0.00    0.00    12  listener
12:09:57 PM  1000     34965    1.00    1.00    0.00    0.00    2.00    16  listener
12:09:57 PM  1000     35034    0.00    1.00    0.00    0.00    1.00    10  listener
12:09:57 PM  1000     35036    1.00    0.00    0.00    0.00    1.00     3  listener
12:09:57 PM  1000     35047    0.00    1.00    0.00    0.00    1.00    13  listener
12:09:57 PM  1000     35068    0.00    1.00    0.00    0.00    1.00    16  listener
12:09:57 PM  1000     35114    1.00    1.00    0.00    0.00    2.00    11  listener
12:09:57 PM  1000     35117    0.00    0.00    0.00    0.00    0.00     9  listener
12:09:57 PM  1000     35128    0.00    1.00    0.00    0.00    1.00     5  listener
12:09:57 PM  1000     35164    0.00    1.00    0.00    0.00    1.00     0  listener
12:09:57 PM  1000     35230    0.00    1.00    0.00    0.00    1.00    18  listener
12:09:57 PM  1000     35232    0.00    1.00    0.00    0.00    1.00     5  listener
12:09:57 PM  1000     35234    1.00    1.00    0.00    0.00    2.00    10  listener
12:09:57 PM  1000     35246    0.00    1.00    0.00    0.00    1.00    19  listener
12:09:57 PM  1000     35275    1.00    1.00    0.00    0.00    2.00    12  listener
12:09:57 PM  1000     35281    0.00    1.00    0.00    0.00    1.00     1  listener
12:09:57 PM  1000     35296    1.00    0.00    0.00    0.00    1.00    17  listener
12:09:57 PM  1000     35307    1.00    0.00    0.00    0.00    1.00     8  listener
12:09:57 PM  1000     35327    0.00    1.00    0.00    0.00    1.00    13  listener
12:09:57 PM  1000     35347    0.00    1.00    0.00    0.00    1.00    14  listener
12:09:57 PM  1000     35358    0.00    1.00    0.00    0.00    1.00    13  listener
12:09:57 PM  1000     35369    0.00    1.00    0.00    0.00    1.00     9  listener
12:09:57 PM  1000     35389    1.00    0.00    0.00    0.00    1.00    11  listener
12:09:57 PM  1000     35409    1.00    0.00    0.00    0.00    1.00    15  listener
12:09:57 PM  1000     35428    1.00    1.00    0.00    0.00    2.00    14  listener
12:09:57 PM  1000     35432    1.00    0.00    0.00    0.00    1.00     2  listener
12:09:57 PM  1000     35434    1.00    1.00    0.00    0.00    2.00     9  listener
12:09:57 PM  1000     35445    1.00    1.00    0.00    0.00    2.00    17  listener
12:09:57 PM  1000     35467    0.00    1.00    0.00    0.00    1.00    13  listener
12:09:57 PM  1000     35487    1.00    0.00    0.00    0.00    1.00     0  listener
12:09:57 PM  1000     35524    1.00    1.00    0.00    0.00    2.00     9  listener
12:09:57 PM  1000     35544    1.00    1.00    0.00    0.00    2.00    15  listener
12:09:57 PM  1000     35546    1.00    0.00    0.00    0.00    1.00     5  listener
12:09:57 PM  1000     35558    0.00    0.00    0.00    0.00    0.00    14  listener
12:09:57 PM  1000     35578    0.00    0.00    0.00    0.00    0.00    10  listener
12:09:57 PM  1000     35598    0.00    0.00    0.00    0.00    0.00     1  listener
12:09:57 PM  1000     35629    1.00    1.00    0.00    0.00    2.00     0  listener
12:09:57 PM  1000     35641    0.00    0.00    0.00    0.00    0.00     8  listener
12:09:57 PM  1000     35651    1.00    0.00    0.00    0.00    1.00    15  listener
12:09:57 PM  1000     35673    1.00    0.00    0.00    0.00    1.00     1  listener
12:09:57 PM  1000     35701    1.00    0.00    0.00    0.00    1.00     5  listener
12:09:57 PM  1000     35703    1.00    0.00    0.00    0.00    1.00    18  listener
12:09:57 PM  1000     35723    1.00    1.00    0.00    0.00    2.00     7  listener
12:09:57 PM  1000     35734    1.00    0.00    0.00    0.00    1.00     6  listener
12:09:57 PM  1000     35745    0.00    0.00    0.00    0.00    0.00     6  listener
12:09:57 PM  1000     35764    0.00    0.00    0.00    0.00    0.00     6  listener
12:09:57 PM  1000     35777    1.00    1.00    0.00    0.00    2.00     8  listener
12:09:57 PM  1000     35787    1.00    1.00    0.00    0.00    2.00    17  listener
12:09:57 PM  1000     35825    0.00    1.00    0.00    0.00    1.00    12  listener
12:09:57 PM  1000     35827    1.00    0.00    0.00    1.00    1.00    10  listener
12:09:57 PM  1000     35829    0.00    1.00    0.00    0.00    1.00    12  listener
12:09:57 PM  1000     35858    0.00    1.00    0.00    0.00    1.00    15  listener
12:09:57 PM  1000     35905    0.00    1.00    0.00    0.00    1.00    12  listener
12:09:57 PM  1000     35916    1.00    0.00    0.00    0.00    1.00     9  listener
12:09:57 PM  1000     35918    1.00    0.00    0.00    0.00    1.00     0  listener
12:09:57 PM  1000     35956    0.00    1.00    0.00    0.00    1.00    18  listener
12:09:57 PM  1000     36003    0.00    0.00    0.00    0.00    0.00    17  listener

12:09:57 PM   UID       PID    %usr %system  %guest   %wait    %CPU   CPU  Command
12:09:58 PM  1000     33667    0.00    0.00    0.00    0.00    0.00    11  listener
12:09:58 PM  1000     33669    0.00    0.00    0.00    0.00    0.00    19  listener
12:09:58 PM  1000     33671    1.00    0.00    0.00    0.00    1.00    10  listener
12:09:58 PM  1000     33673    1.00    1.00    0.00    0.00    2.00     5  listener
12:09:58 PM  1000     33675    0.00    2.00    0.00    0.00    2.00    11  listener
12:09:58 PM  1000     33677    1.00    0.00    0.00    0.00    1.00     1  listener
12:09:58 PM  1000     33679    1.00    1.00    0.00    0.00    2.00     4  listener
12:09:58 PM  1000     33681    1.00    1.00    0.00    0.00    2.00    12  listener
12:09:58 PM  1000     33683    0.00    0.00    0.00    0.00    0.00     1  listener
12:09:58 PM  1000     33685    1.00    1.00    0.00    0.00    2.00    15  listener
12:09:58 PM  1000     33687    0.00    1.00    0.00    0.00    1.00    13  listener
12:09:58 PM  1000     33689    1.00    1.00    0.00    0.00    2.00    10  listener
12:09:58 PM  1000     33692    1.00    1.00    0.00    1.00    2.00     5  listener
12:09:58 PM  1000     33702    1.00    1.00    0.00    0.00    2.00    15  listener
12:09:58 PM  1000     33704    0.00    0.00    0.00    0.00    0.00     8  listener
12:09:58 PM  1000     33706    1.00    0.00    0.00    0.00    1.00     3  listener
12:09:58 PM  1000     33711    1.00    1.00    0.00    0.00    2.00     7  listener
12:09:58 PM  1000     33797    0.00    1.00    0.00    0.00    1.00     8  listener
12:09:58 PM  1000     33882    1.00    1.00    0.00    0.00    2.00    17  listener
12:09:58 PM  1000     33885    0.00    1.00    0.00    0.00    1.00     8  listener
12:09:58 PM  1000     33903    1.00    1.00    0.00    0.00    2.00     2  listener
12:09:58 PM  1000     33970    1.00    1.00    0.00    0.00    2.00     0  listener
12:09:58 PM  1000     33972    1.00    1.00    0.00    0.00    2.00     4  listener
12:09:58 PM  1000     33974    1.00    1.00    0.00    0.00    2.00    16  listener
12:09:58 PM  1000     34012    1.00    1.00    0.00    0.00    2.00    19  listener
12:09:58 PM  1000     34041    1.00    1.00    0.00    0.00    2.00     6  listener
12:09:58 PM  1000     34070    0.00    0.00    0.00    0.00    0.00    17  listener
12:09:58 PM  1000     34081    1.00    0.00    0.00    0.00    1.00     8  listener
12:09:58 PM  1000     34092    1.00    0.00    0.00    0.00    1.00    18  listener
12:09:58 PM  1000     34094    0.00    1.00    0.00    0.00    1.00    16  listener
12:09:58 PM  1000     34096    1.00    1.00    0.00    0.00    2.00     3  listener
12:09:58 PM  1000     34098    1.00    0.00    0.00    0.00    1.00     3  listener
12:09:58 PM  1000     34100    1.00    0.00    0.00    0.00    1.00    10  listener
12:09:58 PM  1000     34129    1.00    1.00    0.00    0.00    2.00     0  listener
12:09:58 PM  1000     34184    0.00    1.00    0.00    0.00    1.00     1  listener
12:09:58 PM  1000     34241    1.00    1.00    0.00    0.00    2.00    19  listener
12:09:58 PM  1000     34261    1.00    1.00    0.00    0.00    2.00    12  listener
12:09:58 PM  1000     34281    1.00    0.00    0.00    0.00    1.00    17  listener
12:09:58 PM  1000     34318    1.00    0.00    0.00    0.00    1.00    13  listener
12:09:58 PM  1000     34348    0.00    1.00    0.00    0.00    1.00    10  listener
12:09:58 PM  1000     34377    1.00    1.00    0.00    0.00    2.00    13  listener
12:09:58 PM  1000     34389    0.00    1.00    0.00    0.00    1.00    16  listener
12:09:58 PM  1000     34402    0.00    0.00    0.00    0.00    0.00     8  listener
12:09:58 PM  1000     34440    1.00    1.00    0.00    0.00    2.00    10  listener
12:09:58 PM  1000     34469    1.00    0.00    0.00    0.00    1.00     2  listener
12:09:58 PM  1000     34480    1.00    1.00    0.00    0.00    2.00     6  listener
12:09:58 PM  1000     34491    0.00    1.00    0.00    0.00    1.00    11  listener
12:09:58 PM  1000     34504    1.00    1.00    0.00    0.00    2.00     1  listener
12:09:58 PM  1000     34541    1.00    1.00    0.00    0.00    2.00    16  listener
12:09:58 PM  1000     34588    1.00    0.00    0.00    0.00    1.00    19  listener
12:09:58 PM  1000     34590    1.00    1.00    0.00    0.00    2.00     4  listener
12:09:58 PM  1000     34603    0.00    0.00    0.00    0.00    0.00    12  listener
12:09:58 PM  1000     34623    1.00    0.00    0.00    0.00    1.00    16  listener
12:09:58 PM  1000     34642    1.00    0.00    0.00    0.00    1.00    14  listener
12:09:58 PM  1000     34645    0.00    0.00    0.00    0.00    0.00    17  listener
12:09:58 PM  1000     34684    1.00    0.00    0.00    0.00    1.00    14  listener
12:09:58 PM  1000     34712    0.00    1.00    0.00    0.00    1.00     2  listener
12:09:58 PM  1000     34721    0.00    1.00    0.00    0.00    1.00    11  listener
12:09:58 PM  1000     34784    0.00    1.00    0.00    0.00    1.00    14  listener
12:09:58 PM  1000     34790    0.00    0.00    0.00    0.00    0.00    17  listener
12:09:58 PM  1000     34800    0.00    1.00    0.00    0.00    1.00     3  listener
12:09:58 PM  1000     34803    1.00    0.00    0.00    0.00    1.00    15  listener
12:09:58 PM  1000     34805    1.00    0.00    0.00    0.00    1.00    13  listener
12:09:58 PM  1000     34816    0.00    1.00    0.00    0.00    1.00    16  listener
12:09:58 PM  1000     34855    2.00    0.00    0.00    0.00    2.00    18  listener
12:09:58 PM  1000     34874    0.00    1.00    0.00    0.00    1.00     1  listener
12:09:58 PM  1000     34876    0.00    0.00    0.00    0.00    0.00    10  listener
12:09:58 PM  1000     34932    0.00    0.00    0.00    0.00    0.00    18  listener
12:09:58 PM  1000     34934    1.00    0.00    0.00    0.00    1.00    12  listener
12:09:58 PM  1000     34936    1.00    1.00    0.00    0.00    2.00     3  listener
12:09:58 PM  1000     34939    0.00    1.00    0.00    0.00    1.00    15  listener
12:09:58 PM  1000     34962    1.00    1.00    0.00    0.00    2.00     0  listener
12:09:58 PM  1000     34965    0.00    0.00    0.00    0.00    0.00    17  listener
12:09:58 PM  1000     35034    1.00    0.00    0.00    0.00    1.00    13  listener
12:09:58 PM  1000     35036    1.00    1.00    0.00    0.00    2.00     1  listener
12:09:58 PM  1000     35047    1.00    0.00    0.00    0.00    1.00    16  listener
12:09:58 PM  1000     35068    1.00    1.00    0.00    0.00    2.00    18  listener
12:09:58 PM  1000     35114    0.00    0.00    0.00    0.00    0.00    13  listener
12:09:58 PM  1000     35117    1.00    1.00    0.00    0.00    2.00     8  listener
12:09:58 PM  1000     35128    1.00    0.00    0.00    0.00    1.00    16  listener
12:09:58 PM  1000     35164    1.00    0.00    0.00    0.00    1.00    14  listener
12:09:58 PM  1000     35230    0.00    0.00    0.00    0.00    0.00     8  listener
12:09:58 PM  1000     35232    1.00    1.00    0.00    0.00    2.00     1  listener
12:09:58 PM  1000     35234    0.00    0.00    0.00    0.00    0.00    12  listener
12:09:58 PM  1000     35246    1.00    1.00    0.00    0.00    2.00    14  listener
12:09:58 PM  1000     35275    1.00    0.00    0.00    0.00    1.00    11  listener
12:09:58 PM  1000     35281    1.00    0.00    0.00    0.00    1.00     4  listener
12:09:58 PM  1000     35296    0.00    1.00    0.00    0.00    1.00     4  listener
12:09:58 PM  1000     35307    1.00    1.00    0.00    0.00    2.00    10  listener
12:09:58 PM  1000     35327    1.00    0.00    0.00    0.00    1.00    19  listener
12:09:58 PM  1000     35347    1.00    0.00    0.00    0.00    1.00    14  listener
12:09:58 PM  1000     35358    1.00    0.00    0.00    0.00    1.00     8  listener
12:09:58 PM  1000     35369    1.00    0.00    0.00    0.00    1.00    18  listener
12:09:58 PM  1000     35389    1.00    0.00    0.00    0.00    1.00    16  listener
12:09:58 PM  1000     35409    0.00    1.00    0.00    0.00    1.00    10  listener
12:09:58 PM  1000     35428    0.00    1.00    0.00    0.00    1.00    14  listener
12:09:58 PM  1000     35432    0.00    1.00    0.00    0.00    1.00     7  listener
12:09:58 PM  1000     35434    1.00    0.00    0.00    0.00    1.00     8  listener
12:09:58 PM  1000     35445    0.00    1.00    0.00    0.00    1.00     1  listener
12:09:58 PM  1000     35467    1.00    0.00    0.00    0.00    1.00    11  listener
12:09:58 PM  1000     35487    0.00    0.00    0.00    0.00    0.00     1  listener
12:09:58 PM  1000     35524    1.00    0.00    0.00    0.00    1.00    14  listener
12:09:58 PM  1000     35544    0.00    1.00    0.00    0.00    1.00    14  listener
12:09:58 PM  1000     35546    0.00    1.00    0.00    0.00    1.00     3  listener
12:09:58 PM  1000     35558    1.00    1.00    0.00    0.00    2.00    15  listener
12:09:58 PM  1000     35578    1.00    1.00    0.00    0.00    2.00    18  listener
12:09:58 PM  1000     35598    1.00    0.00    0.00    0.00    1.00     8  listener
12:09:58 PM  1000     35629    0.00    0.00    0.00    0.00    0.00     6  listener
12:09:58 PM  1000     35641    1.00    1.00    0.00    0.00    2.00     6  listener
12:09:58 PM  1000     35651    1.00    1.00    0.00    0.00    2.00     1  listener
12:09:58 PM  1000     35673    1.00    1.00    0.00    0.00    2.00    15  listener
12:09:58 PM  1000     35701    0.00    1.00    0.00    0.00    1.00    10  listener
12:09:58 PM  1000     35703    0.00    1.00    0.00    0.00    1.00     9  listener
12:09:58 PM  1000     35723    0.00    0.00    0.00    0.00    0.00    17  listener
12:09:58 PM  1000     35734    0.00    1.00    0.00    0.00    1.00    13  listener
12:09:58 PM  1000     35745    1.00    1.00    0.00    0.00    2.00    10  listener
12:09:58 PM  1000     35764    1.00    1.00    0.00    0.00    2.00    15  listener
12:09:58 PM  1000     35777    0.00    0.00    0.00    0.00    0.00    10  listener
12:09:58 PM  1000     35787    0.00    0.00    0.00    0.00    0.00     9  listener
12:09:58 PM  1000     35825    1.00    0.00    0.00    0.00    1.00    12  listener
12:09:58 PM  1000     35827    1.00    1.00    0.00    0.00    2.00     4  listener
12:09:58 PM  1000     35829    1.00    0.00    0.00    0.00    1.00     2  listener
12:09:58 PM  1000     35858    1.00    0.00    0.00    0.00    1.00     6  listener
12:09:58 PM  1000     35905    1.00    0.00    0.00    0.00    1.00     0  listener
12:09:58 PM  1000     35916    0.00    1.00    0.00    0.00    1.00    13  listener
12:09:58 PM  1000     35918    0.00    1.00    0.00    0.00    1.00     2  listener
12:09:58 PM  1000     35956    0.00    0.00    0.00    0.00    0.00    16  listener
12:09:58 PM  1000     36003    1.00    0.00    0.00    0.00    1.00    12  listener

12:09:58 PM   UID       PID    %usr %system  %guest   %wait    %CPU   CPU  Command
12:09:59 PM  1000     33667    1.00    0.00    0.00    0.00    1.00    19  listener
12:09:59 PM  1000     33669    1.00    0.00    0.00    0.00    1.00     2  listener
12:09:59 PM  1000     33671    1.00    1.00    0.00    0.00    2.00     0  listener
12:09:59 PM  1000     33673    0.00    0.00    0.00    0.00    0.00    13  listener
12:09:59 PM  1000     33675    0.00    1.00    0.00    0.00    1.00     3  listener
12:09:59 PM  1000     33677    1.00    1.00    0.00    0.00    2.00     9  listener
12:09:59 PM  1000     33679    1.00    0.00    0.00    0.00    1.00     5  listener
12:09:59 PM  1000     33681    1.00    0.00    0.00    0.00    1.00     4  listener
12:09:59 PM  1000     33683    1.00    1.00    0.00    0.00    2.00     8  listener
12:09:59 PM  1000     33685    0.00    0.00    0.00    0.00    0.00    13  listener
12:09:59 PM  1000     33687    1.00    0.00    0.00    0.00    1.00    16  listener
12:09:59 PM  1000     33689    0.00    0.00    0.00    0.00    0.00     6  listener
12:09:59 PM  1000     33692    0.00    0.00    0.00    0.00    0.00     5  listener
12:09:59 PM  1000     33702    1.00    0.00    0.00    0.00    1.00     1  listener
12:09:59 PM  1000     33704    1.00    1.00    0.00    0.00    2.00     5  listener
12:09:59 PM  1000     33706    0.00    1.00    0.00    0.00    1.00    16  listener
12:09:59 PM  1000     33711    1.00    0.00    0.00    0.00    1.00     2  listener
12:09:59 PM  1000     33797    0.00    1.00    0.00    0.00    1.00    16  listener
12:09:59 PM  1000     33882    0.00    0.00    0.00    0.00    0.00    17  listener
12:09:59 PM  1000     33885    1.00    0.00    0.00    0.00    1.00    13  listener
12:09:59 PM  1000     33903    0.00    0.00    0.00    0.00    0.00    17  listener
12:09:59 PM  1000     33970    1.00    0.00    0.00    0.00    1.00     3  listener
12:09:59 PM  1000     33972    1.00    0.00    0.00    0.00    1.00    12  listener
12:09:59 PM  1000     33974    1.00    0.00    0.00    0.00    1.00    19  listener
12:09:59 PM  1000     34012    1.00    0.00    0.00    0.00    1.00    16  listener
12:09:59 PM  1000     34041    0.00    1.00    0.00    0.00    1.00    19  listener
12:09:59 PM  1000     34070    1.00    1.00    0.00    0.00    2.00     0  listener
12:09:59 PM  1000     34081    1.00    0.00    0.00    0.00    1.00    12  listener
12:09:59 PM  1000     34092    0.00    1.00    0.00    0.00    1.00    18  listener
12:09:59 PM  1000     34094    1.00    1.00    0.00    0.00    2.00    12  listener
12:09:59 PM  1000     34096    0.00    0.00    0.00    0.00    0.00     3  listener
12:09:59 PM  1000     34098    1.00    1.00    0.00    0.00    2.00    17  listener
12:09:59 PM  1000     34100    1.00    1.00    0.00    0.00    2.00     2  listener
12:09:59 PM  1000     34129    0.00    1.00    0.00    0.00    1.00    18  listener
12:09:59 PM  1000     34184    1.00    0.00    0.00    0.00    1.00     0  listener
12:09:59 PM  1000     34241    0.00    1.00    0.00    0.00    1.00     0  listener
12:09:59 PM  1000     34261    0.00    1.00    0.00    1.00    1.00     5  listener
12:09:59 PM  1000     34281    1.00    1.00    0.00    0.00    2.00    15  listener
12:09:59 PM  1000     34318    1.00    1.00    0.00    0.00    2.00     1  listener
12:09:59 PM  1000     34348    1.00    0.00    0.00    0.00    1.00     1  listener
12:09:59 PM  1000     34377    0.00    0.00    0.00    0.00    0.00    18  listener
12:09:59 PM  1000     34389    1.00    0.00    0.00    0.00    1.00     6  listener
12:09:59 PM  1000     34402    1.00    1.00    0.00    0.00    2.00     1  listener
12:09:59 PM  1000     34440    0.00    1.00    0.00    0.00    1.00     0  listener
12:09:59 PM  1000     34469    0.00    1.00    0.00    0.00    1.00     2  listener
12:09:59 PM  1000     34480    0.00    0.00    0.00    0.00    0.00    14  listener
12:09:59 PM  1000     34491    1.00    0.00    0.00    0.00    1.00    10  listener
12:09:59 PM  1000     34504    1.00    0.00    0.00    0.00    1.00    18  listener
12:09:59 PM  1000     34541    0.00    0.00    0.00    0.00    0.00    17  listener
12:09:59 PM  1000     34588    0.00    1.00    0.00    0.00    1.00     1  listener
12:09:59 PM  1000     34590    0.00    0.00    0.00    0.00    0.00     1  listener
12:09:59 PM  1000     34603    1.00    1.00    0.00    0.00    2.00    17  listener
12:09:59 PM  1000     34623    1.00    0.00    0.00    0.00    1.00    18  listener
12:09:59 PM  1000     34642    0.00    0.00    0.00    0.00    0.00     0  listener
12:09:59 PM  1000     34645    1.00    1.00    0.00    0.00    2.00     2  listener
12:09:59 PM  1000     34684    1.00    0.00    0.00    0.00    1.00    14  listener
12:09:59 PM  1000     34712    0.00    1.00    0.00    0.00    1.00     6  listener
12:09:59 PM  1000     34721    0.00    1.00    0.00    0.00    1.00     8  listener
12:09:59 PM  1000     34784    1.00    0.00    0.00    0.00    1.00     0  listener
12:09:59 PM  1000     34790    1.00    1.00    0.00    0.00    2.00     0  listener
12:09:59 PM  1000     34800    0.00    0.00    0.00    0.00    0.00    18  listener
12:09:59 PM  1000     34803    1.00    1.00    0.00    0.00    2.00     5  listener
12:09:59 PM  1000     34805    1.00    1.00    0.00    0.00    2.00     2  listener
12:09:59 PM  1000     34816    1.00    0.00    0.00    0.00    1.00     8  listener
12:09:59 PM  1000     34855    0.00    1.00    0.00    0.00    1.00     4  listener
12:09:59 PM  1000     34874    0.00    1.00    0.00    0.00    1.00     2  listener
12:09:59 PM  1000     34876    1.00    1.00    0.00    0.00    2.00     1  listener
12:09:59 PM  1000     34932    1.00    1.00    0.00    0.00    2.00    18  listener
12:09:59 PM  1000     34934    0.00    1.00    0.00    0.00    1.00    12  listener
12:09:59 PM  1000     34936    1.00    0.00    0.00    0.00    1.00    14  listener
12:09:59 PM  1000     34939    1.00    0.00    0.00    0.00    1.00     8  listener
12:09:59 PM  1000     34962    1.00    1.00    0.00    0.00    2.00     3  listener
12:09:59 PM  1000     34965    1.00    1.00    0.00    0.00    2.00     6  listener
12:09:59 PM  1000     35034    0.00    1.00    0.00    0.00    1.00    13  listener
12:09:59 PM  1000     35036    0.00    0.00    0.00    0.00    0.00     1  listener
12:09:59 PM  1000     35047    1.00    0.00    0.00    0.00    1.00    18  listener
12:09:59 PM  1000     35068    0.00    1.00    0.00    0.00    1.00     1  listener
12:09:59 PM  1000     35114    1.00    0.00    0.00    0.00    1.00     8  listener
12:09:59 PM  1000     35117    1.00    0.00    0.00    0.00    1.00    12  listener
12:09:59 PM  1000     35128    1.00    1.00    0.00    0.00    2.00     4  listener
12:09:59 PM  1000     35164    1.00    0.00    0.00    0.00    1.00    13  listener
12:09:59 PM  1000     35230    0.00    1.00    0.00    0.00    1.00     8  listener
12:09:59 PM  1000     35232    0.00    0.00    0.00    0.00    0.00    15  listener
12:09:59 PM  1000     35234    1.00    1.00    0.00    0.00    2.00    12  listener
12:09:59 PM  1000     35246    0.00    0.00    0.00    0.00    0.00     0  listener
12:09:59 PM  1000     35275    1.00    1.00    0.00    0.00    2.00     1  listener
12:09:59 PM  1000     35281    1.00    1.00    0.00    0.00    2.00     6  listener
12:09:59 PM  1000     35296    1.00    1.00    0.00    0.00    2.00    18  listener
12:09:59 PM  1000     35307    1.00    0.00    0.00    0.00    1.00     1  listener
12:09:59 PM  1000     35327    0.00    1.00    0.00    0.00    1.00    12  listener
12:09:59 PM  1000     35347    1.00    0.00    0.00    0.00    1.00    11  listener
12:09:59 PM  1000     35358    0.00    1.00    0.00    0.00    1.00    12  listener
12:09:59 PM  1000     35369    1.00    0.00    0.00    0.00    1.00    18  listener
12:09:59 PM  1000     35389    0.00    1.00    0.00    0.00    1.00    11  listener
12:09:59 PM  1000     35409    1.00    0.00    0.00    0.00    1.00    14  listener
12:09:59 PM  1000     35428    1.00    0.00    0.00    0.00    1.00     4  listener
12:09:59 PM  1000     35432    1.00    1.00    0.00    0.00    2.00     3  listener
12:09:59 PM  1000     35434    0.00    1.00    0.00    0.00    1.00     9  listener
12:09:59 PM  1000     35445    1.00    0.00    0.00    0.00    1.00    10  listener
12:09:59 PM  1000     35467    1.00    1.00    0.00    0.00    2.00    19  listener
12:09:59 PM  1000     35487    1.00    0.00    0.00    0.00    1.00    12  listener
12:09:59 PM  1000     35524    0.00    1.00    0.00    0.00    1.00    19  listener
12:09:59 PM  1000     35544    1.00    0.00    0.00    0.00    1.00    17  listener
12:09:59 PM  1000     35546    1.00    1.00    0.00    0.00    2.00    14  listener
12:09:59 PM  1000     35558    0.00    1.00    0.00    0.00    1.00    14  listener
12:09:59 PM  1000     35578    1.00    0.00    0.00    0.00    1.00     3  listener
12:09:59 PM  1000     35598    1.00    1.00    0.00    0.00    2.00    11  listener
12:09:59 PM  1000     35629    1.00    1.00    0.00    0.00    2.00     5  listener
12:09:59 PM  1000     35641    0.00    1.00    0.00    0.00    1.00    17  listener
12:09:59 PM  1000     35651    0.00    0.00    0.00    0.00    0.00    15  listener
12:09:59 PM  1000     35673    1.00    0.00    0.00    0.00    1.00     1  listener
12:09:59 PM  1000     35701    1.00    0.00    0.00    0.00    1.00    15  listener
12:09:59 PM  1000     35703    1.00    0.00    0.00    0.00    1.00    10  listener
12:09:59 PM  1000     35723    1.00    0.00    0.00    0.00    1.00     1  listener
12:09:59 PM  1000     35734    1.00    0.00    0.00    0.00    1.00     8  listener
12:09:59 PM  1000     35745    1.00    0.00    0.00    0.00    1.00     6  listener
12:09:59 PM  1000     35764    0.00    0.00    0.00    0.00    0.00     3  listener
12:09:59 PM  1000     35777    1.00    1.00    0.00    0.00    2.00     8  listener
12:09:59 PM  1000     35787    1.00    0.00    0.00    0.00    1.00    10  listener
12:09:59 PM  1000     35825    1.00    1.00    0.00    0.00    2.00     2  listener
12:09:59 PM  1000     35827    0.00    1.00    0.00    0.00    1.00     9  listener
12:09:59 PM  1000     35829    1.00    0.00    0.00    0.00    1.00     6  listener
12:09:59 PM  1000     35858    1.00    1.00    0.00    0.00    2.00    16  listener
12:09:59 PM  1000     35905    0.00    1.00    0.00    0.00    1.00    16  listener
12:09:59 PM  1000     35916    1.00    0.00    0.00    0.00    1.00    11  listener
12:09:59 PM  1000     35918    1.00    1.00    0.00    0.00    2.00    18  listener
12:09:59 PM  1000     35956    1.00    1.00    0.00    0.00    2.00    17  listener
12:09:59 PM  1000     36003    1.00    1.00    0.00    0.00    2.00    13  listener

12:09:59 PM   UID       PID    %usr %system  %guest   %wait    %CPU   CPU  Command
12:10:00 PM  1000     33667    1.00    1.00    0.00    0.00    2.00     8  listener
12:10:00 PM  1000     33669    0.00    1.00    0.00    0.00    1.00    18  listener
12:10:00 PM  1000     33671    0.00    0.00    0.00    0.00    0.00     8  listener
12:10:00 PM  1000     33673    1.00    1.00    0.00    0.00    2.00    13  listener
12:10:00 PM  1000     33675    0.00    1.00    0.00    0.00    1.00     0  listener
12:10:00 PM  1000     33677    0.00    1.00    0.00    0.00    1.00     1  listener
12:10:00 PM  1000     33679    0.00    1.00    0.00    0.00    1.00    17  listener
12:10:00 PM  1000     33681    0.00    0.00    0.00    0.00    0.00     4  listener
12:10:00 PM  1000     33683    1.00    0.00    0.00    0.00    1.00     6  listener
12:10:00 PM  1000     33685    2.00    0.00    0.00    0.00    2.00     3  listener
12:10:00 PM  1000     33687    0.00    1.00    0.00    1.00    1.00    12  listener
12:10:00 PM  1000     33689    1.00    1.00    0.00    0.00    2.00    18  listener
12:10:00 PM  1000     33692    0.00    1.00    0.00    0.00    1.00    18  listener
12:10:00 PM  1000     33702    0.00    0.00    0.00    0.00    0.00    14  listener
12:10:00 PM  1000     33704    0.00    0.00    0.00    0.00    0.00    12  listener
12:10:00 PM  1000     33706    1.00    0.00    0.00    0.00    1.00    15  listener
12:10:00 PM  1000     33711    0.00    1.00    0.00    0.00    1.00     1  listener
12:10:00 PM  1000     33797    0.00    1.00    0.00    1.00    1.00     6  listener
12:10:00 PM  1000     33882    1.00    1.00    0.00    0.00    2.00     2  listener
12:10:00 PM  1000     33885    1.00    1.00    0.00    0.00    2.00    10  listener
12:10:00 PM  1000     33903    1.00    1.00    0.00    0.00    2.00     5  listener
12:10:00 PM  1000     33970    0.00    1.00    0.00    0.00    1.00    16  listener
12:10:00 PM  1000     33972    0.00    0.00    0.00    0.00    0.00    15  listener
12:10:00 PM  1000     33974    1.00    1.00    0.00    0.00    2.00     5  listener
12:10:00 PM  1000     34012    0.00    1.00    0.00    0.00    1.00    12  listener
12:10:00 PM  1000     34041    0.00    1.00    0.00    0.00    1.00     9  listener
12:10:00 PM  1000     34070    1.00    0.00    0.00    0.00    1.00     6  listener
12:10:00 PM  1000     34081    0.00    1.00    0.00    0.00    1.00    16  listener
12:10:00 PM  1000     34092    2.00    0.00    0.00    0.00    2.00    10  listener
12:10:00 PM  1000     34094    1.00    1.00    0.00    0.00    2.00     8  listener
12:10:00 PM  1000     34096    1.00    0.00    0.00    0.00    1.00    15  listener
12:10:00 PM  1000     34098    0.00    1.00    0.00    0.00    1.00    19  listener
12:10:00 PM  1000     34100    0.00    1.00    0.00    0.00    1.00    13  listener
12:10:00 PM  1000     34129    1.00    0.00    0.00    0.00    1.00    18  listener
12:10:00 PM  1000     34184    1.00    1.00    0.00    0.00    2.00    14  listener
12:10:00 PM  1000     34241    1.00    0.00    0.00    0.00    1.00    14  listener
12:10:00 PM  1000     34261    0.00    1.00    0.00    0.00    1.00     1  listener
12:10:00 PM  1000     34281    0.00    1.00    0.00    0.00    1.00    13  listener
12:10:00 PM  1000     34318    0.00    0.00    0.00    0.00    0.00    16  listener
12:10:00 PM  1000     34348    0.00    1.00    0.00    0.00    1.00     5  listener
12:10:00 PM  1000     34377    1.00    0.00    0.00    0.00    1.00     0  listener
12:10:00 PM  1000     34389    1.00    1.00    0.00    0.00    2.00     1  listener
12:10:00 PM  1000     34402    1.00    0.00    0.00    0.00    1.00     1  listener
12:10:00 PM  1000     34440    1.00    0.00    0.00    0.00    1.00     7  listener
12:10:00 PM  1000     34469    1.00    0.00    0.00    0.00    1.00     2  listener
12:10:00 PM  1000     34480    1.00    1.00    0.00    0.00    2.00    12  listener
12:10:00 PM  1000     34491    1.00    1.00    0.00    0.00    2.00     7  listener
12:10:00 PM  1000     34504    0.00    1.00    0.00    0.00    1.00    12  listener
12:10:00 PM  1000     34541    1.00    0.00    0.00    0.00    1.00    16  listener
12:10:00 PM  1000     34588    0.00    2.00    0.00    0.00    2.00     3  listener
12:10:00 PM  1000     34590    1.00    1.00    0.00    0.00    2.00    15  listener
12:10:00 PM  1000     34603    0.00    0.00    0.00    0.00    0.00     1  listener
12:10:00 PM  1000     34623    0.00    1.00    0.00    0.00    1.00    18  listener
12:10:00 PM  1000     34642    1.00    1.00    0.00    0.00    2.00    15  listener
12:10:00 PM  1000     34645    1.00    0.00    0.00    0.00    1.00    16  listener
12:10:00 PM  1000     34684    0.00    1.00    0.00    0.00    1.00    15  listener
12:10:00 PM  1000     34712    0.00    1.00    0.00    0.00    1.00    14  listener
12:10:00 PM  1000     34721    0.00    1.00    0.00    0.00    1.00     9  listener
12:10:00 PM  1000     34784    0.00    1.00    0.00    0.00    1.00     0  listener
12:10:00 PM  1000     34790    1.00    1.00    0.00    0.00    2.00     5  listener
12:10:00 PM  1000     34800    1.00    1.00    0.00    0.00    2.00     8  listener
12:10:00 PM  1000     34803    0.00    1.00    0.00    0.00    1.00     9  listener
12:10:00 PM  1000     34805    0.00    0.00    0.00    0.00    0.00     1  listener
12:10:00 PM  1000     34816    0.00    1.00    0.00    0.00    1.00    11  listener
12:10:00 PM  1000     34855    0.00    1.00    0.00    0.00    1.00     0  listener
12:10:00 PM  1000     34874    0.00    1.00    0.00    0.00    1.00     5  listener
12:10:00 PM  1000     34876    1.00    1.00    0.00    0.00    2.00    18  listener
12:10:00 PM  1000     34932    1.00    0.00    0.00    0.00    1.00    12  listener
12:10:00 PM  1000     34934    0.00    1.00    0.00    0.00    1.00    10  listener
12:10:00 PM  1000     34936    1.00    0.00    0.00    0.00    1.00    12  listener
12:10:00 PM  1000     34939    0.00    1.00    0.00    0.00    1.00    16  listener
12:10:00 PM  1000     34962    1.00    0.00    0.00    0.00    1.00     5  listener
12:10:00 PM  1000     34965    1.00    1.00    0.00    0.00    2.00     0  listener
12:10:00 PM  1000     35034    0.00    1.00    0.00    0.00    1.00     3  listener
12:10:00 PM  1000     35036    1.00    0.00    0.00    0.00    1.00    10  listener
12:10:00 PM  1000     35047    0.00    1.00    0.00    0.00    1.00     1  listener
12:10:00 PM  1000     35068    1.00    0.00    0.00    0.00    1.00    15  listener
12:10:00 PM  1000     35114    1.00    1.00    0.00    0.00    2.00     6  listener
12:10:00 PM  1000     35117    1.00    0.00    0.00    0.00    1.00    13  listener
12:10:00 PM  1000     35128    0.00    0.00    0.00    0.00    0.00     8  listener
12:10:00 PM  1000     35164    0.00    1.00    0.00    0.00    1.00     0  listener
12:10:00 PM  1000     35230    0.00    2.00    0.00    0.00    2.00    10  listener
12:10:00 PM  1000     35232    1.00    1.00    0.00    0.00    2.00    11  listener
12:10:00 PM  1000     35234    1.00    0.00    0.00    0.00    1.00     2  listener
12:10:00 PM  1000     35246    0.00    2.00    0.00    0.00    2.00    10  listener
12:10:00 PM  1000     35275    0.00    0.00    0.00    0.00    0.00    14  listener
12:10:00 PM  1000     35281    1.00    0.00    0.00    0.00    1.00     4  listener
12:10:00 PM  1000     35296    1.00    0.00    0.00    0.00    1.00     0  listener
12:10:00 PM  1000     35307    1.00    0.00    0.00    1.00    1.00    17  listener
12:10:00 PM  1000     35327    0.00    1.00    0.00    0.00    1.00    15  listener
12:10:00 PM  1000     35347    0.00    1.00    0.00    0.00    1.00    13  listener
12:10:00 PM  1000     35358    1.00    1.00    0.00    0.00    2.00     8  listener
12:10:00 PM  1000     35369    0.00    1.00    0.00    0.00    1.00    16  listener
12:10:00 PM  1000     35389    2.00    0.00    0.00    0.00    2.00     5  listener
12:10:00 PM  1000     35409    1.00    1.00    0.00    0.00    2.00    17  listener
12:10:00 PM  1000     35428    0.00    1.00    0.00    0.00    1.00    13  listener
12:10:00 PM  1000     35432    0.00    0.00    0.00    0.00    0.00     8  listener
12:10:00 PM  1000     35434    0.00    1.00    0.00    0.00    1.00     7  listener
12:10:00 PM  1000     35445    1.00    1.00    0.00    0.00    2.00    15  listener
12:10:00 PM  1000     35467    0.00    1.00    0.00    0.00    1.00    10  listener
12:10:00 PM  1000     35487    0.00    2.00    0.00    0.00    2.00     8  listener
12:10:00 PM  1000     35524    1.00    0.00    0.00    1.00    1.00     9  listener
12:10:00 PM  1000     35544    1.00    0.00    0.00    0.00    1.00    19  listener
12:10:00 PM  1000     35546    0.00    0.00    0.00    0.00    0.00    19  listener
12:10:00 PM  1000     35558    1.00    0.00    0.00    0.00    1.00    14  listener
12:10:00 PM  1000     35578    1.00    0.00    0.00    0.00    1.00    17  listener
12:10:00 PM  1000     35598    0.00    1.00    0.00    0.00    1.00     5  listener
12:10:00 PM  1000     35629    1.00    0.00    0.00    0.00    1.00     3  listener
12:10:00 PM  1000     35641    0.00    1.00    0.00    0.00    1.00    13  listener
12:10:00 PM  1000     35651    1.00    2.00    0.00    0.00    3.00     6  listener
12:10:00 PM  1000     35673    0.00    1.00    0.00    0.00    1.00    10  listener
12:10:00 PM  1000     35701    1.00    0.00    0.00    0.00    1.00     5  listener
12:10:00 PM  1000     35703    1.00    1.00    0.00    0.00    2.00     9  listener
12:10:00 PM  1000     35723    0.00    2.00    0.00    0.00    2.00    10  listener
12:10:00 PM  1000     35734    1.00    1.00    0.00    0.00    2.00     9  listener
12:10:00 PM  1000     35745    0.00    1.00    0.00    0.00    1.00     6  listener
12:10:00 PM  1000     35764    1.00    1.00    0.00    0.00    2.00    13  listener
12:10:00 PM  1000     35777    0.00    1.00    0.00    0.00    1.00    17  listener
12:10:00 PM  1000     35787    1.00    1.00    0.00    0.00    2.00    15  listener
12:10:00 PM  1000     35825    1.00    0.00    0.00    0.00    1.00    10  listener
12:10:00 PM  1000     35827    1.00    0.00    0.00    0.00    1.00    14  listener
12:10:00 PM  1000     35829    0.00    2.00    0.00    0.00    2.00     4  listener
12:10:00 PM  1000     35858    0.00    1.00    0.00    0.00    1.00    12  listener
12:10:00 PM  1000     35905    1.00    0.00    0.00    0.00    1.00     0  listener
12:10:00 PM  1000     35916    1.00    0.00    0.00    0.00    1.00     4  listener
12:10:00 PM  1000     35918    0.00    1.00    0.00    0.00    1.00    14  listener
12:10:00 PM  1000     35956    1.00    1.00    0.00    0.00    2.00    18  listener
12:10:00 PM  1000     36003    1.00    0.00    0.00    0.00    1.00    12  listener

12:10:00 PM   UID       PID    %usr %system  %guest   %wait    %CPU   CPU  Command
12:10:01 PM  1000     33667    1.00    0.00    0.00    0.00    1.00    16  listener
12:10:01 PM  1000     33669    0.00    1.00    0.00    0.00    1.00     0  listener
12:10:01 PM  1000     33671    1.00    0.00    0.00    0.00    1.00     3  listener
12:10:01 PM  1000     33673    0.00    0.00    0.00    0.00    0.00    17  listener
12:10:01 PM  1000     33675    0.00    1.00    0.00    0.00    1.00    12  listener
12:10:01 PM  1000     33677    1.00    0.00    0.00    0.00    1.00    19  listener
12:10:01 PM  1000     33679    1.00    0.00    0.00    0.00    1.00     2  listener
12:10:01 PM  1000     33681    1.00    1.00    0.00    0.00    2.00     7  listener
12:10:01 PM  1000     33683    0.00    0.00    0.00    0.00    0.00     1  listener
12:10:01 PM  1000     33685    0.00    1.00    0.00    0.00    1.00     6  listener
12:10:01 PM  1000     33687    1.00    0.00    0.00    0.00    1.00    10  listener
12:10:01 PM  1000     33689    0.00    1.00    0.00    0.00    1.00    15  listener
12:10:01 PM  1000     33692    0.00    1.00    0.00    0.00    1.00    14  listener
12:10:01 PM  1000     33702    1.00    1.00    0.00    0.00    2.00    16  listener
12:10:01 PM  1000     33704    1.00    1.00    0.00    0.00    2.00     7  listener
12:10:01 PM  1000     33706    0.00    1.00    0.00    0.00    1.00     6  listener
12:10:01 PM  1000     33711    0.00    1.00    0.00    0.00    1.00    12  listener
12:10:01 PM  1000     33797    0.00    1.00    0.00    0.00    1.00     0  listener
12:10:01 PM  1000     33882    0.00    0.00    0.00    0.00    0.00    16  listener
12:10:01 PM  1000     33885    0.00    0.00    0.00    0.00    0.00     9  listener
12:10:01 PM  1000     33903    0.00    0.00    0.00    0.00    0.00    13  listener
12:10:01 PM  1000     33970    1.00    0.00    0.00    0.00    1.00     8  listener
12:10:01 PM  1000     33972    1.00    1.00    0.00    0.00    2.00     3  listener
12:10:01 PM  1000     33974    0.00    0.00    0.00    0.00    0.00     0  listener
12:10:01 PM  1000     34012    1.00    0.00    0.00    0.00    1.00     8  listener
12:10:01 PM  1000     34041    0.00    1.00    0.00    0.00    1.00    15  listener
12:10:01 PM  1000     34070    1.00    0.00    0.00    0.00    1.00    11  listener
12:10:01 PM  1000     34081    1.00    1.00    0.00    0.00    2.00     9  listener
12:10:01 PM  1000     34092    0.00    0.00    0.00    0.00    0.00    18  listener
12:10:01 PM  1000     34094    0.00    0.00    0.00    0.00    0.00    11  listener
12:10:01 PM  1000     34096    1.00    1.00    0.00    0.00    2.00     5  listener
12:10:01 PM  1000     34098    0.00    0.00    0.00    0.00    0.00    13  listener
12:10:01 PM  1000     34100    1.00    0.00    0.00    0.00    1.00    11  listener
12:10:01 PM  1000     34129    0.00    1.00    0.00    0.00    1.00     0  listener
12:10:01 PM  1000     34184    0.00    0.00    0.00    0.00    0.00    16  listener
12:10:01 PM  1000     34241    1.00    1.00    0.00    0.00    2.00    16  listener
12:10:01 PM  1000     34261    1.00    0.00    0.00    0.00    1.00    10  listener
12:10:01 PM  1000     34281    0.00    0.00    0.00    0.00    0.00     7  listener
12:10:01 PM  1000     34318    1.00    1.00    0.00    0.00    2.00     1  listener
12:10:01 PM  1000     34348    1.00    0.00    0.00    0.00    1.00    10  listener
12:10:01 PM  1000     34377    1.00    1.00    0.00    0.00    2.00    13  listener
12:10:01 PM  1000     34389    1.00    0.00    0.00    0.00    1.00     4  listener
12:10:01 PM  1000     34402    0.00    1.00    0.00    0.00    1.00    14  listener
12:10:01 PM  1000     34440    1.00    0.00    0.00    0.00    1.00    14  listener
12:10:01 PM  1000     34469    1.00    0.00    0.00    0.00    1.00     6  listener
12:10:01 PM  1000     34480    1.00    0.00    0.00    0.00    1.00     8  listener
12:10:01 PM  1000     34491    0.00    0.00    0.00    0.00    0.00    18  listener
12:10:01 PM  1000     34504    1.00    0.00    0.00    0.00    1.00     5  listener
12:10:01 PM  1000     34541    1.00    1.00    0.00    0.00    2.00    13  listener
12:10:01 PM  1000     34588    0.00    1.00    0.00    0.00    1.00     8  listener
12:10:01 PM  1000     34590    0.00    0.00    0.00    0.00    0.00    10  listener
12:10:01 PM  1000     34603    1.00    1.00    0.00    0.00    2.00    11  listener
12:10:01 PM  1000     34623    0.00    1.00    0.00    0.00    1.00     6  listener
12:10:01 PM  1000     34642    0.00    1.00    0.00    0.00    1.00     8  listener
12:10:01 PM  1000     34645    0.00    0.00    0.00    0.00    0.00     8  listener
12:10:01 PM  1000     34684    1.00    0.00    0.00    0.00    1.00     0  listener
12:10:01 PM  1000     34712    1.00    0.00    0.00    0.00    1.00     7  listener
12:10:01 PM  1000     34721    0.00    1.00    0.00    0.00    1.00    14  listener
12:10:01 PM  1000     34784    1.00    0.00    0.00    0.00    1.00    12  listener
12:10:01 PM  1000     34790    0.00    0.00    0.00    0.00    0.00    12  listener
12:10:01 PM  1000     34800    0.00    1.00    0.00    0.00    1.00     3  listener
12:10:01 PM  1000     34803    1.00    0.00    0.00    0.00    1.00     2  listener
12:10:01 PM  1000     34805    1.00    1.00    0.00    0.00    2.00     2  listener
12:10:01 PM  1000     34816    1.00    0.00    0.00    0.00    1.00    11  listener
12:10:01 PM  1000     34855    0.00    1.00    0.00    0.00    1.00    14  listener
12:10:01 PM  1000     34874    0.00    1.00    0.00    0.00    1.00     6  listener
12:10:01 PM  1000     34876    0.00    0.00    0.00    0.00    0.00    18  listener
12:10:01 PM  1000     34932    1.00    0.00    0.00    0.00    1.00    17  listener
12:10:01 PM  1000     34934    1.00    0.00    0.00    0.00    1.00    13  listener
12:10:01 PM  1000     34936    1.00    1.00    0.00    0.00    2.00    15  listener
12:10:01 PM  1000     34939    1.00    0.00    0.00    0.00    1.00    16  listener
12:10:01 PM  1000     34962    1.00    0.00    0.00    0.00    1.00    12  listener
12:10:01 PM  1000     34965    0.00    0.00    0.00    0.00    0.00     9  listener
12:10:01 PM  1000     35034    0.00    1.00    0.00    0.00    1.00    17  listener
12:10:01 PM  1000     35036    1.00    0.00    0.00    0.00    1.00    12  listener
12:10:01 PM  1000     35047    1.00    1.00    0.00    0.00    2.00    15  listener
12:10:01 PM  1000     35068    1.00    0.00    0.00    0.00    1.00     6  listener
12:10:01 PM  1000     35114    0.00    0.00    0.00    0.00    0.00    13  listener
12:10:01 PM  1000     35117    0.00    1.00    0.00    0.00    1.00     5  listener
12:10:01 PM  1000     35128    1.00    1.00    0.00    0.00    2.00     6  listener
12:10:01 PM  1000     35164    1.00    1.00    0.00    0.00    2.00    10  listener
12:10:01 PM  1000     35230    0.00    1.00    0.00    0.00    1.00    15  listener
12:10:01 PM  1000     35232    0.00    0.00    0.00    0.00    0.00    19  listener
12:10:01 PM  1000     35234    0.00    1.00    0.00    0.00    1.00    11  listener
12:10:01 PM  1000     35246    0.00    1.00    0.00    0.00    1.00    18  listener
12:10:01 PM  1000     35275    1.00    1.00    0.00    0.00    2.00    13  listener
12:10:01 PM  1000     35281    0.00    0.00    0.00    0.00    0.00     8  listener
12:10:01 PM  1000     35296    0.00    0.00    0.00    0.00    0.00     8  listener
12:10:01 PM  1000     35307    0.00    1.00    0.00    0.00    1.00    14  listener
12:10:01 PM  1000     35327    1.00    0.00    0.00    0.00    1.00    18  listener
12:10:01 PM  1000     35347    1.00    0.00    0.00    0.00    1.00     6  listener
12:10:01 PM  1000     35358    1.00    0.00    0.00    0.00    1.00    15  listener
12:10:01 PM  1000     35369    0.00    1.00    0.00    0.00    1.00     3  listener
12:10:01 PM  1000     35389    0.00    1.00    0.00    0.00    1.00    13  listener
12:10:01 PM  1000     35409    0.00    0.00    0.00    0.00    0.00    17  listener
12:10:01 PM  1000     35428    1.00    0.00    0.00    0.00    1.00     0  listener
12:10:01 PM  1000     35432    0.00    1.00    0.00    0.00    1.00    12  listener
12:10:01 PM  1000     35434    0.00    1.00    0.00    0.00    1.00    15  listener
12:10:01 PM  1000     35445    0.00    0.00    0.00    0.00    0.00     8  listener
12:10:01 PM  1000     35467    1.00    0.00    0.00    0.00    1.00    12  listener
12:10:01 PM  1000     35487    0.00    1.00    0.00    0.00    1.00    15  listener
12:10:01 PM  1000     35524    1.00    1.00    0.00    0.00    2.00    17  listener
12:10:01 PM  1000     35544    0.00    1.00    0.00    0.00    1.00    10  listener
12:10:01 PM  1000     35546    1.00    1.00    0.00    0.00    2.00     6  listener
12:10:01 PM  1000     35558    1.00    1.00    0.00    0.00    2.00    15  listener
12:10:01 PM  1000     35578    0.00    0.00    0.00    0.00    0.00    13  listener
12:10:01 PM  1000     35598    0.00    1.00    0.00    0.00    1.00     0  listener
12:10:01 PM  1000     35629    1.00    1.00    0.00    0.00    2.00     5  listener
12:10:01 PM  1000     35641    0.00    1.00    0.00    0.00    1.00    18  listener
12:10:01 PM  1000     35651    0.00    0.00    0.00    0.00    0.00     6  listener
12:10:01 PM  1000     35673    1.00    0.00    0.00    0.00    1.00     6  listener
12:10:01 PM  1000     35701    0.00    1.00    0.00    0.00    1.00    12  listener
12:10:01 PM  1000     35703    1.00    0.00    0.00    0.00    1.00     8  listener
12:10:01 PM  1000     35723    0.00    1.00    0.00    0.00    1.00    17  listener
12:10:01 PM  1000     35734    0.00    0.00    0.00    0.00    0.00    18  listener
12:10:01 PM  1000     35745    1.00    1.00    0.00    0.00    2.00    16  listener
12:10:01 PM  1000     35764    0.00    1.00    0.00    0.00    1.00     2  listener
12:10:01 PM  1000     35777    1.00    0.00    0.00    0.00    1.00    16  listener
12:10:01 PM  1000     35787    1.00    0.00    0.00    0.00    1.00     1  listener
12:10:01 PM  1000     35825    1.00    1.00    0.00    0.00    2.00    12  listener
12:10:01 PM  1000     35827    0.00    1.00    0.00    0.00    1.00     2  listener
12:10:01 PM  1000     35829    0.00    1.00    0.00    0.00    1.00     5  listener
12:10:01 PM  1000     35858    1.00    0.00    0.00    0.00    1.00     2  listener
12:10:01 PM  1000     35905    1.00    1.00    0.00    0.00    2.00    11  listener
12:10:01 PM  1000     35916    1.00    0.00    0.00    0.00    1.00    11  listener
12:10:01 PM  1000     35918    1.00    0.00    0.00    0.00    1.00     1  listener
12:10:01 PM  1000     35956    0.00    0.00    0.00    0.00    0.00    15  listener
12:10:01 PM  1000     36003    0.00    1.00    0.00    0.00    1.00     8  listener

12:10:01 PM   UID       PID    %usr %system  %guest   %wait    %CPU   CPU  Command
12:10:02 PM  1000     33667    0.00    1.00    0.00    0.00    1.00     4  listener
12:10:02 PM  1000     33669    0.00    2.00    0.00    1.00    2.00    14  listener
12:10:02 PM  1000     33671    0.00    2.00    0.00    0.00    2.00    14  listener
12:10:02 PM  1000     33673    2.00    0.00    0.00    0.00    2.00     3  listener
12:10:02 PM  1000     33675    0.00    1.00    0.00    0.00    1.00     1  listener
12:10:02 PM  1000     33677    1.00    1.00    0.00    0.00    2.00    13  listener
12:10:02 PM  1000     33679    1.00    0.00    0.00    1.00    1.00    16  listener
12:10:02 PM  1000     33681    1.00    0.00    0.00    0.00    1.00    16  listener
12:10:02 PM  1000     33683    2.00    1.00    0.00    0.00    3.00    19  listener
12:10:02 PM  1000     33685    0.00    1.00    0.00    0.00    1.00    18  listener
12:10:02 PM  1000     33687    0.00    2.00    0.00    0.00    2.00    19  listener
12:10:02 PM  1000     33689    0.00    1.00    0.00    0.00    1.00     3  listener
12:10:02 PM  1000     33692    0.00    1.00    0.00    0.00    1.00     3  listener
12:10:02 PM  1000     33702    1.00    1.00    0.00    0.00    2.00     2  listener
12:10:02 PM  1000     33704    1.00    0.00    0.00    0.00    1.00     5  listener
12:10:02 PM  1000     33706    1.00    0.00    0.00    0.00    1.00    11  listener
12:10:02 PM  1000     33711    1.00    0.00    0.00    0.00    1.00    15  listener
12:10:02 PM  1000     33797    0.00    2.00    0.00    0.00    2.00    16  listener
12:10:02 PM  1000     33882    1.00    1.00    0.00    0.00    2.00    14  listener
12:10:02 PM  1000     33885    1.00    1.00    0.00    1.00    2.00     8  listener
12:10:02 PM  1000     33903    0.00    2.00    0.00    0.00    2.00     9  listener
12:10:02 PM  1000     33970    1.00    1.00    0.00    0.00    2.00     7  listener
12:10:02 PM  1000     33972    0.00    1.00    0.00    0.00    1.00     3  listener
12:10:02 PM  1000     33974    1.00    1.00    0.00    0.00    2.00    17  listener
12:10:02 PM  1000     34012    1.00    1.00    0.00    0.00    2.00    15  listener
12:10:02 PM  1000     34041    0.00    2.00    0.00    0.00    2.00    14  listener
12:10:02 PM  1000     34070    1.00    0.00    0.00    0.00    1.00    17  listener
12:10:02 PM  1000     34081    0.00    1.00    0.00    0.00    1.00     9  listener
12:10:02 PM  1000     34092    0.00    2.00    0.00    0.00    2.00     7  listener
12:10:02 PM  1000     34094    1.00    2.00    0.00    0.00    3.00    16  listener
12:10:02 PM  1000     34096    0.00    1.00    0.00    0.00    1.00    10  listener
12:10:02 PM  1000     34098    1.00    1.00    0.00    0.00    2.00     6  listener
12:10:02 PM  1000     34100    1.00    1.00    0.00    0.00    2.00    10  listener
12:10:02 PM  1000     34129    0.00    1.00    0.00    0.00    1.00    16  listener
12:10:02 PM  1000     34184    1.00    1.00    0.00    0.00    2.00    17  listener
12:10:02 PM  1000     34241    0.00    1.00    0.00    0.00    1.00     0  listener
12:10:02 PM  1000     34261    0.00    0.00    0.00    0.00    0.00     8  listener
12:10:02 PM  1000     34281    1.00    1.00    0.00    0.00    2.00     3  listener
12:10:02 PM  1000     34318    1.00    0.00    0.00    0.00    1.00     2  listener
12:10:02 PM  1000     34348    1.00    0.00    0.00    0.00    1.00     1  listener
12:10:02 PM  1000     34377    1.00    0.00    0.00    0.00    1.00     0  listener
12:10:02 PM  1000     34389    0.00    1.00    0.00    0.00    1.00    13  listener
12:10:02 PM  1000     34402    1.00    1.00    0.00    0.00    2.00     1  listener
12:10:02 PM  1000     34440    1.00    1.00    0.00    0.00    2.00     9  listener
12:10:02 PM  1000     34469    0.00    1.00    0.00    0.00    1.00     2  listener
12:10:02 PM  1000     34480    1.00    1.00    0.00    0.00    2.00    10  listener
12:10:02 PM  1000     34491    1.00    1.00    0.00    0.00    2.00     1  listener
12:10:02 PM  1000     34504    1.00    1.00    0.00    0.00    2.00    11  listener
12:10:02 PM  1000     34541    1.00    0.00    0.00    0.00    1.00    14  listener
12:10:02 PM  1000     34588    0.00    1.00    0.00    0.00    1.00     5  listener
12:10:02 PM  1000     34590    1.00    1.00    0.00    0.00    2.00     7  listener
12:10:02 PM  1000     34603    1.00    1.00    0.00    0.00    2.00     8  listener
12:10:02 PM  1000     34623    1.00    1.00    0.00    0.00    2.00     9  listener
12:10:02 PM  1000     34642    1.00    0.00    0.00    0.00    1.00    18  listener
12:10:02 PM  1000     34645    1.00    1.00    0.00    0.00    2.00    10  listener
12:10:02 PM  1000     34684    1.00    0.00    0.00    0.00    1.00    14  listener
12:10:02 PM  1000     34712    1.00    1.00    0.00    0.00    2.00    15  listener
12:10:02 PM  1000     34721    0.00    1.00    0.00    0.00    1.00    13  listener
12:10:02 PM  1000     34784    1.00    1.00    0.00    0.00    2.00    13  listener
12:10:02 PM  1000     34790    2.00    0.00    0.00    0.00    2.00    16  listener
12:10:02 PM  1000     34800    1.00    0.00    0.00    0.00    1.00     0  listener
12:10:02 PM  1000     34803    1.00    1.00    0.00    0.00    2.00    16  listener
12:10:02 PM  1000     34805    1.00    0.00    0.00    0.00    1.00     2  listener
12:10:02 PM  1000     34816    0.00    1.00    0.00    0.00    1.00     2  listener
12:10:02 PM  1000     34855    1.00    0.00    0.00    0.00    1.00     7  listener
12:10:02 PM  1000     34874    0.00    1.00    0.00    0.00    1.00    18  listener
12:10:02 PM  1000     34876    1.00    0.00    0.00    0.00    1.00    13  listener
12:10:02 PM  1000     34932    1.00    1.00    0.00    0.00    2.00    17  listener
12:10:02 PM  1000     34934    0.00    1.00    0.00    0.00    1.00    18  listener
12:10:02 PM  1000     34936    1.00    0.00    0.00    0.00    1.00    14  listener
12:10:02 PM  1000     34939    1.00    1.00    0.00    0.00    2.00    18  listener
12:10:02 PM  1000     34962    0.00    1.00    0.00    0.00    1.00    14  listener
12:10:02 PM  1000     34965    1.00    1.00    0.00    0.00    2.00     7  listener
12:10:02 PM  1000     35034    0.00    1.00    0.00    0.00    1.00     5  listener
12:10:02 PM  1000     35036    1.00    1.00    0.00    0.00    2.00     6  listener
12:10:02 PM  1000     35047    0.00    0.00    0.00    0.00    0.00     3  listener
12:10:02 PM  1000     35068    0.00    1.00    0.00    0.00    1.00    15  listener
12:10:02 PM  1000     35114    1.00    2.00    0.00    0.00    3.00     9  listener
12:10:02 PM  1000     35117    1.00    0.00    0.00    0.00    1.00    16  listener
12:10:02 PM  1000     35128    1.00    1.00    0.00    0.00    2.00    12  listener
12:10:02 PM  1000     35164    0.00    1.00    0.00    0.00    1.00    15  listener
12:10:02 PM  1000     35230    0.00    1.00    0.00    0.00    1.00     6  listener
12:10:02 PM  1000     35232    1.00    1.00    0.00    0.00    2.00     0  listener
12:10:02 PM  1000     35234    1.00    1.00    0.00    0.00    2.00    10  listener
12:10:02 PM  1000     35246    0.00    1.00    0.00    0.00    1.00    15  listener
12:10:02 PM  1000     35275    1.00    0.00    0.00    0.00    1.00    10  listener
12:10:02 PM  1000     35281    2.00    1.00    0.00    0.00    3.00    16  listener
12:10:02 PM  1000     35296    1.00    1.00    0.00    0.00    2.00    18  listener
12:10:02 PM  1000     35307    0.00    1.00    0.00    0.00    1.00    15  listener
12:10:02 PM  1000     35327    0.00    1.00    0.00    0.00    1.00    11  listener
12:10:02 PM  1000     35347    1.00    1.00    0.00    0.00    2.00     7  listener
12:10:02 PM  1000     35358    1.00    0.00    0.00    0.00    1.00    19  listener
12:10:02 PM  1000     35369    0.00    1.00    0.00    0.00    1.00     8  listener
12:10:02 PM  1000     35389    1.00    1.00    0.00    0.00    2.00    19  listener
12:10:02 PM  1000     35409    1.00    1.00    0.00    0.00    2.00     8  listener
12:10:02 PM  1000     35428    1.00    0.00    0.00    0.00    1.00     1  listener
12:10:02 PM  1000     35432    1.00    0.00    0.00    0.00    1.00     2  listener
12:10:02 PM  1000     35434    0.00    2.00    0.00    0.00    2.00     5  listener
12:10:02 PM  1000     35445    1.00    1.00    0.00    0.00    2.00    13  listener
12:10:02 PM  1000     35467    1.00    1.00    0.00    0.00    2.00    16  listener
12:10:02 PM  1000     35487    0.00    1.00    0.00    0.00    1.00    10  listener
12:10:02 PM  1000     35524    0.00    1.00    0.00    0.00    1.00     1  listener
12:10:02 PM  1000     35544    1.00    1.00    0.00    0.00    2.00    16  listener
12:10:02 PM  1000     35546    1.00    0.00    0.00    0.00    1.00    17  listener
12:10:02 PM  1000     35558    1.00    0.00    0.00    0.00    1.00     6  listener
12:10:02 PM  1000     35578    0.00    2.00    0.00    0.00    2.00     0  listener
12:10:02 PM  1000     35598    1.00    1.00    0.00    0.00    2.00     9  listener
12:10:02 PM  1000     35629    1.00    0.00    0.00    0.00    1.00    14  listener
12:10:02 PM  1000     35641    0.00    2.00    0.00    0.00    2.00    17  listener
12:10:02 PM  1000     35651    1.00    1.00    0.00    0.00    2.00    12  listener
12:10:02 PM  1000     35673    1.00    1.00    0.00    0.00    2.00     3  listener
12:10:02 PM  1000     35701    2.00    0.00    0.00    0.00    2.00     3  listener
12:10:02 PM  1000     35703    0.00    1.00    0.00    0.00    1.00    14  listener
12:10:02 PM  1000     35723    0.00    1.00    0.00    0.00    1.00    16  listener
12:10:02 PM  1000     35734    1.00    1.00    0.00    0.00    2.00     1  listener
12:10:02 PM  1000     35745    0.00    0.00    0.00    0.00    0.00     1  listener
12:10:02 PM  1000     35764    0.00    2.00    0.00    0.00    2.00     3  listener
12:10:02 PM  1000     35777    1.00    2.00    0.00    0.00    3.00     6  listener
12:10:02 PM  1000     35787    1.00    1.00    0.00    0.00    2.00    17  listener
12:10:02 PM  1000     35825    0.00    1.00    0.00    0.00    1.00    18  listener
12:10:02 PM  1000     35827    1.00    0.00    0.00    0.00    1.00     9  listener
12:10:02 PM  1000     35829    0.00    1.00    0.00    0.00    1.00    19  listener
12:10:02 PM  1000     35858    0.00    1.00    0.00    0.00    1.00    16  listener
12:10:02 PM  1000     35905    1.00    0.00    0.00    0.00    1.00    17  listener
12:10:02 PM  1000     35916    0.00    2.00    0.00    0.00    2.00    12  listener
12:10:02 PM  1000     35918    0.00    2.00    0.00    0.00    2.00    17  listener
12:10:02 PM  1000     35956    1.00    1.00    0.00    0.00    2.00    11  listener
12:10:02 PM  1000     36003    1.00    1.00    0.00    0.00    2.00    18  listener

12:10:02 PM   UID       PID    %usr %system  %guest   %wait    %CPU   CPU  Command
12:10:03 PM  1000     33667    1.00    1.00    0.00    0.00    2.00     3  listener
12:10:03 PM  1000     33669    0.00    1.00    0.00    0.00    1.00    19  listener
12:10:03 PM  1000     33671    1.00    0.00    0.00    0.00    1.00     0  listener
12:10:03 PM  1000     33673    1.00    1.00    0.00    0.00    2.00     8  listener
12:10:03 PM  1000     33675    0.00    2.00    0.00    0.00    2.00     4  listener
12:10:03 PM  1000     33677    1.00    0.00    0.00    0.00    1.00     3  listener
12:10:03 PM  1000     33679    1.00    1.00    0.00    0.00    2.00    12  listener
12:10:03 PM  1000     33681    1.00    1.00    0.00    0.00    2.00    14  listener
12:10:03 PM  1000     33683    1.00    0.00    0.00    0.00    1.00     3  listener
12:10:03 PM  1000     33685    0.00    2.00    0.00    0.00    2.00    12  listener
12:10:03 PM  1000     33687    1.00    0.00    0.00    0.00    1.00     6  listener
12:10:03 PM  1000     33689    1.00    1.00    0.00    0.00    2.00    18  listener
12:10:03 PM  1000     33692    0.00    2.00    0.00    0.00    2.00     3  listener
12:10:03 PM  1000     33702    1.00    1.00    0.00    0.00    2.00    12  listener
12:10:03 PM  1000     33704    0.00    1.00    0.00    0.00    1.00     9  listener
12:10:03 PM  1000     33706    1.00    1.00    0.00    0.00    2.00     0  listener
12:10:03 PM  1000     33711    1.00    1.00    0.00    0.00    2.00     8  listener
12:10:03 PM  1000     33797    0.00    1.00    0.00    0.00    1.00     4  listener
12:10:03 PM  1000     33882    1.00    1.00    0.00    0.00    2.00     8  listener
12:10:03 PM  1000     33885    1.00    1.00    0.00    0.00    2.00    10  listener
12:10:03 PM  1000     33903    0.00    1.00    0.00    0.00    1.00    17  listener
12:10:03 PM  1000     33970    1.00    1.00    0.00    0.00    2.00     1  listener
12:10:03 PM  1000     33972    1.00    1.00    0.00    0.00    2.00     6  listener
12:10:03 PM  1000     33974    1.00    0.00    0.00    0.00    1.00    12  listener
12:10:03 PM  1000     34012    0.00    1.00    0.00    0.00    1.00     3  listener
12:10:03 PM  1000     34041    0.00    1.00    0.00    0.00    1.00    13  listener
12:10:03 PM  1000     34070    0.00    2.00    0.00    0.00    2.00     9  listener
12:10:03 PM  1000     34081    1.00    0.00    0.00    0.00    1.00    15  listener
12:10:03 PM  1000     34092    0.00    1.00    0.00    0.00    1.00     0  listener
12:10:03 PM  1000     34094    1.00    0.00    0.00    0.00    1.00    13  listener
12:10:03 PM  1000     34096    1.00    0.00    0.00    0.00    1.00    17  listener
12:10:03 PM  1000     34098    1.00    0.00    0.00    0.00    1.00     3  listener
12:10:03 PM  1000     34100    0.00    1.00    0.00    0.00    1.00    17  listener
12:10:03 PM  1000     34129    0.00    2.00    0.00    0.00    2.00    11  listener
12:10:03 PM  1000     34184    1.00    1.00    0.00    0.00    2.00     4  listener
12:10:03 PM  1000     34241    1.00    0.00    0.00    0.00    1.00     7  listener
12:10:03 PM  1000     34261    0.00    2.00    0.00    0.00    2.00    13  listener
12:10:03 PM  1000     34281    1.00    1.00    0.00    1.00    2.00    16  listener
12:10:03 PM  1000     34318    1.00    1.00    0.00    0.00    2.00    12  listener
12:10:03 PM  1000     34348    0.00    1.00    0.00    0.00    1.00    16  listener
12:10:03 PM  1000     34377    1.00    1.00    0.00    0.00    2.00    19  listener
12:10:03 PM  1000     34389    0.00    1.00    0.00    0.00    1.00    14  listener
12:10:03 PM  1000     34402    0.00    1.00    0.00    0.00    1.00    11  listener
12:10:03 PM  1000     34440    1.00    0.00    0.00    0.00    1.00     6  listener
12:10:03 PM  1000     34469    0.00    1.00    0.00    0.00    1.00    17  listener
12:10:03 PM  1000     34480    1.00    0.00    0.00    0.00    1.00     1  listener
12:10:03 PM  1000     34491    1.00    1.00    0.00    0.00    2.00    18  listener
12:10:03 PM  1000     34504    1.00    0.00    0.00    0.00    1.00     2  listener
12:10:03 PM  1000     34541    0.00    1.00    0.00    0.00    1.00    16  listener
12:10:03 PM  1000     34588    0.00    1.00    0.00    0.00    1.00    14  listener
12:10:03 PM  1000     34590    1.00    0.00    0.00    0.00    1.00     6  listener
12:10:03 PM  1000     34603    0.00    0.00    0.00    0.00    0.00     7  listener
12:10:03 PM  1000     34623    1.00    0.00    0.00    0.00    1.00    19  listener
12:10:03 PM  1000     34642    1.00    1.00    0.00    0.00    2.00    12  listener
12:10:03 PM  1000     34645    1.00    0.00    0.00    0.00    1.00     1  listener
12:10:03 PM  1000     34684    1.00    1.00    0.00    0.00    2.00     4  listener
12:10:03 PM  1000     34712    0.00    1.00    0.00    0.00    1.00    12  listener
12:10:03 PM  1000     34721    1.00    1.00    0.00    0.00    2.00    11  listener
12:10:03 PM  1000     34784    1.00    0.00    0.00    0.00    1.00     0  listener
12:10:03 PM  1000     34790    1.00    1.00    0.00    0.00    2.00    14  listener
12:10:03 PM  1000     34800    1.00    1.00    0.00    0.00    2.00    18  listener
12:10:03 PM  1000     34803    1.00    1.00    0.00    0.00    2.00     9  listener
12:10:03 PM  1000     34805    0.00    1.00    0.00    0.00    1.00     1  listener
12:10:03 PM  1000     34816    1.00    1.00    0.00    0.00    2.00     8  listener
12:10:03 PM  1000     34855    1.00    1.00    0.00    0.00    2.00     4  listener
12:10:03 PM  1000     34874    0.00    2.00    0.00    0.00    2.00     9  listener
12:10:03 PM  1000     34876    1.00    1.00    0.00    0.00    2.00    13  listener
12:10:03 PM  1000     34932    0.00    1.00    0.00    0.00    1.00    17  listener
12:10:03 PM  1000     34934    0.00    2.00    0.00    0.00    2.00     2  listener
12:10:03 PM  1000     34936    1.00    1.00    0.00    0.00    2.00    11  listener
12:10:03 PM  1000     34939    1.00    0.00    0.00    0.00    1.00    15  listener
12:10:03 PM  1000     34962    0.00    1.00    0.00    0.00    1.00     1  listener
12:10:03 PM  1000     34965    1.00    1.00    0.00    0.00    2.00    18  listener
12:10:03 PM  1000     35034    0.00    1.00    0.00    0.00    1.00     8  listener
12:10:03 PM  1000     35036    1.00    1.00    0.00    0.00    2.00    17  listener
12:10:03 PM  1000     35047    2.00    0.00    0.00    0.00    2.00    18  listener
12:10:03 PM  1000     35068    0.00    1.00    0.00    0.00    1.00    13  listener
12:10:03 PM  1000     35114    0.00    1.00    0.00    0.00    1.00    17  listener
12:10:03 PM  1000     35117    1.00    1.00    0.00    0.00    2.00    12  listener
12:10:03 PM  1000     35128    0.00    0.00    0.00    0.00    0.00    14  listener
12:10:03 PM  1000     35164    1.00    0.00    0.00    0.00    1.00    17  listener
12:10:03 PM  1000     35230    0.00    1.00    0.00    0.00    1.00     6  listener
12:10:03 PM  1000     35232    1.00    0.00    0.00    0.00    1.00    17  listener
12:10:03 PM  1000     35234    1.00    0.00    0.00    0.00    1.00    13  listener
12:10:03 PM  1000     35246    0.00    1.00    0.00    0.00    1.00    17  listener
12:10:03 PM  1000     35275    1.00    1.00    0.00    0.00    2.00     3  listener
12:10:03 PM  1000     35281    0.00    0.00    0.00    0.00    0.00     6  listener
12:10:03 PM  1000     35296    1.00    1.00    0.00    0.00    2.00     2  listener
12:10:03 PM  1000     35307    1.00    1.00    0.00    0.00    2.00     2  listener
12:10:03 PM  1000     35327    0.00    2.00    0.00    0.00    2.00    16  listener
12:10:03 PM  1000     35347    1.00    0.00    0.00    0.00    1.00     5  listener
12:10:03 PM  1000     35358    1.00    1.00    0.00    0.00    2.00    19  listener
12:10:03 PM  1000     35369    0.00    1.00    0.00    0.00    1.00    12  listener
12:10:03 PM  1000     35389    1.00    0.00    0.00    0.00    1.00    15  listener
12:10:03 PM  1000     35409    1.00    0.00    0.00    1.00    1.00    14  listener
12:10:03 PM  1000     35428    1.00    1.00    0.00    0.00    2.00    14  listener
12:10:03 PM  1000     35432    1.00    1.00    0.00    0.00    2.00     3  listener
12:10:03 PM  1000     35434    0.00    1.00    0.00    0.00    1.00     8  listener
12:10:03 PM  1000     35445    0.00    1.00    0.00    0.00    1.00     1  listener
12:10:03 PM  1000     35467    0.00    1.00    0.00    0.00    1.00    13  listener
12:10:03 PM  1000     35487    1.00    1.00    0.00    0.00    2.00    14  listener
12:10:03 PM  1000     35524    1.00    1.00    0.00    0.00    2.00     8  listener
12:10:03 PM  1000     35544    0.00    1.00    0.00    0.00    1.00     5  listener
12:10:03 PM  1000     35546    1.00    1.00    0.00    0.00    2.00    18  listener
12:10:03 PM  1000     35558    2.00    0.00    0.00    0.00    2.00     6  listener
12:10:03 PM  1000     35578    0.00    1.00    0.00    0.00    1.00    15  listener
12:10:03 PM  1000     35598    0.00    1.00    0.00    0.00    1.00    12  listener
12:10:03 PM  1000     35629    0.00    1.00    0.00    0.00    1.00    17  listener
12:10:03 PM  1000     35641    0.00    1.00    0.00    0.00    1.00     0  listener
12:10:03 PM  1000     35651    1.00    1.00    0.00    0.00    2.00    15  listener
12:10:03 PM  1000     35673    1.00    1.00    0.00    0.00    2.00    19  listener
12:10:03 PM  1000     35701    1.00    0.00    0.00    0.00    1.00    13  listener
12:10:03 PM  1000     35703    1.00    0.00    0.00    0.00    1.00     1  listener
12:10:03 PM  1000     35723    0.00    1.00    0.00    0.00    1.00     6  listener
12:10:03 PM  1000     35734    1.00    1.00    0.00    0.00    2.00    14  listener
12:10:03 PM  1000     35745    1.00    1.00    0.00    0.00    2.00    15  listener
12:10:03 PM  1000     35764    0.00    1.00    0.00    0.00    1.00    10  listener
12:10:03 PM  1000     35777    0.00    0.00    0.00    0.00    0.00    14  listener
12:10:03 PM  1000     35787    0.00    0.00    0.00    0.00    0.00     5  listener
12:10:03 PM  1000     35825    0.00    1.00    0.00    0.00    1.00    18  listener
12:10:03 PM  1000     35827    1.00    1.00    0.00    0.00    2.00     3  listener
12:10:03 PM  1000     35829    0.00    1.00    0.00    0.00    1.00    12  listener
12:10:03 PM  1000     35858    1.00    1.00    0.00    0.00    2.00     7  listener
12:10:03 PM  1000     35905    1.00    1.00    0.00    0.00    2.00    19  listener
12:10:03 PM  1000     35916    1.00    0.00    0.00    0.00    1.00    13  listener
12:10:03 PM  1000     35918    1.00    0.00    0.00    0.00    1.00    12  listener
12:10:03 PM  1000     35956    0.00    1.00    0.00    0.00    1.00    15  listener
12:10:03 PM  1000     36003    1.00    0.00    0.00    0.00    1.00    19  listener

12:10:03 PM   UID       PID    %usr %system  %guest   %wait    %CPU   CPU  Command
12:10:04 PM  1000     33667    1.00    0.00    0.00    0.00    1.00    13  listener
12:10:04 PM  1000     33669    0.00    1.00    0.00    0.00    1.00    18  listener
12:10:04 PM  1000     33671    1.00    0.00    0.00    0.00    1.00    14  listener
12:10:04 PM  1000     33673    1.00    0.00    0.00    0.00    1.00     9  listener
12:10:04 PM  1000     33675    0.00    1.00    0.00    0.00    1.00     5  listener
12:10:04 PM  1000     33677    0.00    2.00    0.00    0.00    2.00    16  listener
12:10:04 PM  1000     33679    1.00    0.00    0.00    0.00    1.00     6  listener
12:10:04 PM  1000     33681    1.00    0.00    0.00    0.00    1.00    19  listener
12:10:04 PM  1000     33683    0.00    1.00    0.00    0.00    1.00    11  listener
12:10:04 PM  1000     33685    0.00    1.00    0.00    0.00    1.00    18  listener
12:10:04 PM  1000     33687    0.00    1.00    0.00    0.00    1.00    12  listener
12:10:04 PM  1000     33689    0.00    1.00    0.00    0.00    1.00    17  listener
12:10:04 PM  1000     33692    0.00    1.00    0.00    0.00    1.00     8  listener
12:10:04 PM  1000     33702    0.00    1.00    0.00    0.00    1.00    12  listener
12:10:04 PM  1000     33704    1.00    1.00    0.00    0.00    2.00    18  listener
12:10:04 PM  1000     33706    1.00    1.00    0.00    0.00    2.00     1  listener
12:10:04 PM  1000     33711    0.00    2.00    0.00    0.00    2.00     7  listener
12:10:04 PM  1000     33797    1.00    1.00    0.00    0.00    2.00    15  listener
12:10:04 PM  1000     33882    0.00    0.00    0.00    0.00    0.00    10  listener
12:10:04 PM  1000     33885    1.00    0.00    0.00    0.00    1.00    16  listener
12:10:04 PM  1000     33903    0.00    1.00    0.00    0.00    1.00     6  listener
12:10:04 PM  1000     33970    1.00    0.00    0.00    0.00    1.00     4  listener
12:10:04 PM  1000     33972    1.00    0.00    0.00    0.00    1.00    10  listener
12:10:04 PM  1000     33974    1.00    0.00    0.00    0.00    1.00     3  listener
12:10:04 PM  1000     34012    1.00    0.00    0.00    0.00    1.00     0  listener
12:10:04 PM  1000     34041    0.00    1.00    0.00    0.00    1.00     8  listener
12:10:04 PM  1000     34070    1.00    0.00    0.00    0.00    1.00     5  listener
12:10:04 PM  1000     34081    1.00    1.00    0.00    0.00    2.00     3  listener
12:10:04 PM  1000     34092    0.00    1.00    0.00    0.00    1.00     3  listener
12:10:04 PM  1000     34094    1.00    1.00    0.00    0.00    2.00     9  listener
12:10:04 PM  1000     34096    1.00    1.00    0.00    0.00    2.00     8  listener
12:10:04 PM  1000     34098    1.00    1.00    0.00    0.00    2.00    14  listener
12:10:04 PM  1000     34100    0.00    2.00    0.00    0.00    2.00     8  listener
12:10:04 PM  1000     34129    0.00    1.00    0.00    0.00    1.00     3  listener
12:10:04 PM  1000     34184    1.00    0.00    0.00    0.00    1.00    18  listener
12:10:04 PM  1000     34241    1.00    1.00    0.00    0.00    2.00     7  listener
12:10:04 PM  1000     34261    1.00    1.00    0.00    0.00    2.00    14  listener
12:10:04 PM  1000     34281    1.00    0.00    0.00    0.00    1.00     9  listener
12:10:04 PM  1000     34318    1.00    0.00    0.00    0.00    1.00     7  listener
12:10:04 PM  1000     34348    0.00    1.00    0.00    0.00    1.00    18  listener
12:10:04 PM  1000     34377    1.00    0.00    0.00    0.00    1.00     7  listener
12:10:04 PM  1000     34389    0.00    1.00    0.00    0.00    1.00     5  listener
12:10:04 PM  1000     34402    1.00    0.00    0.00    0.00    1.00    12  listener
12:10:04 PM  1000     34440    1.00    1.00    0.00    0.00    2.00    10  listener
12:10:04 PM  1000     34469    1.00    1.00    0.00    0.00    2.00     0  listener
12:10:04 PM  1000     34480    1.00    1.00    0.00    0.00    2.00    10  listener
12:10:04 PM  1000     34491    1.00    0.00    0.00    0.00    1.00    15  listener
12:10:04 PM  1000     34504    0.00    1.00    0.00    1.00    1.00     7  listener
12:10:04 PM  1000     34541    2.00    1.00    0.00    0.00    3.00     3  listener
12:10:04 PM  1000     34588    0.00    2.00    0.00    0.00    2.00    17  listener
12:10:04 PM  1000     34590    1.00    1.00    0.00    0.00    2.00    13  listener
12:10:04 PM  1000     34603    1.00    1.00    0.00    0.00    2.00     0  listener
12:10:04 PM  1000     34623    0.00    1.00    0.00    0.00    1.00    19  listener
12:10:04 PM  1000     34642    1.00    0.00    0.00    0.00    1.00     2  listener
12:10:04 PM  1000     34645    1.00    1.00    0.00    0.00    2.00     6  listener
12:10:04 PM  1000     34684    0.00    1.00    0.00    0.00    1.00    10  listener
12:10:04 PM  1000     34712    1.00    1.00    0.00    0.00    2.00    10  listener
12:10:04 PM  1000     34721    1.00    0.00    0.00    0.00    1.00    14  listener
12:10:04 PM  1000     34784    0.00    1.00    0.00    0.00    1.00     0  listener
12:10:04 PM  1000     34790    0.00    1.00    0.00    0.00    1.00    11  listener
12:10:04 PM  1000     34800    1.00    0.00    0.00    0.00    1.00     8  listener
12:10:04 PM  1000     34803    0.00    1.00    0.00    0.00    1.00     8  listener
12:10:04 PM  1000     34805    1.00    1.00    0.00    0.00    2.00     6  listener
12:10:04 PM  1000     34816    1.00    0.00    0.00    0.00    1.00    16  listener
12:10:04 PM  1000     34855    0.00    1.00    0.00    0.00    1.00    13  listener
12:10:04 PM  1000     34874    0.00    1.00    0.00    1.00    1.00     8  listener
12:10:04 PM  1000     34876    1.00    0.00    0.00    1.00    1.00     3  listener
12:10:04 PM  1000     34932    2.00    0.00    0.00    0.00    2.00     6  listener
12:10:04 PM  1000     34934    0.00    1.00    0.00    0.00    1.00    17  listener
12:10:04 PM  1000     34936    1.00    1.00    0.00    0.00    2.00     5  listener
12:10:04 PM  1000     34939    1.00    1.00    0.00    0.00    2.00     5  listener
12:10:04 PM  1000     34962    1.00    1.00    0.00    0.00    2.00    17  listener
12:10:04 PM  1000     34965    0.00    1.00    0.00    0.00    1.00    15  listener
12:10:04 PM  1000     35034    0.00    2.00    0.00    0.00    2.00     6  listener
12:10:04 PM  1000     35036    0.00    1.00    0.00    0.00    1.00    19  listener
12:10:04 PM  1000     35047    1.00    1.00    0.00    0.00    2.00    19  listener
12:10:04 PM  1000     35068    0.00    2.00    0.00    1.00    2.00     5  listener
12:10:04 PM  1000     35114    1.00    1.00    0.00    0.00    2.00    17  listener
12:10:04 PM  1000     35117    1.00    1.00    0.00    0.00    2.00    15  listener
12:10:04 PM  1000     35128    0.00    2.00    0.00    0.00    2.00     8  listener
12:10:04 PM  1000     35164    1.00    1.00    0.00    0.00    2.00    19  listener
12:10:04 PM  1000     35230    0.00    2.00    0.00    0.00    2.00    15  listener
12:10:04 PM  1000     35232    1.00    1.00    0.00    0.00    2.00     9  listener
12:10:04 PM  1000     35234    1.00    1.00    0.00    0.00    2.00    13  listener
12:10:04 PM  1000     35246    1.00    1.00    0.00    0.00    2.00    10  listener
12:10:04 PM  1000     35275    1.00    1.00    0.00    0.00    2.00    12  listener
12:10:04 PM  1000     35281    1.00    1.00    0.00    0.00    2.00    17  listener
12:10:04 PM  1000     35296    0.00    1.00    0.00    0.00    1.00    18  listener
12:10:04 PM  1000     35307    0.00    1.00    0.00    0.00    1.00    16  listener
12:10:04 PM  1000     35327    0.00    1.00    0.00    0.00    1.00    16  listener
12:10:04 PM  1000     35347    1.00    1.00    0.00    0.00    2.00     1  listener
12:10:04 PM  1000     35358    1.00    0.00    0.00    0.00    1.00    12  listener
12:10:04 PM  1000     35369    1.00    1.00    0.00    0.00    2.00     9  listener
12:10:04 PM  1000     35389    1.00    1.00    0.00    0.00    2.00    18  listener
12:10:04 PM  1000     35409    1.00    1.00    0.00    0.00    2.00     7  listener
12:10:04 PM  1000     35428    1.00    1.00    0.00    0.00    2.00    16  listener
12:10:04 PM  1000     35432    0.00    1.00    0.00    0.00    1.00     2  listener
12:10:04 PM  1000     35434    0.00    2.00    0.00    0.00    2.00     1  listener
12:10:04 PM  1000     35445    2.00    0.00    0.00    0.00    2.00     1  listener
12:10:04 PM  1000     35467    1.00    1.00    0.00    0.00    2.00     5  listener
12:10:04 PM  1000     35487    1.00    0.00    0.00    0.00    1.00     6  listener
12:10:04 PM  1000     35524    1.00    0.00    0.00    0.00    1.00    10  listener
12:10:04 PM  1000     35544    1.00    1.00    0.00    0.00    2.00     6  listener
12:10:04 PM  1000     35546    1.00    0.00    0.00    0.00    1.00     4  listener
12:10:04 PM  1000     35558    0.00    1.00    0.00    0.00    1.00    14  listener
12:10:04 PM  1000     35578    0.00    1.00    0.00    0.00    1.00     6  listener
12:10:04 PM  1000     35598    1.00    0.00    0.00    0.00    1.00     5  listener
12:10:04 PM  1000     35629    1.00    0.00    0.00    0.00    1.00    10  listener
12:10:04 PM  1000     35641    0.00    2.00    0.00    0.00    2.00     6  listener
12:10:04 PM  1000     35651    0.00    1.00    0.00    0.00    1.00    12  listener
12:10:04 PM  1000     35673    0.00    1.00    0.00    0.00    1.00    15  listener
12:10:04 PM  1000     35701    1.00    0.00    0.00    0.00    1.00     8  listener
12:10:04 PM  1000     35703    1.00    1.00    0.00    0.00    2.00     6  listener
12:10:04 PM  1000     35723    0.00    2.00    0.00    0.00    2.00    16  listener
12:10:04 PM  1000     35734    1.00    0.00    0.00    0.00    1.00    12  listener
12:10:04 PM  1000     35745    1.00    1.00    0.00    0.00    2.00    13  listener
12:10:04 PM  1000     35764    1.00    0.00    0.00    0.00    1.00     9  listener
12:10:04 PM  1000     35777    1.00    1.00    0.00    0.00    2.00     3  listener
12:10:04 PM  1000     35787    2.00    0.00    0.00    0.00    2.00     7  listener
12:10:04 PM  1000     35825    1.00    1.00    0.00    0.00    2.00     0  listener
12:10:04 PM  1000     35827    1.00    0.00    0.00    0.00    1.00     2  listener
12:10:04 PM  1000     35829    0.00    2.00    0.00    0.00    2.00    12  listener
12:10:04 PM  1000     35858    0.00    1.00    0.00    0.00    1.00    16  listener
12:10:04 PM  1000     35905    1.00    1.00    0.00    0.00    2.00     0  listener
12:10:04 PM  1000     35916    0.00    1.00    0.00    1.00    1.00     8  listener
12:10:04 PM  1000     35918    1.00    1.00    0.00    0.00    2.00     4  listener
12:10:04 PM  1000     35956    1.00    1.00    0.00    0.00    2.00     1  listener
12:10:04 PM  1000     36003    0.00    2.00    0.00    0.00    2.00     2  listener

12:10:04 PM   UID       PID    %usr %system  %guest   %wait    %CPU   CPU  Command
12:10:05 PM  1000     33667    1.00    1.00    0.00    0.00    2.00     6  listener
12:10:05 PM  1000     33669    0.00    1.00    0.00    0.00    1.00    18  listener
12:10:05 PM  1000     33671    1.00    1.00    0.00    0.00    2.00    15  listener
12:10:05 PM  1000     33673    1.00    0.00    0.00    0.00    1.00     0  listener
12:10:05 PM  1000     33675    0.00    1.00    0.00    0.00    1.00    17  listener
12:10:05 PM  1000     33677    1.00    0.00    0.00    0.00    1.00     1  listener
12:10:05 PM  1000     33679    1.00    1.00    0.00    0.00    2.00    13  listener
12:10:05 PM  1000     33681    0.00    1.00    0.00    0.00    1.00     4  listener
12:10:05 PM  1000     33683    1.00    1.00    0.00    0.00    2.00    18  listener
12:10:05 PM  1000     33685    0.00    1.00    0.00    0.00    1.00    14  listener
12:10:05 PM  1000     33687    1.00    1.00    0.00    0.00    2.00    11  listener
12:10:05 PM  1000     33689    1.00    1.00    0.00    0.00    2.00    11  listener
12:10:05 PM  1000     33692    0.00    1.00    0.00    0.00    1.00    13  listener
12:10:05 PM  1000     33702    1.00    0.00    0.00    0.00    1.00     0  listener
12:10:05 PM  1000     33704    0.00    1.00    0.00    0.00    1.00     7  listener
12:10:05 PM  1000     33706    1.00    0.00    0.00    0.00    1.00    10  listener
12:10:05 PM  1000     33711    0.00    0.00    0.00    0.00    0.00    17  listener
12:10:05 PM  1000     33797    0.00    1.00    0.00    0.00    1.00    19  listener
12:10:05 PM  1000     33882    1.00    1.00    0.00    0.00    2.00     6  listener
12:10:05 PM  1000     33885    0.00    1.00    0.00    0.00    1.00     7  listener
12:10:05 PM  1000     33903    0.00    1.00    0.00    0.00    1.00    15  listener
12:10:05 PM  1000     33970    1.00    1.00    0.00    0.00    2.00    18  listener
12:10:05 PM  1000     33972    1.00    0.00    0.00    0.00    1.00     5  listener
12:10:05 PM  1000     33974    1.00    1.00    0.00    0.00    2.00    18  listener
12:10:05 PM  1000     34012    0.00    1.00    0.00    0.00    1.00    15  listener
12:10:05 PM  1000     34041    0.00    1.00    0.00    0.00    1.00    19  listener
12:10:05 PM  1000     34070    0.00    1.00    0.00    0.00    1.00    12  listener
12:10:05 PM  1000     34081    1.00    1.00    0.00    0.00    2.00    15  listener
12:10:05 PM  1000     34092    1.00    1.00    0.00    0.00    2.00    16  listener
12:10:05 PM  1000     34094    0.00    0.00    0.00    0.00    0.00    15  listener
12:10:05 PM  1000     34096    0.00    1.00    0.00    0.00    1.00     6  listener
12:10:05 PM  1000     34098    1.00    0.00    0.00    0.00    1.00    12  listener
12:10:05 PM  1000     34100    0.00    0.00    0.00    0.00    0.00     0  listener
12:10:05 PM  1000     34129    0.00    1.00    0.00    0.00    1.00    17  listener
12:10:05 PM  1000     34184    1.00    0.00    0.00    0.00    1.00    15  listener
12:10:05 PM  1000     34241    1.00    0.00    0.00    0.00    1.00     9  listener
12:10:05 PM  1000     34261    1.00    0.00    0.00    0.00    1.00    17  listener
12:10:05 PM  1000     34281    0.00    1.00    0.00    0.00    1.00     1  listener
12:10:05 PM  1000     34318    1.00    0.00    0.00    0.00    1.00    10  listener
12:10:05 PM  1000     34348    1.00    1.00    0.00    0.00    2.00     4  listener
12:10:05 PM  1000     34377    0.00    1.00    0.00    0.00    1.00    13  listener
12:10:05 PM  1000     34389    0.00    1.00    0.00    0.00    1.00     6  listener
12:10:05 PM  1000     34402    0.00    1.00    0.00    0.00    1.00     3  listener
12:10:05 PM  1000     34440    0.00    1.00    0.00    0.00    1.00     5  listener
12:10:05 PM  1000     34469    1.00    0.00    0.00    0.00    1.00     0  listener
12:10:05 PM  1000     34480    1.00    1.00    0.00    0.00    2.00    13  listener
12:10:05 PM  1000     34491    1.00    1.00    0.00    0.00    2.00     4  listener
12:10:05 PM  1000     34504    1.00    1.00    0.00    0.00    2.00     4  listener
12:10:05 PM  1000     34541    1.00    0.00    0.00    0.00    1.00    10  listener
12:10:05 PM  1000     34588    0.00    1.00    0.00    0.00    1.00    13  listener
12:10:05 PM  1000     34590    0.00    1.00    0.00    0.00    1.00     1  listener
12:10:05 PM  1000     34603    0.00    1.00    0.00    0.00    1.00     1  listener
12:10:05 PM  1000     34623    1.00    0.00    0.00    0.00    1.00    15  listener
12:10:05 PM  1000     34642    1.00    1.00    0.00    0.00    2.00     4  listener
12:10:05 PM  1000     34645    1.00    0.00    0.00    0.00    1.00    14  listener
12:10:05 PM  1000     34684    1.00    0.00    0.00    0.00    1.00     1  listener
12:10:05 PM  1000     34712    0.00    1.00    0.00    0.00    1.00     1  listener
12:10:05 PM  1000     34721    1.00    1.00    0.00    0.00    2.00    12  listener
12:10:05 PM  1000     34784    1.00    0.00    0.00    0.00    1.00     5  listener
12:10:05 PM  1000     34790    1.00    0.00    0.00    0.00    1.00     9  listener
12:10:05 PM  1000     34800    1.00    0.00    0.00    0.00    1.00     6  listener
12:10:05 PM  1000     34803    1.00    1.00    0.00    0.00    2.00    14  listener
12:10:05 PM  1000     34805    1.00    0.00    0.00    0.00    1.00    11  listener
12:10:05 PM  1000     34816    1.00    1.00    0.00    0.00    2.00    15  listener
12:10:05 PM  1000     34855    1.00    1.00    0.00    0.00    2.00    16  listener
12:10:05 PM  1000     34874    0.00    1.00    0.00    0.00    1.00     4  listener
12:10:05 PM  1000     34876    1.00    1.00    0.00    0.00    2.00     6  listener
12:10:05 PM  1000     34932    0.00    1.00    0.00    0.00    1.00    15  listener
12:10:05 PM  1000     34934    1.00    1.00    0.00    0.00    2.00     7  listener
12:10:05 PM  1000     34936    1.00    0.00    0.00    0.00    1.00     4  listener
12:10:05 PM  1000     34939    1.00    0.00    0.00    1.00    1.00    16  listener
12:10:05 PM  1000     34962    0.00    1.00    0.00    0.00    1.00    14  listener
12:10:05 PM  1000     34965    0.00    1.00    0.00    0.00    1.00     9  listener
12:10:05 PM  1000     35034    1.00    0.00    0.00    0.00    1.00     7  listener
12:10:05 PM  1000     35036    1.00    1.00    0.00    0.00    2.00     8  listener
12:10:05 PM  1000     35047    0.00    1.00    0.00    0.00    1.00     9  listener
12:10:05 PM  1000     35068    1.00    0.00    0.00    0.00    1.00    11  listener
12:10:05 PM  1000     35114    0.00    0.00    0.00    0.00    0.00     2  listener
12:10:05 PM  1000     35117    0.00    0.00    0.00    0.00    0.00    12  listener
12:10:05 PM  1000     35128    1.00    0.00    0.00    0.00    1.00     7  listener
12:10:05 PM  1000     35164    1.00    1.00    0.00    0.00    2.00     2  listener
12:10:05 PM  1000     35230    0.00    1.00    0.00    0.00    1.00     3  listener
12:10:05 PM  1000     35232    0.00    0.00    0.00    0.00    0.00     3  listener
12:10:05 PM  1000     35234    1.00    0.00    0.00    0.00    1.00     8  listener
12:10:05 PM  1000     35246    0.00    1.00    0.00    0.00    1.00     5  listener
12:10:05 PM  1000     35275    1.00    0.00    0.00    0.00    1.00    14  listener
12:10:05 PM  1000     35281    1.00    1.00    0.00    0.00    2.00     2  listener
12:10:05 PM  1000     35296    1.00    0.00    0.00    0.00    1.00    17  listener
12:10:05 PM  1000     35307    1.00    0.00    0.00    0.00    1.00    13  listener
12:10:05 PM  1000     35327    1.00    0.00    0.00    0.00    1.00     1  listener
12:10:05 PM  1000     35347    0.00    0.00    0.00    0.00    0.00    12  listener
12:10:05 PM  1000     35358    0.00    1.00    0.00    0.00    1.00    13  listener
12:10:05 PM  1000     35369    0.00    1.00    0.00    0.00    1.00     3  listener
12:10:05 PM  1000     35389    1.00    1.00    0.00    0.00    2.00    16  listener
12:10:05 PM  1000     35409    1.00    0.00    0.00    0.00    1.00    13  listener
12:10:05 PM  1000     35428    0.00    0.00    0.00    0.00    0.00    18  listener
12:10:05 PM  1000     35432    1.00    1.00    0.00    0.00    2.00    15  listener
12:10:05 PM  1000     35434    0.00    1.00    0.00    0.00    1.00     5  listener
12:10:05 PM  1000     35445    0.00    1.00    0.00    0.00    1.00     0  listener
12:10:05 PM  1000     35467    1.00    0.00    0.00    0.00    1.00     0  listener
12:10:05 PM  1000     35487    0.00    1.00    0.00    0.00    1.00    19  listener
12:10:05 PM  1000     35524    1.00    1.00    0.00    0.00    2.00     2  listener
12:10:05 PM  1000     35544    1.00    0.00    0.00    0.00    1.00    10  listener
12:10:05 PM  1000     35546    0.00    1.00    0.00    0.00    1.00     3  listener
12:10:05 PM  1000     35558    0.00    1.00    0.00    0.00    1.00    17  listener
12:10:05 PM  1000     35578    0.00    1.00    0.00    0.00    1.00    12  listener
12:10:05 PM  1000     35598    1.00    0.00    0.00    0.00    1.00     0  listener
12:10:05 PM  1000     35629    1.00    1.00    0.00    0.00    2.00     0  listener
12:10:05 PM  1000     35641    0.00    1.00    0.00    0.00    1.00    10  listener
12:10:05 PM  1000     35651    1.00    1.00    0.00    0.00    2.00    13  listener
12:10:05 PM  1000     35673    1.00    0.00    0.00    0.00    1.00    10  listener
12:10:05 PM  1000     35701    1.00    1.00    0.00    0.00    2.00    14  listener
12:10:05 PM  1000     35703    1.00    0.00    0.00    0.00    1.00     0  listener
12:10:05 PM  1000     35723    0.00    1.00    0.00    0.00    1.00    14  listener
12:10:05 PM  1000     35734    0.00    1.00    0.00    0.00    1.00     2  listener
12:10:05 PM  1000     35745    0.00    1.00    0.00    0.00    1.00     4  listener
12:10:05 PM  1000     35764    1.00    0.00    0.00    0.00    1.00     6  listener
12:10:05 PM  1000     35777    1.00    0.00    0.00    0.00    1.00    15  listener
12:10:05 PM  1000     35787    0.00    1.00    0.00    0.00    1.00     8  listener
12:10:05 PM  1000     35825    1.00    0.00    0.00    0.00    1.00     0  listener
12:10:05 PM  1000     35827    0.00    1.00    0.00    0.00    1.00     2  listener
12:10:05 PM  1000     35829    0.00    1.00    0.00    0.00    1.00     2  listener
12:10:05 PM  1000     35858    1.00    0.00    0.00    0.00    1.00    18  listener
12:10:05 PM  1000     35905    1.00    0.00    0.00    0.00    1.00     5  listener
12:10:05 PM  1000     35916    0.00    1.00    0.00    0.00    1.00    10  listener
12:10:05 PM  1000     35918    1.00    1.00    0.00    0.00    2.00     0  listener
12:10:05 PM  1000     35956    1.00    0.00    0.00    0.00    1.00    16  listener
12:10:05 PM  1000     36003    0.00    1.00    0.00    0.00    1.00     2  listener

12:10:05 PM   UID       PID    %usr %system  %guest   %wait    %CPU   CPU  Command
12:10:06 PM  1000     33667    0.00    0.00    0.00    0.00    0.00    11  listener
12:10:06 PM  1000     33669    0.00    2.00    0.00    0.00    2.00     3  listener
12:10:06 PM  1000     33671    1.00    0.00    0.00    0.00    1.00     3  listener
12:10:06 PM  1000     33673    1.00    1.00    0.00    0.00    2.00     1  listener
12:10:06 PM  1000     33675    0.00    0.00    0.00    0.00    0.00    10  listener
12:10:06 PM  1000     33677    0.00    1.00    0.00    0.00    1.00     2  listener
12:10:06 PM  1000     33679    0.00    0.00    0.00    0.00    0.00    14  listener
12:10:06 PM  1000     33681    1.00    0.00    0.00    0.00    1.00     2  listener
12:10:06 PM  1000     33683    0.00    1.00    0.00    0.00    1.00    11  listener
12:10:06 PM  1000     33685    0.00    1.00    0.00    0.00    1.00    14  listener
12:10:06 PM  1000     33687    0.00    0.00    0.00    0.00    0.00     7  listener
12:10:06 PM  1000     33689    1.00    0.00    0.00    0.00    1.00     5  listener
12:10:06 PM  1000     33692    1.00    0.00    0.00    0.00    1.00     7  listener
12:10:06 PM  1000     33702    1.00    1.00    0.00    0.00    2.00     7  listener
12:10:06 PM  1000     33704    1.00    0.00    0.00    0.00    1.00    18  listener
12:10:06 PM  1000     33706    0.00    0.00    0.00    0.00    0.00     9  listener
12:10:06 PM  1000     33711    1.00    1.00    0.00    0.00    2.00     6  listener
12:10:06 PM  1000     33797    1.00    0.00    0.00    0.00    1.00    18  listener
12:10:06 PM  1000     33882    1.00    0.00    0.00    0.00    1.00     7  listener
12:10:06 PM  1000     33885    1.00    0.00    0.00    0.00    1.00    14  listener
12:10:06 PM  1000     33903    1.00    1.00    0.00    0.00    2.00     2  listener
12:10:06 PM  1000     33970    1.00    0.00    0.00    0.00    1.00     6  listener
12:10:06 PM  1000     33972    1.00    0.00    0.00    0.00    1.00    16  listener
12:10:06 PM  1000     33974    1.00    0.00    0.00    0.00    1.00    17  listener
12:10:06 PM  1000     34012    1.00    1.00    0.00    0.00    2.00    16  listener
12:10:06 PM  1000     34041    0.00    1.00    0.00    0.00    1.00    13  listener
12:10:06 PM  1000     34070    1.00    1.00    0.00    0.00    2.00    11  listener
12:10:06 PM  1000     34081    1.00    0.00    0.00    0.00    1.00     5  listener
12:10:06 PM  1000     34092    0.00    0.00    0.00    0.00    0.00    15  listener
12:10:06 PM  1000     34094    1.00    1.00    0.00    0.00    2.00     2  listener
12:10:06 PM  1000     34096    1.00    0.00    0.00    0.00    1.00    14  listener
12:10:06 PM  1000     34098    1.00    1.00    0.00    0.00    2.00     5  listener
12:10:06 PM  1000     34100    1.00    0.00    0.00    0.00    1.00     1  listener
12:10:06 PM  1000     34129    0.00    1.00    0.00    0.00    1.00     8  listener
12:10:06 PM  1000     34184    1.00    0.00    0.00    0.00    1.00    18  listener
12:10:06 PM  1000     34241    0.00    1.00    0.00    0.00    1.00     3  listener
12:10:06 PM  1000     34261    1.00    0.00    0.00    0.00    1.00     0  listener
12:10:06 PM  1000     34281    1.00    0.00    0.00    0.00    1.00    18  listener
12:10:06 PM  1000     34318    0.00    1.00    0.00    0.00    1.00    12  listener
12:10:06 PM  1000     34348    0.00    0.00    0.00    0.00    0.00    12  listener
12:10:06 PM  1000     34377    1.00    0.00    0.00    0.00    1.00    13  listener
12:10:06 PM  1000     34389    0.00    2.00    0.00    0.00    2.00     3  listener
12:10:06 PM  1000     34402    1.00    0.00    0.00    0.00    1.00    17  listener
12:10:06 PM  1000     34440    1.00    0.00    0.00    0.00    1.00    16  listener
12:10:06 PM  1000     34469    1.00    1.00    0.00    0.00    2.00     5  listener
12:10:06 PM  1000     34480    0.00    1.00    0.00    0.00    1.00     2  listener
12:10:06 PM  1000     34491    0.00    0.00    0.00    0.00    0.00     7  listener
12:10:06 PM  1000     34504    0.00    0.00    0.00    0.00    0.00     1  listener
12:10:06 PM  1000     34541    1.00    0.00    0.00    0.00    1.00     7  listener
12:10:06 PM  1000     34588    0.00    1.00    0.00    0.00    1.00     1  listener
12:10:06 PM  1000     34590    1.00    0.00    0.00    0.00    1.00     9  listener
12:10:06 PM  1000     34603    1.00    0.00    0.00    0.00    1.00     1  listener
12:10:06 PM  1000     34623    1.00    0.00    0.00    0.00    1.00    13  listener
12:10:06 PM  1000     34642    0.00    1.00    0.00    0.00    1.00    14  listener
12:10:06 PM  1000     34645    0.00    1.00    0.00    0.00    1.00     6  listener
12:10:06 PM  1000     34684    0.00    1.00    0.00    0.00    1.00     5  listener
12:10:06 PM  1000     34712    1.00    0.00    0.00    0.00    1.00    15  listener
12:10:06 PM  1000     34721    0.00    0.00    0.00    0.00    0.00    19  listener
12:10:06 PM  1000     34784    1.00    1.00    0.00    0.00    2.00    14  listener
12:10:06 PM  1000     34790    1.00    1.00    0.00    0.00    2.00    15  listener
12:10:06 PM  1000     34800    0.00    0.00    0.00    0.00    0.00     5  listener
12:10:06 PM  1000     34803    1.00    0.00    0.00    0.00    1.00     7  listener
12:10:06 PM  1000     34805    1.00    0.00    0.00    0.00    1.00    12  listener
12:10:06 PM  1000     34816    0.00    0.00    0.00    0.00    0.00    18  listener
12:10:06 PM  1000     34855    0.00    1.00    0.00    0.00    1.00    12  listener
12:10:06 PM  1000     34874    0.00    1.00    0.00    0.00    1.00     3  listener
12:10:06 PM  1000     34876    0.00    0.00    0.00    0.00    0.00     8  listener
12:10:06 PM  1000     34932    1.00    0.00    0.00    0.00    1.00    15  listener
12:10:06 PM  1000     34934    0.00    0.00    0.00    0.00    0.00     3  listener
12:10:06 PM  1000     34936    0.00    1.00    0.00    0.00    1.00     1  listener
12:10:06 PM  1000     34939    0.00    1.00    0.00    0.00    1.00     1  listener
12:10:06 PM  1000     34962    1.00    1.00    0.00    0.00    2.00    14  listener
12:10:06 PM  1000     34965    0.00    1.00    0.00    0.00    1.00    19  listener
12:10:06 PM  1000     35034    0.00    1.00    0.00    0.00    1.00    17  listener
12:10:06 PM  1000     35036    0.00    0.00    0.00    0.00    0.00     5  listener
12:10:06 PM  1000     35047    0.00    0.00    0.00    0.00    0.00     0  listener
12:10:06 PM  1000     35068    0.00    1.00    0.00    0.00    1.00     0  listener
12:10:06 PM  1000     35114    1.00    1.00    0.00    0.00    2.00     7  listener
12:10:06 PM  1000     35117    1.00    1.00    0.00    0.00    2.00    18  listener
12:10:06 PM  1000     35128    1.00    1.00    0.00    0.00    2.00     8  listener
12:10:06 PM  1000     35164    0.00    0.00    0.00    0.00    0.00    13  listener
12:10:06 PM  1000     35230    0.00    1.00    0.00    0.00    1.00     2  listener
12:10:06 PM  1000     35232    1.00    1.00    0.00    0.00    2.00     9  listener
12:10:06 PM  1000     35234    1.00    1.00    0.00    0.00    2.00     4  listener
12:10:06 PM  1000     35246    1.00    0.00    0.00    0.00    1.00    13  listener
12:10:06 PM  1000     35275    0.00    1.00    0.00    0.00    1.00    18  listener
12:10:06 PM  1000     35281    0.00    0.00    0.00    0.00    0.00    13  listener
12:10:06 PM  1000     35296    0.00    2.00    0.00    0.00    2.00     0  listener
12:10:06 PM  1000     35307    1.00    1.00    0.00    0.00    2.00    11  listener
12:10:06 PM  1000     35327    1.00    1.00    0.00    0.00    2.00    15  listener
12:10:06 PM  1000     35347    1.00    1.00    0.00    0.00    2.00     6  listener
12:10:06 PM  1000     35358    0.00    1.00    0.00    0.00    1.00    18  listener
12:10:06 PM  1000     35369    1.00    0.00    0.00    0.00    1.00     1  listener
12:10:06 PM  1000     35389    0.00    0.00    0.00    0.00    0.00    11  listener
12:10:06 PM  1000     35409    0.00    1.00    0.00    0.00    1.00    12  listener
12:10:06 PM  1000     35428    1.00    1.00    0.00    0.00    2.00     9  listener
12:10:06 PM  1000     35432    0.00    1.00    0.00    0.00    1.00     9  listener
12:10:06 PM  1000     35434    0.00    1.00    0.00    0.00    1.00     8  listener
12:10:06 PM  1000     35445    1.00    0.00    0.00    0.00    1.00     5  listener
12:10:06 PM  1000     35467    0.00    1.00    0.00    0.00    1.00    13  listener
12:10:06 PM  1000     35487    1.00    0.00    0.00    0.00    1.00     8  listener
12:10:06 PM  1000     35524    0.00    1.00    0.00    0.00    1.00    12  listener
12:10:06 PM  1000     35544    1.00    1.00    0.00    0.00    2.00     1  listener
12:10:06 PM  1000     35546    1.00    1.00    0.00    0.00    2.00     6  listener
12:10:06 PM  1000     35558    1.00    0.00    0.00    0.00    1.00     0  listener
12:10:06 PM  1000     35578    0.00    2.00    0.00    0.00    2.00     2  listener
12:10:06 PM  1000     35598    0.00    1.00    0.00    0.00    1.00     4  listener
12:10:06 PM  1000     35629    0.00    0.00    0.00    0.00    0.00     0  listener
12:10:06 PM  1000     35641    0.00    1.00    0.00    0.00    1.00     6  listener
12:10:06 PM  1000     35651    1.00    0.00    0.00    0.00    1.00    18  listener
12:10:06 PM  1000     35673    1.00    1.00    0.00    0.00    2.00    19  listener
12:10:06 PM  1000     35701    1.00    0.00    0.00    0.00    1.00    15  listener
12:10:06 PM  1000     35703    1.00    1.00    0.00    0.00    2.00    15  listener
12:10:06 PM  1000     35723    0.00    1.00    0.00    0.00    1.00     8  listener
12:10:06 PM  1000     35734    0.00    1.00    0.00    0.00    1.00     2  listener
12:10:06 PM  1000     35745    1.00    1.00    0.00    0.00    2.00     6  listener
12:10:06 PM  1000     35764    1.00    0.00    0.00    0.00    1.00     9  listener
12:10:06 PM  1000     35777    0.00    1.00    0.00    0.00    1.00    14  listener
12:10:06 PM  1000     35787    1.00    0.00    0.00    0.00    1.00     3  listener
12:10:06 PM  1000     35825    0.00    1.00    0.00    0.00    1.00     1  listener
12:10:06 PM  1000     35827    0.00    1.00    0.00    0.00    1.00    12  listener
12:10:06 PM  1000     35829    0.00    1.00    0.00    0.00    1.00    18  listener
12:10:06 PM  1000     35858    0.00    0.00    0.00    0.00    0.00    18  listener
12:10:06 PM  1000     35905    0.00    1.00    0.00    0.00    1.00    10  listener
12:10:06 PM  1000     35916    1.00    0.00    0.00    0.00    1.00    13  listener
12:10:06 PM  1000     35918    0.00    1.00    0.00    0.00    1.00    15  listener
12:10:06 PM  1000     35956    0.00    1.00    0.00    0.00    1.00    14  listener
12:10:06 PM  1000     36003    1.00    0.00    0.00    0.00    1.00     6  listener

12:10:06 PM   UID       PID    %usr %system  %guest   %wait    %CPU   CPU  Command
12:10:07 PM  1000     33667    1.00    1.00    0.00    0.00    2.00    15  listener
12:10:07 PM  1000     33669    0.00    1.00    0.00    0.00    1.00     8  listener
12:10:07 PM  1000     33671    0.00    1.00    0.00    0.00    1.00    10  listener
12:10:07 PM  1000     33673    0.00    0.00    0.00    0.00    0.00     2  listener
12:10:07 PM  1000     33675    1.00    1.00    0.00    0.00    2.00    15  listener
12:10:07 PM  1000     33677    1.00    0.00    0.00    0.00    1.00    12  listener
12:10:07 PM  1000     33679    1.00    1.00    0.00    0.00    2.00    15  listener
12:10:07 PM  1000     33681    1.00    1.00    0.00    0.00    2.00     3  listener
12:10:07 PM  1000     33683    0.00    0.00    0.00    0.00    0.00    16  listener
12:10:07 PM  1000     33685    1.00    1.00    0.00    0.00    2.00     2  listener
12:10:07 PM  1000     33687    1.00    0.00    0.00    0.00    1.00     6  listener
12:10:07 PM  1000     33689    0.00    0.00    0.00    0.00    0.00    13  listener
12:10:07 PM  1000     33692    1.00    1.00    0.00    0.00    2.00    18  listener
12:10:07 PM  1000     33702    0.00    0.00    0.00    0.00    0.00     8  listener
12:10:07 PM  1000     33704    0.00    1.00    0.00    0.00    1.00    17  listener
12:10:07 PM  1000     33706    1.00    1.00    0.00    0.00    2.00    11  listener
12:10:07 PM  1000     33711    1.00    0.00    0.00    0.00    1.00     8  listener
12:10:07 PM  1000     33797    0.00    1.00    0.00    0.00    1.00     2  listener
12:10:07 PM  1000     33882    1.00    0.00    0.00    0.00    1.00    14  listener
12:10:07 PM  1000     33885    1.00    1.00    0.00    0.00    2.00    10  listener
12:10:07 PM  1000     33903    0.00    0.00    0.00    0.00    0.00     2  listener
12:10:07 PM  1000     33970    1.00    0.00    0.00    0.00    1.00    12  listener
12:10:07 PM  1000     33972    0.00    1.00    0.00    0.00    1.00    10  listener
12:10:07 PM  1000     33974    0.00    1.00    0.00    0.00    1.00    18  listener
12:10:07 PM  1000     34012    0.00    0.00    0.00    0.00    0.00     3  listener
12:10:07 PM  1000     34041    1.00    0.00    0.00    0.00    1.00     3  listener
12:10:07 PM  1000     34070    1.00    0.00    0.00    0.00    1.00    12  listener
12:10:07 PM  1000     34081    0.00    0.00    0.00    0.00    0.00    11  listener
12:10:07 PM  1000     34092    0.00    1.00    0.00    0.00    1.00     8  listener
12:10:07 PM  1000     34094    1.00    0.00    0.00    0.00    1.00     3  listener
12:10:07 PM  1000     34096    1.00    0.00    0.00    0.00    1.00     5  listener
12:10:07 PM  1000     34098    0.00    0.00    0.00    0.00    0.00     8  listener
12:10:07 PM  1000     34100    1.00    1.00    0.00    0.00    2.00    17  listener
12:10:07 PM  1000     34129    0.00    1.00    0.00    0.00    1.00    15  listener
12:10:07 PM  1000     34184    0.00    1.00    0.00    0.00    1.00     2  listener
12:10:07 PM  1000     34241    1.00    0.00    0.00    0.00    1.00    18  listener
12:10:07 PM  1000     34261    0.00    1.00    0.00    0.00    1.00    19  listener
12:10:07 PM  1000     34281    0.00    1.00    0.00    0.00    1.00     3  listener
12:10:07 PM  1000     34318    1.00    1.00    0.00    0.00    2.00     9  listener
12:10:07 PM  1000     34348    1.00    1.00    0.00    0.00    2.00     7  listener
12:10:07 PM  1000     34377    0.00    1.00    0.00    0.00    1.00    12  listener
12:10:07 PM  1000     34389    0.00    0.00    0.00    0.00    0.00    12  listener
12:10:07 PM  1000     34402    1.00    0.00    0.00    0.00    1.00    14  listener
12:10:07 PM  1000     34440    0.00    1.00    0.00    0.00    1.00    17  listener
12:10:07 PM  1000     34469    0.00    0.00    0.00    0.00    0.00    16  listener
12:10:07 PM  1000     34480    0.00    1.00    0.00    0.00    1.00     7  listener
12:10:07 PM  1000     34491    1.00    1.00    0.00    0.00    2.00    14  listener
12:10:07 PM  1000     34504    1.00    1.00    0.00    0.00    2.00    18  listener
12:10:07 PM  1000     34541    0.00    0.00    0.00    0.00    0.00     9  listener
12:10:07 PM  1000     34588    1.00    0.00    0.00    0.00    1.00     7  listener
12:10:07 PM  1000     34590    0.00    1.00    0.00    0.00    1.00     8  listener
12:10:07 PM  1000     34603    1.00    0.00    0.00    0.00    1.00     0  listener
12:10:07 PM  1000     34623    0.00    1.00    0.00    0.00    1.00    10  listener
12:10:07 PM  1000     34642    1.00    0.00    0.00    0.00    1.00    15  listener
12:10:07 PM  1000     34645    1.00    0.00    0.00    0.00    1.00     0  listener
12:10:07 PM  1000     34684    1.00    0.00    0.00    0.00    1.00     1  listener
12:10:07 PM  1000     34712    1.00    0.00    0.00    0.00    1.00     1  listener
12:10:07 PM  1000     34721    1.00    1.00    0.00    0.00    2.00     2  listener
12:10:07 PM  1000     34784    0.00    0.00    0.00    0.00    0.00    14  listener
12:10:07 PM  1000     34790    0.00    1.00    0.00    0.00    1.00     0  listener
12:10:07 PM  1000     34800    1.00    1.00    0.00    0.00    2.00    18  listener
12:10:07 PM  1000     34803    0.00    0.00    0.00    0.00    0.00     8  listener
12:10:07 PM  1000     34805    1.00    0.00    0.00    0.00    1.00    15  listener
12:10:07 PM  1000     34816    1.00    1.00    0.00    0.00    2.00     2  listener
12:10:07 PM  1000     34855    1.00    0.00    0.00    0.00    1.00     1  listener
12:10:07 PM  1000     34874    0.00    1.00    0.00    0.00    1.00    17  listener
12:10:07 PM  1000     34876    1.00    1.00    0.00    0.00    2.00    14  listener
12:10:07 PM  1000     34932    1.00    0.00    0.00    0.00    1.00    18  listener
12:10:07 PM  1000     34934    1.00    1.00    0.00    0.00    2.00     5  listener
12:10:07 PM  1000     34936    1.00    1.00    0.00    0.00    2.00     1  listener
12:10:07 PM  1000     34939    1.00    0.00    0.00    0.00    1.00    10  listener
12:10:07 PM  1000     34962    0.00    0.00    0.00    0.00    0.00     6  listener
12:10:07 PM  1000     34965    1.00    0.00    0.00    0.00    1.00     8  listener
12:10:07 PM  1000     35034    1.00    0.00    0.00    0.00    1.00     8  listener
12:10:07 PM  1000     35036    1.00    0.00    0.00    0.00    1.00    18  listener
12:10:07 PM  1000     35047    1.00    1.00    0.00    0.00    2.00     3  listener
12:10:07 PM  1000     35068    1.00    0.00    0.00    0.00    1.00    15  listener
12:10:07 PM  1000     35114    1.00    0.00    0.00    0.00    1.00    12  listener
12:10:07 PM  1000     35117    0.00    1.00    0.00    0.00    1.00    10  listener
12:10:07 PM  1000     35128    0.00    0.00    0.00    0.00    0.00    13  listener
12:10:07 PM  1000     35164    1.00    0.00    0.00    0.00    1.00     3  listener
12:10:07 PM  1000     35230    0.00    1.00    0.00    0.00    1.00    15  listener
12:10:07 PM  1000     35232    0.00    0.00    0.00    0.00    0.00     3  listener
12:10:07 PM  1000     35234    0.00    0.00    0.00    0.00    0.00     8  listener
12:10:07 PM  1000     35246    1.00    1.00    0.00    0.00    2.00    19  listener
12:10:07 PM  1000     35275    1.00    0.00    0.00    0.00    1.00    18  listener
12:10:07 PM  1000     35281    1.00    0.00    0.00    0.00    1.00    17  listener
12:10:07 PM  1000     35296    1.00    0.00    0.00    0.00    1.00     3  listener
12:10:07 PM  1000     35307    0.00    0.00    0.00    0.00    0.00     2  listener
12:10:07 PM  1000     35327    0.00    0.00    0.00    0.00    0.00    14  listener
12:10:07 PM  1000     35347    1.00    0.00    0.00    0.00    1.00     8  listener
12:10:07 PM  1000     35358    1.00    1.00    0.00    0.00    2.00    10  listener
12:10:07 PM  1000     35369    0.00    1.00    0.00    0.00    1.00     1  listener
12:10:07 PM  1000     35389    1.00    1.00    0.00    0.00    2.00     1  listener
12:10:07 PM  1000     35409    1.00    0.00    0.00    0.00    1.00    10  listener
12:10:07 PM  1000     35428    1.00    0.00    0.00    0.00    1.00    17  listener
12:10:07 PM  1000     35432    0.00    1.00    0.00    0.00    1.00    19  listener
12:10:07 PM  1000     35434    0.00    1.00    0.00    0.00    1.00     9  listener
12:10:07 PM  1000     35445    0.00    1.00    0.00    0.00    1.00    10  listener
12:10:07 PM  1000     35467    1.00    0.00    0.00    0.00    1.00    16  listener
12:10:07 PM  1000     35487    0.00    1.00    0.00    0.00    1.00     6  listener
12:10:07 PM  1000     35524    0.00    1.00    0.00    0.00    1.00     7  listener
12:10:07 PM  1000     35544    0.00    0.00    0.00    0.00    0.00    10  listener
12:10:07 PM  1000     35546    0.00    0.00    0.00    0.00    0.00     5  listener
12:10:07 PM  1000     35558    0.00    1.00    0.00    0.00    1.00     0  listener
12:10:07 PM  1000     35578    0.00    0.00    0.00    0.00    0.00     6  listener
12:10:07 PM  1000     35598    1.00    0.00    0.00    0.00    1.00     3  listener
12:10:07 PM  1000     35629    1.00    1.00    0.00    0.00    2.00    13  listener
12:10:07 PM  1000     35641    0.00    1.00    0.00    0.00    1.00     1  listener
12:10:07 PM  1000     35651    0.00    1.00    0.00    0.00    1.00    18  listener
12:10:07 PM  1000     35673    0.00    0.00    0.00    0.00    0.00    14  listener
12:10:07 PM  1000     35701    0.00    1.00    0.00    0.00    1.00     9  listener
12:10:07 PM  1000     35703    1.00    0.00    0.00    0.00    1.00    13  listener
12:10:07 PM  1000     35723    0.00    1.00    0.00    0.00    1.00    10  listener
12:10:07 PM  1000     35734    0.00    0.00    0.00    0.00    0.00     2  listener
12:10:07 PM  1000     35745    0.00    0.00    0.00    0.00    0.00     5  listener
12:10:07 PM  1000     35764    0.00    1.00    0.00    0.00    1.00     1  listener
12:10:07 PM  1000     35777    1.00    1.00    0.00    0.00    2.00    19  listener
12:10:07 PM  1000     35787    1.00    1.00    0.00    0.00    2.00    13  listener
12:10:07 PM  1000     35825    1.00    0.00    0.00    0.00    1.00    16  listener
12:10:07 PM  1000     35827    1.00    1.00    0.00    0.00    2.00     1  listener
12:10:07 PM  1000     35829    0.00    1.00    0.00    0.00    1.00    16  listener
12:10:07 PM  1000     35858    1.00    1.00    0.00    0.00    2.00     2  listener
12:10:07 PM  1000     35905    0.00    0.00    0.00    0.00    0.00    13  listener
12:10:07 PM  1000     35916    1.00    1.00    0.00    0.00    2.00     7  listener
12:10:07 PM  1000     35918    1.00    0.00    0.00    0.00    1.00    12  listener
12:10:07 PM  1000     35956    1.00    0.00    0.00    0.00    1.00     6  listener
12:10:07 PM  1000     36003    1.00    0.00    0.00    0.00    1.00     2  listener

12:10:07 PM   UID       PID    %usr %system  %guest   %wait    %CPU   CPU  Command
12:10:08 PM  1000     33667    0.00    1.00    0.00    0.00    1.00    10  listener
12:10:08 PM  1000     33669    0.00    0.00    0.00    0.00    0.00    14  listener
12:10:08 PM  1000     33671    1.00    0.00    0.00    0.00    1.00     5  listener
12:10:08 PM  1000     33673    1.00    1.00    0.00    0.00    2.00    17  listener
12:10:08 PM  1000     33675    0.00    0.00    0.00    0.00    0.00    15  listener
12:10:08 PM  1000     33677    1.00    0.00    0.00    0.00    1.00     6  listener
12:10:08 PM  1000     33679    0.00    0.00    0.00    0.00    0.00     7  listener
12:10:08 PM  1000     33681    1.00    0.00    0.00    0.00    1.00     0  listener
12:10:08 PM  1000     33683    0.00    2.00    0.00    0.00    2.00    16  listener
12:10:08 PM  1000     33685    0.00    0.00    0.00    0.00    0.00     3  listener
12:10:08 PM  1000     33687    1.00    1.00    0.00    0.00    2.00     3  listener
12:10:08 PM  1000     33689    1.00    1.00    0.00    0.00    2.00    15  listener
12:10:08 PM  1000     33692    0.00    0.00    0.00    0.00    0.00    10  listener
12:10:08 PM  1000     33702    1.00    1.00    0.00    0.00    2.00    10  listener
12:10:08 PM  1000     33704    1.00    0.00    0.00    0.00    1.00    12  listener
12:10:08 PM  1000     33706    1.00    0.00    0.00    0.00    1.00     5  listener
12:10:08 PM  1000     33711    1.00    0.00    0.00    0.00    1.00     3  listener
12:10:08 PM  1000     33797    1.00    0.00    0.00    0.00    1.00    15  listener
12:10:08 PM  1000     33882    1.00    0.00    0.00    0.00    1.00    15  listener
12:10:08 PM  1000     33885    0.00    0.00    0.00    0.00    0.00    19  listener
12:10:08 PM  1000     33903    1.00    0.00    0.00    0.00    1.00     8  listener
12:10:08 PM  1000     33970    0.00    1.00    0.00    0.00    1.00    18  listener
12:10:08 PM  1000     33972    1.00    0.00    0.00    0.00    1.00     3  listener
12:10:08 PM  1000     33974    1.00    1.00    0.00    0.00    2.00     6  listener
12:10:08 PM  1000     34012    1.00    1.00    0.00    0.00    2.00     6  listener
12:10:08 PM  1000     34041    1.00    1.00    0.00    0.00    2.00     4  listener
12:10:08 PM  1000     34070    0.00    0.00    0.00    0.00    0.00     5  listener
12:10:08 PM  1000     34081    1.00    1.00    0.00    0.00    2.00    17  listener
12:10:08 PM  1000     34092    1.00    0.00    0.00    0.00    1.00    13  listener
12:10:08 PM  1000     34094    0.00    2.00    0.00    0.00    2.00     8  listener
12:10:08 PM  1000     34096    1.00    1.00    0.00    0.00    2.00    14  listener
12:10:08 PM  1000     34098    1.00    0.00    0.00    0.00    1.00    14  listener
12:10:08 PM  1000     34100    0.00    1.00    0.00    0.00    1.00    13  listener
12:10:08 PM  1000     34129    1.00    1.00    0.00    0.00    2.00    16  listener
12:10:08 PM  1000     34184    1.00    0.00    0.00    0.00    1.00     3  listener
12:10:08 PM  1000     34241    0.00    1.00    0.00    0.00    1.00    18  listener
12:10:08 PM  1000     34261    1.00    0.00    0.00    0.00    1.00     1  listener
12:10:08 PM  1000     34281    1.00    0.00    0.00    0.00    1.00    19  listener
12:10:08 PM  1000     34318    0.00    0.00    0.00    0.00    0.00     0  listener
12:10:08 PM  1000     34348    1.00    0.00    0.00    0.00    1.00    14  listener
12:10:08 PM  1000     34377    0.00    1.00    0.00    0.00    1.00    12  listener
12:10:08 PM  1000     34389    0.00    2.00    0.00    0.00    2.00    18  listener
12:10:08 PM  1000     34402    0.00    1.00    0.00    0.00    1.00    15  listener
12:10:08 PM  1000     34440    1.00    0.00    0.00    0.00    1.00    14  listener
12:10:08 PM  1000     34469    1.00    1.00    0.00    0.00    2.00     2  listener
12:10:08 PM  1000     34480    1.00    0.00    0.00    0.00    1.00     7  listener
12:10:08 PM  1000     34491    1.00    0.00    0.00    0.00    1.00    11  listener
12:10:08 PM  1000     34504    1.00    1.00    0.00    0.00    2.00    18  listener
12:10:08 PM  1000     34541    0.00    1.00    0.00    0.00    1.00    18  listener
12:10:08 PM  1000     34588    1.00    0.00    0.00    0.00    1.00    18  listener
12:10:08 PM  1000     34590    1.00    0.00    0.00    0.00    1.00    11  listener
12:10:08 PM  1000     34603    1.00    1.00    0.00    0.00    2.00    10  listener
12:10:08 PM  1000     34623    0.00    1.00    0.00    0.00    1.00    15  listener
12:10:08 PM  1000     34642    1.00    0.00    0.00    0.00    1.00    11  listener
12:10:08 PM  1000     34645    1.00    0.00    0.00    0.00    1.00     8  listener
12:10:08 PM  1000     34684    0.00    1.00    0.00    0.00    1.00    11  listener
12:10:08 PM  1000     34712    0.00    1.00    0.00    0.00    1.00     9  listener
12:10:08 PM  1000     34721    0.00    0.00    0.00    0.00    0.00    16  listener
12:10:08 PM  1000     34784    1.00    1.00    0.00    0.00    2.00     8  listener
12:10:08 PM  1000     34790    0.00    0.00    0.00    0.00    0.00     6  listener
12:10:08 PM  1000     34800    1.00    0.00    0.00    0.00    1.00    10  listener
12:10:08 PM  1000     34803    0.00    2.00    0.00    0.00    2.00     2  listener
12:10:08 PM  1000     34805    1.00    0.00    0.00    0.00    1.00    16  listener
12:10:08 PM  1000     34816    1.00    0.00    0.00    0.00    1.00    13  listener
12:10:08 PM  1000     34855    0.00    2.00    0.00    0.00    2.00    17  listener
12:10:08 PM  1000     34874    1.00    1.00    0.00    0.00    2.00    19  listener
12:10:08 PM  1000     34876    0.00    0.00    0.00    0.00    0.00     3  listener
12:10:08 PM  1000     34932    1.00    1.00    0.00    0.00    2.00    10  listener
12:10:08 PM  1000     34934    1.00    0.00    0.00    0.00    1.00    13  listener
12:10:08 PM  1000     34936    0.00    0.00    0.00    0.00    0.00     6  listener
12:10:08 PM  1000     34939    0.00    1.00    0.00    0.00    1.00     1  listener
12:10:08 PM  1000     34962    1.00    1.00    0.00    0.00    2.00     6  listener
12:10:08 PM  1000     34965    0.00    1.00    0.00    0.00    1.00     0  listener
12:10:08 PM  1000     35034    0.00    1.00    0.00    0.00    1.00    11  listener
12:10:08 PM  1000     35036    1.00    0.00    0.00    0.00    1.00    14  listener
12:10:08 PM  1000     35047    0.00    0.00    0.00    0.00    0.00     8  listener
12:10:08 PM  1000     35068    1.00    1.00    0.00    0.00    2.00     8  listener
12:10:08 PM  1000     35114    0.00    1.00    0.00    0.00    1.00    12  listener
12:10:08 PM  1000     35117    0.00    0.00    0.00    0.00    0.00    18  listener
12:10:08 PM  1000     35128    1.00    1.00    0.00    0.00    2.00    10  listener
12:10:08 PM  1000     35164    1.00    0.00    0.00    0.00    1.00     1  listener
12:10:08 PM  1000     35230    0.00    1.00    0.00    0.00    1.00    10  listener
12:10:08 PM  1000     35232    1.00    1.00    0.00    0.00    2.00     4  listener
12:10:08 PM  1000     35234    1.00    1.00    0.00    0.00    2.00     9  listener
12:10:08 PM  1000     35246    1.00    0.00    0.00    0.00    1.00     1  listener
12:10:08 PM  1000     35275    1.00    0.00    0.00    0.00    1.00    17  listener
12:10:08 PM  1000     35281    1.00    1.00    0.00    0.00    2.00    17  listener
12:10:08 PM  1000     35296    1.00    0.00    0.00    0.00    1.00     3  listener
12:10:08 PM  1000     35307    0.00    2.00    0.00    0.00    2.00    19  listener
12:10:08 PM  1000     35327    1.00    1.00    0.00    0.00    2.00    14  listener
12:10:08 PM  1000     35347    1.00    0.00    0.00    0.00    1.00     2  listener
12:10:08 PM  1000     35358    0.00    0.00    0.00    0.00    0.00     5  listener
12:10:08 PM  1000     35369    1.00    0.00    0.00    0.00    1.00     1  listener
12:10:08 PM  1000     35389    0.00    1.00    0.00    0.00    1.00     4  listener
12:10:08 PM  1000     35409    1.00    0.00    0.00    0.00    1.00    10  listener
12:10:08 PM  1000     35428    0.00    0.00    0.00    0.00    0.00    17  listener
12:10:08 PM  1000     35432    0.00    1.00    0.00    0.00    1.00    16  listener
12:10:08 PM  1000     35434    1.00    0.00    0.00    0.00    1.00     7  listener
12:10:08 PM  1000     35445    1.00    0.00    0.00    0.00    1.00    15  listener
12:10:08 PM  1000     35467    1.00    1.00    0.00    0.00    2.00    10  listener
12:10:08 PM  1000     35487    1.00    0.00    0.00    0.00    1.00    10  listener
12:10:08 PM  1000     35524    0.00    1.00    0.00    0.00    1.00     9  listener
12:10:08 PM  1000     35544    1.00    1.00    0.00    0.00    2.00    11  listener
12:10:08 PM  1000     35546    1.00    1.00    0.00    0.00    2.00    17  listener
12:10:08 PM  1000     35558    1.00    1.00    0.00    0.00    2.00     1  listener
12:10:08 PM  1000     35578    0.00    2.00    0.00    0.00    2.00     8  listener
12:10:08 PM  1000     35598    1.00    1.00    0.00    0.00    2.00     0  listener
12:10:08 PM  1000     35629    1.00    0.00    0.00    0.00    1.00     1  listener
12:10:08 PM  1000     35641    0.00    1.00    0.00    0.00    1.00    15  listener
12:10:08 PM  1000     35651    1.00    1.00    0.00    0.00    2.00     6  listener
12:10:08 PM  1000     35673    1.00    1.00    0.00    0.00    2.00     0  listener
12:10:08 PM  1000     35701    1.00    0.00    0.00    0.00    1.00    15  listener
12:10:08 PM  1000     35703    0.00    1.00    0.00    0.00    1.00    11  listener
12:10:08 PM  1000     35723    1.00    1.00    0.00    0.00    2.00    15  listener
12:10:08 PM  1000     35734    1.00    1.00    0.00    0.00    2.00    17  listener
12:10:08 PM  1000     35745    1.00    1.00    0.00    0.00    2.00    15  listener
12:10:08 PM  1000     35764    0.00    1.00    0.00    0.00    1.00     5  listener
12:10:08 PM  1000     35777    0.00    1.00    0.00    0.00    1.00    16  listener
12:10:08 PM  1000     35787    0.00    1.00    0.00    0.00    1.00    13  listener
12:10:08 PM  1000     35825    1.00    0.00    0.00    0.00    1.00    15  listener
12:10:08 PM  1000     35827    0.00    1.00    0.00    0.00    1.00     0  listener
12:10:08 PM  1000     35829    1.00    1.00    0.00    0.00    2.00    17  listener
12:10:08 PM  1000     35858    1.00    0.00    0.00    0.00    1.00    17  listener
12:10:08 PM  1000     35905    1.00    1.00    0.00    0.00    2.00    18  listener
12:10:08 PM  1000     35916    0.00    0.00    0.00    0.00    0.00     9  listener
12:10:08 PM  1000     35918    1.00    1.00    0.00    0.00    2.00    17  listener
12:10:08 PM  1000     35956    0.00    1.00    0.00    0.00    1.00     7  listener
12:10:08 PM  1000     36003    0.00    1.00    0.00    0.00    1.00    12  listener

12:10:08 PM   UID       PID    %usr %system  %guest   %wait    %CPU   CPU  Command
12:10:09 PM  1000     33667    1.00    0.00    0.00    0.00    1.00    19  listener
12:10:09 PM  1000     33669    1.00    1.00    0.00    0.00    2.00     3  listener
12:10:09 PM  1000     33671    0.00    1.00    0.00    0.00    1.00    10  listener
12:10:09 PM  1000     33673    1.00    0.00    0.00    0.00    1.00    11  listener
12:10:09 PM  1000     33675    1.00    1.00    0.00    0.00    2.00     0  listener
12:10:09 PM  1000     33677    1.00    1.00    0.00    0.00    2.00     0  listener
12:10:09 PM  1000     33679    1.00    0.00    0.00    0.00    1.00     7  listener
12:10:09 PM  1000     33681    0.00    0.00    0.00    0.00    0.00    17  listener
12:10:09 PM  1000     33683    0.00    1.00    0.00    0.00    1.00     9  listener
12:10:09 PM  1000     33685    0.00    1.00    0.00    0.00    1.00    13  listener
12:10:09 PM  1000     33687    0.00    0.00    0.00    0.00    0.00     5  listener
12:10:09 PM  1000     33689    1.00    0.00    0.00    0.00    1.00     3  listener
12:10:09 PM  1000     33692    1.00    0.00    0.00    0.00    1.00     1  listener
12:10:09 PM  1000     33702    1.00    0.00    0.00    0.00    1.00    13  listener
12:10:09 PM  1000     33704    1.00    0.00    0.00    0.00    1.00    13  listener
12:10:09 PM  1000     33706    0.00    0.00    0.00    0.00    0.00     1  listener
12:10:09 PM  1000     33711    1.00    0.00    0.00    0.00    1.00    14  listener
12:10:09 PM  1000     33797    1.00    0.00    0.00    0.00    1.00     0  listener
12:10:09 PM  1000     33882    0.00    0.00    0.00    0.00    0.00     8  listener
12:10:09 PM  1000     33885    1.00    1.00    0.00    0.00    2.00    17  listener
12:10:09 PM  1000     33903    0.00    1.00    0.00    0.00    1.00    12  listener
12:10:09 PM  1000     33970    1.00    1.00    0.00    0.00    2.00     8  listener
12:10:09 PM  1000     33972    0.00    0.00    0.00    0.00    0.00     6  listener
12:10:09 PM  1000     33974    0.00    0.00    0.00    0.00    0.00    15  listener
12:10:09 PM  1000     34012    1.00    0.00    0.00    0.00    1.00     3  listener
12:10:09 PM  1000     34041    0.00    0.00    0.00    0.00    0.00    12  listener
12:10:09 PM  1000     34070    1.00    1.00    0.00    0.00    2.00     7  listener
12:10:09 PM  1000     34081    0.00    0.00    0.00    0.00    0.00     0  listener
12:10:09 PM  1000     34092    1.00    0.00    0.00    0.00    1.00    19  listener
12:10:09 PM  1000     34094    0.00    1.00    0.00    0.00    1.00     5  listener
12:10:09 PM  1000     34096    0.00    0.00    0.00    0.00    0.00    12  listener
12:10:09 PM  1000     34098    1.00    1.00    0.00    0.00    2.00    13  listener
12:10:09 PM  1000     34100    0.00    1.00    0.00    0.00    1.00     6  listener
12:10:09 PM  1000     34129    0.00    0.00    0.00    0.00    0.00     3  listener
12:10:09 PM  1000     34184    1.00    0.00    0.00    0.00    1.00     1  listener
12:10:09 PM  1000     34241    1.00    0.00    0.00    0.00    1.00    17  listener
12:10:09 PM  1000     34261    0.00    0.00    0.00    0.00    0.00     2  listener
12:10:09 PM  1000     34281    1.00    1.00    0.00    0.00    2.00     2  listener
12:10:09 PM  1000     34318    1.00    1.00    0.00    0.00    2.00    16  listener
12:10:09 PM  1000     34348    0.00    1.00    0.00    0.00    1.00     5  listener
12:10:09 PM  1000     34377    0.00    1.00    0.00    0.00    1.00     0  listener
12:10:09 PM  1000     34389    0.00    0.00    0.00    0.00    0.00     0  listener
12:10:09 PM  1000     34402    1.00    0.00    0.00    0.00    1.00     0  listener
12:10:09 PM  1000     34440    1.00    0.00    0.00    0.00    1.00     9  listener
12:10:09 PM  1000     34469    0.00    0.00    0.00    0.00    0.00     3  listener
12:10:09 PM  1000     34480    0.00    1.00    0.00    0.00    1.00     6  listener
12:10:09 PM  1000     34491    1.00    0.00    0.00    0.00    1.00    11  listener
12:10:09 PM  1000     34504    0.00    0.00    0.00    0.00    0.00    18  listener
12:10:09 PM  1000     34541    1.00    0.00    0.00    0.00    1.00     9  listener
12:10:09 PM  1000     34588    0.00    1.00    0.00    0.00    1.00     1  listener
12:10:09 PM  1000     34590    0.00    1.00    0.00    0.00    1.00    16  listener
12:10:09 PM  1000     34603    0.00    0.00    0.00    0.00    0.00     8  listener
12:10:09 PM  1000     34623    1.00    0.00    0.00    0.00    1.00    17  listener
12:10:09 PM  1000     34642    0.00    1.00    0.00    0.00    1.00     0  listener
12:10:09 PM  1000     34645    0.00    1.00    0.00    0.00    1.00     8  listener
12:10:09 PM  1000     34684    0.00    1.00    0.00    0.00    1.00     3  listener
12:10:09 PM  1000     34712    1.00    1.00    0.00    0.00    2.00     9  listener
12:10:09 PM  1000     34721    1.00    0.00    0.00    0.00    1.00     8  listener
12:10:09 PM  1000     34784    1.00    0.00    0.00    0.00    1.00     3  listener
12:10:09 PM  1000     34790    1.00    0.00    0.00    0.00    1.00     0  listener
12:10:09 PM  1000     34800    0.00    0.00    0.00    0.00    0.00    15  listener
12:10:09 PM  1000     34803    1.00    1.00    0.00    0.00    2.00     6  listener
12:10:09 PM  1000     34805    0.00    1.00    0.00    0.00    1.00     7  listener
12:10:09 PM  1000     34816    1.00    0.00    0.00    0.00    1.00    14  listener
12:10:09 PM  1000     34855    0.00    0.00    0.00    0.00    0.00     0  listener
12:10:09 PM  1000     34874    0.00    1.00    0.00    0.00    1.00    14  listener
12:10:09 PM  1000     34876    1.00    0.00    0.00    0.00    1.00    15  listener
12:10:09 PM  1000     34932    0.00    0.00    0.00    0.00    0.00     3  listener
12:10:09 PM  1000     34934    0.00    0.00    0.00    0.00    0.00     0  listener
12:10:09 PM  1000     34936    1.00    1.00    0.00    0.00    2.00    18  listener
12:10:09 PM  1000     34939    0.00    1.00    0.00    0.00    1.00     6  listener
12:10:09 PM  1000     34962    1.00    0.00    0.00    0.00    1.00     6  listener
12:10:09 PM  1000     34965    0.00    1.00    0.00    0.00    1.00     8  listener
12:10:09 PM  1000     35034    1.00    0.00    0.00    0.00    1.00    11  listener
12:10:09 PM  1000     35036    0.00    1.00    0.00    0.00    1.00     3  listener
12:10:09 PM  1000     35047    1.00    1.00    0.00    0.00    2.00     9  listener
12:10:09 PM  1000     35068    0.00    0.00    0.00    0.00    0.00     0  listener
12:10:09 PM  1000     35114    0.00    1.00    0.00    0.00    1.00    17  listener
12:10:09 PM  1000     35117    1.00    1.00    0.00    0.00    2.00     9  listener
12:10:09 PM  1000     35128    0.00    0.00    0.00    0.00    0.00     1  listener
12:10:09 PM  1000     35164    1.00    1.00    0.00    0.00    2.00     1  listener
12:10:09 PM  1000     35230    1.00    0.00    0.00    0.00    1.00     9  listener
12:10:09 PM  1000     35232    1.00    0.00    0.00    0.00    1.00    12  listener
12:10:09 PM  1000     35234    1.00    0.00    0.00    0.00    1.00    15  listener
12:10:09 PM  1000     35246    0.00    0.00    0.00    0.00    0.00    14  listener
12:10:09 PM  1000     35275    1.00    1.00    0.00    0.00    2.00    11  listener
12:10:09 PM  1000     35281    1.00    0.00    0.00    0.00    1.00    17  listener
12:10:09 PM  1000     35296    0.00    1.00    0.00    0.00    1.00    19  listener
12:10:09 PM  1000     35307    1.00    0.00    0.00    0.00    1.00    10  listener
12:10:09 PM  1000     35327    1.00    0.00    0.00    0.00    1.00     5  listener
12:10:09 PM  1000     35347    0.00    0.00    0.00    0.00    0.00     2  listener
12:10:09 PM  1000     35358    1.00    1.00    0.00    0.00    2.00     5  listener
12:10:09 PM  1000     35369    0.00    1.00    0.00    0.00    1.00     2  listener
12:10:09 PM  1000     35389    0.00    1.00    0.00    0.00    1.00    10  listener
12:10:09 PM  1000     35409    0.00    1.00    0.00    0.00    1.00     0  listener
12:10:09 PM  1000     35428    1.00    1.00    0.00    0.00    2.00    13  listener
12:10:09 PM  1000     35432    0.00    1.00    0.00    0.00    1.00     2  listener
12:10:09 PM  1000     35434    0.00    1.00    0.00    0.00    1.00     6  listener
12:10:09 PM  1000     35445    1.00    1.00    0.00    0.00    2.00    14  listener
12:10:09 PM  1000     35467    0.00    0.00    0.00    0.00    0.00     4  listener
12:10:09 PM  1000     35487    1.00    0.00    0.00    0.00    1.00     8  listener
12:10:09 PM  1000     35524    0.00    1.00    0.00    0.00    1.00    13  listener
12:10:09 PM  1000     35544    0.00    0.00    0.00    0.00    0.00    11  listener
12:10:09 PM  1000     35546    0.00    0.00    0.00    0.00    0.00    11  listener
12:10:09 PM  1000     35558    0.00    1.00    0.00    0.00    1.00     6  listener
12:10:09 PM  1000     35578    0.00    0.00    0.00    0.00    0.00     8  listener
12:10:09 PM  1000     35598    1.00    0.00    0.00    0.00    1.00     3  listener
12:10:09 PM  1000     35629    0.00    1.00    0.00    0.00    1.00     5  listener
12:10:09 PM  1000     35641    0.00    0.00    0.00    0.00    0.00    10  listener
12:10:09 PM  1000     35651    0.00    1.00    0.00    0.00    1.00     5  listener
12:10:09 PM  1000     35673    1.00    0.00    0.00    0.00    1.00     7  listener
12:10:09 PM  1000     35701    0.00    1.00    0.00    0.00    1.00    11  listener
12:10:09 PM  1000     35703    1.00    0.00    0.00    0.00    1.00     1  listener
12:10:09 PM  1000     35723    0.00    0.00    0.00    0.00    0.00     2  listener
12:10:09 PM  1000     35734    0.00    0.00    0.00    0.00    0.00    12  listener
12:10:09 PM  1000     35745    1.00    0.00    0.00    0.00    1.00    14  listener
12:10:09 PM  1000     35764    1.00    1.00    0.00    0.00    2.00    12  listener
12:10:09 PM  1000     35777    1.00    0.00    0.00    0.00    1.00     5  listener
12:10:09 PM  1000     35787    0.00    0.00    0.00    0.00    0.00     1  listener
12:10:09 PM  1000     35825    1.00    1.00    0.00    0.00    2.00    16  listener
12:10:09 PM  1000     35827    0.00    1.00    0.00    0.00    1.00     7  listener
12:10:09 PM  1000     35829    0.00    0.00    0.00    0.00    0.00    15  listener
12:10:09 PM  1000     35858    0.00    1.00    0.00    0.00    1.00    16  listener
12:10:09 PM  1000     35905    1.00    0.00    0.00    0.00    1.00    10  listener
12:10:09 PM  1000     35916    1.00    1.00    0.00    0.00    2.00     0  listener
12:10:09 PM  1000     35918    0.00    1.00    0.00    0.00    1.00    10  listener
12:10:09 PM  1000     35956    1.00    0.00    0.00    0.00    1.00     1  listener
12:10:09 PM  1000     36003    1.00    0.00    0.00    0.00    1.00     5  listener

12:10:09 PM   UID       PID    %usr %system  %guest   %wait    %CPU   CPU  Command
12:10:10 PM  1000     33667    0.00    2.00    0.00    0.00    2.00     5  listener
12:10:10 PM  1000     33669    1.00    0.00    0.00    0.00    1.00    16  listener
12:10:10 PM  1000     33671    1.00    1.00    0.00    0.00    2.00    15  listener
12:10:10 PM  1000     33673    0.00    1.00    0.00    0.00    1.00    17  listener
12:10:10 PM  1000     33675    0.00    1.00    0.00    0.00    1.00     6  listener
12:10:10 PM  1000     33677    0.00    1.00    0.00    0.00    1.00    16  listener
12:10:10 PM  1000     33679    1.00    0.00    0.00    0.00    1.00    16  listener
12:10:10 PM  1000     33681    0.00    2.00    0.00    0.00    2.00     2  listener
12:10:10 PM  1000     33683    0.00    1.00    0.00    0.00    1.00     5  listener
12:10:10 PM  1000     33685    1.00    0.00    0.00    0.00    1.00    16  listener
12:10:10 PM  1000     33687    0.00    2.00    0.00    0.00    2.00     9  listener
12:10:10 PM  1000     33689    1.00    1.00    0.00    0.00    2.00     0  listener
12:10:10 PM  1000     33692    0.00    1.00    0.00    0.00    1.00     7  listener
12:10:10 PM  1000     33702    0.00    1.00    0.00    0.00    1.00     7  listener
12:10:10 PM  1000     33704    1.00    1.00    0.00    0.00    2.00    12  listener
12:10:10 PM  1000     33706    1.00    1.00    0.00    0.00    2.00    18  listener
12:10:10 PM  1000     33711    1.00    0.00    0.00    0.00    1.00    16  listener
12:10:10 PM  1000     33797    1.00    1.00    0.00    0.00    2.00    13  listener
12:10:10 PM  1000     33882    1.00    1.00    0.00    0.00    2.00    11  listener
12:10:10 PM  1000     33885    1.00    1.00    0.00    0.00    2.00     3  listener
12:10:10 PM  1000     33903    1.00    1.00    0.00    0.00    2.00     6  listener
12:10:10 PM  1000     33970    0.00    1.00    0.00    0.00    1.00     6  listener
12:10:10 PM  1000     33972    1.00    1.00    0.00    0.00    2.00    13  listener
12:10:10 PM  1000     33974    1.00    1.00    0.00    0.00    2.00     7  listener
12:10:10 PM  1000     34012    0.00    1.00    0.00    0.00    1.00     3  listener
12:10:10 PM  1000     34041    1.00    0.00    0.00    0.00    1.00     3  listener
12:10:10 PM  1000     34070    0.00    1.00    0.00    1.00    1.00    15  listener
12:10:10 PM  1000     34081    1.00    1.00    0.00    0.00    2.00    19  listener
12:10:10 PM  1000     34092    1.00    1.00    0.00    0.00    2.00    18  listener
12:10:10 PM  1000     34094    1.00    1.00    0.00    0.00    2.00    13  listener
12:10:10 PM  1000     34096    1.00    1.00    0.00    0.00    2.00     0  listener
12:10:10 PM  1000     34098    1.00    1.00    0.00    0.00    2.00     0  listener
12:10:10 PM  1000     34100    0.00    1.00    0.00    0.00    1.00    16  listener
12:10:10 PM  1000     34129    1.00    1.00    0.00    0.00    2.00    10  listener
12:10:10 PM  1000     34184    1.00    1.00    0.00    1.00    2.00     4  listener
12:10:10 PM  1000     34241    1.00    1.00    0.00    0.00    2.00    18  listener
12:10:10 PM  1000     34261    1.00    1.00    0.00    0.00    2.00     3  listener
12:10:10 PM  1000     34281    0.00    1.00    0.00    0.00    1.00     4  listener
12:10:10 PM  1000     34318    1.00    1.00    0.00    0.00    2.00    16  listener
12:10:10 PM  1000     34348    1.00    0.00    0.00    0.00    1.00     0  listener
12:10:10 PM  1000     34377    0.00    1.00    0.00    0.00    1.00     5  listener
12:10:10 PM  1000     34389    0.00    2.00    0.00    0.00    2.00     8  listener
12:10:10 PM  1000     34402    1.00    0.00    0.00    0.00    1.00     3  listener
12:10:10 PM  1000     34440    1.00    1.00    0.00    0.00    2.00    17  listener
12:10:10 PM  1000     34469    1.00    1.00    0.00    0.00    2.00     2  listener
12:10:10 PM  1000     34480    0.00    2.00    0.00    0.00    2.00     5  listener
12:10:10 PM  1000     34491    0.00    1.00    0.00    0.00    1.00     7  listener
12:10:10 PM  1000     34504    1.00    1.00    0.00    0.00    2.00     2  listener
12:10:10 PM  1000     34541    0.00    2.00    0.00    0.00    2.00     9  listener
12:10:10 PM  1000     34588    1.00    1.00    0.00    0.00    2.00    10  listener
12:10:10 PM  1000     34590    1.00    0.00    0.00    0.00    1.00     8  listener
12:10:10 PM  1000     34603    1.00    0.00    0.00    0.00    1.00    10  listener
12:10:10 PM  1000     34623    1.00    0.00    0.00    0.00    1.00    14  listener
12:10:10 PM  1000     34642    0.00    1.00    0.00    0.00    1.00    19  listener
12:10:10 PM  1000     34645    1.00    0.00    0.00    0.00    1.00     3  listener
12:10:10 PM  1000     34684    2.00    0.00    0.00    0.00    2.00     1  listener
12:10:10 PM  1000     34712    0.00    2.00    0.00    0.00    2.00    12  listener
12:10:10 PM  1000     34721    0.00    1.00    0.00    0.00    1.00     1  listener
12:10:10 PM  1000     34784    0.00    1.00    0.00    0.00    1.00    13  listener
12:10:10 PM  1000     34790    1.00    1.00    0.00    0.00    2.00     2  listener
12:10:10 PM  1000     34800    1.00    1.00    0.00    1.00    2.00     3  listener
12:10:10 PM  1000     34803    0.00    1.00    0.00    0.00    1.00     4  listener
12:10:10 PM  1000     34805    2.00    0.00    0.00    0.00    2.00     2  listener
12:10:10 PM  1000     34816    0.00    1.00    0.00    0.00    1.00    13  listener
12:10:10 PM  1000     34855    0.00    2.00    0.00    0.00    2.00    16  listener
12:10:10 PM  1000     34874    1.00    0.00    0.00    0.00    1.00    15  listener
12:10:10 PM  1000     34876    0.00    1.00    0.00    0.00    1.00     8  listener
12:10:10 PM  1000     34932    1.00    1.00    0.00    0.00    2.00     3  listener
12:10:10 PM  1000     34934    1.00    1.00    0.00    0.00    2.00    11  listener
12:10:10 PM  1000     34936    0.00    2.00    0.00    0.00    2.00    10  listener
12:10:10 PM  1000     34939    1.00    0.00    0.00    0.00    1.00     4  listener
12:10:10 PM  1000     34962    0.00    1.00    0.00    0.00    1.00     2  listener
12:10:10 PM  1000     34965    0.00    2.00    0.00    0.00    2.00     2  listener
12:10:10 PM  1000     35034    0.00    1.00    0.00    0.00    1.00    10  listener
12:10:10 PM  1000     35036    1.00    1.00    0.00    0.00    2.00     3  listener
12:10:10 PM  1000     35047    1.00    0.00    0.00    0.00    1.00    11  listener
12:10:10 PM  1000     35068    1.00    1.00    0.00    0.00    2.00     1  listener
12:10:10 PM  1000     35114    0.00    2.00    0.00    0.00    2.00    15  listener
12:10:10 PM  1000     35117    1.00    1.00    0.00    0.00    2.00     4  listener
12:10:10 PM  1000     35128    0.00    2.00    0.00    1.00    2.00     3  listener
12:10:10 PM  1000     35164    0.00    1.00    0.00    0.00    1.00    14  listener
12:10:10 PM  1000     35230    1.00    1.00    0.00    0.00    2.00     8  listener
12:10:10 PM  1000     35232    1.00    0.00    0.00    0.00    1.00    19  listener
12:10:10 PM  1000     35234    1.00    0.00    0.00    0.00    1.00    12  listener
12:10:10 PM  1000     35246    1.00    1.00    0.00    0.00    2.00     8  listener
12:10:10 PM  1000     35275    1.00    1.00    0.00    0.00    2.00    11  listener
12:10:10 PM  1000     35281    1.00    1.00    0.00    0.00    2.00    17  listener
12:10:10 PM  1000     35296    0.00    1.00    0.00    0.00    1.00     0  listener
12:10:10 PM  1000     35307    1.00    0.00    0.00    0.00    1.00    18  listener
12:10:10 PM  1000     35327    1.00    0.00    0.00    0.00    1.00     8  listener
12:10:10 PM  1000     35347    1.00    1.00    0.00    0.00    2.00     0  listener
12:10:10 PM  1000     35358    1.00    1.00    0.00    0.00    2.00     6  listener
12:10:10 PM  1000     35369    1.00    0.00    0.00    0.00    1.00    13  listener
12:10:10 PM  1000     35389    0.00    2.00    0.00    0.00    2.00     5  listener
12:10:10 PM  1000     35409    1.00    1.00    0.00    0.00    2.00     7  listener
12:10:10 PM  1000     35428    0.00    1.00    0.00    0.00    1.00     8  listener
12:10:10 PM  1000     35432    0.00    2.00    0.00    0.00    2.00    15  listener
12:10:10 PM  1000     35434    2.00    0.00    0.00    0.00    2.00     0  listener
12:10:10 PM  1000     35445    0.00    0.00    0.00    0.00    0.00     2  listener
12:10:10 PM  1000     35467    1.00    1.00    0.00    0.00    2.00    12  listener
12:10:10 PM  1000     35487    1.00    1.00    0.00    0.00    2.00    15  listener
12:10:10 PM  1000     35524    0.00    2.00    0.00    0.00    2.00    12  listener
12:10:10 PM  1000     35544    1.00    1.00    0.00    0.00    2.00     3  listener
12:10:10 PM  1000     35546    0.00    2.00    0.00    0.00    2.00    11  listener
12:10:10 PM  1000     35558    0.00    2.00    0.00    0.00    2.00    13  listener
12:10:10 PM  1000     35578    0.00    2.00    0.00    0.00    2.00     1  listener
12:10:10 PM  1000     35598    0.00    1.00    0.00    0.00    1.00    12  listener
12:10:10 PM  1000     35629    2.00    0.00    0.00    0.00    2.00     8  listener
12:10:10 PM  1000     35641    1.00    1.00    0.00    0.00    2.00     3  listener
12:10:10 PM  1000     35651    0.00    2.00    0.00    0.00    2.00    16  listener
12:10:10 PM  1000     35673    0.00    1.00    0.00    0.00    1.00    14  listener
12:10:10 PM  1000     35701    0.00    1.00    0.00    0.00    1.00    15  listener
12:10:10 PM  1000     35703    0.00    1.00    0.00    0.00    1.00     1  listener
12:10:10 PM  1000     35723    1.00    1.00    0.00    0.00    2.00    12  listener
12:10:10 PM  1000     35734    2.00    1.00    0.00    1.00    3.00    15  listener
12:10:10 PM  1000     35745    1.00    0.00    0.00    0.00    1.00     5  listener
12:10:10 PM  1000     35764    1.00    0.00    0.00    0.00    1.00    12  listener
12:10:10 PM  1000     35777    0.00    2.00    0.00    0.00    2.00     0  listener
12:10:10 PM  1000     35787    1.00    1.00    0.00    0.00    2.00    14  listener
12:10:10 PM  1000     35825    1.00    0.00    0.00    0.00    1.00     3  listener
12:10:10 PM  1000     35827    0.00    2.00    0.00    0.00    2.00    10  listener
12:10:10 PM  1000     35829    1.00    1.00    0.00    0.00    2.00     6  listener
12:10:10 PM  1000     35858    1.00    1.00    0.00    0.00    2.00    18  listener
12:10:10 PM  1000     35905    0.00    1.00    0.00    0.00    1.00    15  listener
12:10:10 PM  1000     35916    1.00    0.00    0.00    0.00    1.00     8  listener
12:10:10 PM  1000     35918    1.00    1.00    0.00    0.00    2.00    13  listener
12:10:10 PM  1000     35956    0.00    2.00    0.00    0.00    2.00    13  listener
12:10:10 PM  1000     36003    1.00    1.00    0.00    0.00    2.00    15  listener

12:10:10 PM   UID       PID    %usr %system  %guest   %wait    %CPU   CPU  Command
12:10:11 PM  1000     33667    0.00    1.00    0.00    0.00    1.00    18  listener
12:10:11 PM  1000     33669    1.00    1.00    0.00    0.00    2.00     9  listener
12:10:11 PM  1000     33671    1.00    0.00    0.00    0.00    1.00    16  listener
12:10:11 PM  1000     33673    1.00    1.00    0.00    0.00    2.00     9  listener
12:10:11 PM  1000     33675    1.00    0.00    0.00    0.00    1.00     3  listener
12:10:11 PM  1000     33677    0.00    2.00    0.00    0.00    2.00     5  listener
12:10:11 PM  1000     33679    2.00    0.00    0.00    0.00    2.00     1  listener
12:10:11 PM  1000     33681    1.00    0.00    0.00    0.00    1.00    18  listener
12:10:11 PM  1000     33683    0.00    2.00    0.00    0.00    2.00     0  listener
12:10:11 PM  1000     33685    1.00    1.00    0.00    0.00    2.00    17  listener
12:10:11 PM  1000     33687    1.00    0.00    0.00    0.00    1.00     2  listener
12:10:11 PM  1000     33689    1.00    0.00    0.00    0.00    1.00    10  listener
12:10:11 PM  1000     33692    1.00    1.00    0.00    0.00    2.00    13  listener
12:10:11 PM  1000     33702    1.00    2.00    0.00    0.00    3.00     1  listener
12:10:11 PM  1000     33704    0.00    0.00    0.00    0.00    0.00     7  listener
12:10:11 PM  1000     33706    1.00    1.00    0.00    0.00    2.00     6  listener
12:10:11 PM  1000     33711    0.00    1.00    0.00    0.00    1.00     6  listener
12:10:11 PM  1000     33797    0.00    0.00    0.00    0.00    0.00     3  listener
12:10:11 PM  1000     33882    0.00    1.00    0.00    0.00    1.00    13  listener
12:10:11 PM  1000     33885    1.00    0.00    0.00    0.00    1.00    15  listener
12:10:11 PM  1000     33903    0.00    1.00    0.00    0.00    1.00     8  listener
12:10:11 PM  1000     33970    0.00    2.00    0.00    0.00    2.00     9  listener
12:10:11 PM  1000     33972    1.00    1.00    0.00    0.00    2.00     6  listener
12:10:11 PM  1000     33974    1.00    1.00    0.00    0.00    2.00     8  listener
12:10:11 PM  1000     34012    1.00    0.00    0.00    0.00    1.00     1  listener
12:10:11 PM  1000     34041    1.00    1.00    0.00    0.00    2.00    17  listener
12:10:11 PM  1000     34070    1.00    1.00    0.00    0.00    2.00    16  listener
12:10:11 PM  1000     34081    1.00    1.00    0.00    0.00    2.00    12  listener
12:10:11 PM  1000     34092    1.00    0.00    0.00    0.00    1.00    12  listener
12:10:11 PM  1000     34094    0.00    1.00    0.00    0.00    1.00     4  listener
12:10:11 PM  1000     34096    1.00    0.00    0.00    0.00    1.00     6  listener
12:10:11 PM  1000     34098    1.00    0.00    0.00    0.00    1.00     8  listener
12:10:11 PM  1000     34100    0.00    2.00    0.00    0.00    2.00     6  listener
12:10:11 PM  1000     34129    1.00    1.00    0.00    0.00    2.00     3  listener
12:10:11 PM  1000     34184    1.00    0.00    0.00    0.00    1.00     3  listener
12:10:11 PM  1000     34241    0.00    1.00    0.00    0.00    1.00    13  listener
12:10:11 PM  1000     34261    1.00    0.00    0.00    0.00    1.00    12  listener
12:10:11 PM  1000     34281    1.00    1.00    0.00    0.00    2.00     5  listener
12:10:11 PM  1000     34318    1.00    1.00    0.00    0.00    2.00    16  listener
12:10:11 PM  1000     34348    1.00    1.00    0.00    0.00    2.00    17  listener
12:10:11 PM  1000     34377    1.00    2.00    0.00    0.00    3.00     9  listener
12:10:11 PM  1000     34389    0.00    1.00    0.00    1.00    1.00     9  listener
12:10:11 PM  1000     34402    1.00    1.00    0.00    0.00    2.00    11  listener
12:10:11 PM  1000     34440    1.00    0.00    0.00    0.00    1.00    16  listener
12:10:11 PM  1000     34469    1.00    1.00    0.00    0.00    2.00    12  listener
12:10:11 PM  1000     34480    0.00    2.00    0.00    0.00    2.00    13  listener
12:10:11 PM  1000     34491    1.00    0.00    0.00    0.00    1.00     4  listener
12:10:11 PM  1000     34504    1.00    0.00    0.00    0.00    1.00     2  listener
12:10:11 PM  1000     34541    0.00    1.00    0.00    0.00    1.00    15  listener
12:10:11 PM  1000     34588    1.00    0.00    0.00    0.00    1.00     0  listener
12:10:11 PM  1000     34590    1.00    1.00    0.00    0.00    2.00     3  listener
12:10:11 PM  1000     34603    1.00    1.00    0.00    0.00    2.00    15  listener
12:10:11 PM  1000     34623    0.00    1.00    0.00    0.00    1.00     2  listener
12:10:11 PM  1000     34642    0.00    2.00    0.00    0.00    2.00     1  listener
12:10:11 PM  1000     34645    1.00    1.00    0.00    0.00    2.00    14  listener
12:10:11 PM  1000     34684    0.00    2.00    0.00    0.00    2.00    18  listener
12:10:11 PM  1000     34712    0.00    1.00    0.00    0.00    1.00     3  listener
12:10:11 PM  1000     34721    1.00    1.00    0.00    0.00    2.00     4  listener
12:10:11 PM  1000     34784    1.00    1.00    0.00    0.00    2.00     5  listener
12:10:11 PM  1000     34790    1.00    1.00    0.00    0.00    2.00    16  listener
12:10:11 PM  1000     34800    1.00    1.00    0.00    0.00    2.00     8  listener
12:10:11 PM  1000     34803    0.00    2.00    0.00    0.00    2.00     9  listener
12:10:11 PM  1000     34805    0.00    1.00    0.00    0.00    1.00    12  listener
12:10:11 PM  1000     34816    1.00    1.00    0.00    0.00    2.00     5  listener
12:10:11 PM  1000     34855    0.00    1.00    0.00    0.00    1.00     8  listener
12:10:11 PM  1000     34874    1.00    1.00    0.00    0.00    2.00     6  listener
12:10:11 PM  1000     34876    1.00    1.00    0.00    0.00    2.00    15  listener
12:10:11 PM  1000     34932    1.00    1.00    0.00    0.00    2.00    16  listener
12:10:11 PM  1000     34934    1.00    0.00    0.00    0.00    1.00     8  listener
12:10:11 PM  1000     34936    0.00    1.00    0.00    0.00    1.00    15  listener
12:10:11 PM  1000     34939    1.00    1.00    0.00    0.00    2.00     9  listener
12:10:11 PM  1000     34962    1.00    1.00    0.00    0.00    2.00    17  listener
12:10:11 PM  1000     34965    0.00    1.00    0.00    0.00    1.00    12  listener
12:10:11 PM  1000     35034    1.00    1.00    0.00    0.00    2.00     8  listener
12:10:11 PM  1000     35036    0.00    1.00    0.00    0.00    1.00     4  listener
12:10:11 PM  1000     35047    1.00    0.00    0.00    0.00    1.00    12  listener
12:10:11 PM  1000     35068    1.00    0.00    0.00    0.00    1.00    11  listener
12:10:11 PM  1000     35114    0.00    1.00    0.00    1.00    1.00     2  listener
12:10:11 PM  1000     35117    0.00    0.00    0.00    0.00    0.00     7  listener
12:10:11 PM  1000     35128    0.00    1.00    0.00    0.00    1.00     2  listener
12:10:11 PM  1000     35164    0.00    2.00    0.00    0.00    2.00     8  listener
12:10:11 PM  1000     35230    0.00    0.00    0.00    0.00    0.00     0  listener
12:10:11 PM  1000     35232    1.00    1.00    0.00    0.00    2.00    10  listener
12:10:11 PM  1000     35234    1.00    1.00    0.00    0.00    2.00    18  listener
12:10:11 PM  1000     35246    1.00    1.00    0.00    0.00    2.00    13  listener
12:10:11 PM  1000     35275    1.00    0.00    0.00    0.00    1.00     3  listener
12:10:11 PM  1000     35281    1.00    0.00    0.00    0.00    1.00     5  listener
12:10:11 PM  1000     35296    0.00    2.00    0.00    0.00    2.00    10  listener
12:10:11 PM  1000     35307    1.00    1.00    0.00    0.00    2.00     4  listener
12:10:11 PM  1000     35327    0.00    1.00    0.00    0.00    1.00    18  listener
12:10:11 PM  1000     35347    1.00    1.00    0.00    0.00    2.00     8  listener
12:10:11 PM  1000     35358    1.00    0.00    0.00    0.00    1.00     4  listener
12:10:11 PM  1000     35369    1.00    1.00    0.00    1.00    2.00    16  listener
12:10:11 PM  1000     35389    0.00    1.00    0.00    0.00    1.00    13  listener
12:10:11 PM  1000     35409    1.00    0.00    0.00    0.00    1.00    14  listener
12:10:11 PM  1000     35428    1.00    1.00    0.00    0.00    2.00    16  listener
12:10:11 PM  1000     35432    0.00    1.00    0.00    0.00    1.00     7  listener
12:10:11 PM  1000     35434    1.00    0.00    0.00    0.00    1.00     1  listener
12:10:11 PM  1000     35445    1.00    1.00    0.00    0.00    2.00     5  listener
12:10:11 PM  1000     35467    0.00    1.00    0.00    0.00    1.00    12  listener
12:10:11 PM  1000     35487    0.00    1.00    0.00    0.00    1.00     8  listener
12:10:11 PM  1000     35524    0.00    2.00    0.00    0.00    2.00     6  listener
12:10:11 PM  1000     35544    0.00    1.00    0.00    0.00    1.00     0  listener
12:10:11 PM  1000     35546    1.00    1.00    0.00    0.00    2.00     8  listener
12:10:11 PM  1000     35558    0.00    1.00    0.00    0.00    1.00    11  listener
12:10:11 PM  1000     35578    0.00    1.00    0.00    0.00    1.00     9  listener
12:10:11 PM  1000     35598    1.00    0.00    0.00    0.00    1.00     9  listener
12:10:11 PM  1000     35629    0.00    1.00    0.00    0.00    1.00     0  listener
12:10:11 PM  1000     35641    0.00    1.00    0.00    0.00    1.00     3  listener
12:10:11 PM  1000     35651    0.00    1.00    0.00    0.00    1.00     8  listener
12:10:11 PM  1000     35673    1.00    1.00    0.00    0.00    2.00    15  listener
12:10:11 PM  1000     35701    1.00    1.00    0.00    0.00    2.00     6  listener
12:10:11 PM  1000     35703    0.00    2.00    0.00    0.00    2.00    10  listener
12:10:11 PM  1000     35723    1.00    1.00    0.00    0.00    2.00    19  listener
12:10:11 PM  1000     35734    0.00    0.00    0.00    0.00    0.00    12  listener
12:10:11 PM  1000     35745    0.00    1.00    0.00    0.00    1.00    15  listener
12:10:11 PM  1000     35764    0.00    1.00    0.00    0.00    1.00    14  listener
12:10:11 PM  1000     35777    0.00    1.00    0.00    0.00    1.00     3  listener
12:10:11 PM  1000     35787    0.00    1.00    0.00    0.00    1.00     3  listener
12:10:11 PM  1000     35825    1.00    1.00    0.00    0.00    2.00     3  listener
12:10:11 PM  1000     35827    0.00    1.00    0.00    0.00    1.00    18  listener
12:10:11 PM  1000     35829    0.00    1.00    0.00    0.00    1.00     3  listener
12:10:11 PM  1000     35858    1.00    0.00    0.00    0.00    1.00    16  listener
12:10:11 PM  1000     35905    1.00    1.00    0.00    0.00    2.00    11  listener
12:10:11 PM  1000     35916    0.00    1.00    0.00    0.00    1.00     6  listener
12:10:11 PM  1000     35918    1.00    0.00    0.00    0.00    1.00     9  listener
12:10:11 PM  1000     35956    0.00    0.00    0.00    0.00    0.00    14  listener
12:10:11 PM  1000     36003    1.00    0.00    0.00    0.00    1.00     3  listener

12:10:11 PM   UID       PID    %usr %system  %guest   %wait    %CPU   CPU  Command
12:10:12 PM  1000     33667    0.00    1.00    0.00    0.00    1.00     6  listener
12:10:12 PM  1000     33669    0.00    1.00    0.00    0.00    1.00    11  listener
12:10:12 PM  1000     33671    1.00    0.00    0.00    0.00    1.00     5  listener
12:10:12 PM  1000     33673    1.00    1.00    0.00    0.00    2.00    10  listener
12:10:12 PM  1000     33675    1.00    1.00    0.00    0.00    2.00     4  listener
12:10:12 PM  1000     33677    0.00    1.00    0.00    0.00    1.00     7  listener
12:10:12 PM  1000     33679    1.00    1.00    0.00    0.00    2.00     5  listener
12:10:12 PM  1000     33681    0.00    1.00    0.00    0.00    1.00     1  listener
12:10:12 PM  1000     33683    0.00    1.00    0.00    0.00    1.00     0  listener
12:10:12 PM  1000     33685    0.00    2.00    0.00    0.00    2.00     5  listener
12:10:12 PM  1000     33687    0.00    1.00    0.00    0.00    1.00     1  listener
12:10:12 PM  1000     33689    1.00    1.00    0.00    0.00    2.00     6  listener
12:10:12 PM  1000     33692    1.00    1.00    0.00    0.00    2.00    13  listener
12:10:12 PM  1000     33702    0.00    1.00    0.00    0.00    1.00     6  listener
12:10:12 PM  1000     33704    1.00    1.00    0.00    0.00    2.00     8  listener
12:10:12 PM  1000     33706    1.00    0.00    0.00    0.00    1.00    15  listener
12:10:12 PM  1000     33711    0.00    2.00    0.00    0.00    2.00     6  listener
12:10:12 PM  1000     33797    1.00    1.00    0.00    0.00    2.00    14  listener
12:10:12 PM  1000     33882    1.00    1.00    0.00    0.00    2.00     9  listener
12:10:12 PM  1000     33885    0.00    1.00    0.00    0.00    1.00     6  listener
12:10:12 PM  1000     33903    1.00    0.00    0.00    0.00    1.00    16  listener
12:10:12 PM  1000     33970    0.00    2.00    0.00    0.00    2.00     7  listener
12:10:12 PM  1000     33972    0.00    1.00    0.00    1.00    1.00    16  listener
12:10:12 PM  1000     33974    0.00    1.00    0.00    0.00    1.00     7  listener
12:10:12 PM  1000     34012    1.00    1.00    0.00    0.00    2.00    14  listener
12:10:12 PM  1000     34041    1.00    1.00    0.00    0.00    2.00     1  listener
12:10:12 PM  1000     34070    1.00    0.00    0.00    0.00    1.00     9  listener
12:10:12 PM  1000     34081    1.00    1.00    0.00    0.00    2.00     3  listener
12:10:12 PM  1000     34092    0.00    1.00    0.00    0.00    1.00     3  listener
12:10:12 PM  1000     34094    1.00    1.00    0.00    0.00    2.00    18  listener
12:10:12 PM  1000     34096    1.00    1.00    0.00    0.00    2.00     8  listener
12:10:12 PM  1000     34098    1.00    0.00    0.00    0.00    1.00    20  listener
12:10:12 PM  1000     34100    0.00    1.00    0.00    0.00    1.00    16  listener
12:10:12 PM  1000     34129    0.00    1.00    0.00    0.00    1.00    15  listener
12:10:12 PM  1000     34184    1.00    1.00    0.00    0.00    2.00     2  listener
12:10:12 PM  1000     34241    1.00    1.00    0.00    0.00    2.00     7  listener
12:10:12 PM  1000     34261    1.00    1.00    0.00    0.00    2.00    10  listener
12:10:12 PM  1000     34281    1.00    0.00    0.00    0.00    1.00    16  listener
12:10:12 PM  1000     34318    0.00    0.00    0.00    0.00    0.00     6  listener
12:10:12 PM  1000     34348    1.00    0.00    0.00    0.00    1.00    11  listener
12:10:12 PM  1000     34377    0.00    1.00    0.00    0.00    1.00    11  listener
12:10:12 PM  1000     34389    0.00    2.00    0.00    0.00    2.00    19  listener
12:10:12 PM  1000     34402    1.00    0.00    0.00    0.00    1.00     3  listener
12:10:12 PM  1000     34440    1.00    1.00    0.00    0.00    2.00     1  listener
12:10:12 PM  1000     34469    0.00    1.00    0.00    0.00    1.00    10  listener
12:10:12 PM  1000     34480    0.00    1.00    0.00    0.00    1.00    14  listener
12:10:12 PM  1000     34491    1.00    1.00    0.00    0.00    2.00     6  listener
12:10:12 PM  1000     34504    0.00    1.00    0.00    0.00    1.00    10  listener
12:10:12 PM  1000     34541    0.00    2.00    0.00    0.00    2.00     5  listener
12:10:12 PM  1000     34588    1.00    1.00    0.00    0.00    2.00     1  listener
12:10:12 PM  1000     34590    0.00    2.00    0.00    0.00    2.00     6  listener
12:10:12 PM  1000     34603    0.00    1.00    0.00    1.00    1.00     3  listener
12:10:12 PM  1000     34623    1.00    1.00    0.00    0.00    2.00     0  listener
12:10:12 PM  1000     34642    0.00    1.00    0.00    0.00    1.00    12  listener
12:10:12 PM  1000     34645    2.00    0.00    0.00    0.00    2.00     2  listener
12:10:12 PM  1000     34684    0.00    1.00    0.00    0.00    1.00     5  listener
12:10:12 PM  1000     34712    0.00    2.00    0.00    0.00    2.00    16  listener
12:10:12 PM  1000     34721    0.00    1.00    0.00    0.00    1.00     1  listener
12:10:12 PM  1000     34784    0.00    0.00    0.00    0.00    0.00     4  listener
12:10:12 PM  1000     34790    1.00    0.00    0.00    0.00    1.00    13  listener
12:10:12 PM  1000     34800    1.00    0.00    0.00    0.00    1.00    12  listener
12:10:12 PM  1000     34803    0.00    1.00    0.00    0.00    1.00     2  listener
12:10:12 PM  1000     34805    1.00    1.00    0.00    0.00    2.00    18  listener
12:10:12 PM  1000     34816    0.00    1.00    0.00    0.00    1.00    15  listener
12:10:12 PM  1000     34855    0.00    2.00    0.00    0.00    2.00     6  listener
12:10:12 PM  1000     34874    1.00    0.00    0.00    0.00    1.00    18  listener
12:10:12 PM  1000     34876    1.00    1.00    0.00    0.00    2.00    13  listener
12:10:12 PM  1000     34932    1.00    1.00    0.00    0.00    2.00     6  listener
12:10:12 PM  1000     34934    1.00    1.00    0.00    0.00    2.00    16  listener
12:10:12 PM  1000     34936    1.00    1.00    0.00    0.00    2.00     3  listener
12:10:12 PM  1000     34939    1.00    0.00    0.00    0.00    1.00     5  listener
12:10:12 PM  1000     34962    0.00    1.00    0.00    0.00    1.00     6  listener
12:10:12 PM  1000     34965    0.00    2.00    0.00    0.00    2.00    19  listener
12:10:12 PM  1000     35034    0.00    1.00    0.00    0.00    1.00    15  listener
12:10:12 PM  1000     35036    1.00    0.00    0.00    0.00    1.00    17  listener
12:10:12 PM  1000     35047    1.00    1.00    0.00    0.00    2.00     1  listener
12:10:12 PM  1000     35068    0.00    1.00    0.00    0.00    1.00    14  listener
12:10:12 PM  1000     35114    0.00    2.00    0.00    0.00    2.00    13  listener
12:10:12 PM  1000     35117    1.00    1.00    0.00    0.00    2.00     0  listener
12:10:12 PM  1000     35128    0.00    2.00    0.00    0.00    2.00    10  listener
12:10:12 PM  1000     35164    0.00    1.00    0.00    0.00    1.00    14  listener
12:10:12 PM  1000     35230    1.00    1.00    0.00    0.00    2.00    13  listener
12:10:12 PM  1000     35232    1.00    0.00    0.00    0.00    1.00     9  listener
12:10:12 PM  1000     35234    1.00    0.00    0.00    0.00    1.00     1  listener
12:10:12 PM  1000     35246    0.00    0.00    0.00    0.00    0.00    19  listener
12:10:12 PM  1000     35275    1.00    1.00    0.00    0.00    2.00     8  listener
12:10:12 PM  1000     35281    0.00    1.00    0.00    0.00    1.00     3  listener
12:10:12 PM  1000     35296    0.00    1.00    0.00    0.00    1.00     2  listener
12:10:12 PM  1000     35307    0.00    2.00    0.00    0.00    2.00     8  listener
12:10:12 PM  1000     35327    1.00    0.00    0.00    0.00    1.00     5  listener
12:10:12 PM  1000     35347    1.00    0.00    0.00    0.00    1.00    12  listener
12:10:12 PM  1000     35358    0.00    1.00    0.00    0.00    1.00     1  listener
12:10:12 PM  1000     35369    1.00    0.00    0.00    0.00    1.00     3  listener
12:10:12 PM  1000     35389    0.00    2.00    0.00    1.00    2.00     6  listener
12:10:12 PM  1000     35409    1.00    1.00    0.00    0.00    2.00     0  listener
12:10:12 PM  1000     35428    1.00    0.00    0.00    0.00    1.00    14  listener
12:10:12 PM  1000     35432    0.00    2.00    0.00    0.00    2.00    15  listener
12:10:12 PM  1000     35434    1.00    1.00    0.00    0.00    2.00     8  listener
12:10:12 PM  1000     35445    1.00    1.00    0.00    0.00    2.00     7  listener
12:10:12 PM  1000     35467    2.00    1.00    0.00    0.00    3.00    16  listener
12:10:12 PM  1000     35487    1.00    0.00    0.00    0.00    1.00     0  listener
12:10:12 PM  1000     35524    0.00    1.00    0.00    0.00    1.00    17  listener
12:10:12 PM  1000     35544    1.00    1.00    0.00    0.00    2.00    15  listener
12:10:12 PM  1000     35546    0.00    1.00    0.00    0.00    1.00     7  listener
12:10:12 PM  1000     35558    0.00    2.00    0.00    0.00    2.00    11  listener
12:10:12 PM  1000     35578    0.00    2.00    0.00    0.00    2.00    11  listener
12:10:12 PM  1000     35598    1.00    1.00    0.00    0.00    2.00    15  listener
12:10:12 PM  1000     35629    1.00    0.00    0.00    0.00    1.00     6  listener
12:10:12 PM  1000     35641    1.00    1.00    0.00    0.00    2.00     5  listener
12:10:12 PM  1000     35651    0.00    2.00    0.00    0.00    2.00     8  listener
12:10:12 PM  1000     35673    1.00    1.00    0.00    0.00    2.00    10  listener
12:10:12 PM  1000     35701    1.00    0.00    0.00    0.00    1.00    12  listener
12:10:12 PM  1000     35703    0.00    1.00    0.00    0.00    1.00    17  listener
12:10:12 PM  1000     35723    1.00    0.00    0.00    0.00    1.00     4  listener
12:10:12 PM  1000     35734    1.00    1.00    0.00    0.00    2.00     5  listener
12:10:12 PM  1000     35745    2.00    1.00    0.00    0.00    3.00     5  listener
12:10:12 PM  1000     35764    1.00    0.00    0.00    0.00    1.00    19  listener
12:10:12 PM  1000     35777    0.00    1.00    0.00    0.00    1.00    15  listener
12:10:12 PM  1000     35787    1.00    1.00    0.00    0.00    2.00    11  listener
12:10:12 PM  1000     35825    0.00    1.00    0.00    0.00    1.00     6  listener
12:10:12 PM  1000     35827    0.00    2.00    0.00    0.00    2.00    13  listener
12:10:12 PM  1000     35829    1.00    1.00    0.00    0.00    2.00    12  listener
12:10:12 PM  1000     35858    0.00    1.00    0.00    0.00    1.00    16  listener
12:10:12 PM  1000     35905    0.00    1.00    0.00    0.00    1.00    12  listener
12:10:12 PM  1000     35916    1.00    1.00    0.00    0.00    2.00     4  listener
12:10:12 PM  1000     35918    0.00    2.00    0.00    0.00    2.00    16  listener
12:10:12 PM  1000     35956    1.00    1.00    0.00    0.00    2.00    17  listener
12:10:12 PM  1000     36003    0.00    2.00    0.00    0.00    2.00     0  listener

12:10:12 PM   UID       PID    %usr %system  %guest   %wait    %CPU   CPU  Command
12:10:13 PM  1000     33667    0.00    1.00    0.00    0.00    1.00     0  listener
12:10:13 PM  1000     33669    1.00    0.00    0.00    0.00    1.00    12  listener
12:10:13 PM  1000     33671    1.00    1.00    0.00    0.00    2.00    15  listener
12:10:13 PM  1000     33673    1.00    0.00    0.00    0.00    1.00    15  listener
12:10:13 PM  1000     33675    1.00    1.00    0.00    0.00    2.00     2  listener
12:10:13 PM  1000     33677    1.00    0.00    0.00    0.00    1.00    12  listener
12:10:13 PM  1000     33679    1.00    0.00    0.00    0.00    1.00     1  listener
12:10:13 PM  1000     33681    1.00    1.00    0.00    0.00    2.00    13  listener
12:10:13 PM  1000     33683    0.00    1.00    0.00    0.00    1.00     0  listener
12:10:13 PM  1000     33685    1.00    0.00    0.00    0.00    1.00    14  listener
12:10:13 PM  1000     33687    1.00    1.00    0.00    0.00    2.00     6  listener
12:10:13 PM  1000     33689    1.00    0.00    0.00    0.00    1.00     5  listener
12:10:13 PM  1000     33692    0.00    0.00    0.00    0.00    0.00    16  listener
12:10:13 PM  1000     33702    0.00    1.00    0.00    0.00    1.00    13  listener
12:10:13 PM  1000     33704    1.00    0.00    0.00    0.00    1.00    17  listener
12:10:13 PM  1000     33706    0.00    1.00    0.00    0.00    1.00    12  listener
12:10:13 PM  1000     33711    0.00    1.00    0.00    0.00    1.00     8  listener
12:10:13 PM  1000     33797    1.00    1.00    0.00    0.00    2.00     0  listener
12:10:13 PM  1000     33882    1.00    0.00    0.00    0.00    1.00     9  listener
12:10:13 PM  1000     33885    1.00    1.00    0.00    0.00    2.00     8  listener
12:10:13 PM  1000     33903    1.00    1.00    0.00    0.00    2.00    12  listener
12:10:13 PM  1000     33970    0.00    1.00    0.00    0.00    1.00    12  listener
12:10:13 PM  1000     33972    1.00    0.00    0.00    0.00    1.00     8  listener
12:10:13 PM  1000     33974    0.00    1.00    0.00    0.00    1.00    16  listener
12:10:13 PM  1000     34012    1.00    0.00    0.00    0.00    1.00    10  listener
12:10:13 PM  1000     34041    1.00    0.00    0.00    0.00    1.00    13  listener
12:10:13 PM  1000     34070    1.00    0.00    0.00    0.00    1.00     4  listener
12:10:13 PM  1000     34081    0.00    0.00    0.00    0.00    0.00     2  listener
12:10:13 PM  1000     34092    1.00    0.00    0.00    0.00    1.00    15  listener
12:10:13 PM  1000     34094    0.00    1.00    0.00    0.00    1.00     0  listener
12:10:13 PM  1000     34096    1.00    0.00    0.00    0.00    1.00    16  listener
12:10:13 PM  1000     34098    0.00    2.00    0.00    0.00    2.00    18  listener
12:10:13 PM  1000     34100    0.00    2.00    0.00    0.00    2.00     2  listener
12:10:13 PM  1000     34129    0.00    0.00    0.00    0.00    0.00     8  listener
12:10:13 PM  1000     34184    1.00    0.00    0.00    0.00    1.00    14  listener
12:10:13 PM  1000     34241    1.00    0.00    0.00    0.00    1.00     7  listener
12:10:13 PM  1000     34261    0.00    1.00    0.00    0.00    1.00     4  listener
12:10:13 PM  1000     34281    1.00    1.00    0.00    0.00    2.00     8  listener
12:10:13 PM  1000     34318    1.00    1.00    0.00    0.00    2.00     6  listener
12:10:13 PM  1000     34348    0.00    0.00    0.00    0.00    0.00     3  listener
12:10:13 PM  1000     34377    0.00    1.00    0.00    0.00    1.00    14  listener
12:10:13 PM  1000     34389    0.00    1.00    0.00    0.00    1.00     6  listener
12:10:13 PM  1000     34402    0.00    1.00    0.00    0.00    1.00    13  listener
12:10:13 PM  1000     34440    1.00    0.00    0.00    0.00    1.00     9  listener
12:10:13 PM  1000     34469    0.00    0.00    0.00    0.00    0.00     7  listener
12:10:13 PM  1000     34480    0.00    2.00    0.00    0.00    2.00     1  listener
12:10:13 PM  1000     34491    1.00    0.00    0.00    0.00    1.00    19  listener
12:10:13 PM  1000     34504    2.00    0.00    0.00    0.00    2.00    13  listener
12:10:13 PM  1000     34541    0.00    1.00    0.00    0.00    1.00    11  listener
12:10:13 PM  1000     34588    1.00    0.00    0.00    0.00    1.00     0  listener
12:10:13 PM  1000     34590    1.00    0.00    0.00    0.00    1.00     2  listener
12:10:13 PM  1000     34603    1.00    0.00    0.00    0.00    1.00    15  listener
12:10:13 PM  1000     34623    1.00    0.00    0.00    0.00    1.00     3  listener
12:10:13 PM  1000     34642    0.00    2.00    0.00    0.00    2.00     8  listener
12:10:13 PM  1000     34645    0.00    1.00    0.00    0.00    1.00    14  listener
12:10:13 PM  1000     34684    0.00    1.00    0.00    0.00    1.00     1  listener
12:10:13 PM  1000     34712    0.00    1.00    0.00    0.00    1.00     0  listener
12:10:13 PM  1000     34721    2.00    0.00    0.00    0.00    2.00    10  listener
12:10:13 PM  1000     34784    1.00    0.00    0.00    0.00    1.00    14  listener
12:10:13 PM  1000     34790    1.00    1.00    0.00    0.00    2.00    18  listener
12:10:13 PM  1000     34800    0.00    1.00    0.00    0.00    1.00    18  listener
12:10:13 PM  1000     34803    0.00    1.00    0.00    0.00    1.00    12  listener
12:10:13 PM  1000     34805    1.00    0.00    0.00    0.00    1.00    17  listener
12:10:13 PM  1000     34816    0.00    1.00    0.00    0.00    1.00     2  listener
12:10:13 PM  1000     34855    0.00    1.00    0.00    0.00    1.00     5  listener
12:10:13 PM  1000     34874    0.00    1.00    0.00    0.00    1.00    18  listener
12:10:13 PM  1000     34876    1.00    0.00    0.00    0.00    1.00     4  listener
12:10:13 PM  1000     34932    0.00    0.00    0.00    0.00    0.00    13  listener
12:10:13 PM  1000     34934    0.00    0.00    0.00    0.00    0.00     2  listener
12:10:13 PM  1000     34936    0.00    1.00    0.00    0.00    1.00     6  listener
12:10:13 PM  1000     34939    1.00    0.00    0.00    0.00    1.00     0  listener
12:10:13 PM  1000     34962    0.00    1.00    0.00    0.00    1.00     4  listener
12:10:13 PM  1000     34965    0.00    1.00    0.00    0.00    1.00    10  listener
12:10:13 PM  1000     35034    1.00    0.00    0.00    0.00    1.00     8  listener
12:10:13 PM  1000     35036    1.00    1.00    0.00    0.00    2.00     1  listener
12:10:13 PM  1000     35047    1.00    0.00    0.00    0.00    1.00     8  listener
12:10:13 PM  1000     35068    1.00    1.00    0.00    0.00    2.00    14  listener
12:10:13 PM  1000     35114    0.00    1.00    0.00    0.00    1.00    19  listener
12:10:13 PM  1000     35117    1.00    0.00    0.00    0.00    1.00    15  listener
12:10:13 PM  1000     35128    0.00    1.00    0.00    0.00    1.00    10  listener
12:10:13 PM  1000     35164    0.00    2.00    0.00    0.00    2.00    19  listener
12:10:13 PM  1000     35230    1.00    0.00    0.00    0.00    1.00     4  listener
12:10:13 PM  1000     35232    0.00    1.00    0.00    0.00    1.00     0  listener
12:10:13 PM  1000     35234    0.00    1.00    0.00    0.00    1.00     1  listener
12:10:13 PM  1000     35246    1.00    1.00    0.00    0.00    2.00    12  listener
12:10:13 PM  1000     35275    0.00    1.00    0.00    0.00    1.00     8  listener
12:10:13 PM  1000     35281    1.00    0.00    0.00    0.00    1.00     3  listener
12:10:13 PM  1000     35296    0.00    1.00    0.00    0.00    1.00     9  listener
12:10:13 PM  1000     35307    0.00    1.00    0.00    0.00    1.00    16  listener
12:10:13 PM  1000     35327    1.00    1.00    0.00    0.00    2.00    14  listener
12:10:13 PM  1000     35347    1.00    0.00    0.00    0.00    1.00     3  listener
12:10:13 PM  1000     35358    1.00    1.00    0.00    0.00    2.00     6  listener
12:10:13 PM  1000     35369    0.00    1.00    0.00    0.00    1.00     2  listener
12:10:13 PM  1000     35389    0.00    1.00    0.00    0.00    1.00     3  listener
12:10:13 PM  1000     35409    1.00    0.00    0.00    0.00    1.00    16  listener
12:10:13 PM  1000     35428    0.00    1.00    0.00    0.00    1.00    17  listener
12:10:13 PM  1000     35432    0.00    1.00    0.00    0.00    1.00    10  listener
12:10:13 PM  1000     35434    0.00    0.00    0.00    0.00    0.00    16  listener
12:10:13 PM  1000     35445    1.00    0.00    0.00    0.00    1.00    17  listener
12:10:13 PM  1000     35467    0.00    1.00    0.00    0.00    1.00    17  listener
12:10:13 PM  1000     35487    1.00    1.00    0.00    0.00    2.00     6  listener
12:10:13 PM  1000     35524    0.00    2.00    0.00    0.00    2.00     5  listener
12:10:13 PM  1000     35544    1.00    0.00    0.00    0.00    1.00    17  listener
12:10:13 PM  1000     35546    0.00    1.00    0.00    0.00    1.00    10  listener
12:10:13 PM  1000     35558    0.00    1.00    0.00    0.00    1.00     5  listener
12:10:13 PM  1000     35578    0.00    1.00    0.00    0.00    1.00    13  listener
12:10:13 PM  1000     35598    0.00    1.00    0.00    0.00    1.00    10  listener
12:10:13 PM  1000     35629    0.00    1.00    0.00    0.00    1.00    17  listener
12:10:13 PM  1000     35641    1.00    0.00    0.00    0.00    1.00     3  listener
12:10:13 PM  1000     35651    0.00    1.00    0.00    0.00    1.00     9  listener
12:10:13 PM  1000     35673    1.00    0.00    0.00    0.00    1.00    12  listener
12:10:13 PM  1000     35701    0.00    1.00    0.00    0.00    1.00    16  listener
12:10:13 PM  1000     35703    0.00    2.00    0.00    0.00    2.00    17  listener
12:10:13 PM  1000     35723    0.00    0.00    0.00    0.00    0.00    10  listener
12:10:13 PM  1000     35734    0.00    1.00    0.00    0.00    1.00    11  listener
12:10:13 PM  1000     35745    0.00    0.00    0.00    0.00    0.00    12  listener
12:10:13 PM  1000     35764    1.00    1.00    0.00    0.00    2.00     6  listener
12:10:13 PM  1000     35777    0.00    1.00    0.00    0.00    1.00     7  listener
12:10:13 PM  1000     35787    0.00    1.00    0.00    0.00    1.00     2  listener
12:10:13 PM  1000     35825    0.00    2.00    0.00    0.00    2.00     8  listener
12:10:13 PM  1000     35827    0.00    1.00    0.00    0.00    1.00     5  listener
12:10:13 PM  1000     35829    1.00    0.00    0.00    0.00    1.00    18  listener
12:10:13 PM  1000     35858    1.00    0.00    0.00    0.00    1.00    18  listener
12:10:13 PM  1000     35905    1.00    0.00    0.00    0.00    1.00    10  listener
12:10:13 PM  1000     35916    1.00    0.00    0.00    0.00    1.00    19  listener
12:10:13 PM  1000     35918    1.00    0.00    0.00    0.00    1.00     6  listener
12:10:13 PM  1000     35956    1.00    1.00    0.00    0.00    2.00    11  listener
12:10:13 PM  1000     36003    0.00    1.00    0.00    0.00    1.00    11  listener

12:10:13 PM   UID       PID    %usr %system  %guest   %wait    %CPU   CPU  Command
12:10:14 PM  1000     33667    0.00    1.00    0.00    0.00    1.00     2  listener
12:10:14 PM  1000     33669    1.00    0.00    0.00    0.00    1.00    10  listener
12:10:14 PM  1000     33671    0.00    0.00    0.00    0.00    0.00     3  listener
12:10:14 PM  1000     33673    0.00    1.00    0.00    0.00    1.00     8  listener
12:10:14 PM  1000     33675    0.00    0.00    0.00    0.00    0.00     3  listener
12:10:14 PM  1000     33677    1.00    1.00    0.00    0.00    2.00     3  listener
12:10:14 PM  1000     33679    0.00    0.00    0.00    0.00    0.00     0  listener
12:10:14 PM  1000     33681    1.00    0.00    0.00    0.00    1.00    10  listener
12:10:14 PM  1000     33683    0.00    1.00    0.00    0.00    1.00     0  listener
12:10:14 PM  1000     33685    0.00    0.00    0.00    0.00    0.00     6  listener
12:10:14 PM  1000     33687    0.00    0.00    0.00    0.00    0.00     8  listener
12:10:14 PM  1000     33689    0.00    1.00    0.00    0.00    1.00     2  listener
12:10:14 PM  1000     33692    1.00    0.00    0.00    0.00    1.00    18  listener
12:10:14 PM  1000     33702    0.00    1.00    0.00    0.00    1.00     1  listener
12:10:14 PM  1000     33704    0.00    1.00    0.00    0.00    1.00    14  listener
12:10:14 PM  1000     33706    0.00    1.00    0.00    1.00    1.00     7  listener
12:10:14 PM  1000     33711    1.00    0.00    0.00    0.00    1.00     2  listener
12:10:14 PM  1000     33797    0.00    0.00    0.00    0.00    0.00     6  listener
12:10:14 PM  1000     33882    1.00    0.00    0.00    0.00    1.00    19  listener
12:10:14 PM  1000     33885    1.00    0.00    0.00    0.00    1.00    15  listener
12:10:14 PM  1000     33903    0.00    0.00    0.00    0.00    0.00    16  listener
12:10:14 PM  1000     33970    0.00    1.00    0.00    0.00    1.00     0  listener
12:10:14 PM  1000     33972    1.00    0.00    0.00    0.00    1.00     4  listener
12:10:14 PM  1000     33974    1.00    0.00    0.00    0.00    1.00     7  listener
12:10:14 PM  1000     34012    1.00    0.00    0.00    0.00    1.00     2  listener
12:10:14 PM  1000     34041    0.00    0.00    0.00    0.00    0.00    12  listener
12:10:14 PM  1000     34070    0.00    1.00    0.00    0.00    1.00     3  listener
12:10:14 PM  1000     34081    1.00    1.00    0.00    0.00    2.00    16  listener
12:10:14 PM  1000     34092    1.00    0.00    0.00    0.00    1.00     1  listener
12:10:14 PM  1000     34094    0.00    1.00    0.00    0.00    1.00    15  listener
12:10:14 PM  1000     34096    1.00    0.00    0.00    0.00    1.00     5  listener
12:10:14 PM  1000     34098    0.00    1.00    0.00    0.00    1.00    13  listener
12:10:14 PM  1000     34100    0.00    1.00    0.00    0.00    1.00    15  listener
12:10:14 PM  1000     34129    1.00    1.00    0.00    0.00    2.00     8  listener
12:10:14 PM  1000     34184    0.00    1.00    0.00    0.00    1.00    15  listener
12:10:14 PM  1000     34241    0.00    1.00    0.00    0.00    1.00     2  listener
12:10:14 PM  1000     34261    1.00    0.00    0.00    0.00    1.00    17  listener
12:10:14 PM  1000     34281    1.00    0.00    0.00    0.00    1.00    13  listener
12:10:14 PM  1000     34318    1.00    0.00    0.00    0.00    1.00    11  listener
12:10:14 PM  1000     34348    0.00    1.00    0.00    0.00    1.00     5  listener
12:10:14 PM  1000     34377    0.00    1.00    0.00    0.00    1.00    18  listener
12:10:14 PM  1000     34389    1.00    0.00    0.00    0.00    1.00    19  listener
12:10:14 PM  1000     34402    1.00    0.00    0.00    0.00    1.00    11  listener
12:10:14 PM  1000     34440    1.00    1.00    0.00    0.00    2.00    18  listener
12:10:14 PM  1000     34469    1.00    0.00    0.00    0.00    1.00     6  listener
12:10:14 PM  1000     34480    0.00    1.00    0.00    0.00    1.00     0  listener
12:10:14 PM  1000     34491    0.00    1.00    0.00    0.00    1.00    19  listener
12:10:14 PM  1000     34504    0.00    1.00    0.00    0.00    1.00    13  listener
12:10:14 PM  1000     34541    0.00    1.00    0.00    0.00    1.00     1  listener
12:10:14 PM  1000     34588    0.00    0.00    0.00    0.00    0.00     3  listener
12:10:14 PM  1000     34590    0.00    1.00    0.00    0.00    1.00    11  listener
12:10:14 PM  1000     34603    0.00    1.00    0.00    0.00    1.00    16  listener
12:10:14 PM  1000     34623    0.00    1.00    0.00    0.00    1.00     8  listener
12:10:14 PM  1000     34642    0.00    1.00    0.00    0.00    1.00    12  listener
12:10:14 PM  1000     34645    1.00    0.00    0.00    0.00    1.00     7  listener
12:10:14 PM  1000     34684    0.00    1.00    0.00    0.00    1.00    17  listener
12:10:14 PM  1000     34712    0.00    1.00    0.00    0.00    1.00    16  listener
12:10:14 PM  1000     34721    0.00    1.00    0.00    0.00    1.00     4  listener
12:10:14 PM  1000     34784    1.00    1.00    0.00    0.00    2.00     7  listener
12:10:14 PM  1000     34790    1.00    0.00    0.00    0.00    1.00     8  listener
12:10:14 PM  1000     34800    1.00    0.00    0.00    0.00    1.00    15  listener
12:10:14 PM  1000     34803    0.00    1.00    0.00    0.00    1.00     1  listener
12:10:14 PM  1000     34805    0.00    0.00    0.00    0.00    0.00     5  listener
12:10:14 PM  1000     34816    0.00    1.00    0.00    0.00    1.00    11  listener
12:10:14 PM  1000     34855    0.00    1.00    0.00    0.00    1.00     0  listener
12:10:14 PM  1000     34874    1.00    0.00    0.00    0.00    1.00    13  listener
12:10:14 PM  1000     34876    0.00    0.00    0.00    0.00    0.00     3  listener
12:10:14 PM  1000     34932    1.00    1.00    0.00    0.00    2.00    14  listener
12:10:14 PM  1000     34934    1.00    1.00    0.00    0.00    2.00     8  listener
12:10:14 PM  1000     34936    0.00    1.00    0.00    0.00    1.00     4  listener
12:10:14 PM  1000     34939    1.00    0.00    0.00    0.00    1.00     8  listener
12:10:14 PM  1000     34962    0.00    1.00    0.00    0.00    1.00     1  listener
12:10:14 PM  1000     34965    0.00    1.00    0.00    0.00    1.00     3  listener
12:10:14 PM  1000     35034    1.00    0.00    0.00    0.00    1.00    17  listener
12:10:14 PM  1000     35036    0.00    0.00    0.00    0.00    0.00     1  listener
12:10:14 PM  1000     35047    0.00    1.00    0.00    0.00    1.00    16  listener
12:10:14 PM  1000     35068    1.00    0.00    0.00    0.00    1.00    16  listener
12:10:14 PM  1000     35114    0.00    1.00    0.00    0.00    1.00     6  listener
12:10:14 PM  1000     35117    0.00    1.00    0.00    0.00    1.00     3  listener
12:10:14 PM  1000     35128    0.00    1.00    0.00    0.00    1.00    19  listener
12:10:14 PM  1000     35164    0.00    1.00    0.00    0.00    1.00     8  listener
12:10:14 PM  1000     35230    0.00    0.00    0.00    0.00    0.00     5  listener
12:10:14 PM  1000     35232    1.00    0.00    0.00    0.00    1.00    14  listener
12:10:14 PM  1000     35234    1.00    1.00    0.00    0.00    2.00    18  listener
12:10:14 PM  1000     35246    0.00    1.00    0.00    0.00    1.00    14  listener
12:10:14 PM  1000     35275    0.00    1.00    0.00    0.00    1.00     8  listener
12:10:14 PM  1000     35281    1.00    1.00    0.00    0.00    2.00    16  listener
12:10:14 PM  1000     35296    0.00    2.00    0.00    0.00    2.00    12  listener
12:10:14 PM  1000     35307    0.00    1.00    0.00    0.00    1.00     1  listener
12:10:14 PM  1000     35327    0.00    0.00    0.00    0.00    0.00     6  listener
12:10:14 PM  1000     35347    0.00    1.00    0.00    0.00    1.00    16  listener
12:10:14 PM  1000     35358    0.00    1.00    0.00    0.00    1.00     9  listener
12:10:14 PM  1000     35369    0.00    1.00    0.00    0.00    1.00    14  listener
12:10:14 PM  1000     35389    0.00    1.00    0.00    0.00    1.00    13  listener
12:10:14 PM  1000     35409    0.00    1.00    0.00    0.00    1.00     8  listener
12:10:14 PM  1000     35428    0.00    1.00    0.00    0.00    1.00    15  listener
12:10:14 PM  1000     35432    0.00    1.00    0.00    0.00    1.00     4  listener
12:10:14 PM  1000     35434    1.00    1.00    0.00    0.00    2.00    18  listener
12:10:14 PM  1000     35445    1.00    0.00    0.00    0.00    1.00    14  listener
12:10:14 PM  1000     35467    1.00    0.00    0.00    0.00    1.00    13  listener
12:10:14 PM  1000     35487    0.00    0.00    0.00    0.00    0.00     7  listener
12:10:14 PM  1000     35524    0.00    1.00    0.00    0.00    1.00     2  listener
12:10:14 PM  1000     35544    1.00    1.00    0.00    0.00    2.00    17  listener
12:10:14 PM  1000     35546    1.00    1.00    0.00    0.00    2.00     9  listener
12:10:14 PM  1000     35558    0.00    1.00    0.00    0.00    1.00    13  listener
12:10:14 PM  1000     35578    0.00    0.00    0.00    0.00    0.00     6  listener
12:10:14 PM  1000     35598    1.00    0.00    0.00    0.00    1.00     5  listener
12:10:14 PM  1000     35629    1.00    1.00    0.00    0.00    2.00    19  listener
12:10:14 PM  1000     35641    0.00    1.00    0.00    0.00    1.00     7  listener
12:10:14 PM  1000     35651    0.00    1.00    0.00    0.00    1.00     8  listener
12:10:14 PM  1000     35673    0.00    1.00    0.00    0.00    1.00     9  listener
12:10:14 PM  1000     35701    0.00    1.00    0.00    0.00    1.00    17  listener
12:10:14 PM  1000     35703    0.00    1.00    0.00    0.00    1.00     9  listener
12:10:14 PM  1000     35723    1.00    1.00    0.00    0.00    2.00    15  listener
12:10:14 PM  1000     35734    1.00    0.00    0.00    0.00    1.00    12  listener
12:10:14 PM  1000     35745    1.00    1.00    0.00    0.00    2.00     3  listener
12:10:14 PM  1000     35764    0.00    0.00    0.00    0.00    0.00    12  listener
12:10:14 PM  1000     35777    0.00    2.00    0.00    0.00    2.00    14  listener
12:10:14 PM  1000     35787    1.00    0.00    0.00    0.00    1.00     2  listener
12:10:14 PM  1000     35825    0.00    1.00    0.00    0.00    1.00     0  listener
12:10:14 PM  1000     35827    0.00    1.00    0.00    0.00    1.00     5  listener
12:10:14 PM  1000     35829    0.00    0.00    0.00    0.00    0.00    17  listener
12:10:14 PM  1000     35858    1.00    0.00    0.00    0.00    1.00    15  listener
12:10:14 PM  1000     35905    1.00    1.00    0.00    0.00    2.00    11  listener
12:10:14 PM  1000     35916    0.00    1.00    0.00    0.00    1.00    15  listener
12:10:14 PM  1000     35918    0.00    2.00    0.00    0.00    2.00     8  listener
12:10:14 PM  1000     35956    0.00    0.00    0.00    0.00    0.00     5  listener
12:10:14 PM  1000     36003    0.00    1.00    0.00    0.00    1.00    12  listener

12:10:14 PM   UID       PID    %usr %system  %guest   %wait    %CPU   CPU  Command
12:10:15 PM  1000     33667    0.00    1.00    0.00    0.00    1.00    12  listener
12:10:15 PM  1000     33669    0.00    0.00    0.00    0.00    0.00    13  listener
12:10:15 PM  1000     33671    1.00    1.00    0.00    0.00    2.00    16  listener
12:10:15 PM  1000     33673    1.00    0.00    0.00    0.00    1.00    12  listener
12:10:15 PM  1000     33675    0.00    1.00    0.00    0.00    1.00    19  listener
12:10:15 PM  1000     33677    0.00    1.00    0.00    0.00    1.00    16  listener
12:10:15 PM  1000     33679    1.00    1.00    0.00    0.00    2.00     0  listener
12:10:15 PM  1000     33681    0.00    1.00    0.00    0.00    1.00     4  listener
12:10:15 PM  1000     33683    0.00    1.00    0.00    0.00    1.00    10  listener
12:10:15 PM  1000     33685    1.00    0.00    0.00    0.00    1.00     1  listener
12:10:15 PM  1000     33687    1.00    1.00    0.00    0.00    2.00    12  listener
12:10:15 PM  1000     33689    1.00    0.00    0.00    0.00    1.00     2  listener
12:10:15 PM  1000     33692    0.00    1.00    0.00    0.00    1.00     8  listener
12:10:15 PM  1000     33702    0.00    2.00    0.00    0.00    2.00    11  listener
12:10:15 PM  1000     33704    1.00    0.00    0.00    1.00    1.00     9  listener
12:10:15 PM  1000     33706    1.00    0.00    0.00    0.00    1.00     3  listener
12:10:15 PM  1000     33711    1.00    1.00    0.00    0.00    2.00     8  listener
12:10:15 PM  1000     33797    1.00    0.00    0.00    0.00    1.00    13  listener
12:10:15 PM  1000     33882    0.00    1.00    0.00    0.00    1.00     0  listener
12:10:15 PM  1000     33885    0.00    0.00    0.00    0.00    0.00    18  listener
12:10:15 PM  1000     33903    1.00    0.00    0.00    0.00    1.00    17  listener
12:10:15 PM  1000     33970    0.00    1.00    0.00    0.00    1.00     8  listener
12:10:15 PM  1000     33972    0.00    1.00    0.00    0.00    1.00    14  listener
12:10:15 PM  1000     33974    0.00    1.00    0.00    0.00    1.00     8  listener
12:10:15 PM  1000     34012    1.00    0.00    0.00    0.00    1.00    13  listener
12:10:15 PM  1000     34041    0.00    1.00    0.00    0.00    1.00     7  listener
12:10:15 PM  1000     34070    1.00    0.00    0.00    0.00    1.00     9  listener
12:10:15 PM  1000     34081    0.00    0.00    0.00    0.00    0.00    13  listener
12:10:15 PM  1000     34092    0.00    1.00    0.00    0.00    1.00     9  listener
12:10:15 PM  1000     34094    0.00    2.00    0.00    0.00    2.00    10  listener
12:10:15 PM  1000     34096    1.00    1.00    0.00    0.00    2.00     8  listener
12:10:15 PM  1000     34098    0.00    1.00    0.00    0.00    1.00     0  listener
12:10:15 PM  1000     34100    0.00    1.00    0.00    0.00    1.00     5  listener
12:10:15 PM  1000     34129    1.00    0.00    0.00    0.00    1.00    18  listener
12:10:15 PM  1000     34184    0.00    0.00    0.00    0.00    0.00    10  listener
12:10:15 PM  1000     34241    1.00    1.00    0.00    0.00    2.00    14  listener
12:10:15 PM  1000     34261    0.00    1.00    0.00    0.00    1.00     4  listener
12:10:15 PM  1000     34281    0.00    1.00    0.00    0.00    1.00     1  listener
12:10:15 PM  1000     34318    0.00    1.00    0.00    0.00    1.00     1  listener
12:10:15 PM  1000     34348    1.00    1.00    0.00    0.00    2.00    12  listener
12:10:15 PM  1000     34377    0.00    1.00    0.00    0.00    1.00     8  listener
12:10:15 PM  1000     34389    0.00    1.00    0.00    0.00    1.00    17  listener
12:10:15 PM  1000     34402    1.00    0.00    0.00    0.00    1.00    16  listener
12:10:15 PM  1000     34440    1.00    0.00    0.00    0.00    1.00     9  listener
12:10:15 PM  1000     34469    1.00    1.00    0.00    0.00    2.00    13  listener
12:10:15 PM  1000     34480    0.00    1.00    0.00    0.00    1.00     4  listener
12:10:15 PM  1000     34491    1.00    1.00    0.00    0.00    2.00    10  listener
12:10:15 PM  1000     34504    0.00    1.00    0.00    0.00    1.00    17  listener
12:10:15 PM  1000     34541    0.00    1.00    0.00    0.00    1.00     5  listener
12:10:15 PM  1000     34588    1.00    1.00    0.00    0.00    2.00     6  listener
12:10:15 PM  1000     34590    1.00    0.00    0.00    0.00    1.00     9  listener
12:10:15 PM  1000     34603    1.00    1.00    0.00    0.00    2.00     1  listener
12:10:15 PM  1000     34623    1.00    0.00    0.00    0.00    1.00     3  listener
12:10:15 PM  1000     34642    0.00    1.00    0.00    0.00    1.00     5  listener
12:10:15 PM  1000     34645    0.00    0.00    0.00    0.00    0.00     6  listener
12:10:15 PM  1000     34684    0.00    1.00    0.00    0.00    1.00    18  listener
12:10:15 PM  1000     34712    0.00    1.00    0.00    0.00    1.00     3  listener
12:10:15 PM  1000     34721    0.00    0.00    0.00    0.00    0.00     8  listener
12:10:15 PM  1000     34784    0.00    0.00    0.00    0.00    0.00     3  listener
12:10:15 PM  1000     34790    0.00    1.00    0.00    0.00    1.00    14  listener
12:10:15 PM  1000     34800    0.00    0.00    0.00    0.00    0.00    14  listener
12:10:15 PM  1000     34803    0.00    2.00    0.00    0.00    2.00    15  listener
12:10:15 PM  1000     34805    1.00    1.00    0.00    0.00    2.00     6  listener
12:10:15 PM  1000     34816    0.00    1.00    0.00    0.00    1.00    10  listener
12:10:15 PM  1000     34855    0.00    1.00    0.00    0.00    1.00     0  listener
12:10:15 PM  1000     34874    0.00    0.00    0.00    0.00    0.00     6  listener
12:10:15 PM  1000     34876    1.00    1.00    0.00    0.00    2.00     2  listener
12:10:15 PM  1000     34932    1.00    0.00    0.00    0.00    1.00    10  listener
12:10:15 PM  1000     34934    0.00    0.00    0.00    0.00    0.00     3  listener
12:10:15 PM  1000     34936    0.00    1.00    0.00    0.00    1.00     5  listener
12:10:15 PM  1000     34939    1.00    1.00    0.00    0.00    2.00    14  listener
12:10:15 PM  1000     34962    0.00    1.00    0.00    0.00    1.00    19  listener
12:10:15 PM  1000     34965    0.00    1.00    0.00    0.00    1.00    12  listener
12:10:15 PM  1000     35034    0.00    1.00    0.00    0.00    1.00     6  listener
12:10:15 PM  1000     35036    1.00    1.00    0.00    0.00    2.00    16  listener
12:10:15 PM  1000     35047    1.00    0.00    0.00    0.00    1.00     4  listener
12:10:15 PM  1000     35068    0.00    0.00    0.00    0.00    0.00     1  listener
12:10:15 PM  1000     35114    0.00    2.00    0.00    0.00    2.00     6  listener
12:10:15 PM  1000     35117    1.00    0.00    0.00    0.00    1.00     3  listener
12:10:15 PM  1000     35128    0.00    1.00    0.00    0.00    1.00    11  listener
12:10:15 PM  1000     35164    0.00    1.00    0.00    0.00    1.00    10  listener
12:10:15 PM  1000     35230    1.00    1.00    0.00    0.00    2.00     3  listener
12:10:15 PM  1000     35232    0.00    1.00    0.00    0.00    1.00     6  listener
12:10:15 PM  1000     35234    1.00    0.00    0.00    0.00    1.00     5  listener
12:10:15 PM  1000     35246    0.00    0.00    0.00    0.00    0.00    10  listener
12:10:15 PM  1000     35275    0.00    1.00    0.00    0.00    1.00     8  listener
12:10:15 PM  1000     35281    0.00    0.00    0.00    0.00    0.00     2  listener
12:10:15 PM  1000     35296    0.00    1.00    0.00    0.00    1.00    11  listener
12:10:15 PM  1000     35307    0.00    1.00    0.00    0.00    1.00     6  listener
12:10:15 PM  1000     35327    1.00    1.00    0.00    0.00    2.00    13  listener
12:10:15 PM  1000     35347    1.00    0.00    0.00    0.00    1.00     0  listener
12:10:15 PM  1000     35358    1.00    0.00    0.00    0.00    1.00    10  listener
12:10:15 PM  1000     35369    1.00    0.00    0.00    0.00    1.00    12  listener
12:10:15 PM  1000     35389    0.00    1.00    0.00    0.00    1.00     1  listener
12:10:15 PM  1000     35409    1.00    0.00    0.00    0.00    1.00     8  listener
12:10:15 PM  1000     35428    0.00    1.00    0.00    0.00    1.00    15  listener
12:10:15 PM  1000     35432    0.00    1.00    0.00    0.00    1.00     4  listener
12:10:15 PM  1000     35434    0.00    0.00    0.00    0.00    0.00    18  listener
12:10:15 PM  1000     35445    1.00    0.00    0.00    0.00    1.00    16  listener
12:10:15 PM  1000     35467    1.00    0.00    0.00    0.00    1.00    19  listener
12:10:15 PM  1000     35487    1.00    1.00    0.00    0.00    2.00     0  listener
12:10:15 PM  1000     35524    1.00    1.00    0.00    0.00    2.00     6  listener
12:10:15 PM  1000     35544    0.00    0.00    0.00    0.00    0.00    18  listener
12:10:15 PM  1000     35546    0.00    1.00    0.00    0.00    1.00     3  listener
12:10:15 PM  1000     35558    0.00    1.00    0.00    0.00    1.00     8  listener
12:10:15 PM  1000     35578    0.00    1.00    0.00    0.00    1.00     5  listener
12:10:15 PM  1000     35598    1.00    0.00    0.00    0.00    1.00    15  listener
12:10:15 PM  1000     35629    0.00    0.00    0.00    0.00    0.00     5  listener
12:10:15 PM  1000     35641    1.00    0.00    0.00    0.00    1.00    12  listener
12:10:15 PM  1000     35651    1.00    1.00    0.00    0.00    2.00    11  listener
12:10:15 PM  1000     35673    1.00    1.00    0.00    0.00    2.00    12  listener
12:10:15 PM  1000     35701    0.00    1.00    0.00    0.00    1.00     3  listener
12:10:15 PM  1000     35703    0.00    1.00    0.00    0.00    1.00    12  listener
12:10:15 PM  1000     35723    0.00    0.00    0.00    0.00    0.00    12  listener
12:10:15 PM  1000     35734    0.00    1.00    0.00    0.00    1.00     2  listener
12:10:15 PM  1000     35745    0.00    1.00    0.00    0.00    1.00     0  listener
12:10:15 PM  1000     35764    1.00    1.00    0.00    0.00    2.00    19  listener
12:10:15 PM  1000     35777    0.00    1.00    0.00    0.00    1.00    17  listener
12:10:15 PM  1000     35787    0.00    1.00    0.00    0.00    1.00     0  listener
12:10:15 PM  1000     35825    0.00    1.00    0.00    0.00    1.00    19  listener
12:10:15 PM  1000     35827    0.00    1.00    0.00    0.00    1.00     6  listener
12:10:15 PM  1000     35829    1.00    1.00    0.00    0.00    2.00     9  listener
12:10:15 PM  1000     35858    0.00    1.00    0.00    0.00    1.00     5  listener
12:10:15 PM  1000     35905    1.00    0.00    0.00    0.00    1.00    15  listener
12:10:15 PM  1000     35916    1.00    0.00    0.00    0.00    1.00    19  listener
12:10:15 PM  1000     35918    0.00    1.00    0.00    0.00    1.00    14  listener
12:10:15 PM  1000     35956    1.00    0.00    0.00    0.00    1.00     1  listener
12:10:15 PM  1000     36003    0.00    1.00    0.00    0.00    1.00    17  listener

12:10:15 PM   UID       PID    %usr %system  %guest   %wait    %CPU   CPU  Command
12:10:16 PM  1000     33667    0.00    1.00    0.00    0.00    1.00    13  listener
12:10:16 PM  1000     33669    1.00    1.00    0.00    0.00    2.00     1  listener
12:10:16 PM  1000     33671    0.00    1.00    0.00    0.00    1.00     8  listener
12:10:16 PM  1000     33673    1.00    1.00    0.00    0.00    2.00     9  listener
12:10:16 PM  1000     33675    1.00    0.00    0.00    0.00    1.00    16  listener
12:10:16 PM  1000     33677    0.00    1.00    0.00    0.00    1.00    12  listener
12:10:16 PM  1000     33679    0.00    0.00    0.00    0.00    0.00     1  listener
12:10:16 PM  1000     33681    0.00    1.00    0.00    0.00    1.00    14  listener
12:10:16 PM  1000     33683    0.00    2.00    0.00    0.00    2.00    17  listener
12:10:16 PM  1000     33685    1.00    0.00    0.00    0.00    1.00    10  listener
12:10:16 PM  1000     33687    1.00    0.00    0.00    0.00    1.00     1  listener
12:10:16 PM  1000     33689    1.00    1.00    0.00    0.00    2.00     2  listener
12:10:16 PM  1000     33692    1.00    0.00    0.00    0.00    1.00    10  listener
12:10:16 PM  1000     33702    0.00    1.00    0.00    0.00    1.00    14  listener
12:10:16 PM  1000     33704    1.00    1.00    0.00    0.00    2.00     3  listener
12:10:16 PM  1000     33706    0.00    2.00    0.00    0.00    2.00     0  listener
12:10:16 PM  1000     33711    1.00    0.00    0.00    0.00    1.00    16  listener
12:10:16 PM  1000     33797    1.00    1.00    0.00    0.00    2.00    10  listener
12:10:16 PM  1000     33882    0.00    0.00    0.00    0.00    0.00    10  listener
12:10:16 PM  1000     33885    1.00    1.00    0.00    0.00    2.00     9  listener
12:10:16 PM  1000     33903    0.00    1.00    0.00    0.00    1.00    12  listener
12:10:16 PM  1000     33970    0.00    2.00    0.00    0.00    2.00    10  listener
12:10:16 PM  1000     33972    0.00    1.00    0.00    0.00    1.00    15  listener
12:10:16 PM  1000     33974    0.00    2.00    0.00    0.00    2.00     3  listener
12:10:16 PM  1000     34012    0.00    1.00    0.00    0.00    1.00    16  listener
12:10:16 PM  1000     34041    1.00    0.00    0.00    0.00    1.00    14  listener
12:10:16 PM  1000     34070    0.00    1.00    0.00    0.00    1.00    18  listener
12:10:16 PM  1000     34081    1.00    1.00    0.00    0.00    2.00     0  listener
12:10:16 PM  1000     34092    1.00    0.00    0.00    0.00    1.00     4  listener
12:10:16 PM  1000     34094    0.00    1.00    0.00    0.00    1.00     3  listener
12:10:16 PM  1000     34096    0.00    0.00    0.00    0.00    0.00     4  listener
12:10:16 PM  1000     34098    0.00    1.00    0.00    0.00    1.00     1  listener
12:10:16 PM  1000     34100    0.00    1.00    0.00    0.00    1.00     8  listener
12:10:16 PM  1000     34129    1.00    0.00    0.00    0.00    1.00    13  listener
12:10:16 PM  1000     34184    1.00    1.00    0.00    0.00    2.00     3  listener
12:10:16 PM  1000     34241    0.00    1.00    0.00    0.00    1.00    19  listener
12:10:16 PM  1000     34261    1.00    0.00    0.00    0.00    1.00     1  listener
12:10:16 PM  1000     34281    0.00    1.00    0.00    0.00    1.00    15  listener
12:10:16 PM  1000     34318    1.00    0.00    0.00    0.00    1.00    10  listener
12:10:16 PM  1000     34348    0.00    1.00    0.00    0.00    1.00    16  listener
12:10:16 PM  1000     34377    0.00    1.00    0.00    0.00    1.00     3  listener
12:10:16 PM  1000     34389    1.00    0.00    0.00    0.00    1.00     2  listener
12:10:16 PM  1000     34402    0.00    0.00    0.00    0.00    0.00    12  listener
12:10:16 PM  1000     34440    0.00    0.00    0.00    0.00    0.00    13  listener
12:10:16 PM  1000     34469    1.00    0.00    0.00    0.00    1.00    15  listener
12:10:16 PM  1000     34480    0.00    2.00    0.00    0.00    2.00    16  listener
12:10:16 PM  1000     34491    1.00    0.00    0.00    0.00    1.00     9  listener
12:10:16 PM  1000     34504    0.00    1.00    0.00    0.00    1.00    12  listener
12:10:16 PM  1000     34541    0.00    1.00    0.00    0.00    1.00    10  listener
12:10:16 PM  1000     34588    0.00    0.00    0.00    0.00    0.00    10  listener
12:10:16 PM  1000     34590    1.00    0.00    0.00    0.00    1.00    11  listener
12:10:16 PM  1000     34603    0.00    1.00    0.00    0.00    1.00    14  listener
12:10:16 PM  1000     34623    0.00    1.00    0.00    0.00    1.00     6  listener
12:10:16 PM  1000     34642    0.00    1.00    0.00    0.00    1.00    16  listener
12:10:16 PM  1000     34645    1.00    1.00    0.00    0.00    2.00     2  listener
12:10:16 PM  1000     34684    0.00    2.00    0.00    0.00    2.00     5  listener
12:10:16 PM  1000     34712    0.00    1.00    0.00    0.00    1.00    10  listener
12:10:16 PM  1000     34721    1.00    1.00    0.00    0.00    2.00     1  listener
12:10:16 PM  1000     34784    1.00    1.00    0.00    0.00    2.00     7  listener
12:10:16 PM  1000     34790    1.00    0.00    0.00    0.00    1.00    16  listener
12:10:16 PM  1000     34800    1.00    1.00    0.00    0.00    2.00     1  listener
12:10:16 PM  1000     34803    0.00    1.00    0.00    0.00    1.00    13  listener
12:10:16 PM  1000     34805    1.00    0.00    0.00    0.00    1.00    12  listener
12:10:16 PM  1000     34816    0.00    1.00    0.00    0.00    1.00    17  listener
12:10:16 PM  1000     34855    0.00    2.00    0.00    0.00    2.00     0  listener
12:10:16 PM  1000     34874    1.00    1.00    0.00    0.00    2.00    13  listener
12:10:16 PM  1000     34876    1.00    0.00    0.00    0.00    1.00     9  listener
12:10:16 PM  1000     34932    1.00    0.00    0.00    0.00    1.00    16  listener
12:10:16 PM  1000     34934    1.00    1.00    0.00    0.00    2.00     5  listener
12:10:16 PM  1000     34936    0.00    2.00    0.00    0.00    2.00     8  listener
12:10:16 PM  1000     34939    0.00    1.00    0.00    0.00    1.00     0  listener
12:10:16 PM  1000     34962    0.00    2.00    0.00    0.00    2.00     4  listener
12:10:16 PM  1000     34965    0.00    2.00    0.00    0.00    2.00    13  listener
12:10:16 PM  1000     35034    1.00    0.00    0.00    0.00    1.00     9  listener
12:10:16 PM  1000     35036    0.00    0.00    0.00    0.00    0.00     4  listener
12:10:16 PM  1000     35047    1.00    1.00    0.00    0.00    2.00    15  listener
12:10:16 PM  1000     35068    1.00    1.00    0.00    0.00    2.00    15  listener
12:10:16 PM  1000     35114    0.00    1.00    0.00    0.00    1.00     6  listener
12:10:16 PM  1000     35117    1.00    0.00    0.00    0.00    1.00     9  listener
12:10:16 PM  1000     35128    0.00    1.00    0.00    0.00    1.00    17  listener
12:10:16 PM  1000     35164    0.00    1.00    0.00    0.00    1.00    17  listener
12:10:16 PM  1000     35230    1.00    1.00    0.00    0.00    2.00     2  listener
12:10:16 PM  1000     35232    0.00    1.00    0.00    0.00    1.00     8  listener
12:10:16 PM  1000     35234    1.00    0.00    0.00    0.00    1.00     8  listener
12:10:16 PM  1000     35246    1.00    1.00    0.00    0.00    2.00    13  listener
12:10:16 PM  1000     35275    0.00    2.00    0.00    0.00    2.00    19  listener
12:10:16 PM  1000     35281    1.00    1.00    0.00    0.00    2.00    17  listener
12:10:16 PM  1000     35296    0.00    1.00    0.00    0.00    1.00     8  listener
12:10:16 PM  1000     35307    0.00    2.00    0.00    0.00    2.00    14  listener
12:10:16 PM  1000     35327    1.00    0.00    0.00    0.00    1.00    14  listener
12:10:16 PM  1000     35347    1.00    0.00    0.00    0.00    1.00     7  listener
12:10:16 PM  1000     35358    1.00    0.00    0.00    0.00    1.00    13  listener
12:10:16 PM  1000     35369    0.00    1.00    0.00    0.00    1.00     0  listener
12:10:16 PM  1000     35389    0.00    2.00    0.00    0.00    2.00    10  listener
12:10:16 PM  1000     35409    0.00    1.00    0.00    0.00    1.00     8  listener
12:10:16 PM  1000     35428    0.00    1.00    0.00    0.00    1.00     6  listener
12:10:16 PM  1000     35432    0.00    1.00    0.00    0.00    1.00    11  listener
12:10:16 PM  1000     35434    1.00    1.00    0.00    0.00    2.00    11  listener
12:10:16 PM  1000     35445    0.00    1.00    0.00    0.00    1.00     7  listener
12:10:16 PM  1000     35467    1.00    1.00    0.00    0.00    2.00    15  listener
12:10:16 PM  1000     35487    1.00    0.00    0.00    0.00    1.00     5  listener
12:10:16 PM  1000     35524    0.00    1.00    0.00    0.00    1.00    17  listener
12:10:16 PM  1000     35544    1.00    1.00    0.00    0.00    2.00    12  listener
12:10:16 PM  1000     35546    0.00    1.00    0.00    0.00    1.00    18  listener
12:10:16 PM  1000     35558    0.00    1.00    0.00    0.00    1.00     3  listener
12:10:16 PM  1000     35578    1.00    1.00    0.00    0.00    2.00    10  listener
12:10:16 PM  1000     35598    0.00    1.00    0.00    0.00    1.00    12  listener
12:10:16 PM  1000     35629    1.00    1.00    0.00    0.00    2.00    12  listener
12:10:16 PM  1000     35641    0.00    1.00    0.00    0.00    1.00    18  listener
12:10:16 PM  1000     35651    0.00    2.00    0.00    0.00    2.00     1  listener
12:10:16 PM  1000     35673    0.00    0.00    0.00    0.00    0.00    17  listener
12:10:16 PM  1000     35701    1.00    1.00    0.00    0.00    2.00    14  listener
12:10:16 PM  1000     35703    0.00    1.00    0.00    0.00    1.00     4  listener
12:10:16 PM  1000     35723    1.00    1.00    0.00    0.00    2.00    19  listener
12:10:16 PM  1000     35734    1.00    0.00    0.00    0.00    1.00     8  listener
12:10:16 PM  1000     35745    1.00    1.00    0.00    0.00    2.00    18  listener
12:10:16 PM  1000     35764    0.00    0.00    0.00    0.00    0.00     3  listener
12:10:16 PM  1000     35777    0.00    1.00    0.00    0.00    1.00    15  listener
12:10:16 PM  1000     35787    1.00    1.00    0.00    0.00    2.00     1  listener
12:10:16 PM  1000     35825    0.00    1.00    0.00    0.00    1.00     1  listener
12:10:16 PM  1000     35827    0.00    1.00    0.00    0.00    1.00    12  listener
12:10:16 PM  1000     35829    1.00    0.00    0.00    0.00    1.00     3  listener
12:10:16 PM  1000     35858    1.00    0.00    0.00    0.00    1.00    14  listener
12:10:16 PM  1000     35905    0.00    1.00    0.00    0.00    1.00    16  listener
12:10:16 PM  1000     35916    0.00    1.00    0.00    0.00    1.00     8  listener
12:10:16 PM  1000     35918    0.00    1.00    0.00    0.00    1.00     6  listener
12:10:16 PM  1000     35956    1.00    1.00    0.00    0.00    2.00    12  listener
12:10:16 PM  1000     36003    0.00    2.00    0.00    0.00    2.00    16  listener

12:10:16 PM   UID       PID    %usr %system  %guest   %wait    %CPU   CPU  Command
12:10:17 PM  1000     33667    0.00    1.00    0.00    0.00    1.00    16  listener
12:10:17 PM  1000     33669    1.00    0.00    0.00    0.00    1.00    14  listener
12:10:17 PM  1000     33671    1.00    0.00    0.00    0.00    1.00     2  listener
12:10:17 PM  1000     33673    0.00    0.00    0.00    0.00    0.00    17  listener
12:10:17 PM  1000     33675    0.00    1.00    0.00    0.00    1.00     8  listener
12:10:17 PM  1000     33677    0.00    1.00    0.00    0.00    1.00    17  listener
12:10:17 PM  1000     33679    1.00    0.00    0.00    0.00    1.00    13  listener
12:10:17 PM  1000     33681    0.00    0.00    0.00    0.00    0.00     3  listener
12:10:17 PM  1000     33683    0.00    1.00    0.00    0.00    1.00     6  listener
12:10:17 PM  1000     33685    1.00    1.00    0.00    0.00    2.00     6  listener
12:10:17 PM  1000     33687    0.00    0.00    0.00    0.00    0.00    14  listener
12:10:17 PM  1000     33689    0.00    0.00    0.00    0.00    0.00     0  listener
12:10:17 PM  1000     33692    0.00    1.00    0.00    0.00    1.00     4  listener
12:10:17 PM  1000     33702    0.00    1.00    0.00    0.00    1.00     1  listener
12:10:17 PM  1000     33704    0.00    0.00    0.00    0.00    0.00    21  listener
12:10:17 PM  1000     33706    0.00    0.00    0.00    0.00    0.00     1  listener
12:10:17 PM  1000     33711    0.00    1.00    0.00    0.00    1.00     6  listener
12:10:17 PM  1000     33797    0.00    0.00    0.00    0.00    0.00     8  listener
12:10:17 PM  1000     33882    1.00    1.00    0.00    0.00    2.00    13  listener
12:10:17 PM  1000     33885    0.00    1.00    0.00    0.00    1.00     5  listener
12:10:17 PM  1000     33903    1.00    0.00    0.00    0.00    1.00    12  listener
12:10:17 PM  1000     33970    0.00    1.00    0.00    0.00    1.00    15  listener
12:10:17 PM  1000     33972    1.00    0.00    0.00    0.00    1.00     0  listener
12:10:17 PM  1000     33974    0.00    1.00    0.00    0.00    1.00     3  listener
12:10:17 PM  1000     34012    0.00    1.00    0.00    0.00    1.00    12  listener
12:10:17 PM  1000     34041    1.00    1.00    0.00    0.00    2.00     6  listener
12:10:17 PM  1000     34070    1.00    0.00    0.00    0.00    1.00     0  listener
12:10:17 PM  1000     34081    1.00    0.00    0.00    0.00    1.00    18  listener
12:10:17 PM  1000     34092    0.00    1.00    0.00    0.00    1.00     7  listener
12:10:17 PM  1000     34094    0.00    1.00    0.00    0.00    1.00    12  listener
12:10:17 PM  1000     34096    1.00    0.00    0.00    0.00    1.00     6  listener
12:10:17 PM  1000     34098    0.00    1.00    0.00    0.00    1.00     5  listener
12:10:17 PM  1000     34100    0.00    1.00    0.00    0.00    1.00     0  listener
12:10:17 PM  1000     34129    0.00    1.00    0.00    0.00    1.00    14  listener
12:10:17 PM  1000     34184    1.00    0.00    0.00    0.00    1.00    13  listener
12:10:17 PM  1000     34241    1.00    0.00    0.00    0.00    1.00     3  listener
12:10:17 PM  1000     34261    0.00    1.00    0.00    0.00    1.00     0  listener
12:10:17 PM  1000     34281    0.00    1.00    0.00    0.00    1.00     6  listener
12:10:17 PM  1000     34318    0.00    1.00    0.00    0.00    1.00    17  listener
12:10:17 PM  1000     34348    0.00    1.00    0.00    0.00    1.00    19  listener
12:10:17 PM  1000     34377    0.00    1.00    0.00    0.00    1.00     0  listener
12:10:17 PM  1000     34389    0.00    0.00    0.00    0.00    0.00    12  listener
12:10:17 PM  1000     34402    1.00    1.00    0.00    0.00    2.00     2  listener
12:10:17 PM  1000     34440    1.00    1.00    0.00    0.00    2.00    13  listener
12:10:17 PM  1000     34469    0.00    0.00    0.00    0.00    0.00     5  listener
12:10:17 PM  1000     34480    0.00    1.00    0.00    0.00    1.00     1  listener
12:10:17 PM  1000     34491    0.00    0.00    0.00    0.00    0.00     3  listener
12:10:17 PM  1000     34504    0.00    1.00    0.00    0.00    1.00     0  listener
12:10:17 PM  1000     34541    0.00    1.00    0.00    0.00    1.00     1  listener
12:10:17 PM  1000     34588    1.00    1.00    0.00    0.00    2.00    13  listener
12:10:17 PM  1000     34590    0.00    0.00    0.00    1.00    0.00     1  listener
12:10:17 PM  1000     34603    0.00    0.00    0.00    0.00    0.00    12  listener
12:10:17 PM  1000     34623    1.00    0.00    0.00    0.00    1.00    12  listener
12:10:17 PM  1000     34642    0.00    1.00    0.00    0.00    1.00    15  listener
12:10:17 PM  1000     34645    0.00    1.00    0.00    0.00    1.00     8  listener
12:10:17 PM  1000     34684    0.00    1.00    0.00    0.00    1.00     1  listener
12:10:17 PM  1000     34712    0.00    1.00    0.00    0.00    1.00     5  listener
12:10:17 PM  1000     34721    0.00    0.00    0.00    0.00    0.00    17  listener
12:10:17 PM  1000     34784    0.00    0.00    0.00    0.00    0.00    19  listener
12:10:17 PM  1000     34790    0.00    1.00    0.00    0.00    1.00     5  listener
12:10:17 PM  1000     34800    1.00    0.00    0.00    0.00    1.00     8  listener
12:10:17 PM  1000     34803    0.00    1.00    0.00    0.00    1.00     9  listener
12:10:17 PM  1000     34805    0.00    0.00    0.00    0.00    0.00     3  listener
12:10:17 PM  1000     34816    0.00    1.00    0.00    0.00    1.00    16  listener
12:10:17 PM  1000     34855    0.00    0.00    0.00    0.00    0.00     5  listener
12:10:17 PM  1000     34874    1.00    1.00    0.00    0.00    2.00     1  listener
12:10:17 PM  1000     34876    0.00    1.00    0.00    0.00    1.00     6  listener
12:10:17 PM  1000     34932    0.00    1.00    0.00    0.00    1.00    13  listener
12:10:17 PM  1000     34934    1.00    0.00    0.00    0.00    1.00     8  listener
12:10:17 PM  1000     34936    1.00    0.00    0.00    0.00    1.00    14  listener
12:10:17 PM  1000     34939    0.00    0.00    0.00    0.00    0.00    13  listener
12:10:17 PM  1000     34962    0.00    1.00    0.00    0.00    1.00     5  listener
12:10:17 PM  1000     34965    0.00    1.00    0.00    0.00    1.00    15  listener
12:10:17 PM  1000     35034    0.00    1.00    0.00    0.00    1.00     0  listener
12:10:17 PM  1000     35036    1.00    1.00    0.00    0.00    2.00     8  listener
12:10:17 PM  1000     35047    0.00    0.00    0.00    0.00    0.00     5  listener
12:10:17 PM  1000     35068    0.00    0.00    0.00    0.00    0.00     1  listener
12:10:17 PM  1000     35114    0.00    1.00    0.00    0.00    1.00     4  listener
12:10:17 PM  1000     35117    1.00    1.00    0.00    0.00    2.00    16  listener
12:10:17 PM  1000     35128    0.00    1.00    0.00    0.00    1.00    13  listener
12:10:17 PM  1000     35164    0.00    1.00    0.00    0.00    1.00     2  listener
12:10:17 PM  1000     35230    0.00    0.00    0.00    0.00    0.00     2  listener
12:10:17 PM  1000     35232    1.00    1.00    0.00    0.00    2.00     3  listener
12:10:17 PM  1000     35234    0.00    1.00    0.00    0.00    1.00     3  listener
12:10:17 PM  1000     35246    0.00    1.00    0.00    0.00    1.00     5  listener
12:10:17 PM  1000     35275    0.00    1.00    0.00    0.00    1.00     6  listener
12:10:17 PM  1000     35281    1.00    0.00    0.00    0.00    1.00    18  listener
12:10:17 PM  1000     35296    0.00    1.00    0.00    0.00    1.00    12  listener
12:10:17 PM  1000     35307    0.00    0.00    0.00    0.00    0.00     3  listener
12:10:17 PM  1000     35327    0.00    1.00    0.00    0.00    1.00     8  listener
12:10:17 PM  1000     35347    0.00    0.00    0.00    0.00    0.00    18  listener
12:10:17 PM  1000     35358    1.00    1.00    0.00    0.00    2.00    15  listener
12:10:17 PM  1000     35369    0.00    1.00    0.00    0.00    1.00     5  listener
12:10:17 PM  1000     35389    0.00    1.00    0.00    0.00    1.00    12  listener
12:10:17 PM  1000     35409    1.00    0.00    0.00    0.00    1.00    12  listener
12:10:17 PM  1000     35428    0.00    1.00    0.00    0.00    1.00     0  listener
12:10:17 PM  1000     35432    0.00    1.00    0.00    0.00    1.00    11  listener
12:10:17 PM  1000     35434    0.00    0.00    0.00    0.00    0.00    18  listener
12:10:17 PM  1000     35445    1.00    0.00    0.00    0.00    1.00     1  listener
12:10:17 PM  1000     35467    1.00    0.00    0.00    0.00    1.00     3  listener
12:10:17 PM  1000     35487    0.00    0.00    0.00    0.00    0.00     5  listener
12:10:17 PM  1000     35524    0.00    1.00    0.00    0.00    1.00     5  listener
12:10:17 PM  1000     35544    0.00    1.00    0.00    0.00    1.00    12  listener
12:10:17 PM  1000     35546    0.00    1.00    0.00    0.00    1.00     5  listener
12:10:17 PM  1000     35558    0.00    1.00    0.00    0.00    1.00     3  listener
12:10:17 PM  1000     35578    0.00    0.00    0.00    0.00    0.00    12  listener
12:10:17 PM  1000     35598    1.00    0.00    0.00    0.00    1.00     3  listener
12:10:17 PM  1000     35629    1.00    0.00    0.00    0.00    1.00    16  listener
12:10:17 PM  1000     35641    1.00    0.00    0.00    0.00    1.00    12  listener
12:10:17 PM  1000     35651    0.00    1.00    0.00    0.00    1.00    12  listener
12:10:17 PM  1000     35673    1.00    1.00    0.00    0.00    2.00     1  listener
12:10:17 PM  1000     35701    0.00    1.00    0.00    0.00    1.00     1  listener
12:10:17 PM  1000     35703    0.00    1.00    0.00    0.00    1.00    18  listener
12:10:17 PM  1000     35723    0.00    0.00    0.00    0.00    0.00    20  listener
12:10:17 PM  1000     35734    0.00    1.00    0.00    0.00    1.00     8  listener
12:10:17 PM  1000     35745    0.00    0.00    0.00    0.00    0.00    12  listener
12:10:17 PM  1000     35764    1.00    1.00    0.00    0.00    2.00    15  listener
12:10:17 PM  1000     35777    0.00    1.00    0.00    0.00    1.00     2  listener
12:10:17 PM  1000     35787    0.00    0.00    0.00    0.00    0.00    10  listener
12:10:17 PM  1000     35825    0.00    1.00    0.00    0.00    1.00     3  listener
12:10:17 PM  1000     35827    0.00    1.00    0.00    0.00    1.00    14  listener
12:10:17 PM  1000     35829    0.00    0.00    0.00    0.00    0.00     8  listener
12:10:17 PM  1000     35858    1.00    0.00    0.00    0.00    1.00     3  listener
12:10:17 PM  1000     35905    1.00    0.00    0.00    0.00    1.00     1  listener
12:10:17 PM  1000     35916    1.00    0.00    0.00    0.00    1.00    12  listener
12:10:17 PM  1000     35918    0.00    1.00    0.00    0.00    1.00    10  listener
12:10:17 PM  1000     35956    0.00    0.00    0.00    0.00    0.00    13  listener
12:10:17 PM  1000     36003    0.00    1.00    0.00    0.00    1.00     8  listener

12:10:17 PM   UID       PID    %usr %system  %guest   %wait    %CPU   CPU  Command
12:10:18 PM  1000     33667    0.00    2.00    0.00    0.00    2.00    15  listener
12:10:18 PM  1000     33669    1.00    0.00    0.00    0.00    1.00    16  listener
12:10:18 PM  1000     33671    0.00    1.00    0.00    0.00    1.00    11  listener
12:10:18 PM  1000     33673    1.00    1.00    0.00    0.00    2.00    10  listener
12:10:18 PM  1000     33675    1.00    1.00    0.00    0.00    2.00     8  listener
12:10:18 PM  1000     33677    0.00    2.00    0.00    0.00    2.00    15  listener
12:10:18 PM  1000     33679    1.00    2.00    0.00    0.00    3.00    18  listener
12:10:18 PM  1000     33681    0.00    2.00    0.00    0.00    2.00     1  listener
12:10:18 PM  1000     33683    0.00    1.00    0.00    0.00    1.00     9  listener
12:10:18 PM  1000     33685    0.00    1.00    0.00    0.00    1.00     0  listener
12:10:18 PM  1000     33687    0.00    2.00    0.00    0.00    2.00     1  listener
12:10:18 PM  1000     33689    0.00    2.00    0.00    0.00    2.00    16  listener
12:10:18 PM  1000     33692    2.00    0.00    0.00    0.00    2.00     5  listener
12:10:18 PM  1000     33702    0.00    2.00    0.00    0.00    2.00     2  listener
12:10:18 PM  1000     33704    1.00    1.00    0.00    0.00    2.00     2  listener
12:10:18 PM  1000     33706    0.00    2.00    0.00    0.00    2.00    16  listener
12:10:18 PM  1000     33711    0.00    1.00    0.00    0.00    1.00    15  listener
12:10:18 PM  1000     33797    1.00    1.00    0.00    0.00    2.00     0  listener
12:10:18 PM  1000     33882    1.00    1.00    0.00    0.00    2.00     6  listener
12:10:18 PM  1000     33885    2.00    0.00    0.00    0.00    2.00    11  listener
12:10:18 PM  1000     33903    0.00    2.00    0.00    0.00    2.00     6  listener
12:10:18 PM  1000     33970    0.00    2.00    0.00    0.00    2.00    17  listener
12:10:18 PM  1000     33972    0.00    1.00    0.00    0.00    1.00     6  listener
12:10:18 PM  1000     33974    0.00    1.00    0.00    0.00    1.00    19  listener
12:10:18 PM  1000     34012    0.00    1.00    0.00    0.00    1.00     4  listener
12:10:18 PM  1000     34041    1.00    0.00    0.00    0.00    1.00    17  listener
12:10:18 PM  1000     34070    0.00    2.00    0.00    0.00    2.00     0  listener
12:10:18 PM  1000     34081    1.00    1.00    0.00    0.00    2.00    12  listener
12:10:18 PM  1000     34092    1.00    0.00    0.00    0.00    1.00    14  listener
12:10:18 PM  1000     34094    0.00    2.00    0.00    0.00    2.00    16  listener
12:10:18 PM  1000     34096    0.00    2.00    0.00    0.00    2.00    17  listener
12:10:18 PM  1000     34098    0.00    2.00    0.00    0.00    2.00     8  listener
12:10:18 PM  1000     34100    0.00    2.00    0.00    0.00    2.00     0  listener
12:10:18 PM  1000     34129    1.00    1.00    0.00    0.00    2.00    10  listener
12:10:18 PM  1000     34184    1.00    0.00    0.00    0.00    1.00    10  listener
12:10:18 PM  1000     34241    1.00    1.00    0.00    0.00    2.00    13  listener
12:10:18 PM  1000     34261    1.00    1.00    0.00    0.00    2.00     4  listener
12:10:18 PM  1000     34281    0.00    2.00    0.00    0.00    2.00    10  listener
12:10:18 PM  1000     34318    1.00    1.00    0.00    0.00    2.00     5  listener
12:10:18 PM  1000     34348    0.00    1.00    0.00    0.00    1.00    11  listener
12:10:18 PM  1000     34377    0.00    2.00    0.00    0.00    2.00     8  listener
12:10:18 PM  1000     34389    1.00    1.00    0.00    0.00    2.00     6  listener
12:10:18 PM  1000     34402    1.00    1.00    0.00    0.00    2.00    14  listener
12:10:18 PM  1000     34440    1.00    1.00    0.00    0.00    2.00    10  listener
12:10:18 PM  1000     34469    1.00    1.00    0.00    0.00    2.00     6  listener
12:10:18 PM  1000     34480    0.00    2.00    0.00    0.00    2.00    19  listener
12:10:18 PM  1000     34491    1.00    1.00    0.00    0.00    2.00     0  listener
12:10:18 PM  1000     34504    0.00    2.00    0.00    0.00    2.00    19  listener
12:10:18 PM  1000     34541    0.00    2.00    0.00    0.00    2.00    13  listener
12:10:18 PM  1000     34588    1.00    0.00    0.00    0.00    1.00    10  listener
12:10:18 PM  1000     34590    1.00    1.00    0.00    0.00    2.00    15  listener
12:10:18 PM  1000     34603    1.00    1.00    0.00    0.00    2.00     5  listener
12:10:18 PM  1000     34623    1.00    1.00    0.00    0.00    2.00    15  listener
12:10:18 PM  1000     34642    0.00    2.00    0.00    0.00    2.00     3  listener
12:10:18 PM  1000     34645    1.00    1.00    0.00    0.00    2.00    15  listener
12:10:18 PM  1000     34684    0.00    1.00    0.00    0.00    1.00    10  listener
12:10:18 PM  1000     34712    0.00    2.00    0.00    0.00    2.00     9  listener
12:10:18 PM  1000     34721    1.00    1.00    0.00    0.00    2.00    10  listener
12:10:18 PM  1000     34784    1.00    1.00    0.00    0.00    2.00    16  listener
12:10:18 PM  1000     34790    1.00    0.00    0.00    1.00    1.00    12  listener
12:10:18 PM  1000     34800    0.00    1.00    0.00    0.00    1.00     0  listener
12:10:18 PM  1000     34803    0.00    2.00    0.00    0.00    2.00     2  listener
12:10:18 PM  1000     34805    1.00    1.00    0.00    0.00    2.00     1  listener
12:10:18 PM  1000     34816    0.00    2.00    0.00    0.00    2.00     5  listener
12:10:18 PM  1000     34855    0.00    2.00    0.00    0.00    2.00    18  listener
12:10:18 PM  1000     34874    0.00    0.00    0.00    0.00    0.00    10  listener
12:10:18 PM  1000     34876    1.00    1.00    0.00    0.00    2.00    14  listener
12:10:18 PM  1000     34932    1.00    1.00    0.00    0.00    2.00     3  listener
12:10:18 PM  1000     34934    1.00    0.00    0.00    0.00    1.00     1  listener
12:10:18 PM  1000     34936    0.00    2.00    0.00    0.00    2.00    17  listener
12:10:18 PM  1000     34939    1.00    1.00    0.00    0.00    2.00    12  listener
12:10:18 PM  1000     34962    0.00    1.00    0.00    0.00    1.00     6  listener
12:10:18 PM  1000     34965    0.00    1.00    0.00    0.00    1.00    19  listener
12:10:18 PM  1000     35034    1.00    1.00    0.00    0.00    2.00     7  listener
12:10:18 PM  1000     35036    0.00    1.00    0.00    0.00    1.00    13  listener
12:10:18 PM  1000     35047    1.00    1.00    0.00    0.00    2.00     5  listener
12:10:18 PM  1000     35068    1.00    1.00    0.00    0.00    2.00    14  listener
12:10:18 PM  1000     35114    0.00    2.00    0.00    0.00    2.00     9  listener
12:10:18 PM  1000     35117    0.00    1.00    0.00    0.00    1.00    15  listener
12:10:18 PM  1000     35128    0.00    2.00    0.00    0.00    2.00    10  listener
12:10:18 PM  1000     35164    0.00    2.00    0.00    0.00    2.00     8  listener
12:10:18 PM  1000     35230    1.00    1.00    0.00    0.00    2.00     7  listener
12:10:18 PM  1000     35232    0.00    0.00    0.00    0.00    0.00     3  listener
12:10:18 PM  1000     35234    1.00    1.00    0.00    0.00    2.00    19  listener
12:10:18 PM  1000     35246    1.00    0.00    0.00    0.00    1.00    19  listener
12:10:18 PM  1000     35275    0.00    2.00    0.00    0.00    2.00    12  listener
12:10:18 PM  1000     35281    1.00    1.00    0.00    0.00    2.00     1  listener
12:10:18 PM  1000     35296    0.00    1.00    0.00    0.00    1.00    16  listener
12:10:18 PM  1000     35307    0.00    2.00    0.00    0.00    2.00     2  listener
12:10:18 PM  1000     35327    1.00    0.00    0.00    0.00    1.00    10  listener
12:10:18 PM  1000     35347    1.00    1.00    0.00    0.00    2.00    15  listener
12:10:18 PM  1000     35358    0.00    1.00    0.00    0.00    1.00     1  listener
12:10:18 PM  1000     35369    1.00    1.00    0.00    0.00    2.00     9  listener
12:10:18 PM  1000     35389    0.00    2.00    0.00    0.00    2.00    17  listener
12:10:18 PM  1000     35409    1.00    1.00    0.00    0.00    2.00    15  listener
12:10:18 PM  1000     35428    0.00    1.00    0.00    0.00    1.00    14  listener
12:10:18 PM  1000     35432    0.00    2.00    0.00    0.00    2.00     5  listener
12:10:18 PM  1000     35434    1.00    1.00    0.00    0.00    2.00     2  listener
12:10:18 PM  1000     35445    1.00    1.00    0.00    0.00    2.00     8  listener
12:10:18 PM  1000     35467    1.00    1.00    0.00    0.00    2.00     0  listener
12:10:18 PM  1000     35487    1.00    1.00    0.00    0.00    2.00    16  listener
12:10:18 PM  1000     35524    0.00    2.00    0.00    0.00    2.00     7  listener
12:10:18 PM  1000     35544    1.00    1.00    0.00    0.00    2.00    10  listener
12:10:18 PM  1000     35546    0.00    1.00    0.00    0.00    1.00    10  listener
12:10:18 PM  1000     35558    0.00    2.00    0.00    0.00    2.00    13  listener
12:10:18 PM  1000     35578    1.00    1.00    0.00    0.00    2.00    17  listener
12:10:18 PM  1000     35598    0.00    1.00    0.00    0.00    1.00     4  listener
12:10:18 PM  1000     35629    1.00    1.00    0.00    0.00    2.00     8  listener
12:10:18 PM  1000     35641    1.00    1.00    0.00    0.00    2.00    14  listener
12:10:18 PM  1000     35651    0.00    2.00    0.00    0.00    2.00     3  listener
12:10:18 PM  1000     35673    0.00    1.00    0.00    0.00    1.00    15  listener
12:10:18 PM  1000     35701    0.00    2.00    0.00    0.00    2.00    10  listener
12:10:18 PM  1000     35703    0.00    2.00    0.00    0.00    2.00    17  listener
12:10:18 PM  1000     35723    2.00    1.00    0.00    0.00    3.00    11  listener
12:10:18 PM  1000     35734    1.00    1.00    0.00    0.00    2.00     5  listener
12:10:18 PM  1000     35745    2.00    0.00    0.00    0.00    2.00     6  listener
12:10:18 PM  1000     35764    1.00    0.00    0.00    0.00    1.00     8  listener
12:10:18 PM  1000     35777    0.00    2.00    0.00    0.00    2.00    16  listener
12:10:18 PM  1000     35787    1.00    1.00    0.00    0.00    2.00    18  listener
12:10:18 PM  1000     35825    0.00    2.00    0.00    0.00    2.00     3  listener
12:10:18 PM  1000     35827    0.00    2.00    0.00    0.00    2.00     5  listener
12:10:18 PM  1000     35829    1.00    1.00    0.00    0.00    2.00     3  listener
12:10:18 PM  1000     35858    0.00    2.00    0.00    0.00    2.00    11  listener
12:10:18 PM  1000     35905    1.00    1.00    0.00    0.00    2.00    18  listener
12:10:18 PM  1000     35916    1.00    1.00    0.00    0.00    2.00    14  listener
12:10:18 PM  1000     35918    0.00    2.00    0.00    0.00    2.00     2  listener
12:10:18 PM  1000     35956    2.00    1.00    0.00    0.00    3.00    17  listener
12:10:18 PM  1000     36003    0.00    1.00    0.00    0.00    1.00     8  listener

12:10:18 PM   UID       PID    %usr %system  %guest   %wait    %CPU   CPU  Command
12:10:19 PM  1000     33667    0.00    2.00    0.00    0.00    2.00    16  listener
12:10:19 PM  1000     33669    1.00    1.00    0.00    0.00    2.00    16  listener
12:10:19 PM  1000     33671    1.00    1.00    0.00    0.00    2.00    15  listener
12:10:19 PM  1000     33673    0.00    1.00    0.00    0.00    1.00    10  listener
12:10:19 PM  1000     33675    1.00    0.00    0.00    0.00    1.00     5  listener
12:10:19 PM  1000     33677    0.00    2.00    0.00    0.00    2.00     7  listener
12:10:19 PM  1000     33679    0.00    0.00    0.00    0.00    0.00    14  listener
12:10:19 PM  1000     33681    0.00    1.00    0.00    0.00    1.00     2  listener
12:10:19 PM  1000     33683    0.00    2.00    0.00    0.00    2.00    12  listener
12:10:19 PM  1000     33685    1.00    0.00    0.00    0.00    1.00    16  listener
12:10:19 PM  1000     33687    1.00    0.00    0.00    0.00    1.00     5  listener
12:10:19 PM  1000     33689    1.00    1.00    0.00    0.00    2.00    12  listener
12:10:19 PM  1000     33692    0.00    1.00    0.00    0.00    1.00     8  listener
12:10:19 PM  1000     33702    0.00    1.00    0.00    0.00    1.00     5  listener
12:10:19 PM  1000     33704    1.00    0.00    0.00    0.00    1.00     3  listener
12:10:19 PM  1000     33706    0.00    2.00    0.00    0.00    2.00    10  listener
12:10:19 PM  1000     33711    1.00    1.00    0.00    0.00    2.00     2  listener
12:10:19 PM  1000     33797    1.00    0.00    0.00    0.00    1.00    11  listener
12:10:19 PM  1000     33882    0.00    0.00    0.00    0.00    0.00    13  listener
12:10:19 PM  1000     33885    1.00    0.00    0.00    0.00    1.00    14  listener
12:10:19 PM  1000     33903    1.00    0.00    0.00    0.00    1.00     7  listener
12:10:19 PM  1000     33970    0.00    1.00    0.00    0.00    1.00    13  listener
12:10:19 PM  1000     33972    1.00    0.00    0.00    0.00    1.00     1  listener
12:10:19 PM  1000     33974    0.00    2.00    0.00    0.00    2.00    14  listener
12:10:19 PM  1000     34012    0.00    2.00    0.00    0.00    2.00    16  listener
12:10:19 PM  1000     34041    0.00    1.00    0.00    0.00    1.00    19  listener
12:10:19 PM  1000     34070    1.00    1.00    0.00    0.00    2.00     8  listener
12:10:19 PM  1000     34081    0.00    1.00    0.00    0.00    1.00     5  listener
12:10:19 PM  1000     34092    1.00    1.00    0.00    0.00    2.00     0  listener
12:10:19 PM  1000     34094    0.00    2.00    0.00    0.00    2.00    10  listener
12:10:19 PM  1000     34096    1.00    0.00    0.00    0.00    1.00     3  listener
12:10:19 PM  1000     34098    0.00    1.00    0.00    0.00    1.00    14  listener
12:10:19 PM  1000     34100    0.00    1.00    0.00    0.00    1.00    11  listener
12:10:19 PM  1000     34129    0.00    1.00    0.00    0.00    1.00    16  listener
12:10:19 PM  1000     34184    1.00    1.00    0.00    0.00    2.00    13  listener
12:10:19 PM  1000     34241    1.00    0.00    0.00    0.00    1.00     2  listener
12:10:19 PM  1000     34261    1.00    0.00    0.00    0.00    1.00    16  listener
12:10:19 PM  1000     34281    1.00    0.00    0.00    0.00    1.00     5  listener
12:10:19 PM  1000     34318    0.00    1.00    0.00    0.00    1.00    11  listener
12:10:19 PM  1000     34348    0.00    2.00    0.00    0.00    2.00     2  listener
12:10:19 PM  1000     34377    0.00    1.00    0.00    0.00    1.00     7  listener
12:10:19 PM  1000     34389    2.00    0.00    0.00    0.00    2.00    11  listener
12:10:19 PM  1000     34402    0.00    0.00    0.00    0.00    0.00    12  listener
12:10:19 PM  1000     34440    1.00    0.00    0.00    0.00    1.00     2  listener
12:10:19 PM  1000     34469    1.00    1.00    0.00    0.00    2.00     1  listener
12:10:19 PM  1000     34480    0.00    1.00    0.00    0.00    1.00    16  listener
12:10:19 PM  1000     34491    1.00    0.00    0.00    0.00    1.00     3  listener
12:10:19 PM  1000     34504    0.00    1.00    0.00    0.00    1.00    12  listener
12:10:19 PM  1000     34541    0.00    1.00    0.00    0.00    1.00     6  listener
12:10:19 PM  1000     34588    1.00    1.00    0.00    0.00    2.00     8  listener
12:10:19 PM  1000     34590    0.00    1.00    0.00    0.00    1.00     8  listener
12:10:19 PM  1000     34603    0.00    1.00    0.00    0.00    1.00     6  listener
12:10:19 PM  1000     34623    0.00    1.00    0.00    0.00    1.00     7  listener
12:10:19 PM  1000     34642    0.00    1.00    0.00    0.00    1.00    17  listener
12:10:19 PM  1000     34645    1.00    0.00    0.00    0.00    1.00     8  listener
12:10:19 PM  1000     34684    1.00    0.00    0.00    0.00    1.00     0  listener
12:10:19 PM  1000     34712    0.00    1.00    0.00    0.00    1.00     5  listener
12:10:19 PM  1000     34721    1.00    0.00    0.00    0.00    1.00    12  listener
12:10:19 PM  1000     34784    0.00    1.00    0.00    0.00    1.00     7  listener
12:10:19 PM  1000     34790    1.00    1.00    0.00    0.00    2.00    12  listener
12:10:19 PM  1000     34800    1.00    1.00    0.00    0.00    2.00     7  listener
12:10:19 PM  1000     34803    0.00    1.00    0.00    0.00    1.00     2  listener
12:10:19 PM  1000     34805    1.00    1.00    0.00    0.00    2.00    10  listener
12:10:19 PM  1000     34816    0.00    1.00    0.00    0.00    1.00    15  listener
12:10:19 PM  1000     34855    0.00    2.00    0.00    0.00    2.00     8  listener
12:10:19 PM  1000     34874    1.00    1.00    0.00    0.00    2.00    12  listener
12:10:19 PM  1000     34876    1.00    0.00    0.00    0.00    1.00     0  listener
12:10:19 PM  1000     34932    1.00    0.00    0.00    0.00    1.00     2  listener
12:10:19 PM  1000     34934    1.00    1.00    0.00    0.00    2.00    14  listener
12:10:19 PM  1000     34936    0.00    1.00    0.00    0.00    1.00     8  listener
12:10:19 PM  1000     34939    0.00    1.00    0.00    0.00    1.00    16  listener
12:10:19 PM  1000     34962    0.00    2.00    0.00    0.00    2.00     1  listener
12:10:19 PM  1000     34965    0.00    2.00    0.00    1.00    2.00    10  listener
12:10:19 PM  1000     35034    0.00    0.00    0.00    0.00    0.00     7  listener
12:10:19 PM  1000     35036    1.00    1.00    0.00    0.00    2.00    17  listener
12:10:19 PM  1000     35047    1.00    0.00    0.00    0.00    1.00    15  listener
12:10:19 PM  1000     35068    1.00    1.00    0.00    0.00    2.00    16  listener
12:10:19 PM  1000     35114    0.00    1.00    0.00    0.00    1.00     9  listener
12:10:19 PM  1000     35117    0.00    1.00    0.00    0.00    1.00     9  listener
12:10:19 PM  1000     35128    0.00    1.00    0.00    0.00    1.00    12  listener
12:10:19 PM  1000     35164    0.00    1.00    0.00    0.00    1.00    19  listener
12:10:19 PM  1000     35230    1.00    0.00    0.00    1.00    1.00    18  listener
12:10:19 PM  1000     35232    0.00    1.00    0.00    0.00    1.00     0  listener
12:10:19 PM  1000     35234    1.00    0.00    0.00    0.00    1.00    19  listener
12:10:19 PM  1000     35246    1.00    1.00    0.00    0.00    2.00    10  listener
12:10:19 PM  1000     35275    0.00    1.00    0.00    0.00    1.00    15  listener
12:10:19 PM  1000     35281    0.00    0.00    0.00    0.00    0.00    14  listener
12:10:19 PM  1000     35296    0.00    2.00    0.00    0.00    2.00    12  listener
12:10:19 PM  1000     35307    0.00    2.00    0.00    0.00    2.00     6  listener
12:10:19 PM  1000     35327    1.00    1.00    0.00    0.00    2.00    18  listener
12:10:19 PM  1000     35347    1.00    1.00    0.00    0.00    2.00     7  listener
12:10:19 PM  1000     35358    2.00    0.00    0.00    0.00    2.00    15  listener
12:10:19 PM  1000     35369    1.00    0.00    0.00    0.00    1.00    19  listener
12:10:19 PM  1000     35389    0.00    1.00    0.00    0.00    1.00     4  listener
12:10:19 PM  1000     35409    1.00    1.00    0.00    0.00    2.00    17  listener
12:10:19 PM  1000     35428    0.00    1.00    0.00    0.00    1.00    14  listener
12:10:19 PM  1000     35432    0.00    1.00    0.00    0.00    1.00     4  listener
12:10:19 PM  1000     35434    0.00    1.00    0.00    0.00    1.00     8  listener
12:10:19 PM  1000     35445    1.00    1.00    0.00    0.00    2.00     1  listener
12:10:19 PM  1000     35467    0.00    0.00    0.00    0.00    0.00     6  listener
12:10:19 PM  1000     35487    1.00    0.00    0.00    0.00    1.00     5  listener
12:10:19 PM  1000     35524    0.00    2.00    0.00    0.00    2.00     5  listener
12:10:19 PM  1000     35544    1.00    0.00    0.00    0.00    1.00     7  listener
12:10:19 PM  1000     35546    0.00    2.00    0.00    0.00    2.00     8  listener
12:10:19 PM  1000     35558    0.00    2.00    0.00    0.00    2.00    15  listener
12:10:19 PM  1000     35578    1.00    0.00    0.00    0.00    1.00     2  listener
12:10:19 PM  1000     35598    1.00    1.00    0.00    0.00    2.00     1  listener
12:10:19 PM  1000     35629    1.00    0.00    0.00    0.00    1.00    11  listener
12:10:19 PM  1000     35641    1.00    1.00    0.00    0.00    2.00    14  listener
12:10:19 PM  1000     35651    0.00    1.00    0.00    0.00    1.00    16  listener
12:10:19 PM  1000     35673    1.00    0.00    0.00    0.00    1.00    16  listener
12:10:19 PM  1000     35701    0.00    1.00    0.00    0.00    1.00     2  listener
12:10:19 PM  1000     35703    0.00    1.00    0.00    0.00    1.00     4  listener
12:10:19 PM  1000     35723    0.00    0.00    0.00    0.00    0.00    15  listener
12:10:19 PM  1000     35734    1.00    0.00    0.00    0.00    1.00    16  listener
12:10:19 PM  1000     35745    0.00    1.00    0.00    0.00    1.00     9  listener
12:10:19 PM  1000     35764    1.00    1.00    0.00    0.00    2.00     9  listener
12:10:19 PM  1000     35777    0.00    1.00    0.00    0.00    1.00    14  listener
12:10:19 PM  1000     35787    1.00    1.00    0.00    0.00    2.00     8  listener
12:10:19 PM  1000     35825    0.00    1.00    0.00    0.00    1.00     7  listener
12:10:19 PM  1000     35827    0.00    1.00    0.00    0.00    1.00     6  listener
12:10:19 PM  1000     35829    0.00    1.00    0.00    0.00    1.00     3  listener
12:10:19 PM  1000     35858    1.00    0.00    0.00    0.00    1.00    17  listener
12:10:19 PM  1000     35905    1.00    1.00    0.00    0.00    2.00     1  listener
12:10:19 PM  1000     35916    0.00    0.00    0.00    0.00    0.00    18  listener
12:10:19 PM  1000     35918    0.00    2.00    0.00    0.00    2.00     0  listener
12:10:19 PM  1000     35956    1.00    0.00    0.00    0.00    1.00     7  listener
12:10:19 PM  1000     36003    0.00    2.00    0.00    0.00    2.00    17  listener

12:10:19 PM   UID       PID    %usr %system  %guest   %wait    %CPU   CPU  Command
12:10:20 PM  1000     33667    0.00    1.00    0.00    0.00    1.00    10  listener
12:10:20 PM  1000     33669    1.00    0.00    0.00    0.00    1.00     8  listener
12:10:20 PM  1000     33671    1.00    0.00    0.00    0.00    1.00     1  listener
12:10:20 PM  1000     33673    2.00    0.00    0.00    0.00    2.00     4  listener
12:10:20 PM  1000     33675    1.00    1.00    0.00    0.00    2.00     5  listener
12:10:20 PM  1000     33677    0.00    1.00    0.00    0.00    1.00     2  listener
12:10:20 PM  1000     33679    1.00    1.00    0.00    0.00    2.00    15  listener
12:10:20 PM  1000     33681    0.00    2.00    0.00    0.00    2.00    17  listener
12:10:20 PM  1000     33683    0.00    1.00    0.00    0.00    1.00     8  listener
12:10:20 PM  1000     33685    1.00    1.00    0.00    0.00    2.00    13  listener
12:10:20 PM  1000     33687    0.00    1.00    0.00    0.00    1.00    14  listener
12:10:20 PM  1000     33689    1.00    1.00    0.00    0.00    2.00    10  listener
12:10:20 PM  1000     33692    1.00    0.00    0.00    0.00    1.00     1  listener
12:10:20 PM  1000     33702    0.00    2.00    0.00    0.00    2.00     8  listener
12:10:20 PM  1000     33704    1.00    1.00    0.00    0.00    2.00    16  listener
12:10:20 PM  1000     33706    0.00    1.00    0.00    0.00    1.00    14  listener
12:10:20 PM  1000     33711    0.00    1.00    0.00    0.00    1.00     1  listener
12:10:20 PM  1000     33797    1.00    1.00    0.00    0.00    2.00     7  listener
12:10:20 PM  1000     33882    1.00    1.00    0.00    0.00    2.00     3  listener
12:10:20 PM  1000     33885    0.00    1.00    0.00    0.00    1.00     1  listener
12:10:20 PM  1000     33903    1.00    0.00    0.00    0.00    1.00    10  listener
12:10:20 PM  1000     33970    0.00    2.00    0.00    0.00    2.00    16  listener
12:10:20 PM  1000     33972    1.00    1.00    0.00    0.00    2.00    16  listener
12:10:20 PM  1000     33974    0.00    1.00    0.00    0.00    1.00     2  listener
12:10:20 PM  1000     34012    0.00    1.00    0.00    0.00    1.00     6  listener
12:10:20 PM  1000     34041    2.00    0.00    0.00    0.00    2.00    12  listener
12:10:20 PM  1000     34070    0.00    0.00    0.00    0.00    0.00    17  listener
12:10:20 PM  1000     34081    1.00    0.00    0.00    0.00    1.00    19  listener
12:10:20 PM  1000     34092    0.00    1.00    0.00    0.00    1.00    15  listener
12:10:20 PM  1000     34094    0.00    1.00    0.00    0.00    1.00     4  listener
12:10:20 PM  1000     34096    1.00    1.00    0.00    0.00    2.00    12  listener
12:10:20 PM  1000     34098    0.00    2.00    0.00    0.00    2.00     6  listener
12:10:20 PM  1000     34100    0.00    2.00    0.00    0.00    2.00     3  listener
12:10:20 PM  1000     34129    1.00    1.00    0.00    0.00    2.00    12  listener
12:10:20 PM  1000     34184    1.00    0.00    0.00    0.00    1.00    15  listener
12:10:20 PM  1000     34241    0.00    1.00    0.00    0.00    1.00     8  listener
12:10:20 PM  1000     34261    1.00    1.00    0.00    0.00    2.00    13  listener
12:10:20 PM  1000     34281    0.00    1.00    0.00    0.00    1.00     3  listener
12:10:20 PM  1000     34318    1.00    1.00    0.00    0.00    2.00     8  listener
12:10:20 PM  1000     34348    0.00    1.00    0.00    0.00    1.00     7  listener
12:10:20 PM  1000     34377    0.00    1.00    0.00    0.00    1.00    16  listener
12:10:20 PM  1000     34389    0.00    1.00    0.00    0.00    1.00    18  listener
12:10:20 PM  1000     34402    1.00    1.00    0.00    0.00    2.00    15  listener
12:10:20 PM  1000     34440    1.00    1.00    0.00    0.00    2.00     2  listener
12:10:20 PM  1000     34469    1.00    1.00    0.00    0.00    2.00     5  listener
12:10:20 PM  1000     34480    0.00    2.00    0.00    0.00    2.00     3  listener
12:10:20 PM  1000     34491    1.00    1.00    0.00    0.00    2.00     2  listener
12:10:20 PM  1000     34504    0.00    2.00    0.00    0.00    2.00    12  listener
12:10:20 PM  1000     34541    0.00    2.00    0.00    0.00    2.00     9  listener
12:10:20 PM  1000     34588    1.00    0.00    0.00    0.00    1.00    12  listener
12:10:20 PM  1000     34590    1.00    1.00    0.00    0.00    2.00    12  listener
12:10:20 PM  1000     34603    1.00    1.00    0.00    0.00    2.00    16  listener
12:10:20 PM  1000     34623    1.00    0.00    0.00    0.00    1.00    10  listener
12:10:20 PM  1000     34642    0.00    2.00    0.00    0.00    2.00    13  listener
12:10:20 PM  1000     34645    0.00    1.00    0.00    0.00    1.00     7  listener
12:10:20 PM  1000     34684    1.00    1.00    0.00    0.00    2.00     8  listener
12:10:20 PM  1000     34712    0.00    2.00    0.00    0.00    2.00     6  listener
12:10:20 PM  1000     34721    2.00    0.00    0.00    0.00    2.00     3  listener
12:10:20 PM  1000     34784    1.00    1.00    0.00    0.00    2.00    18  listener
12:10:20 PM  1000     34790    1.00    0.00    0.00    0.00    1.00     0  listener
12:10:20 PM  1000     34800    1.00    0.00    0.00    0.00    1.00    11  listener
12:10:20 PM  1000     34803    0.00    2.00    0.00    0.00    2.00    19  listener
12:10:20 PM  1000     34805    0.00    1.00    0.00    0.00    1.00    12  listener
12:10:20 PM  1000     34816    0.00    2.00    0.00    0.00    2.00     7  listener
12:10:20 PM  1000     34855    0.00    1.00    0.00    0.00    1.00     3  listener
12:10:20 PM  1000     34874    0.00    1.00    0.00    0.00    1.00    16  listener
12:10:20 PM  1000     34876    1.00    1.00    0.00    0.00    2.00     6  listener
12:10:20 PM  1000     34932    0.00    2.00    0.00    0.00    2.00     6  listener
12:10:20 PM  1000     34934    0.00    1.00    0.00    0.00    1.00     0  listener
12:10:20 PM  1000     34936    0.00    2.00    0.00    0.00    2.00    16  listener
12:10:20 PM  1000     34939    2.00    0.00    0.00    0.00    2.00    13  listener
12:10:20 PM  1000     34962    0.00    1.00    0.00    0.00    1.00     8  listener
12:10:20 PM  1000     34965    0.00    2.00    0.00    0.00    2.00    17  listener
12:10:20 PM  1000     35034    1.00    1.00    0.00    0.00    2.00    16  listener
12:10:20 PM  1000     35036    1.00    0.00    0.00    0.00    1.00    16  listener
12:10:20 PM  1000     35047    1.00    1.00    0.00    0.00    2.00    15  listener
12:10:20 PM  1000     35068    0.00    1.00    0.00    0.00    1.00    14  listener
12:10:20 PM  1000     35114    0.00    2.00    0.00    0.00    2.00    14  listener
12:10:20 PM  1000     35117    2.00    0.00    0.00    0.00    2.00    19  listener
12:10:20 PM  1000     35128    0.00    1.00    0.00    0.00    1.00    18  listener
12:10:20 PM  1000     35164    0.00    2.00    0.00    0.00    2.00    16  listener
12:10:20 PM  1000     35230    1.00    1.00    0.00    0.00    2.00     4  listener
12:10:20 PM  1000     35232    1.00    1.00    0.00    0.00    2.00     9  listener
12:10:20 PM  1000     35234    1.00    1.00    0.00    0.00    2.00     9  listener
12:10:20 PM  1000     35246    0.00    1.00    0.00    0.00    1.00     5  listener
12:10:20 PM  1000     35275    0.00    2.00    0.00    0.00    2.00     6  listener
12:10:20 PM  1000     35281    1.00    1.00    0.00    0.00    2.00    14  listener
12:10:20 PM  1000     35296    0.00    1.00    0.00    0.00    1.00    13  listener
12:10:20 PM  1000     35307    0.00    1.00    0.00    0.00    1.00    15  listener
12:10:20 PM  1000     35327    0.00    0.00    0.00    0.00    0.00     1  listener
12:10:20 PM  1000     35347    0.00    1.00    0.00    0.00    1.00    12  listener
12:10:20 PM  1000     35358    1.00    0.00    0.00    0.00    1.00     6  listener
12:10:20 PM  1000     35369    1.00    0.00    0.00    0.00    1.00     9  listener
12:10:20 PM  1000     35389    0.00    2.00    0.00    0.00    2.00     5  listener
12:10:20 PM  1000     35409    0.00    0.00    0.00    0.00    0.00    13  listener
12:10:20 PM  1000     35428    0.00    2.00    0.00    0.00    2.00    12  listener
12:10:20 PM  1000     35432    0.00    2.00    0.00    0.00    2.00    11  listener
12:10:20 PM  1000     35434    1.00    1.00    0.00    0.00    2.00     3  listener
12:10:20 PM  1000     35445    1.00    0.00    0.00    0.00    1.00    11  listener
12:10:20 PM  1000     35467    2.00    1.00    0.00    0.00    3.00     3  listener
12:10:20 PM  1000     35487    1.00    1.00    0.00    0.00    2.00     5  listener
12:10:20 PM  1000     35524    0.00    1.00    0.00    0.00    1.00     3  listener
12:10:20 PM  1000     35544    1.00    1.00    0.00    0.00    2.00    15  listener
12:10:20 PM  1000     35546    0.00    1.00    0.00    0.00    1.00     3  listener
12:10:20 PM  1000     35558    0.00    1.00    0.00    0.00    1.00    13  listener
12:10:20 PM  1000     35578    1.00    1.00    0.00    0.00    2.00     8  listener
12:10:20 PM  1000     35598    1.00    0.00    0.00    0.00    1.00    14  listener
12:10:20 PM  1000     35629    1.00    1.00    0.00    0.00    2.00    19  listener
12:10:20 PM  1000     35641    1.00    0.00    0.00    0.00    1.00     5  listener
12:10:20 PM  1000     35651    0.00    2.00    0.00    0.00    2.00     1  listener
12:10:20 PM  1000     35673    1.00    1.00    0.00    0.00    2.00     0  listener
12:10:20 PM  1000     35701    2.00    0.00    0.00    0.00    2.00    17  listener
12:10:20 PM  1000     35703    0.00    2.00    0.00    0.00    2.00     3  listener
12:10:20 PM  1000     35723    1.00    1.00    0.00    0.00    2.00     3  listener
12:10:20 PM  1000     35734    0.00    1.00    0.00    0.00    1.00    14  listener
12:10:20 PM  1000     35745    1.00    1.00    0.00    0.00    2.00    19  listener
12:10:20 PM  1000     35764    0.00    1.00    0.00    0.00    1.00     4  listener
12:10:20 PM  1000     35777    0.00    2.00    0.00    0.00    2.00     8  listener
12:10:20 PM  1000     35787    0.00    1.00    0.00    0.00    1.00     4  listener
12:10:20 PM  1000     35825    0.00    1.00    0.00    0.00    1.00    18  listener
12:10:20 PM  1000     35827    0.00    1.00    0.00    0.00    1.00    12  listener
12:10:20 PM  1000     35829    1.00    1.00    0.00    0.00    2.00     7  listener
12:10:20 PM  1000     35858    1.00    1.00    0.00    0.00    2.00    10  listener
12:10:20 PM  1000     35905    1.00    0.00    0.00    0.00    1.00     5  listener
12:10:20 PM  1000     35916    1.00    1.00    0.00    0.00    2.00    14  listener
12:10:20 PM  1000     35918    0.00    2.00    0.00    0.00    2.00    17  listener
12:10:20 PM  1000     35956    1.00    0.00    0.00    0.00    1.00     5  listener
12:10:20 PM  1000     36003    1.00    1.00    0.00    0.00    2.00     8  listener

12:10:20 PM   UID       PID    %usr %system  %guest   %wait    %CPU   CPU  Command
12:10:21 PM  1000     33667    0.00    1.00    0.00    0.00    1.00     9  listener
12:10:21 PM  1000     33669    1.00    0.00    0.00    0.00    1.00    14  listener
12:10:21 PM  1000     33671    1.00    1.00    0.00    0.00    2.00     3  listener
12:10:21 PM  1000     33673    0.00    1.00    0.00    0.00    1.00     7  listener
12:10:21 PM  1000     33675    0.00    0.00    0.00    0.00    0.00     3  listener
12:10:21 PM  1000     33677    0.00    2.00    0.00    0.00    2.00     3  listener
12:10:21 PM  1000     33679    0.00    0.00    0.00    0.00    0.00    15  listener
12:10:21 PM  1000     33681    0.00    1.00    0.00    0.00    1.00    19  listener
12:10:21 PM  1000     33683    0.00    1.00    0.00    0.00    1.00     1  listener
12:10:21 PM  1000     33685    1.00    0.00    0.00    0.00    1.00    10  listener
12:10:21 PM  1000     33687    1.00    1.00    0.00    0.00    2.00     8  listener
12:10:21 PM  1000     33689    0.00    0.00    0.00    0.00    0.00    12  listener
12:10:21 PM  1000     33692    1.00    0.00    0.00    0.00    1.00     8  listener
12:10:21 PM  1000     33702    0.00    1.00    0.00    0.00    1.00    12  listener
12:10:21 PM  1000     33704    0.00    1.00    0.00    0.00    1.00    15  listener
12:10:21 PM  1000     33706    0.00    1.00    0.00    0.00    1.00     6  listener
12:10:21 PM  1000     33711    0.00    1.00    0.00    0.00    1.00     3  listener
12:10:21 PM  1000     33797    0.00    0.00    0.00    0.00    0.00     3  listener
12:10:21 PM  1000     33882    1.00    0.00    0.00    0.00    1.00    10  listener
12:10:21 PM  1000     33885    1.00    1.00    0.00    0.00    2.00     6  listener
12:10:21 PM  1000     33903    1.00    1.00    0.00    0.00    2.00     6  listener
12:10:21 PM  1000     33970    0.00    1.00    0.00    0.00    1.00     4  listener
12:10:21 PM  1000     33972    1.00    0.00    0.00    0.00    1.00    19  listener
12:10:21 PM  1000     33974    0.00    1.00    0.00    0.00    1.00     2  listener
12:10:21 PM  1000     34012    0.00    1.00    0.00    0.00    1.00     3  listener
12:10:21 PM  1000     34041    0.00    0.00    0.00    0.00    0.00    14  listener
12:10:21 PM  1000     34070    1.00    0.00    0.00    0.00    1.00    18  listener
12:10:21 PM  1000     34081    1.00    1.00    0.00    0.00    2.00     1  listener
12:10:21 PM  1000     34092    1.00    0.00    0.00    0.00    1.00    11  listener
12:10:21 PM  1000     34094    0.00    2.00    0.00    0.00    2.00    16  listener
12:10:21 PM  1000     34096    1.00    0.00    0.00    0.00    1.00    19  listener
12:10:21 PM  1000     34098    1.00    1.00    0.00    0.00    2.00     3  listener
12:10:21 PM  1000     34100    0.00    1.00    0.00    0.00    1.00    14  listener
12:10:21 PM  1000     34129    1.00    0.00    0.00    0.00    1.00    18  listener
12:10:21 PM  1000     34184    0.00    1.00    0.00    0.00    1.00    13  listener
12:10:21 PM  1000     34241    1.00    1.00    0.00    0.00    2.00    18  listener
12:10:21 PM  1000     34261    0.00    0.00    0.00    0.00    0.00    11  listener
12:10:21 PM  1000     34281    0.00    2.00    0.00    0.00    2.00    10  listener
12:10:21 PM  1000     34318    0.00    0.00    0.00    0.00    0.00     4  listener
12:10:21 PM  1000     34348    0.00    1.00    0.00    0.00    1.00    13  listener
12:10:21 PM  1000     34377    0.00    1.00    0.00    0.00    1.00    12  listener
12:10:21 PM  1000     34389    1.00    0.00    0.00    0.00    1.00    13  listener
12:10:21 PM  1000     34402    1.00    0.00    0.00    0.00    1.00    19  listener
12:10:21 PM  1000     34440    0.00    1.00    0.00    0.00    1.00    13  listener
12:10:21 PM  1000     34469    0.00    0.00    0.00    0.00    0.00    10  listener
12:10:21 PM  1000     34480    0.00    1.00    0.00    0.00    1.00     3  listener
12:10:21 PM  1000     34491    1.00    0.00    0.00    0.00    1.00     4  listener
12:10:21 PM  1000     34504    1.00    0.00    0.00    0.00    1.00    19  listener
12:10:21 PM  1000     34541    0.00    1.00    0.00    0.00    1.00     6  listener
12:10:21 PM  1000     34588    0.00    1.00    0.00    0.00    1.00    14  listener
12:10:21 PM  1000     34590    1.00    0.00    0.00    0.00    1.00    14  listener
12:10:21 PM  1000     34603    1.00    1.00    0.00    0.00    2.00     0  listener
12:10:21 PM  1000     34623    1.00    0.00    0.00    0.00    1.00     3  listener
12:10:21 PM  1000     34642    0.00    1.00    0.00    0.00    1.00     4  listener
12:10:21 PM  1000     34645    1.00    0.00    0.00    0.00    1.00    17  listener
12:10:21 PM  1000     34684    1.00    0.00    0.00    0.00    1.00    12  listener
12:10:21 PM  1000     34712    0.00    1.00    0.00    0.00    1.00     0  listener
12:10:21 PM  1000     34721    0.00    1.00    0.00    0.00    1.00     3  listener
12:10:21 PM  1000     34784    0.00    0.00    0.00    0.00    0.00    10  listener
12:10:21 PM  1000     34790    1.00    1.00    0.00    0.00    2.00    17  listener
12:10:21 PM  1000     34800    0.00    0.00    0.00    0.00    0.00     5  listener
12:10:21 PM  1000     34803    0.00    1.00    0.00    0.00    1.00    15  listener
12:10:21 PM  1000     34805    1.00    0.00    0.00    0.00    1.00    18  listener
12:10:21 PM  1000     34816    0.00    1.00    0.00    0.00    1.00    14  listener
12:10:21 PM  1000     34855    0.00    1.00    0.00    0.00    1.00     6  listener
12:10:21 PM  1000     34874    1.00    0.00    0.00    0.00    1.00    18  listener
12:10:21 PM  1000     34876    0.00    0.00    0.00    0.00    0.00     1  listener
12:10:21 PM  1000     34932    1.00    0.00    0.00    0.00    1.00     9  listener
12:10:21 PM  1000     34934    1.00    0.00    0.00    0.00    1.00     7  listener
12:10:21 PM  1000     34936    0.00    1.00    0.00    0.00    1.00     6  listener
12:10:21 PM  1000     34939    0.00    1.00    0.00    0.00    1.00    16  listener
12:10:21 PM  1000     34962    0.00    1.00    0.00    0.00    1.00     6  listener
12:10:21 PM  1000     34965    0.00    1.00    0.00    0.00    1.00     3  listener
12:10:21 PM  1000     35034    1.00    1.00    0.00    0.00    2.00    14  listener
12:10:21 PM  1000     35036    1.00    1.00    0.00    0.00    2.00    15  listener
12:10:21 PM  1000     35047    0.00    0.00    0.00    0.00    0.00     6  listener
12:10:21 PM  1000     35068    1.00    0.00    0.00    0.00    1.00    11  listener
12:10:21 PM  1000     35114    0.00    1.00    0.00    0.00    1.00     8  listener
12:10:21 PM  1000     35117    0.00    1.00    0.00    0.00    1.00     6  listener
12:10:21 PM  1000     35128    1.00    1.00    0.00    0.00    2.00     3  listener
12:10:21 PM  1000     35164    0.00    1.00    0.00    0.00    1.00    12  listener
12:10:21 PM  1000     35230    1.00    0.00    0.00    0.00    1.00     8  listener
12:10:21 PM  1000     35232    1.00    1.00    0.00    0.00    2.00     9  listener
12:10:21 PM  1000     35234    0.00    1.00    0.00    0.00    1.00     3  listener
12:10:21 PM  1000     35246    1.00    1.00    0.00    0.00    2.00    11  listener
12:10:21 PM  1000     35275    0.00    1.00    0.00    0.00    1.00     3  listener
12:10:21 PM  1000     35281    1.00    1.00    0.00    0.00    2.00     0  listener
12:10:21 PM  1000     35296    0.00    1.00    0.00    0.00    1.00     5  listener
12:10:21 PM  1000     35307    0.00    1.00    0.00    0.00    1.00     6  listener
12:10:21 PM  1000     35327    1.00    1.00    0.00    0.00    2.00     3  listener
12:10:21 PM  1000     35347    1.00    0.00    0.00    0.00    1.00     0  listener
12:10:21 PM  1000     35358    0.00    1.00    0.00    0.00    1.00    18  listener
12:10:21 PM  1000     35369    0.00    1.00    0.00    0.00    1.00     9  listener
12:10:21 PM  1000     35389    0.00    1.00    0.00    0.00    1.00    11  listener
12:10:21 PM  1000     35409    1.00    1.00    0.00    0.00    2.00     4  listener
12:10:21 PM  1000     35428    0.00    1.00    0.00    0.00    1.00    10  listener
12:10:21 PM  1000     35432    0.00    1.00    0.00    1.00    1.00    11  listener
12:10:21 PM  1000     35434    1.00    0.00    0.00    0.00    1.00    16  listener
12:10:21 PM  1000     35445    0.00    1.00    0.00    0.00    1.00    14  listener
12:10:21 PM  1000     35467    1.00    0.00    0.00    0.00    1.00     7  listener
12:10:21 PM  1000     35487    0.00    1.00    0.00    0.00    1.00    18  listener
12:10:21 PM  1000     35524    0.00    1.00    0.00    0.00    1.00    12  listener
12:10:21 PM  1000     35544    0.00    1.00    0.00    0.00    1.00    10  listener
12:10:21 PM  1000     35546    0.00    1.00    0.00    0.00    1.00    17  listener
12:10:21 PM  1000     35558    0.00    1.00    0.00    0.00    1.00    10  listener
12:10:21 PM  1000     35578    1.00    0.00    0.00    0.00    1.00    13  listener
12:10:21 PM  1000     35598    1.00    1.00    0.00    0.00    2.00    12  listener
12:10:21 PM  1000     35629    0.00    0.00    0.00    0.00    0.00    13  listener
12:10:21 PM  1000     35641    0.00    1.00    0.00    0.00    1.00    14  listener
12:10:21 PM  1000     35651    0.00    1.00    0.00    0.00    1.00     4  listener
12:10:21 PM  1000     35673    1.00    0.00    0.00    0.00    1.00    10  listener
12:10:21 PM  1000     35701    0.00    1.00    0.00    0.00    1.00    15  listener
12:10:21 PM  1000     35703    0.00    1.00    0.00    0.00    1.00     7  listener
12:10:21 PM  1000     35723    1.00    0.00    0.00    0.00    1.00    17  listener
12:10:21 PM  1000     35734    1.00    0.00    0.00    0.00    1.00    17  listener
12:10:21 PM  1000     35745    0.00    1.00    0.00    0.00    1.00    14  listener
12:10:21 PM  1000     35764    1.00    0.00    0.00    0.00    1.00     8  listener
12:10:21 PM  1000     35777    0.00    1.00    0.00    0.00    1.00     8  listener
12:10:21 PM  1000     35787    1.00    0.00    0.00    0.00    1.00    12  listener
12:10:21 PM  1000     35825    1.00    0.00    0.00    0.00    1.00    18  listener
12:10:21 PM  1000     35827    0.00    2.00    0.00    0.00    2.00    16  listener
12:10:21 PM  1000     35829    1.00    0.00    0.00    0.00    1.00    12  listener
12:10:21 PM  1000     35858    0.00    1.00    0.00    0.00    1.00    17  listener
12:10:21 PM  1000     35905    1.00    1.00    0.00    0.00    2.00    15  listener
12:10:21 PM  1000     35916    0.00    1.00    0.00    0.00    1.00     1  listener
12:10:21 PM  1000     35918    0.00    1.00    0.00    0.00    1.00     1  listener
12:10:21 PM  1000     35956    0.00    1.00    0.00    0.00    1.00    12  listener
12:10:21 PM  1000     36003    0.00    1.00    0.00    0.00    1.00     8  listener

12:10:21 PM   UID       PID    %usr %system  %guest   %wait    %CPU   CPU  Command
12:10:22 PM  1000     33667    0.00    1.00    0.00    0.00    1.00     1  listener
12:10:22 PM  1000     33669    0.00    1.00    0.00    0.00    1.00    14  listener
12:10:22 PM  1000     33671    1.00    0.00    0.00    0.00    1.00     6  listener
12:10:22 PM  1000     33673    1.00    0.00    0.00    0.00    1.00    17  listener
12:10:22 PM  1000     33675    1.00    1.00    0.00    0.00    2.00     3  listener
12:10:22 PM  1000     33677    0.00    1.00    0.00    0.00    1.00     0  listener
12:10:22 PM  1000     33679    1.00    1.00    0.00    0.00    2.00     3  listener
12:10:22 PM  1000     33681    0.00    1.00    0.00    0.00    1.00    18  listener
12:10:22 PM  1000     33683    0.00    1.00    0.00    0.00    1.00    16  listener
12:10:22 PM  1000     33685    1.00    0.00    0.00    0.00    1.00     7  listener
12:10:22 PM  1000     33687    1.00    0.00    0.00    0.00    1.00    10  listener
12:10:22 PM  1000     33689    1.00    1.00    0.00    0.00    2.00    14  listener
12:10:22 PM  1000     33692    1.00    0.00    0.00    0.00    1.00    16  listener
12:10:22 PM  1000     33702    0.00    1.00    0.00    0.00    1.00    16  listener
12:10:22 PM  1000     33704    1.00    0.00    0.00    0.00    1.00    14  listener
12:10:22 PM  1000     33706    0.00    1.00    0.00    0.00    1.00    14  listener
12:10:22 PM  1000     33711    0.00    1.00    0.00    0.00    1.00    17  listener
12:10:22 PM  1000     33797    1.00    1.00    0.00    0.00    2.00     6  listener
12:10:22 PM  1000     33882    0.00    1.00    0.00    0.00    1.00     1  listener
12:10:22 PM  1000     33885    0.00    1.00    0.00    0.00    1.00     8  listener
12:10:22 PM  1000     33903    1.00    0.00    0.00    0.00    1.00     1  listener
12:10:22 PM  1000     33970    0.00    1.00    0.00    0.00    1.00    15  listener
12:10:22 PM  1000     33972    1.00    0.00    0.00    0.00    1.00    16  listener
12:10:22 PM  1000     33974    0.00    1.00    0.00    0.00    1.00    17  listener
12:10:22 PM  1000     34012    0.00    1.00    0.00    0.00    1.00    11  listener
12:10:22 PM  1000     34041    1.00    1.00    0.00    0.00    2.00    16  listener
12:10:22 PM  1000     34070    1.00    1.00    0.00    0.00    2.00     8  listener
12:10:22 PM  1000     34081    0.00    0.00    0.00    0.00    0.00    19  listener
12:10:22 PM  1000     34092    1.00    0.00    0.00    0.00    1.00    12  listener
12:10:22 PM  1000     34094    0.00    1.00    0.00    0.00    1.00     8  listener
12:10:22 PM  1000     34096    1.00    1.00    0.00    0.00    2.00    13  listener
12:10:22 PM  1000     34098    0.00    0.00    0.00    0.00    0.00    10  listener
12:10:22 PM  1000     34100    0.00    1.00    0.00    0.00    1.00    14  listener
12:10:22 PM  1000     34129    0.00    0.00    0.00    0.00    0.00     2  listener
12:10:22 PM  1000     34184    1.00    1.00    0.00    0.00    2.00     0  listener
12:10:22 PM  1000     34241    1.00    0.00    0.00    0.00    1.00    17  listener
12:10:22 PM  1000     34261    1.00    1.00    0.00    0.00    2.00    13  listener
12:10:22 PM  1000     34281    0.00    1.00    0.00    0.00    1.00    13  listener
12:10:22 PM  1000     34318    1.00    0.00    0.00    0.00    1.00     6  listener
12:10:22 PM  1000     34348    0.00    1.00    0.00    0.00    1.00     0  listener
12:10:22 PM  1000     34377    0.00    2.00    0.00    0.00    2.00     4  listener
12:10:22 PM  1000     34389    1.00    0.00    0.00    0.00    1.00    14  listener
12:10:22 PM  1000     34402    0.00    1.00    0.00    0.00    1.00    17  listener
12:10:22 PM  1000     34440    1.00    0.00    0.00    0.00    1.00     2  listener
12:10:22 PM  1000     34469    1.00    0.00    0.00    0.00    1.00    13  listener
12:10:22 PM  1000     34480    0.00    2.00    0.00    0.00    2.00     1  listener
12:10:22 PM  1000     34491    0.00    1.00    0.00    0.00    1.00    13  listener
12:10:22 PM  1000     34504    1.00    0.00    0.00    0.00    1.00     6  listener
12:10:22 PM  1000     34541    0.00    1.00    0.00    0.00    1.00    19  listener
12:10:22 PM  1000     34588    1.00    0.00    0.00    0.00    1.00     8  listener
12:10:22 PM  1000     34590    0.00    1.00    0.00    0.00    1.00    10  listener
12:10:22 PM  1000     34603    0.00    0.00    0.00    0.00    0.00    17  listener
12:10:22 PM  1000     34623    0.00    1.00    0.00    0.00    1.00     6  listener
12:10:22 PM  1000     34642    1.00    1.00    0.00    0.00    2.00    18  listener
12:10:22 PM  1000     34645    1.00    1.00    0.00    0.00    2.00    16  listener
12:10:22 PM  1000     34684    1.00    0.00    0.00    0.00    1.00    15  listener
12:10:22 PM  1000     34712    0.00    1.00    0.00    0.00    1.00     7  listener
12:10:22 PM  1000     34721    1.00    0.00    0.00    0.00    1.00    16  listener
12:10:22 PM  1000     34784    1.00    1.00    0.00    0.00    2.00    17  listener
12:10:22 PM  1000     34790    0.00    1.00    0.00    0.00    1.00     9  listener
12:10:22 PM  1000     34800    1.00    1.00    0.00    0.00    2.00     5  listener
12:10:22 PM  1000     34803    0.00    2.00    0.00    0.00    2.00     1  listener
12:10:22 PM  1000     34805    0.00    1.00    0.00    0.00    1.00     0  listener
12:10:22 PM  1000     34816    0.00    1.00    0.00    0.00    1.00     3  listener
12:10:22 PM  1000     34855    0.00    1.00    0.00    0.00    1.00    10  listener
12:10:22 PM  1000     34874    0.00    1.00    0.00    0.00    1.00    17  listener
12:10:22 PM  1000     34876    1.00    0.00    0.00    0.00    1.00    19  listener
12:10:22 PM  1000     34932    1.00    0.00    0.00    0.00    1.00    12  listener
12:10:22 PM  1000     34934    1.00    0.00    0.00    0.00    1.00    18  listener
12:10:22 PM  1000     34936    0.00    2.00    0.00    0.00    2.00    21  listener
12:10:22 PM  1000     34939    1.00    0.00    0.00    0.00    1.00     6  listener
12:10:22 PM  1000     34962    0.00    1.00    0.00    0.00    1.00     4  listener
12:10:22 PM  1000     34965    0.00    1.00    0.00    0.00    1.00    10  listener
12:10:22 PM  1000     35034    0.00    0.00    0.00    0.00    0.00    15  listener
12:10:22 PM  1000     35036    0.00    1.00    0.00    0.00    1.00     0  listener
12:10:22 PM  1000     35047    1.00    1.00    0.00    0.00    2.00    12  listener
12:10:22 PM  1000     35068    0.00    1.00    0.00    0.00    1.00    19  listener
12:10:22 PM  1000     35114    0.00    1.00    0.00    0.00    1.00    11  listener
12:10:22 PM  1000     35117    1.00    0.00    0.00    0.00    1.00    16  listener
12:10:22 PM  1000     35128    1.00    0.00    0.00    0.00    1.00    15  listener
12:10:22 PM  1000     35164    0.00    1.00    0.00    0.00    1.00     5  listener
12:10:22 PM  1000     35230    1.00    0.00    0.00    0.00    1.00     5  listener
12:10:22 PM  1000     35232    0.00    0.00    0.00    0.00    0.00     0  listener
12:10:22 PM  1000     35234    1.00    0.00    0.00    0.00    1.00     8  listener
12:10:22 PM  1000     35246    1.00    0.00    0.00    0.00    1.00    16  listener
12:10:22 PM  1000     35275    0.00    1.00    0.00    0.00    1.00    17  listener
12:10:22 PM  1000     35281    1.00    0.00    0.00    0.00    1.00     4  listener
12:10:22 PM  1000     35296    0.00    2.00    0.00    0.00    2.00    15  listener
12:10:22 PM  1000     35307    0.00    1.00    0.00    0.00    1.00     6  listener
12:10:22 PM  1000     35327    0.00    1.00    0.00    0.00    1.00     4  listener
12:10:22 PM  1000     35347    1.00    1.00    0.00    0.00    2.00     1  listener
12:10:22 PM  1000     35358    1.00    1.00    0.00    0.00    2.00     0  listener
12:10:22 PM  1000     35369    1.00    0.00    0.00    0.00    1.00    10  listener
12:10:22 PM  1000     35389    0.00    2.00    0.00    0.00    2.00     5  listener
12:10:22 PM  1000     35409    1.00    0.00    0.00    0.00    1.00     0  listener
12:10:22 PM  1000     35428    0.00    1.00    0.00    0.00    1.00     7  listener
12:10:22 PM  1000     35432    0.00    1.00    0.00    0.00    1.00    13  listener
12:10:22 PM  1000     35434    1.00    1.00    0.00    0.00    2.00    12  listener
12:10:22 PM  1000     35445    1.00    0.00    0.00    0.00    1.00     7  listener
12:10:22 PM  1000     35467    1.00    0.00    0.00    0.00    1.00    15  listener
12:10:22 PM  1000     35487    1.00    0.00    0.00    0.00    1.00    10  listener
12:10:22 PM  1000     35524    1.00    1.00    0.00    0.00    2.00     4  listener
12:10:22 PM  1000     35544    1.00    0.00    0.00    0.00    1.00    12  listener
12:10:22 PM  1000     35546    0.00    2.00    0.00    0.00    2.00     5  listener
12:10:22 PM  1000     35558    0.00    1.00    0.00    0.00    1.00     5  listener
12:10:22 PM  1000     35578    0.00    1.00    0.00    0.00    1.00     7  listener
12:10:22 PM  1000     35598    0.00    0.00    0.00    0.00    0.00    15  listener
12:10:22 PM  1000     35629    1.00    1.00    0.00    0.00    2.00     4  listener
12:10:22 PM  1000     35641    1.00    0.00    0.00    0.00    1.00     2  listener
12:10:22 PM  1000     35651    0.00    1.00    0.00    0.00    1.00     9  listener
12:10:22 PM  1000     35673    0.00    1.00    0.00    0.00    1.00     2  listener
12:10:22 PM  1000     35701    0.00    0.00    0.00    0.00    0.00     0  listener
12:10:22 PM  1000     35703    0.00    1.00    0.00    0.00    1.00     6  listener
12:10:22 PM  1000     35723    0.00    1.00    0.00    0.00    1.00     7  listener
12:10:22 PM  1000     35734    1.00    1.00    0.00    0.00    2.00     6  listener
12:10:22 PM  1000     35745    1.00    1.00    0.00    0.00    2.00     3  listener
12:10:22 PM  1000     35764    0.00    1.00    0.00    0.00    1.00    18  listener
12:10:22 PM  1000     35777    0.00    2.00    0.00    0.00    2.00    18  listener
12:10:22 PM  1000     35787    0.00    1.00    0.00    0.00    1.00     5  listener
12:10:22 PM  1000     35825    1.00    1.00    0.00    0.00    2.00     5  listener
12:10:22 PM  1000     35827    0.00    1.00    0.00    0.00    1.00    18  listener
12:10:22 PM  1000     35829    0.00    1.00    0.00    0.00    1.00    19  listener
12:10:22 PM  1000     35858    1.00    0.00    0.00    0.00    1.00    10  listener
12:10:22 PM  1000     35905    0.00    0.00    0.00    0.00    0.00     9  listener
12:10:22 PM  1000     35916    1.00    0.00    0.00    0.00    1.00     1  listener
12:10:22 PM  1000     35918    0.00    1.00    0.00    0.00    1.00     1  listener
12:10:22 PM  1000     35956    1.00    1.00    0.00    0.00    2.00     1  listener
12:10:22 PM  1000     36003    1.00    0.00    0.00    0.00    1.00    14  listener

12:10:22 PM   UID       PID    %usr %system  %guest   %wait    %CPU   CPU  Command
12:10:23 PM  1000     33667    0.00    2.00    0.00    0.00    2.00    16  listener
12:10:23 PM  1000     33669    0.00    1.00    0.00    0.00    1.00    18  listener
12:10:23 PM  1000     33671    0.00    0.00    0.00    0.00    0.00     6  listener
12:10:23 PM  1000     33673    1.00    1.00    0.00    0.00    2.00    16  listener
12:10:23 PM  1000     33675    1.00    0.00    0.00    0.00    1.00     6  listener
12:10:23 PM  1000     33677    0.00    1.00    0.00    0.00    1.00     5  listener
12:10:23 PM  1000     33679    1.00    0.00    0.00    0.00    1.00    17  listener
12:10:23 PM  1000     33681    1.00    0.00    0.00    0.00    1.00    15  listener
12:10:23 PM  1000     33683    0.00    2.00    0.00    0.00    2.00    12  listener
12:10:23 PM  1000     33685    1.00    1.00    0.00    0.00    2.00    13  listener
12:10:23 PM  1000     33687    0.00    0.00    0.00    0.00    0.00    15  listener
12:10:23 PM  1000     33689    1.00    0.00    0.00    0.00    1.00    16  listener
12:10:23 PM  1000     33692    1.00    1.00    0.00    0.00    2.00    19  listener
12:10:23 PM  1000     33702    0.00    2.00    0.00    0.00    2.00    18  listener
12:10:23 PM  1000     33704    0.00    1.00    0.00    0.00    1.00    13  listener
12:10:23 PM  1000     33706    0.00    1.00    0.00    0.00    1.00     8  listener
12:10:23 PM  1000     33711    0.00    1.00    0.00    0.00    1.00     2  listener
12:10:23 PM  1000     33797    1.00    0.00    0.00    0.00    1.00     8  listener
12:10:23 PM  1000     33882    1.00    0.00    0.00    0.00    1.00    16  listener
12:10:23 PM  1000     33885    1.00    0.00    0.00    0.00    1.00    11  listener
12:10:23 PM  1000     33903    0.00    0.00    0.00    0.00    0.00     5  listener
12:10:23 PM  1000     33970    0.00    2.00    0.00    0.00    2.00    10  listener
12:10:23 PM  1000     33972    0.00    1.00    0.00    0.00    1.00     7  listener
12:10:23 PM  1000     33974    1.00    1.00    0.00    0.00    2.00    16  listener
12:10:23 PM  1000     34012    0.00    1.00    0.00    0.00    1.00     3  listener
12:10:23 PM  1000     34041    1.00    0.00    0.00    0.00    1.00     5  listener
12:10:23 PM  1000     34070    1.00    0.00    0.00    0.00    1.00    15  listener
12:10:23 PM  1000     34081    1.00    1.00    0.00    0.00    2.00    11  listener
12:10:23 PM  1000     34092    0.00    1.00    0.00    0.00    1.00     6  listener
12:10:23 PM  1000     34094    0.00    1.00    0.00    0.00    1.00     1  listener
12:10:23 PM  1000     34096    0.00    0.00    0.00    0.00    0.00     3  listener
12:10:23 PM  1000     34098    1.00    0.00    0.00    0.00    1.00     3  listener
12:10:23 PM  1000     34100    0.00    1.00    0.00    0.00    1.00    15  listener
12:10:23 PM  1000     34129    1.00    1.00    0.00    0.00    2.00    10  listener
12:10:23 PM  1000     34184    0.00    0.00    0.00    0.00    0.00    12  listener
12:10:23 PM  1000     34241    0.00    1.00    0.00    0.00    1.00    11  listener
12:10:23 PM  1000     34261    1.00    0.00    0.00    0.00    1.00    17  listener
12:10:23 PM  1000     34281    0.00    1.00    0.00    0.00    1.00     6  listener
12:10:23 PM  1000     34318    1.00    1.00    0.00    0.00    2.00    13  listener
12:10:23 PM  1000     34348    0.00    1.00    0.00    0.00    1.00     0  listener
12:10:23 PM  1000     34377    0.00    1.00    0.00    0.00    1.00    13  listener
12:10:23 PM  1000     34389    0.00    1.00    0.00    0.00    1.00     6  listener
12:10:23 PM  1000     34402    1.00    0.00    0.00    0.00    1.00    16  listener
12:10:23 PM  1000     34440    0.00    1.00    0.00    0.00    1.00     6  listener
12:10:23 PM  1000     34469    1.00    1.00    0.00    0.00    2.00    12  listener
12:10:23 PM  1000     34480    0.00    1.00    0.00    0.00    1.00    13  listener
12:10:23 PM  1000     34491    1.00    1.00    0.00    0.00    2.00     7  listener
12:10:23 PM  1000     34504    1.00    1.00    0.00    0.00    2.00    10  listener
12:10:23 PM  1000     34541    0.00    1.00    0.00    0.00    1.00     3  listener
12:10:23 PM  1000     34588    0.00    1.00    0.00    0.00    1.00    10  listener
12:10:23 PM  1000     34590    1.00    0.00    0.00    0.00    1.00    15  listener
12:10:23 PM  1000     34603    1.00    1.00    0.00    0.00    2.00     4  listener
12:10:23 PM  1000     34623    1.00    0.00    0.00    0.00    1.00    14  listener
12:10:23 PM  1000     34642    0.00    1.00    0.00    0.00    1.00    19  listener
12:10:23 PM  1000     34645    0.00    0.00    0.00    0.00    0.00    17  listener
12:10:23 PM  1000     34684    0.00    1.00    0.00    0.00    1.00    17  listener
12:10:23 PM  1000     34712    0.00    1.00    0.00    0.00    1.00     8  listener
12:10:23 PM  1000     34721    1.00    0.00    0.00    0.00    1.00    18  listener
12:10:23 PM  1000     34784    1.00    0.00    0.00    0.00    1.00     2  listener
12:10:23 PM  1000     34790    1.00    0.00    0.00    0.00    1.00     4  listener
12:10:23 PM  1000     34800    0.00    0.00    0.00    0.00    0.00     9  listener
12:10:23 PM  1000     34803    0.00    1.00    0.00    0.00    1.00    17  listener
12:10:23 PM  1000     34805    1.00    0.00    0.00    0.00    1.00    12  listener
12:10:23 PM  1000     34816    0.00    1.00    0.00    0.00    1.00    16  listener
12:10:23 PM  1000     34855    0.00    1.00    0.00    0.00    1.00     9  listener
12:10:23 PM  1000     34874    1.00    0.00    0.00    0.00    1.00     9  listener
12:10:23 PM  1000     34876    1.00    0.00    0.00    0.00    1.00     8  listener
12:10:23 PM  1000     34932    0.00    1.00    0.00    0.00    1.00     8  listener
12:10:23 PM  1000     34934    0.00    1.00    0.00    0.00    1.00    15  listener
12:10:23 PM  1000     34936    0.00    1.00    0.00    0.00    1.00    10  listener
12:10:23 PM  1000     34939    0.00    1.00    0.00    0.00    1.00     2  listener
12:10:23 PM  1000     34962    0.00    1.00    0.00    0.00    1.00    13  listener
12:10:23 PM  1000     34965    0.00    1.00    0.00    0.00    1.00    10  listener
12:10:23 PM  1000     35034    1.00    0.00    0.00    0.00    1.00     5  listener
12:10:23 PM  1000     35036    1.00    0.00    0.00    0.00    1.00     3  listener
12:10:23 PM  1000     35047    1.00    0.00    0.00    0.00    1.00     0  listener
12:10:23 PM  1000     35068    1.00    0.00    0.00    0.00    1.00     1  listener
12:10:23 PM  1000     35114    0.00    1.00    0.00    0.00    1.00    11  listener
12:10:23 PM  1000     35117    1.00    0.00    0.00    0.00    1.00    16  listener
12:10:23 PM  1000     35128    0.00    1.00    0.00    0.00    1.00     8  listener
12:10:23 PM  1000     35164    0.00    1.00    0.00    0.00    1.00    14  listener
12:10:23 PM  1000     35230    0.00    0.00    0.00    0.00    0.00    13  listener
12:10:23 PM  1000     35232    1.00    1.00    0.00    0.00    2.00     1  listener
12:10:23 PM  1000     35234    1.00    0.00    0.00    0.00    1.00     0  listener
12:10:23 PM  1000     35246    0.00    0.00    0.00    0.00    0.00     6  listener
12:10:23 PM  1000     35275    0.00    1.00    0.00    0.00    1.00    13  listener
12:10:23 PM  1000     35281    0.00    1.00    0.00    0.00    1.00    10  listener
12:10:23 PM  1000     35296    0.00    1.00    0.00    0.00    1.00    12  listener
12:10:23 PM  1000     35307    0.00    1.00    0.00    0.00    1.00    19  listener
12:10:23 PM  1000     35327    1.00    0.00    0.00    0.00    1.00     5  listener
12:10:23 PM  1000     35347    0.00    0.00    0.00    0.00    0.00    16  listener
12:10:23 PM  1000     35358    0.00    0.00    0.00    0.00    0.00    17  listener
12:10:23 PM  1000     35369    0.00    1.00    0.00    0.00    1.00    16  listener
12:10:23 PM  1000     35389    0.00    1.00    0.00    0.00    1.00     6  listener
12:10:23 PM  1000     35409    0.00    1.00    0.00    0.00    1.00     4  listener
12:10:23 PM  1000     35428    0.00    1.00    0.00    0.00    1.00    15  listener
12:10:23 PM  1000     35432    0.00    1.00    0.00    0.00    1.00     4  listener
12:10:23 PM  1000     35434    0.00    0.00    0.00    0.00    0.00    19  listener
12:10:23 PM  1000     35445    0.00    1.00    0.00    0.00    1.00     0  listener
12:10:23 PM  1000     35467    0.00    1.00    0.00    0.00    1.00     2  listener
12:10:23 PM  1000     35487    0.00    1.00    0.00    0.00    1.00    11  listener
12:10:23 PM  1000     35524    0.00    1.00    0.00    0.00    1.00     6  listener
12:10:23 PM  1000     35544    1.00    0.00    0.00    0.00    1.00     8  listener
12:10:23 PM  1000     35546    0.00    1.00    0.00    0.00    1.00    14  listener
12:10:23 PM  1000     35558    0.00    2.00    0.00    0.00    2.00     1  listener
12:10:23 PM  1000     35578    1.00    0.00    0.00    0.00    1.00    15  listener
12:10:23 PM  1000     35598    1.00    1.00    0.00    0.00    2.00     5  listener
12:10:23 PM  1000     35629    1.00    0.00    0.00    0.00    1.00    15  listener
12:10:23 PM  1000     35641    1.00    0.00    0.00    0.00    1.00     3  listener
12:10:23 PM  1000     35651    0.00    2.00    0.00    0.00    2.00    10  listener
12:10:23 PM  1000     35673    1.00    1.00    0.00    0.00    2.00     7  listener
12:10:23 PM  1000     35701    1.00    1.00    0.00    0.00    2.00     9  listener
12:10:23 PM  1000     35703    0.00    1.00    0.00    0.00    1.00    15  listener
12:10:23 PM  1000     35723    1.00    0.00    0.00    0.00    1.00     3  listener
12:10:23 PM  1000     35734    1.00    0.00    0.00    0.00    1.00    14  listener
12:10:23 PM  1000     35745    0.00    0.00    0.00    0.00    0.00    13  listener
12:10:23 PM  1000     35764    1.00    1.00    0.00    0.00    2.00    15  listener
12:10:23 PM  1000     35777    1.00    0.00    0.00    1.00    1.00     0  listener
12:10:23 PM  1000     35787    0.00    1.00    0.00    0.00    1.00     0  listener
12:10:23 PM  1000     35825    0.00    1.00    0.00    0.00    1.00    17  listener
12:10:23 PM  1000     35827    0.00    1.00    0.00    0.00    1.00     3  listener
12:10:23 PM  1000     35829    0.00    0.00    0.00    0.00    0.00     5  listener
12:10:23 PM  1000     35858    0.00    1.00    0.00    0.00    1.00    19  listener
12:10:23 PM  1000     35905    1.00    1.00    0.00    0.00    2.00     1  listener
12:10:23 PM  1000     35916    1.00    1.00    0.00    0.00    2.00    12  listener
12:10:23 PM  1000     35918    0.00    1.00    0.00    0.00    1.00     1  listener
12:10:23 PM  1000     35956    0.00    0.00    0.00    0.00    0.00     9  listener
12:10:23 PM  1000     36003    0.00    1.00    0.00    0.00    1.00     4  listener

12:10:23 PM   UID       PID    %usr %system  %guest   %wait    %CPU   CPU  Command
12:10:24 PM  1000     33667    0.00    1.00    0.00    0.00    1.00    13  listener
12:10:24 PM  1000     33669    1.00    0.00    0.00    0.00    1.00    12  listener
12:10:24 PM  1000     33671    1.00    0.00    0.00    0.00    1.00    17  listener
12:10:24 PM  1000     33673    0.00    0.00    0.00    0.00    0.00     3  listener
12:10:24 PM  1000     33675    0.00    1.00    0.00    0.00    1.00     9  listener
12:10:24 PM  1000     33677    0.00    1.00    0.00    0.00    1.00     8  listener
12:10:24 PM  1000     33679    0.00    1.00    0.00    0.00    1.00     8  listener
12:10:24 PM  1000     33681    0.00    1.00    0.00    0.00    1.00     5  listener
12:10:24 PM  1000     33683    0.00    1.00    0.00    0.00    1.00    19  listener
12:10:24 PM  1000     33685    0.00    0.00    0.00    0.00    0.00     7  listener
12:10:24 PM  1000     33687    1.00    0.00    0.00    0.00    1.00    16  listener
12:10:24 PM  1000     33689    0.00    1.00    0.00    0.00    1.00     6  listener
12:10:24 PM  1000     33692    0.00    0.00    0.00    0.00    0.00    14  listener
12:10:24 PM  1000     33702    0.00    1.00    0.00    0.00    1.00     6  listener
12:10:24 PM  1000     33704    1.00    0.00    0.00    0.00    1.00    13  listener
12:10:24 PM  1000     33706    0.00    1.00    0.00    0.00    1.00    12  listener
12:10:24 PM  1000     33711    0.00    2.00    0.00    0.00    2.00     5  listener
12:10:24 PM  1000     33797    0.00    1.00    0.00    0.00    1.00     9  listener
12:10:24 PM  1000     33882    1.00    1.00    0.00    0.00    2.00    18  listener
12:10:24 PM  1000     33885    1.00    1.00    0.00    0.00    2.00    17  listener
12:10:24 PM  1000     33903    0.00    1.00    0.00    0.00    1.00    19  listener
12:10:24 PM  1000     33970    0.00    1.00    0.00    0.00    1.00     1  listener
12:10:24 PM  1000     33972    1.00    0.00    0.00    0.00    1.00    18  listener
12:10:24 PM  1000     33974    1.00    0.00    0.00    0.00    1.00     8  listener
12:10:24 PM  1000     34012    0.00    1.00    0.00    0.00    1.00     9  listener
12:10:24 PM  1000     34041    0.00    1.00    0.00    0.00    1.00    17  listener
12:10:24 PM  1000     34070    0.00    1.00    0.00    0.00    1.00    10  listener
12:10:24 PM  1000     34081    1.00    0.00    0.00    0.00    1.00    15  listener
12:10:24 PM  1000     34092    1.00    0.00    0.00    0.00    1.00    16  listener
12:10:24 PM  1000     34094    0.00    2.00    0.00    0.00    2.00    10  listener
12:10:24 PM  1000     34096    1.00    1.00    0.00    0.00    2.00    15  listener
12:10:24 PM  1000     34098    0.00    1.00    0.00    0.00    1.00    18  listener
12:10:24 PM  1000     34100    0.00    1.00    0.00    0.00    1.00     4  listener
12:10:24 PM  1000     34129    0.00    0.00    0.00    0.00    0.00     0  listener
12:10:24 PM  1000     34184    1.00    1.00    0.00    0.00    2.00    13  listener
12:10:24 PM  1000     34241    1.00    0.00    0.00    0.00    1.00    17  listener
12:10:24 PM  1000     34261    0.00    0.00    0.00    0.00    0.00    10  listener
12:10:24 PM  1000     34281    0.00    1.00    0.00    0.00    1.00     1  listener
12:10:24 PM  1000     34318    1.00    0.00    0.00    1.00    1.00     6  listener
12:10:24 PM  1000     34348    0.00    2.00    0.00    0.00    2.00    19  listener
12:10:24 PM  1000     34377    0.00    1.00    0.00    0.00    1.00     4  listener
12:10:24 PM  1000     34389    1.00    0.00    0.00    0.00    1.00    18  listener
12:10:24 PM  1000     34402    0.00    0.00    0.00    0.00    0.00    16  listener
12:10:24 PM  1000     34440    1.00    0.00    0.00    0.00    1.00    15  listener
12:10:24 PM  1000     34469    0.00    0.00    0.00    0.00    0.00     2  listener
12:10:24 PM  1000     34480    0.00    1.00    0.00    0.00    1.00     7  listener
12:10:24 PM  1000     34491    0.00    0.00    0.00    0.00    0.00     0  listener
12:10:24 PM  1000     34504    1.00    0.00    0.00    0.00    1.00     0  listener
12:10:24 PM  1000     34541    0.00    1.00    0.00    0.00    1.00    13  listener
12:10:24 PM  1000     34588    1.00    0.00    0.00    0.00    1.00     6  listener
12:10:24 PM  1000     34590    0.00    1.00    0.00    0.00    1.00     6  listener
12:10:24 PM  1000     34603    0.00    0.00    0.00    0.00    0.00    19  listener
12:10:24 PM  1000     34623    0.00    1.00    0.00    0.00    1.00    18  listener
12:10:24 PM  1000     34642    1.00    0.00    0.00    0.00    1.00     3  listener
12:10:24 PM  1000     34645    1.00    1.00    0.00    0.00    2.00     3  listener
12:10:24 PM  1000     34684    1.00    0.00    0.00    0.00    1.00    10  listener
12:10:24 PM  1000     34712    0.00    1.00    0.00    0.00    1.00    10  listener
12:10:24 PM  1000     34721    1.00    0.00    0.00    0.00    1.00    13  listener
12:10:24 PM  1000     34784    0.00    1.00    0.00    0.00    1.00     8  listener
12:10:24 PM  1000     34790    0.00    1.00    0.00    0.00    1.00     3  listener
12:10:24 PM  1000     34800    1.00    1.00    0.00    0.00    2.00     8  listener
12:10:24 PM  1000     34803    0.00    1.00    0.00    0.00    1.00    18  listener
12:10:24 PM  1000     34805    1.00    1.00    0.00    0.00    2.00    13  listener
12:10:24 PM  1000     34816    1.00    1.00    0.00    0.00    2.00     1  listener
12:10:24 PM  1000     34855    0.00    2.00    0.00    0.00    2.00     6  listener
12:10:24 PM  1000     34874    1.00    1.00    0.00    0.00    2.00     4  listener
12:10:24 PM  1000     34876    1.00    0.00    0.00    0.00    1.00     9  listener
12:10:24 PM  1000     34932    2.00    0.00    0.00    0.00    2.00    16  listener
12:10:24 PM  1000     34934    1.00    0.00    0.00    0.00    1.00    16  listener
12:10:24 PM  1000     34936    0.00    2.00    0.00    0.00    2.00     7  listener
12:10:24 PM  1000     34939    1.00    0.00    0.00    0.00    1.00     2  listener
12:10:24 PM  1000     34962    0.00    2.00    0.00    0.00    2.00    14  listener
12:10:24 PM  1000     34965    0.00    1.00    0.00    0.00    1.00     5  listener
12:10:24 PM  1000     35034    0.00    1.00    0.00    0.00    1.00     8  listener
12:10:24 PM  1000     35036    0.00    1.00    0.00    0.00    1.00     3  listener
12:10:24 PM  1000     35047    1.00    0.00    0.00    0.00    1.00     0  listener
12:10:24 PM  1000     35068    0.00    1.00    0.00    0.00    1.00     1  listener
12:10:24 PM  1000     35114    0.00    1.00    0.00    0.00    1.00    14  listener
12:10:24 PM  1000     35117    1.00    1.00    0.00    0.00    2.00     8  listener
12:10:24 PM  1000     35128    0.00    1.00    0.00    0.00    1.00     3  listener
12:10:24 PM  1000     35164    0.00    1.00    0.00    0.00    1.00     3  listener
12:10:24 PM  1000     35230    1.00    0.00    0.00    0.00    1.00    15  listener
12:10:24 PM  1000     35232    1.00    0.00    0.00    0.00    1.00     2  listener
12:10:24 PM  1000     35234    1.00    1.00    0.00    0.00    2.00     6  listener
12:10:24 PM  1000     35246    1.00    1.00    0.00    0.00    2.00    15  listener
12:10:24 PM  1000     35275    0.00    2.00    0.00    0.00    2.00     0  listener
12:10:24 PM  1000     35281    1.00    0.00    0.00    0.00    1.00    14  listener
12:10:24 PM  1000     35296    0.00    1.00    0.00    0.00    1.00    16  listener
12:10:24 PM  1000     35307    0.00    2.00    0.00    0.00    2.00     0  listener
12:10:24 PM  1000     35327    0.00    1.00    0.00    0.00    1.00     2  listener
12:10:24 PM  1000     35347    1.00    1.00    0.00    0.00    2.00     4  listener
12:10:24 PM  1000     35358    1.00    1.00    0.00    0.00    2.00     9  listener
12:10:24 PM  1000     35369    1.00    0.00    0.00    0.00    1.00     2  listener
12:10:24 PM  1000     35389    0.00    1.00    0.00    0.00    1.00     1  listener
12:10:24 PM  1000     35409    1.00    0.00    0.00    0.00    1.00    12  listener
12:10:24 PM  1000     35428    0.00    1.00    0.00    0.00    1.00    18  listener
12:10:24 PM  1000     35432    0.00    1.00    0.00    0.00    1.00    11  listener
12:10:24 PM  1000     35434    1.00    1.00    0.00    0.00    2.00    14  listener
12:10:24 PM  1000     35445    1.00    0.00    0.00    0.00    1.00     6  listener
12:10:24 PM  1000     35467    1.00    0.00    0.00    0.00    1.00    12  listener
12:10:24 PM  1000     35487    1.00    0.00    0.00    0.00    1.00     9  listener
12:10:24 PM  1000     35524    1.00    0.00    0.00    0.00    1.00    18  listener
12:10:24 PM  1000     35544    0.00    1.00    0.00    0.00    1.00    16  listener
12:10:24 PM  1000     35546    1.00    0.00    0.00    0.00    1.00     9  listener
12:10:24 PM  1000     35558    0.00    1.00    0.00    0.00    1.00    12  listener
12:10:24 PM  1000     35578    0.00    0.00    0.00    0.00    0.00     8  listener
12:10:24 PM  1000     35598    1.00    0.00    0.00    0.00    1.00    12  listener
12:10:24 PM  1000     35629    1.00    0.00    0.00    0.00    1.00     4  listener
12:10:24 PM  1000     35641    0.00    1.00    0.00    0.00    1.00     0  listener
12:10:24 PM  1000     35651    0.00    1.00    0.00    0.00    1.00     6  listener
12:10:24 PM  1000     35673    1.00    0.00    0.00    0.00    1.00     6  listener
12:10:24 PM  1000     35701    1.00    0.00    0.00    0.00    1.00    15  listener
12:10:24 PM  1000     35703    0.00    1.00    0.00    0.00    1.00     2  listener
12:10:24 PM  1000     35723    0.00    1.00    0.00    0.00    1.00    12  listener
12:10:24 PM  1000     35734    0.00    1.00    0.00    0.00    1.00    15  listener
12:10:24 PM  1000     35745    1.00    1.00    0.00    0.00    2.00    17  listener
12:10:24 PM  1000     35764    0.00    0.00    0.00    0.00    0.00    17  listener
12:10:24 PM  1000     35777    1.00    1.00    0.00    0.00    2.00     8  listener
12:10:24 PM  1000     35787    2.00    0.00    0.00    0.00    2.00     5  listener
12:10:24 PM  1000     35825    1.00    0.00    0.00    0.00    1.00     7  listener
12:10:24 PM  1000     35827    0.00    1.00    0.00    0.00    1.00     3  listener
12:10:24 PM  1000     35829    1.00    1.00    0.00    0.00    2.00    10  listener
12:10:24 PM  1000     35858    1.00    0.00    0.00    0.00    1.00     1  listener
12:10:24 PM  1000     35905    0.00    1.00    0.00    0.00    1.00     5  listener
12:10:24 PM  1000     35916    0.00    0.00    0.00    0.00    0.00    17  listener
12:10:24 PM  1000     35918    0.00    2.00    0.00    0.00    2.00     4  listener
12:10:24 PM  1000     35956    1.00    1.00    0.00    0.00    2.00    10  listener
12:10:24 PM  1000     36003    1.00    0.00    0.00    0.00    1.00    10  listener

12:10:24 PM   UID       PID    %usr %system  %guest   %wait    %CPU   CPU  Command
12:10:25 PM  1000     33667    0.00    1.00    0.00    0.00    1.00    10  listener
12:10:25 PM  1000     33669    1.00    0.00    0.00    0.00    1.00    16  listener
12:10:25 PM  1000     33671    1.00    1.00    0.00    1.00    2.00     8  listener
12:10:25 PM  1000     33673    0.00    1.00    0.00    0.00    1.00    14  listener
12:10:25 PM  1000     33675    1.00    0.00    0.00    0.00    1.00     0  listener
12:10:25 PM  1000     33677    0.00    1.00    0.00    0.00    1.00     2  listener
12:10:25 PM  1000     33679    1.00    0.00    0.00    0.00    1.00     8  listener
12:10:25 PM  1000     33681    1.00    0.00    0.00    0.00    1.00     1  listener
12:10:25 PM  1000     33683    0.00    1.00    0.00    0.00    1.00     0  listener
12:10:25 PM  1000     33685    1.00    0.00    0.00    0.00    1.00     5  listener
12:10:25 PM  1000     33687    1.00    1.00    0.00    0.00    2.00    16  listener
12:10:25 PM  1000     33689    1.00    0.00    0.00    0.00    1.00    17  listener
12:10:25 PM  1000     33692    1.00    0.00    0.00    0.00    1.00    12  listener
12:10:25 PM  1000     33702    0.00    1.00    0.00    0.00    1.00    10  listener
12:10:25 PM  1000     33704    0.00    1.00    0.00    0.00    1.00    16  listener
12:10:25 PM  1000     33706    0.00    1.00    0.00    0.00    1.00     7  listener
12:10:25 PM  1000     33711    0.00    1.00    0.00    0.00    1.00     3  listener
12:10:25 PM  1000     33797    1.00    0.00    0.00    0.00    1.00    18  listener
12:10:25 PM  1000     33882    0.00    0.00    0.00    0.00    0.00     2  listener
12:10:25 PM  1000     33885    1.00    0.00    0.00    0.00    1.00     6  listener
12:10:25 PM  1000     33903    1.00    0.00    0.00    0.00    1.00     8  listener
12:10:25 PM  1000     33970    0.00    1.00    0.00    0.00    1.00     6  listener
12:10:25 PM  1000     33972    1.00    0.00    0.00    0.00    1.00    19  listener
12:10:25 PM  1000     33974    1.00    0.00    0.00    0.00    1.00     8  listener
12:10:25 PM  1000     34012    0.00    1.00    0.00    0.00    1.00    14  listener
12:10:25 PM  1000     34041    1.00    0.00    0.00    0.00    1.00     8  listener
12:10:25 PM  1000     34070    1.00    1.00    0.00    0.00    2.00     8  listener
12:10:25 PM  1000     34081    1.00    1.00    0.00    0.00    2.00    11  listener
12:10:25 PM  1000     34092    0.00    1.00    0.00    0.00    1.00     0  listener
12:10:25 PM  1000     34094    0.00    1.00    0.00    0.00    1.00    11  listener
12:10:25 PM  1000     34096    1.00    0.00    0.00    0.00    1.00     1  listener
12:10:25 PM  1000     34098    1.00    0.00    0.00    0.00    1.00    19  listener
12:10:25 PM  1000     34100    0.00    1.00    0.00    0.00    1.00     5  listener
12:10:25 PM  1000     34129    1.00    0.00    0.00    0.00    1.00     8  listener
12:10:25 PM  1000     34184    1.00    0.00    0.00    0.00    1.00     9  listener
12:10:25 PM  1000     34241    0.00    1.00    0.00    0.00    1.00    19  listener
12:10:25 PM  1000     34261    1.00    1.00    0.00    0.00    2.00    11  listener
12:10:25 PM  1000     34281    0.00    1.00    0.00    0.00    1.00     5  listener
12:10:25 PM  1000     34318    0.00    0.00    0.00    0.00    0.00    16  listener
12:10:25 PM  1000     34348    0.00    0.00    0.00    0.00    0.00     4  listener
12:10:25 PM  1000     34377    0.00    1.00    0.00    0.00    1.00     8  listener
12:10:25 PM  1000     34389    0.00    1.00    0.00    0.00    1.00    13  listener
12:10:25 PM  1000     34402    1.00    1.00    0.00    0.00    2.00     4  listener
12:10:25 PM  1000     34440    1.00    1.00    0.00    0.00    2.00     4  listener
12:10:25 PM  1000     34469    1.00    1.00    0.00    0.00    2.00    14  listener
12:10:25 PM  1000     34480    0.00    1.00    0.00    0.00    1.00     1  listener
12:10:25 PM  1000     34491    1.00    0.00    0.00    0.00    1.00     1  listener
12:10:25 PM  1000     34504    0.00    1.00    0.00    0.00    1.00    15  listener
12:10:25 PM  1000     34541    0.00    1.00    0.00    0.00    1.00    10  listener
12:10:25 PM  1000     34588    0.00    1.00    0.00    0.00    1.00     3  listener
12:10:25 PM  1000     34590    1.00    1.00    0.00    0.00    2.00    16  listener
12:10:25 PM  1000     34603    1.00    1.00    0.00    0.00    2.00    14  listener
12:10:25 PM  1000     34623    1.00    0.00    0.00    0.00    1.00    15  listener
12:10:25 PM  1000     34642    1.00    0.00    0.00    0.00    1.00     3  listener
12:10:25 PM  1000     34645    0.00    0.00    0.00    0.00    0.00    17  listener
12:10:25 PM  1000     34684    1.00    0.00    0.00    0.00    1.00    12  listener
12:10:25 PM  1000     34712    0.00    2.00    0.00    0.00    2.00     1  listener
12:10:25 PM  1000     34721    0.00    1.00    0.00    0.00    1.00     6  listener
12:10:25 PM  1000     34784    1.00    0.00    0.00    0.00    1.00     7  listener
12:10:25 PM  1000     34790    1.00    0.00    0.00    0.00    1.00     2  listener
12:10:25 PM  1000     34800    0.00    0.00    0.00    0.00    0.00     2  listener
12:10:25 PM  1000     34803    0.00    1.00    0.00    0.00    1.00    10  listener
12:10:25 PM  1000     34805    1.00    0.00    0.00    0.00    1.00    19  listener
12:10:25 PM  1000     34816    0.00    0.00    0.00    0.00    0.00    13  listener
12:10:25 PM  1000     34855    0.00    1.00    0.00    0.00    1.00    12  listener
12:10:25 PM  1000     34874    1.00    0.00    0.00    0.00    1.00    10  listener
12:10:25 PM  1000     34876    1.00    1.00    0.00    0.00    2.00    16  listener
12:10:25 PM  1000     34932    0.00    0.00    0.00    0.00    0.00    13  listener
12:10:25 PM  1000     34934    0.00    0.00    0.00    0.00    0.00     9  listener
12:10:25 PM  1000     34936    0.00    1.00    0.00    0.00    1.00    12  listener
12:10:25 PM  1000     34939    1.00    1.00    0.00    0.00    2.00    15  listener
12:10:25 PM  1000     34962    0.00    1.00    0.00    0.00    1.00    10  listener
12:10:25 PM  1000     34965    0.00    1.00    0.00    0.00    1.00    16  listener
12:10:25 PM  1000     35034    1.00    0.00    0.00    0.00    1.00    13  listener
12:10:25 PM  1000     35036    1.00    0.00    0.00    0.00    1.00    11  listener
12:10:25 PM  1000     35047    0.00    1.00    0.00    0.00    1.00    15  listener
12:10:25 PM  1000     35068    1.00    0.00    0.00    0.00    1.00     1  listener
12:10:25 PM  1000     35114    0.00    1.00    0.00    0.00    1.00     0  listener
12:10:25 PM  1000     35117    0.00    0.00    0.00    0.00    0.00     9  listener
12:10:25 PM  1000     35128    1.00    0.00    0.00    0.00    1.00    12  listener
12:10:25 PM  1000     35164    0.00    1.00    0.00    0.00    1.00     8  listener
12:10:25 PM  1000     35230    1.00    1.00    0.00    0.00    2.00     5  listener
12:10:25 PM  1000     35232    0.00    1.00    0.00    0.00    1.00     3  listener
12:10:25 PM  1000     35234    0.00    0.00    0.00    0.00    0.00    17  listener
12:10:25 PM  1000     35246    0.00    0.00    0.00    0.00    0.00    10  listener
12:10:25 PM  1000     35275    0.00    1.00    0.00    0.00    1.00    13  listener
12:10:25 PM  1000     35281    0.00    0.00    0.00    0.00    0.00     0  listener
12:10:25 PM  1000     35296    0.00    1.00    0.00    0.00    1.00    18  listener
12:10:25 PM  1000     35307    0.00    1.00    0.00    0.00    1.00    19  listener
12:10:25 PM  1000     35327    1.00    0.00    0.00    0.00    1.00     8  listener
12:10:25 PM  1000     35347    0.00    0.00    0.00    0.00    0.00     8  listener
12:10:25 PM  1000     35358    0.00    1.00    0.00    0.00    1.00     1  listener
12:10:25 PM  1000     35369    1.00    0.00    0.00    0.00    1.00     5  listener
12:10:25 PM  1000     35389    0.00    1.00    0.00    0.00    1.00    13  listener
12:10:25 PM  1000     35409    0.00    1.00    0.00    0.00    1.00     5  listener
12:10:25 PM  1000     35428    1.00    1.00    0.00    0.00    2.00     3  listener
12:10:25 PM  1000     35432    0.00    1.00    0.00    0.00    1.00     7  listener
12:10:25 PM  1000     35434    0.00    0.00    0.00    0.00    0.00    17  listener
12:10:25 PM  1000     35445    1.00    0.00    0.00    0.00    1.00     5  listener
12:10:25 PM  1000     35467    1.00    1.00    0.00    0.00    2.00     2  listener
12:10:25 PM  1000     35487    1.00    0.00    0.00    0.00    1.00    12  listener
12:10:25 PM  1000     35524    1.00    1.00    0.00    0.00    2.00     1  listener
12:10:25 PM  1000     35544    1.00    1.00    0.00    0.00    2.00    12  listener
12:10:25 PM  1000     35546    0.00    1.00    0.00    0.00    1.00    15  listener
12:10:25 PM  1000     35558    0.00    1.00    0.00    0.00    1.00     4  listener
12:10:25 PM  1000     35578    1.00    1.00    0.00    0.00    2.00    18  listener
12:10:25 PM  1000     35598    1.00    1.00    0.00    0.00    2.00    10  listener
12:10:25 PM  1000     35629    0.00    1.00    0.00    0.00    1.00     0  listener
12:10:25 PM  1000     35641    1.00    0.00    0.00    0.00    1.00     1  listener
12:10:25 PM  1000     35651    0.00    1.00    0.00    0.00    1.00    12  listener
12:10:25 PM  1000     35673    0.00    1.00    0.00    0.00    1.00     6  listener
12:10:25 PM  1000     35701    0.00    1.00    0.00    0.00    1.00    12  listener
12:10:25 PM  1000     35703    0.00    1.00    0.00    0.00    1.00    12  listener
12:10:25 PM  1000     35723    1.00    0.00    0.00    0.00    1.00     7  listener
12:10:25 PM  1000     35734    0.00    0.00    0.00    0.00    0.00     0  listener
12:10:25 PM  1000     35745    0.00    1.00    0.00    0.00    1.00     0  listener
12:10:25 PM  1000     35764    1.00    1.00    0.00    0.00    2.00    13  listener
12:10:25 PM  1000     35777    0.00    0.00    0.00    0.00    0.00     9  listener
12:10:25 PM  1000     35787    0.00    1.00    0.00    0.00    1.00    12  listener
12:10:25 PM  1000     35825    1.00    0.00    0.00    0.00    1.00     4  listener
12:10:25 PM  1000     35827    0.00    1.00    0.00    0.00    1.00     6  listener
12:10:25 PM  1000     35829    1.00    0.00    0.00    0.00    1.00     3  listener
12:10:25 PM  1000     35858    0.00    1.00    0.00    0.00    1.00     5  listener
12:10:25 PM  1000     35905    1.00    0.00    0.00    0.00    1.00     6  listener
12:10:25 PM  1000     35916    1.00    1.00    0.00    0.00    2.00    15  listener
12:10:25 PM  1000     35918    0.00    1.00    0.00    0.00    1.00     4  listener
12:10:25 PM  1000     35956    0.00    0.00    0.00    0.00    0.00     1  listener
12:10:25 PM  1000     36003    0.00    1.00    0.00    0.00    1.00    13  listener

12:10:25 PM   UID       PID    %usr %system  %guest   %wait    %CPU   CPU  Command
12:10:26 PM  1000     33667    0.00    1.00    0.00    0.00    1.00     8  listener
12:10:26 PM  1000     33669    0.00    1.00    0.00    0.00    1.00    14  listener
12:10:26 PM  1000     33671    0.00    1.00    0.00    0.00    1.00    13  listener
12:10:26 PM  1000     33673    2.00    1.00    0.00    0.00    3.00    14  listener
12:10:26 PM  1000     33675    1.00    1.00    0.00    0.00    2.00    18  listener
12:10:26 PM  1000     33677    0.00    2.00    0.00    0.00    2.00     9  listener
12:10:26 PM  1000     33679    1.00    1.00    0.00    0.00    2.00     2  listener
12:10:26 PM  1000     33681    0.00    2.00    0.00    0.00    2.00     6  listener
12:10:26 PM  1000     33683    0.00    1.00    0.00    0.00    1.00     7  listener
12:10:26 PM  1000     33685    1.00    0.00    0.00    0.00    1.00    15  listener
12:10:26 PM  1000     33687    0.00    1.00    0.00    0.00    1.00     3  listener
12:10:26 PM  1000     33689    0.00    1.00    0.00    0.00    1.00     6  listener
12:10:26 PM  1000     33692    1.00    1.00    0.00    0.00    2.00    13  listener
12:10:26 PM  1000     33702    0.00    2.00    0.00    0.00    2.00    14  listener
12:10:26 PM  1000     33704    1.00    0.00    0.00    0.00    1.00     2  listener
12:10:26 PM  1000     33706    1.00    1.00    0.00    0.00    2.00     5  listener
12:10:26 PM  1000     33711    0.00    1.00    0.00    0.00    1.00     8  listener
12:10:26 PM  1000     33797    1.00    1.00    0.00    0.00    2.00    16  listener
12:10:26 PM  1000     33882    1.00    1.00    0.00    0.00    2.00     9  listener
12:10:26 PM  1000     33885    0.00    1.00    0.00    0.00    1.00     0  listener
12:10:26 PM  1000     33903    1.00    1.00    0.00    0.00    2.00     6  listener
12:10:26 PM  1000     33970    0.00    2.00    0.00    0.00    2.00    17  listener
12:10:26 PM  1000     33972    0.00    1.00    0.00    0.00    1.00     7  listener
12:10:26 PM  1000     33974    0.00    1.00    0.00    0.00    1.00    19  listener
12:10:26 PM  1000     34012    0.00    2.00    0.00    0.00    2.00    14  listener
12:10:26 PM  1000     34041    1.00    1.00    0.00    0.00    2.00     1  listener
12:10:26 PM  1000     34070    0.00    0.00    0.00    0.00    0.00    18  listener
12:10:26 PM  1000     34081    1.00    0.00    0.00    0.00    1.00    11  listener
12:10:26 PM  1000     34092    0.00    1.00    0.00    1.00    1.00    13  listener
12:10:26 PM  1000     34094    0.00    2.00    0.00    0.00    2.00     0  listener
12:10:26 PM  1000     34096    0.00    1.00    0.00    0.00    1.00    18  listener
12:10:26 PM  1000     34098    1.00    1.00    0.00    0.00    2.00    17  listener
12:10:26 PM  1000     34100    0.00    2.00    0.00    0.00    2.00    10  listener
12:10:26 PM  1000     34129    1.00    1.00    0.00    0.00    2.00     5  listener
12:10:26 PM  1000     34184    0.00    1.00    0.00    0.00    1.00     5  listener
12:10:26 PM  1000     34241    1.00    1.00    0.00    0.00    2.00    16  listener
12:10:26 PM  1000     34261    0.00    1.00    0.00    0.00    1.00    19  listener
12:10:26 PM  1000     34281    0.00    2.00    0.00    0.00    2.00    10  listener
12:10:26 PM  1000     34318    2.00    1.00    0.00    0.00    3.00     5  listener
12:10:26 PM  1000     34348    1.00    1.00    0.00    0.00    2.00     6  listener
12:10:26 PM  1000     34377    0.00    1.00    0.00    0.00    1.00     7  listener
12:10:26 PM  1000     34389    1.00    0.00    0.00    0.00    1.00     4  listener
12:10:26 PM  1000     34402    1.00    0.00    0.00    0.00    1.00     4  listener
12:10:26 PM  1000     34440    1.00    1.00    0.00    0.00    2.00     3  listener
12:10:26 PM  1000     34469    0.00    1.00    0.00    0.00    1.00     3  listener
12:10:26 PM  1000     34480    0.00    2.00    0.00    0.00    2.00     4  listener
12:10:26 PM  1000     34491    1.00    1.00    0.00    0.00    2.00     9  listener
12:10:26 PM  1000     34504    1.00    0.00    0.00    0.00    1.00    14  listener
12:10:26 PM  1000     34541    0.00    1.00    0.00    0.00    1.00     7  listener
12:10:26 PM  1000     34588    1.00    1.00    0.00    0.00    2.00    12  listener
12:10:26 PM  1000     34590    0.00    0.00    0.00    0.00    0.00    16  listener
12:10:26 PM  1000     34603    1.00    0.00    0.00    0.00    1.00     0  listener
12:10:26 PM  1000     34623    0.00    1.00    0.00    0.00    1.00    14  listener
12:10:26 PM  1000     34642    0.00    1.00    0.00    0.00    1.00     5  listener
12:10:26 PM  1000     34645    1.00    1.00    0.00    0.00    2.00     5  listener
12:10:26 PM  1000     34684    1.00    1.00    0.00    0.00    2.00     6  listener
12:10:26 PM  1000     34712    0.00    1.00    0.00    0.00    1.00     1  listener
12:10:26 PM  1000     34721    2.00    0.00    0.00    0.00    2.00    16  listener
12:10:26 PM  1000     34784    1.00    0.00    0.00    0.00    1.00    14  listener
12:10:26 PM  1000     34790    1.00    1.00    0.00    0.00    2.00     3  listener
12:10:26 PM  1000     34800    1.00    0.00    0.00    0.00    1.00    15  listener
12:10:26 PM  1000     34803    0.00    2.00    0.00    0.00    2.00    10  listener
12:10:26 PM  1000     34805    1.00    0.00    0.00    0.00    1.00     2  listener
12:10:26 PM  1000     34816    1.00    1.00    0.00    0.00    2.00    10  listener
12:10:26 PM  1000     34855    0.00    1.00    0.00    0.00    1.00    19  listener
12:10:26 PM  1000     34874    0.00    0.00    0.00    0.00    0.00     5  listener
12:10:26 PM  1000     34876    1.00    0.00    0.00    0.00    1.00    18  listener
12:10:26 PM  1000     34932    2.00    1.00    0.00    0.00    3.00     4  listener
12:10:26 PM  1000     34934    1.00    1.00    0.00    0.00    2.00     1  listener
12:10:26 PM  1000     34936    0.00    1.00    0.00    0.00    1.00    11  listener
12:10:26 PM  1000     34939    0.00    0.00    0.00    0.00    0.00     3  listener
12:10:26 PM  1000     34962    0.00    1.00    0.00    0.00    1.00     6  listener
12:10:26 PM  1000     34965    0.00    2.00    0.00    0.00    2.00    15  listener
12:10:26 PM  1000     35034    1.00    1.00    0.00    0.00    2.00     8  listener
12:10:26 PM  1000     35036    1.00    0.00    0.00    0.00    1.00    13  listener
12:10:26 PM  1000     35047    1.00    1.00    0.00    0.00    2.00     7  listener
12:10:26 PM  1000     35068    0.00    1.00    0.00    0.00    1.00     7  listener
12:10:26 PM  1000     35114    1.00    0.00    0.00    0.00    1.00     2  listener
12:10:26 PM  1000     35117    1.00    1.00    0.00    0.00    2.00    15  listener
12:10:26 PM  1000     35128    1.00    1.00    0.00    0.00    2.00    18  listener
12:10:26 PM  1000     35164    0.00    2.00    0.00    0.00    2.00    18  listener
12:10:26 PM  1000     35230    1.00    1.00    0.00    0.00    2.00     9  listener
12:10:26 PM  1000     35232    0.00    1.00    0.00    0.00    1.00     6  listener
12:10:26 PM  1000     35234    1.00    1.00    0.00    0.00    2.00    10  listener
12:10:26 PM  1000     35246    1.00    1.00    0.00    0.00    2.00    10  listener
12:10:26 PM  1000     35275    0.00    2.00    0.00    0.00    2.00     5  listener
12:10:26 PM  1000     35281    1.00    1.00    0.00    0.00    2.00     3  listener
12:10:26 PM  1000     35296    0.00    1.00    0.00    0.00    1.00    16  listener
12:10:26 PM  1000     35307    0.00    1.00    0.00    0.00    1.00     1  listener
12:10:26 PM  1000     35327    0.00    1.00    0.00    0.00    1.00    14  listener
12:10:26 PM  1000     35347    1.00    1.00    0.00    0.00    2.00    18  listener
12:10:26 PM  1000     35358    1.00    0.00    0.00    0.00    1.00    13  listener
12:10:26 PM  1000     35369    0.00    1.00    0.00    0.00    1.00    10  listener
12:10:26 PM  1000     35389    0.00    2.00    0.00    0.00    2.00    17  listener
12:10:26 PM  1000     35409    0.00    1.00    0.00    0.00    1.00    13  listener
12:10:26 PM  1000     35428    1.00    0.00    0.00    0.00    1.00     9  listener
12:10:26 PM  1000     35432    0.00    2.00    0.00    0.00    2.00    15  listener
12:10:26 PM  1000     35434    1.00    1.00    0.00    0.00    2.00    18  listener
12:10:26 PM  1000     35445    0.00    2.00    0.00    0.00    2.00    10  listener
12:10:26 PM  1000     35467    1.00    0.00    0.00    0.00    1.00    14  listener
12:10:26 PM  1000     35487    1.00    1.00    0.00    0.00    2.00    12  listener
12:10:26 PM  1000     35524    0.00    1.00    0.00    0.00    1.00    13  listener
12:10:26 PM  1000     35544    0.00    1.00    0.00    0.00    1.00    14  listener
12:10:26 PM  1000     35546    1.00    0.00    0.00    0.00    1.00    15  listener
12:10:26 PM  1000     35558    0.00    1.00    0.00    0.00    1.00    18  listener
12:10:26 PM  1000     35578    0.00    1.00    0.00    0.00    1.00    13  listener
12:10:26 PM  1000     35598    1.00    0.00    0.00    0.00    1.00     8  listener
12:10:26 PM  1000     35629    2.00    0.00    0.00    0.00    2.00    10  listener
12:10:26 PM  1000     35641    1.00    0.00    0.00    0.00    1.00     1  listener
12:10:26 PM  1000     35651    0.00    2.00    0.00    0.00    2.00     8  listener
12:10:26 PM  1000     35673    1.00    0.00    0.00    0.00    1.00     0  listener
12:10:26 PM  1000     35701    1.00    0.00    0.00    0.00    1.00     8  listener
12:10:26 PM  1000     35703    0.00    2.00    0.00    0.00    2.00     3  listener
12:10:26 PM  1000     35723    1.00    1.00    0.00    0.00    2.00     8  listener
12:10:26 PM  1000     35734    2.00    1.00    0.00    0.00    3.00     0  listener
12:10:26 PM  1000     35745    2.00    0.00    0.00    0.00    2.00    10  listener
12:10:26 PM  1000     35764    0.00    0.00    0.00    0.00    0.00     7  listener
12:10:26 PM  1000     35777    1.00    1.00    0.00    0.00    2.00     9  listener
12:10:26 PM  1000     35787    1.00    0.00    0.00    0.00    1.00     8  listener
12:10:26 PM  1000     35825    1.00    1.00    0.00    0.00    2.00    19  listener
12:10:26 PM  1000     35827    0.00    2.00    0.00    0.00    2.00     3  listener
12:10:26 PM  1000     35829    0.00    1.00    0.00    0.00    1.00     5  listener
12:10:26 PM  1000     35858    0.00    1.00    0.00    0.00    1.00    10  listener
12:10:26 PM  1000     35905    1.00    1.00    0.00    0.00    2.00     6  listener
12:10:26 PM  1000     35916    0.00    0.00    0.00    0.00    0.00    17  listener
12:10:26 PM  1000     35918    0.00    2.00    0.00    0.00    2.00     4  listener
12:10:26 PM  1000     35956    1.00    1.00    0.00    0.00    2.00    19  listener
12:10:26 PM  1000     36003    1.00    1.00    0.00    0.00    2.00     3  listener

12:10:26 PM   UID       PID    %usr %system  %guest   %wait    %CPU   CPU  Command
12:10:27 PM  1000     33667    0.00    2.00    0.00    0.00    2.00    14  listener
12:10:27 PM  1000     33669    1.00    1.00    0.00    0.00    2.00     9  listener
12:10:27 PM  1000     33671    1.00    1.00    0.00    0.00    2.00    18  listener
12:10:27 PM  1000     33673    1.00    0.00    0.00    0.00    1.00    12  listener
12:10:27 PM  1000     33675    1.00    0.00    0.00    0.00    1.00    14  listener
12:10:27 PM  1000     33677    0.00    1.00    0.00    0.00    1.00    10  listener
12:10:27 PM  1000     33679    0.00    0.00    0.00    0.00    0.00     8  listener
12:10:27 PM  1000     33681    1.00    0.00    0.00    0.00    1.00    14  listener
12:10:27 PM  1000     33683    0.00    2.00    0.00    0.00    2.00     5  listener
12:10:27 PM  1000     33685    2.00    0.00    0.00    0.00    2.00     5  listener
12:10:27 PM  1000     33687    1.00    1.00    0.00    0.00    2.00    13  listener
12:10:27 PM  1000     33689    1.00    1.00    0.00    0.00    2.00     3  listener
12:10:27 PM  1000     33692    1.00    0.00    0.00    0.00    1.00     5  listener
12:10:27 PM  1000     33702    0.00    1.00    0.00    0.00    1.00    18  listener
12:10:27 PM  1000     33704    2.00    0.00    0.00    0.00    2.00     6  listener
12:10:27 PM  1000     33706    1.00    0.00    0.00    0.00    1.00     9  listener
12:10:27 PM  1000     33711    0.00    2.00    0.00    0.00    2.00    13  listener
12:10:27 PM  1000     33797    0.00    0.00    0.00    0.00    0.00    10  listener
12:10:27 PM  1000     33882    1.00    0.00    0.00    0.00    1.00    11  listener
12:10:27 PM  1000     33885    1.00    1.00    0.00    0.00    2.00     7  listener
12:10:27 PM  1000     33903    0.00    0.00    0.00    0.00    0.00    10  listener
12:10:27 PM  1000     33970    0.00    1.00    0.00    0.00    1.00    17  listener
12:10:27 PM  1000     33972    1.00    0.00    0.00    0.00    1.00     1  listener
12:10:27 PM  1000     33974    1.00    1.00    0.00    0.00    2.00    16  listener
12:10:27 PM  1000     34012    0.00    1.00    0.00    0.00    1.00     5  listener
12:10:27 PM  1000     34041    0.00    0.00    0.00    0.00    0.00    11  listener
12:10:27 PM  1000     34070    1.00    2.00    0.00    0.00    3.00     4  listener
12:10:27 PM  1000     34081    0.00    1.00    0.00    0.00    1.00     0  listener
12:10:27 PM  1000     34092    1.00    0.00    0.00    0.00    1.00    12  listener
12:10:27 PM  1000     34094    0.00    1.00    0.00    0.00    1.00    18  listener
12:10:27 PM  1000     34096    1.00    0.00    0.00    0.00    1.00    12  listener
12:10:27 PM  1000     34098    0.00    1.00    0.00    0.00    1.00     7  listener
12:10:27 PM  1000     34100    0.00    2.00    0.00    0.00    2.00     3  listener
12:10:27 PM  1000     34129    1.00    1.00    0.00    0.00    2.00    14  listener
12:10:27 PM  1000     34184    1.00    1.00    0.00    0.00    2.00     2  listener
12:10:27 PM  1000     34241    1.00    0.00    0.00    0.00    1.00     3  listener
12:10:27 PM  1000     34261    1.00    1.00    0.00    0.00    2.00    13  listener
12:10:27 PM  1000     34281    0.00    1.00    0.00    0.00    1.00    19  listener
12:10:27 PM  1000     34318    1.00    0.00    0.00    0.00    1.00     8  listener
12:10:27 PM  1000     34348    1.00    0.00    0.00    0.00    1.00     3  listener
12:10:27 PM  1000     34377    0.00    2.00    0.00    0.00    2.00    13  listener
12:10:27 PM  1000     34389    1.00    0.00    0.00    0.00    1.00    16  listener
12:10:27 PM  1000     34402    1.00    0.00    0.00    0.00    1.00    13  listener
12:10:27 PM  1000     34440    0.00    0.00    0.00    0.00    0.00    15  listener
12:10:27 PM  1000     34469    1.00    0.00    0.00    0.00    1.00    14  listener
12:10:27 PM  1000     34480    0.00    2.00    0.00    0.00    2.00     9  listener
12:10:27 PM  1000     34491    0.00    1.00    0.00    0.00    1.00     5  listener
12:10:27 PM  1000     34504    0.00    1.00    0.00    0.00    1.00     3  listener
12:10:27 PM  1000     34541    0.00    1.00    0.00    0.00    1.00     3  listener
12:10:27 PM  1000     34588    1.00    0.00    0.00    0.00    1.00     9  listener
12:10:27 PM  1000     34590    1.00    1.00    0.00    0.00    2.00     1  listener
12:10:27 PM  1000     34603    0.00    1.00    0.00    0.00    1.00    16  listener
12:10:27 PM  1000     34623    1.00    1.00    0.00    0.00    2.00    14  listener
12:10:27 PM  1000     34642    1.00    1.00    0.00    0.00    2.00    16  listener
12:10:27 PM  1000     34645    1.00    1.00    0.00    0.00    2.00    15  listener
12:10:27 PM  1000     34684    1.00    1.00    0.00    0.00    2.00     3  listener
12:10:27 PM  1000     34712    0.00    2.00    0.00    0.00    2.00     5  listener
12:10:27 PM  1000     34721    1.00    0.00    0.00    0.00    1.00     1  listener
12:10:27 PM  1000     34784    0.00    2.00    0.00    0.00    2.00     1  listener
12:10:27 PM  1000     34790    1.00    1.00    0.00    0.00    2.00     1  listener
12:10:27 PM  1000     34800    1.00    1.00    0.00    0.00    2.00    12  listener
12:10:27 PM  1000     34803    0.00    2.00    0.00    0.00    2.00    12  listener
12:10:27 PM  1000     34805    1.00    1.00    0.00    0.00    2.00    10  listener
12:10:27 PM  1000     34816    1.00    0.00    0.00    0.00    1.00     9  listener
12:10:27 PM  1000     34855    0.00    2.00    0.00    0.00    2.00     4  listener
12:10:27 PM  1000     34874    1.00    1.00    0.00    0.00    2.00    15  listener
12:10:27 PM  1000     34876    1.00    1.00    0.00    0.00    2.00     0  listener
12:10:27 PM  1000     34932    1.00    0.00    0.00    0.00    1.00     1  listener
12:10:27 PM  1000     34934    1.00    0.00    0.00    0.00    1.00     2  listener
12:10:27 PM  1000     34936    0.00    2.00    0.00    0.00    2.00    16  listener
12:10:27 PM  1000     34939    1.00    1.00    0.00    0.00    2.00    14  listener
12:10:27 PM  1000     34962    0.00    2.00    0.00    0.00    2.00     8  listener
12:10:27 PM  1000     34965    0.00    1.00    0.00    0.00    1.00     6  listener
12:10:27 PM  1000     35034    1.00    0.00    0.00    0.00    1.00    12  listener
12:10:27 PM  1000     35036    2.00    0.00    0.00    0.00    2.00     3  listener
12:10:27 PM  1000     35047    0.00    1.00    0.00    0.00    1.00     0  listener
12:10:27 PM  1000     35068    1.00    1.00    0.00    0.00    2.00     6  listener
12:10:27 PM  1000     35114    1.00    1.00    0.00    0.00    2.00     2  listener
12:10:27 PM  1000     35117    0.00    1.00    0.00    0.00    1.00     1  listener
12:10:27 PM  1000     35128    0.00    1.00    0.00    0.00    1.00    15  listener
12:10:27 PM  1000     35164    0.00    1.00    0.00    0.00    1.00     8  listener
12:10:27 PM  1000     35230    1.00    0.00    0.00    0.00    1.00     9  listener
12:10:27 PM  1000     35232    1.00    0.00    0.00    0.00    1.00     8  listener
12:10:27 PM  1000     35234    1.00    1.00    0.00    0.00    2.00    16  listener
12:10:27 PM  1000     35246    0.00    1.00    0.00    0.00    1.00     2  listener
12:10:27 PM  1000     35275    0.00    1.00    0.00    0.00    1.00    17  listener
12:10:27 PM  1000     35281    1.00    1.00    0.00    0.00    2.00     0  listener
12:10:27 PM  1000     35296    0.00    2.00    0.00    0.00    2.00     1  listener
12:10:27 PM  1000     35307    0.00    2.00    0.00    0.00    2.00     8  listener
12:10:27 PM  1000     35327    1.00    0.00    0.00    0.00    1.00    13  listener
12:10:27 PM  1000     35347    1.00    0.00    0.00    0.00    1.00     6  listener
12:10:27 PM  1000     35358    1.00    1.00    0.00    0.00    2.00     3  listener
12:10:27 PM  1000     35369    1.00    1.00    0.00    0.00    2.00     3  listener
12:10:27 PM  1000     35389    0.00    2.00    0.00    0.00    2.00    12  listener
12:10:27 PM  1000     35409    1.00    1.00    0.00    0.00    2.00    12  listener
12:10:27 PM  1000     35428    1.00    1.00    0.00    0.00    2.00    10  listener
12:10:27 PM  1000     35432    0.00    1.00    0.00    0.00    1.00    10  listener
12:10:27 PM  1000     35434    1.00    0.00    0.00    0.00    1.00    15  listener
12:10:27 PM  1000     35445    1.00    0.00    0.00    0.00    1.00    10  listener
12:10:27 PM  1000     35467    1.00    1.00    0.00    0.00    2.00     2  listener
12:10:27 PM  1000     35487    0.00    1.00    0.00    0.00    1.00     4  listener
12:10:27 PM  1000     35524    1.00    1.00    0.00    0.00    2.00    15  listener
12:10:27 PM  1000     35544    1.00    0.00    0.00    0.00    1.00    11  listener
12:10:27 PM  1000     35546    1.00    1.00    0.00    0.00    2.00    12  listener
12:10:27 PM  1000     35558    0.00    2.00    0.00    0.00    2.00     8  listener
12:10:27 PM  1000     35578    1.00    1.00    0.00    0.00    2.00     7  listener
12:10:27 PM  1000     35598    1.00    1.00    0.00    0.00    2.00    15  listener
12:10:27 PM  1000     35629    0.00    1.00    0.00    0.00    1.00    10  listener
12:10:27 PM  1000     35641    1.00    1.00    0.00    0.00    2.00     3  listener
12:10:27 PM  1000     35651    0.00    2.00    0.00    0.00    2.00    16  listener
12:10:27 PM  1000     35673    1.00    1.00    0.00    0.00    2.00     9  listener
12:10:27 PM  1000     35701    0.00    1.00    0.00    0.00    1.00    13  listener
12:10:27 PM  1000     35703    0.00    1.00    0.00    0.00    1.00    12  listener
12:10:27 PM  1000     35723    1.00    1.00    0.00    0.00    2.00     6  listener
12:10:27 PM  1000     35734    0.00    0.00    0.00    0.00    0.00    10  listener
12:10:27 PM  1000     35745    1.00    0.00    0.00    0.00    1.00    13  listener
12:10:27 PM  1000     35764    1.00    1.00    0.00    0.00    2.00     8  listener
12:10:27 PM  1000     35777    0.00    2.00    0.00    0.00    2.00    10  listener
12:10:27 PM  1000     35787    0.00    1.00    0.00    0.00    1.00    12  listener
12:10:27 PM  1000     35825    1.00    0.00    0.00    0.00    1.00     8  listener
12:10:27 PM  1000     35827    0.00    1.00    0.00    0.00    1.00    13  listener
12:10:27 PM  1000     35829    1.00    0.00    0.00    0.00    1.00     5  listener
12:10:27 PM  1000     35858    0.00    2.00    0.00    0.00    2.00    10  listener
12:10:27 PM  1000     35905    1.00    0.00    0.00    0.00    1.00     2  listener
12:10:27 PM  1000     35916    1.00    1.00    0.00    0.00    2.00     1  listener
12:10:27 PM  1000     35918    0.00    1.00    0.00    0.00    1.00     8  listener
12:10:27 PM  1000     35956    1.00    0.00    0.00    0.00    1.00     8  listener
12:10:27 PM  1000     36003    1.00    1.00    0.00    0.00    2.00     4  listener

12:10:27 PM   UID       PID    %usr %system  %guest   %wait    %CPU   CPU  Command
12:10:28 PM  1000     33667    0.00    1.00    0.00    0.00    1.00     2  listener
12:10:28 PM  1000     33669    1.00    0.00    0.00    0.00    1.00    10  listener
12:10:28 PM  1000     33671    1.00    0.00    0.00    0.00    1.00     4  listener
12:10:28 PM  1000     33673    0.00    2.00    0.00    0.00    2.00     0  listener
12:10:28 PM  1000     33675    1.00    0.00    0.00    0.00    1.00    11  listener
12:10:28 PM  1000     33677    0.00    2.00    0.00    0.00    2.00    15  listener
12:10:28 PM  1000     33679    1.00    1.00    0.00    0.00    2.00     8  listener
12:10:28 PM  1000     33681    0.00    1.00    0.00    0.00    1.00     0  listener
12:10:28 PM  1000     33683    0.00    1.00    0.00    0.00    1.00     5  listener
12:10:28 PM  1000     33685    0.00    2.00    0.00    0.00    2.00    18  listener
12:10:28 PM  1000     33687    1.00    0.00    0.00    0.00    1.00    10  listener
12:10:28 PM  1000     33689    0.00    2.00    0.00    0.00    2.00    10  listener
12:10:28 PM  1000     33692    1.00    0.00    0.00    0.00    1.00    16  listener
12:10:28 PM  1000     33702    0.00    2.00    0.00    0.00    2.00     1  listener
12:10:28 PM  1000     33704    0.00    1.00    0.00    0.00    1.00    16  listener
12:10:28 PM  1000     33706    0.00    1.00    0.00    0.00    1.00    17  listener
12:10:28 PM  1000     33711    0.00    1.00    0.00    0.00    1.00    16  listener
12:10:28 PM  1000     33797    1.00    2.00    0.00    0.00    3.00    12  listener
12:10:28 PM  1000     33882    1.00    0.00    0.00    0.00    1.00    13  listener
12:10:28 PM  1000     33885    0.00    1.00    0.00    0.00    1.00     8  listener
12:10:28 PM  1000     33903    1.00    1.00    0.00    0.00    2.00    10  listener
12:10:28 PM  1000     33970    0.00    2.00    0.00    1.00    2.00    19  listener
12:10:28 PM  1000     33972    1.00    1.00    0.00    0.00    2.00    18  listener
12:10:28 PM  1000     33974    1.00    0.00    0.00    0.00    1.00    17  listener
12:10:28 PM  1000     34012    0.00    2.00    0.00    0.00    2.00    10  listener
12:10:28 PM  1000     34041    1.00    1.00    0.00    0.00    2.00    10  listener
12:10:28 PM  1000     34070    0.00    0.00    0.00    0.00    0.00    13  listener
12:10:28 PM  1000     34081    1.00    1.00    0.00    0.00    2.00     0  listener
12:10:28 PM  1000     34092    0.00    1.00    0.00    0.00    1.00    13  listener
12:10:28 PM  1000     34094    0.00    2.00    0.00    0.00    2.00    13  listener
12:10:28 PM  1000     34096    1.00    1.00    0.00    0.00    2.00     7  listener
12:10:28 PM  1000     34098    1.00    1.00    0.00    0.00    2.00     8  listener
12:10:28 PM  1000     34100    0.00    1.00    0.00    0.00    1.00     6  listener
12:10:28 PM  1000     34129    0.00    1.00    0.00    0.00    1.00    14  listener
12:10:28 PM  1000     34184    1.00    0.00    0.00    0.00    1.00    17  listener
12:10:28 PM  1000     34241    1.00    1.00    0.00    0.00    2.00     2  listener
12:10:28 PM  1000     34261    1.00    0.00    0.00    0.00    1.00    10  listener
12:10:28 PM  1000     34281    0.00    2.00    0.00    0.00    2.00     3  listener
12:10:28 PM  1000     34318    0.00    1.00    0.00    0.00    1.00     4  listener
12:10:28 PM  1000     34348    1.00    1.00    0.00    1.00    2.00    19  listener
12:10:28 PM  1000     34377    0.00    1.00    0.00    0.00    1.00    10  listener
12:10:28 PM  1000     34389    0.00    1.00    0.00    0.00    1.00     7  listener
12:10:28 PM  1000     34402    1.00    1.00    0.00    0.00    2.00     1  listener
12:10:28 PM  1000     34440    2.00    1.00    0.00    0.00    3.00     0  listener
12:10:28 PM  1000     34469    0.00    1.00    0.00    0.00    1.00     0  listener
12:10:28 PM  1000     34480    0.00    1.00    0.00    0.00    1.00     8  listener
12:10:28 PM  1000     34491    1.00    1.00    0.00    0.00    2.00    12  listener
12:10:28 PM  1000     34504    2.00    1.00    0.00    0.00    3.00     0  listener
12:10:28 PM  1000     34541    0.00    2.00    0.00    0.00    2.00     5  listener
12:10:28 PM  1000     34588    1.00    1.00    0.00    0.00    2.00     6  listener
12:10:28 PM  1000     34590    1.00    1.00    0.00    0.00    2.00     9  listener
12:10:28 PM  1000     34603    1.00    1.00    0.00    0.00    2.00     0  listener
12:10:28 PM  1000     34623    1.00    1.00    0.00    0.00    2.00     4  listener
12:10:28 PM  1000     34642    1.00    1.00    0.00    0.00    2.00     1  listener
12:10:28 PM  1000     34645    1.00    0.00    0.00    0.00    1.00    15  listener
12:10:28 PM  1000     34684    1.00    0.00    0.00    0.00    1.00     1  listener
12:10:28 PM  1000     34712    0.00    1.00    0.00    0.00    1.00    14  listener
12:10:28 PM  1000     34721    1.00    1.00    0.00    0.00    2.00    13  listener
12:10:28 PM  1000     34784    1.00    0.00    0.00    0.00    1.00    14  listener
12:10:28 PM  1000     34790    1.00    0.00    0.00    0.00    1.00    17  listener
12:10:28 PM  1000     34800    1.00    1.00    0.00    0.00    2.00    19  listener
12:10:28 PM  1000     34803    0.00    1.00    0.00    0.00    1.00     8  listener
12:10:28 PM  1000     34805    0.00    1.00    0.00    0.00    1.00    16  listener
12:10:28 PM  1000     34816    1.00    1.00    0.00    0.00    2.00    15  listener
12:10:28 PM  1000     34855    0.00    1.00    0.00    0.00    1.00     8  listener
12:10:28 PM  1000     34874    1.00    1.00    0.00    0.00    2.00    12  listener
12:10:28 PM  1000     34876    0.00    1.00    0.00    0.00    1.00     3  listener
12:10:28 PM  1000     34932    1.00    0.00    0.00    0.00    1.00     9  listener
12:10:28 PM  1000     34934    1.00    1.00    0.00    0.00    2.00     8  listener
12:10:28 PM  1000     34936    0.00    2.00    0.00    0.00    2.00     1  listener
12:10:28 PM  1000     34939    1.00    1.00    0.00    0.00    2.00     0  listener
12:10:28 PM  1000     34962    0.00    1.00    0.00    0.00    1.00     8  listener
12:10:28 PM  1000     34965    0.00    2.00    0.00    0.00    2.00    11  listener
12:10:28 PM  1000     35034    1.00    1.00    0.00    0.00    2.00     7  listener
12:10:28 PM  1000     35036    1.00    1.00    0.00    0.00    2.00    14  listener
12:10:28 PM  1000     35047    1.00    0.00    0.00    0.00    1.00     0  listener
12:10:28 PM  1000     35068    0.00    1.00    0.00    0.00    1.00    13  listener
12:10:28 PM  1000     35114    1.00    1.00    0.00    0.00    2.00     4  listener
12:10:28 PM  1000     35117    0.00    1.00    0.00    0.00    1.00     1  listener
12:10:28 PM  1000     35128    0.00    1.00    0.00    0.00    1.00    13  listener
12:10:28 PM  1000     35164    0.00    2.00    0.00    0.00    2.00    17  listener
12:10:28 PM  1000     35230    1.00    0.00    0.00    0.00    1.00     8  listener
12:10:28 PM  1000     35232    1.00    1.00    0.00    0.00    2.00     0  listener
12:10:28 PM  1000     35234    1.00    0.00    0.00    0.00    1.00    15  listener
12:10:28 PM  1000     35246    1.00    0.00    0.00    0.00    1.00     8  listener
12:10:28 PM  1000     35275    1.00    2.00    0.00    0.00    3.00     3  listener
12:10:28 PM  1000     35281    1.00    0.00    0.00    0.00    1.00    11  listener
12:10:28 PM  1000     35296    1.00    0.00    0.00    0.00    1.00     4  listener
12:10:28 PM  1000     35307    1.00    1.00    0.00    0.00    2.00     7  listener
12:10:28 PM  1000     35327    1.00    1.00    0.00    0.00    2.00     3  listener
12:10:28 PM  1000     35347    2.00    0.00    0.00    0.00    2.00    17  listener
12:10:28 PM  1000     35358    1.00    1.00    0.00    0.00    2.00     2  listener
12:10:28 PM  1000     35369    1.00    0.00    0.00    0.00    1.00    15  listener
12:10:28 PM  1000     35389    0.00    1.00    0.00    0.00    1.00     6  listener
12:10:28 PM  1000     35409    1.00    0.00    0.00    0.00    1.00     4  listener
12:10:28 PM  1000     35428    1.00    0.00    0.00    0.00    1.00    13  listener
12:10:28 PM  1000     35432    0.00    1.00    0.00    0.00    1.00     8  listener
12:10:28 PM  1000     35434    1.00    1.00    0.00    0.00    2.00    10  listener
12:10:28 PM  1000     35445    1.00    1.00    0.00    0.00    2.00    10  listener
12:10:28 PM  1000     35467    0.00    1.00    0.00    0.00    1.00    11  listener
12:10:28 PM  1000     35487    1.00    0.00    0.00    0.00    1.00     0  listener
12:10:28 PM  1000     35524    0.00    1.00    0.00    0.00    1.00     8  listener
12:10:28 PM  1000     35544    1.00    1.00    0.00    0.00    2.00    12  listener
12:10:28 PM  1000     35546    1.00    0.00    0.00    0.00    1.00    10  listener
12:10:28 PM  1000     35558    0.00    1.00    0.00    0.00    1.00     3  listener
12:10:28 PM  1000     35578    1.00    0.00    0.00    0.00    1.00    17  listener
12:10:28 PM  1000     35598    0.00    1.00    0.00    0.00    1.00     2  listener
12:10:28 PM  1000     35629    1.00    0.00    0.00    0.00    1.00    10  listener
12:10:28 PM  1000     35641    1.00    1.00    0.00    0.00    2.00    14  listener
12:10:28 PM  1000     35651    0.00    1.00    0.00    0.00    1.00     5  listener
12:10:28 PM  1000     35673    1.00    1.00    0.00    0.00    2.00    17  listener
12:10:28 PM  1000     35701    1.00    0.00    0.00    0.00    1.00     3  listener
12:10:28 PM  1000     35703    0.00    2.00    0.00    0.00    2.00    13  listener
12:10:28 PM  1000     35723    0.00    0.00    0.00    0.00    0.00    19  listener
12:10:28 PM  1000     35734    1.00    1.00    0.00    0.00    2.00    14  listener
12:10:28 PM  1000     35745    1.00    1.00    0.00    0.00    2.00     9  listener
12:10:28 PM  1000     35764    1.00    1.00    0.00    0.00    2.00     0  listener
12:10:28 PM  1000     35777    1.00    0.00    0.00    0.00    1.00    13  listener
12:10:28 PM  1000     35787    1.00    1.00    0.00    0.00    2.00     0  listener
12:10:28 PM  1000     35825    1.00    1.00    0.00    1.00    2.00    10  listener
12:10:28 PM  1000     35827    0.00    1.00    0.00    0.00    1.00    10  listener
12:10:28 PM  1000     35829    1.00    0.00    0.00    0.00    1.00    17  listener
12:10:28 PM  1000     35858    0.00    1.00    0.00    0.00    1.00    16  listener
12:10:28 PM  1000     35905    0.00    1.00    0.00    0.00    1.00     9  listener
12:10:28 PM  1000     35916    1.00    0.00    0.00    0.00    1.00    14  listener
12:10:28 PM  1000     35918    0.00    2.00    0.00    0.00    2.00     0  listener
12:10:28 PM  1000     35956    1.00    1.00    0.00    0.00    2.00    12  listener
12:10:28 PM  1000     36003    1.00    1.00    0.00    0.00    2.00     4  listener

12:10:28 PM   UID       PID    %usr %system  %guest   %wait    %CPU   CPU  Command
12:10:29 PM  1000     33667    0.00    1.00    0.00    0.00    1.00    19  listener
12:10:29 PM  1000     33669    1.00    0.00    0.00    0.00    1.00    15  listener
12:10:29 PM  1000     33671    1.00    1.00    0.00    0.00    2.00     6  listener
12:10:29 PM  1000     33673    1.00    0.00    0.00    0.00    1.00     3  listener
12:10:29 PM  1000     33675    1.00    1.00    0.00    0.00    2.00     7  listener
12:10:29 PM  1000     33677    0.00    1.00    0.00    0.00    1.00    18  listener
12:10:29 PM  1000     33679    1.00    0.00    0.00    0.00    1.00    13  listener
12:10:29 PM  1000     33681    1.00    1.00    0.00    0.00    2.00    14  listener
12:10:29 PM  1000     33683    0.00    1.00    0.00    0.00    1.00     6  listener
12:10:29 PM  1000     33685    0.00    0.00    0.00    0.00    0.00     6  listener
12:10:29 PM  1000     33687    0.00    0.00    0.00    0.00    0.00     0  listener
12:10:29 PM  1000     33689    0.00    0.00    0.00    0.00    0.00    12  listener
12:10:29 PM  1000     33692    1.00    0.00    0.00    0.00    1.00     5  listener
12:10:29 PM  1000     33702    0.00    1.00    0.00    0.00    1.00    15  listener
12:10:29 PM  1000     33704    1.00    1.00    0.00    0.00    2.00     3  listener
12:10:29 PM  1000     33706    1.00    0.00    0.00    0.00    1.00     5  listener
12:10:29 PM  1000     33711    0.00    1.00    0.00    0.00    1.00    15  listener
12:10:29 PM  1000     33797    0.00    0.00    0.00    0.00    0.00     6  listener
12:10:29 PM  1000     33882    1.00    0.00    0.00    0.00    1.00    15  listener
12:10:29 PM  1000     33885    1.00    0.00    0.00    0.00    1.00    18  listener
12:10:29 PM  1000     33903    1.00    0.00    0.00    0.00    1.00     3  listener
12:10:29 PM  1000     33970    0.00    1.00    0.00    0.00    1.00    17  listener
12:10:29 PM  1000     33972    1.00    0.00    0.00    0.00    1.00    18  listener
12:10:29 PM  1000     33974    0.00    1.00    0.00    0.00    1.00     3  listener
12:10:29 PM  1000     34012    0.00    1.00    0.00    0.00    1.00     3  listener
12:10:29 PM  1000     34041    1.00    0.00    0.00    0.00    1.00    13  listener
12:10:29 PM  1000     34070    1.00    1.00    0.00    0.00    2.00     8  listener
12:10:29 PM  1000     34081    1.00    0.00    0.00    0.00    1.00     8  listener
12:10:29 PM  1000     34092    1.00    1.00    0.00    0.00    2.00     0  listener
12:10:29 PM  1000     34094    0.00    1.00    0.00    0.00    1.00     4  listener
12:10:29 PM  1000     34096    1.00    0.00    0.00    0.00    1.00    14  listener
12:10:29 PM  1000     34098    1.00    1.00    0.00    0.00    2.00     0  listener
12:10:29 PM  1000     34100    0.00    1.00    0.00    0.00    1.00    15  listener
12:10:29 PM  1000     34129    1.00    0.00    0.00    0.00    1.00     8  listener
12:10:29 PM  1000     34184    0.00    1.00    0.00    0.00    1.00     7  listener
12:10:29 PM  1000     34241    1.00    1.00    0.00    0.00    2.00    15  listener
12:10:29 PM  1000     34261    0.00    1.00    0.00    0.00    1.00    14  listener
12:10:29 PM  1000     34281    0.00    1.00    0.00    0.00    1.00     5  listener
12:10:29 PM  1000     34318    1.00    0.00    0.00    0.00    1.00     3  listener
12:10:29 PM  1000     34348    0.00    0.00    0.00    0.00    0.00     8  listener
12:10:29 PM  1000     34377    0.00    1.00    0.00    0.00    1.00     3  listener
12:10:29 PM  1000     34389    1.00    1.00    0.00    0.00    2.00     8  listener
12:10:29 PM  1000     34402    0.00    0.00    0.00    0.00    0.00     8  listener
12:10:29 PM  1000     34440    0.00    0.00    0.00    0.00    0.00     3  listener
12:10:29 PM  1000     34469    1.00    1.00    0.00    0.00    2.00    12  listener
12:10:29 PM  1000     34480    0.00    2.00    0.00    0.00    2.00    16  listener
12:10:29 PM  1000     34491    0.00    1.00    0.00    0.00    1.00     0  listener
12:10:29 PM  1000     34504    0.00    0.00    0.00    0.00    0.00     1  listener
12:10:29 PM  1000     34541    0.00    1.00    0.00    0.00    1.00    13  listener
12:10:29 PM  1000     34588    1.00    0.00    0.00    0.00    1.00     6  listener
12:10:29 PM  1000     34590    0.00    1.00    0.00    0.00    1.00     4  listener
12:10:29 PM  1000     34603    1.00    0.00    0.00    0.00    1.00    12  listener
12:10:29 PM  1000     34623    0.00    0.00    0.00    0.00    0.00     5  listener
12:10:29 PM  1000     34642    0.00    0.00    0.00    0.00    0.00     8  listener
12:10:29 PM  1000     34645    0.00    1.00    0.00    0.00    1.00    11  listener
12:10:29 PM  1000     34684    0.00    0.00    0.00    0.00    0.00    17  listener
12:10:29 PM  1000     34712    0.00    1.00    0.00    0.00    1.00    12  listener
12:10:29 PM  1000     34721    0.00    0.00    0.00    0.00    0.00     5  listener
12:10:29 PM  1000     34784    1.00    0.00    0.00    0.00    1.00    10  listener
12:10:29 PM  1000     34790    0.00    0.00    0.00    0.00    0.00     0  listener
12:10:29 PM  1000     34800    0.00    0.00    0.00    0.00    0.00    13  listener
12:10:29 PM  1000     34803    0.00    2.00    0.00    0.00    2.00    18  listener
12:10:29 PM  1000     34805    1.00    0.00    0.00    0.00    1.00    14  listener
12:10:29 PM  1000     34816    1.00    1.00    0.00    0.00    2.00     8  listener
12:10:29 PM  1000     34855    0.00    2.00    0.00    0.00    2.00    14  listener
12:10:29 PM  1000     34874    0.00    0.00    0.00    0.00    0.00     6  listener
12:10:29 PM  1000     34876    1.00    0.00    0.00    0.00    1.00    13  listener
12:10:29 PM  1000     34932    1.00    0.00    0.00    0.00    1.00     0  listener
12:10:29 PM  1000     34934    1.00    0.00    0.00    0.00    1.00     0  listener
12:10:29 PM  1000     34936    0.00    1.00    0.00    0.00    1.00     4  listener
12:10:29 PM  1000     34939    0.00    0.00    0.00    0.00    0.00    17  listener
12:10:29 PM  1000     34962    0.00    1.00    0.00    0.00    1.00    10  listener
12:10:29 PM  1000     34965    0.00    1.00    0.00    0.00    1.00     7  listener
12:10:29 PM  1000     35034    0.00    0.00    0.00    0.00    0.00    14  listener
12:10:29 PM  1000     35036    0.00    1.00    0.00    0.00    1.00     8  listener
12:10:29 PM  1000     35047    0.00    1.00    0.00    0.00    1.00     2  listener
12:10:29 PM  1000     35068    1.00    0.00    0.00    0.00    1.00    13  listener
12:10:29 PM  1000     35114    1.00    0.00    0.00    0.00    1.00    12  listener
12:10:29 PM  1000     35117    1.00    0.00    0.00    0.00    1.00     0  listener
12:10:29 PM  1000     35128    1.00    1.00    0.00    0.00    2.00    13  listener
12:10:29 PM  1000     35164    0.00    1.00    0.00    0.00    1.00    13  listener
12:10:29 PM  1000     35230    1.00    0.00    0.00    0.00    1.00    17  listener
12:10:29 PM  1000     35232    1.00    0.00    0.00    0.00    1.00    10  listener
12:10:29 PM  1000     35234    0.00    1.00    0.00    0.00    1.00    13  listener
12:10:29 PM  1000     35246    1.00    1.00    0.00    0.00    2.00    19  listener
12:10:29 PM  1000     35275    0.00    0.00    0.00    0.00    0.00    11  listener
12:10:29 PM  1000     35281    1.00    1.00    0.00    0.00    2.00    14  listener
12:10:29 PM  1000     35296    0.00    1.00    0.00    0.00    1.00     4  listener
12:10:29 PM  1000     35307    0.00    0.00    0.00    0.00    0.00     5  listener
12:10:29 PM  1000     35327    0.00    1.00    0.00    0.00    1.00    12  listener
12:10:29 PM  1000     35347    0.00    1.00    0.00    0.00    1.00     4  listener
12:10:29 PM  1000     35358    0.00    0.00    0.00    0.00    0.00    17  listener
12:10:29 PM  1000     35369    0.00    1.00    0.00    0.00    1.00     1  listener
12:10:29 PM  1000     35389    1.00    1.00    0.00    0.00    2.00    17  listener
12:10:29 PM  1000     35409    1.00    0.00    0.00    0.00    1.00     4  listener
12:10:29 PM  1000     35428    0.00    1.00    0.00    0.00    1.00     1  listener
12:10:29 PM  1000     35432    0.00    1.00    0.00    0.00    1.00    14  listener
12:10:29 PM  1000     35434    1.00    0.00    0.00    0.00    1.00    16  listener
12:10:29 PM  1000     35445    1.00    0.00    0.00    0.00    1.00     5  listener
12:10:29 PM  1000     35467    1.00    0.00    0.00    0.00    1.00     0  listener
12:10:29 PM  1000     35487    1.00    0.00    0.00    0.00    1.00    18  listener
12:10:29 PM  1000     35524    1.00    0.00    0.00    0.00    1.00    16  listener
12:10:29 PM  1000     35544    1.00    0.00    0.00    0.00    1.00    13  listener
12:10:29 PM  1000     35546    0.00    1.00    0.00    0.00    1.00    11  listener
12:10:29 PM  1000     35558    0.00    2.00    0.00    0.00    2.00     7  listener
12:10:29 PM  1000     35578    1.00    1.00    0.00    0.00    2.00    16  listener
12:10:29 PM  1000     35598    0.00    1.00    0.00    0.00    1.00     1  listener
12:10:29 PM  1000     35629    1.00    0.00    0.00    0.00    1.00     8  listener
12:10:29 PM  1000     35641    0.00    0.00    0.00    0.00    0.00    11  listener
12:10:29 PM  1000     35651    0.00    1.00    0.00    0.00    1.00    16  listener
12:10:29 PM  1000     35673    1.00    0.00    0.00    0.00    1.00     8  listener
12:10:29 PM  1000     35701    1.00    1.00    0.00    0.00    2.00     5  listener
12:10:29 PM  1000     35703    0.00    1.00    0.00    0.00    1.00    12  listener
12:10:29 PM  1000     35723    0.00    1.00    0.00    0.00    1.00     5  listener
12:10:29 PM  1000     35734    1.00    0.00    0.00    0.00    1.00    11  listener
12:10:29 PM  1000     35745    0.00    0.00    0.00    0.00    0.00    13  listener
12:10:29 PM  1000     35764    1.00    0.00    0.00    0.00    1.00    10  listener
12:10:29 PM  1000     35777    0.00    1.00    0.00    0.00    1.00     6  listener
12:10:29 PM  1000     35787    1.00    0.00    0.00    0.00    1.00    12  listener
12:10:29 PM  1000     35825    1.00    0.00    0.00    0.00    1.00     4  listener
12:10:29 PM  1000     35827    0.00    1.00    0.00    0.00    1.00    19  listener
12:10:29 PM  1000     35829    1.00    1.00    0.00    0.00    2.00    11  listener
12:10:29 PM  1000     35858    1.00    0.00    0.00    0.00    1.00    18  listener
12:10:29 PM  1000     35905    1.00    1.00    0.00    0.00    2.00    18  listener
12:10:29 PM  1000     35916    1.00    1.00    0.00    0.00    2.00     3  listener
12:10:29 PM  1000     35918    0.00    1.00    0.00    0.00    1.00    12  listener
12:10:29 PM  1000     35956    1.00    0.00    0.00    0.00    1.00     3  listener
12:10:29 PM  1000     36003    0.00    0.00    0.00    0.00    0.00    16  listener

12:10:29 PM   UID       PID    %usr %system  %guest   %wait    %CPU   CPU  Command
12:10:30 PM  1000     33667    0.00    1.00    0.00    0.00    1.00     1  listener
12:10:30 PM  1000     33669    0.00    1.00    0.00    0.00    1.00     0  listener
12:10:30 PM  1000     33671    0.00    0.00    0.00    0.00    0.00    12  listener
12:10:30 PM  1000     33673    0.00    0.00    0.00    0.00    0.00     2  listener
12:10:30 PM  1000     33675    0.00    0.00    0.00    0.00    0.00    17  listener
12:10:30 PM  1000     33677    0.00    1.00    0.00    0.00    1.00     2  listener
12:10:30 PM  1000     33679    0.00    1.00    0.00    0.00    1.00     8  listener
12:10:30 PM  1000     33681    1.00    0.00    0.00    0.00    1.00     8  listener
12:10:30 PM  1000     33683    0.00    2.00    0.00    0.00    2.00     8  listener
12:10:30 PM  1000     33685    1.00    1.00    0.00    0.00    2.00    12  listener
12:10:30 PM  1000     33687    1.00    1.00    0.00    0.00    2.00     1  listener
12:10:30 PM  1000     33689    1.00    1.00    0.00    0.00    2.00    10  listener
12:10:30 PM  1000     33692    0.00    1.00    0.00    0.00    1.00    12  listener
12:10:30 PM  1000     33702    0.00    1.00    0.00    0.00    1.00     9  listener
12:10:30 PM  1000     33704    0.00    0.00    0.00    0.00    0.00    18  listener
12:10:30 PM  1000     33706    0.00    1.00    0.00    0.00    1.00     8  listener
12:10:30 PM  1000     33711    0.00    1.00    0.00    0.00    1.00    14  listener
12:10:30 PM  1000     33797    1.00    1.00    0.00    0.00    2.00    18  listener
12:10:30 PM  1000     33882    0.00    1.00    0.00    0.00    1.00    10  listener
12:10:30 PM  1000     33885    1.00    1.00    0.00    0.00    2.00    19  listener
12:10:30 PM  1000     33903    0.00    1.00    0.00    0.00    1.00     1  listener
12:10:30 PM  1000     33970    0.00    2.00    0.00    0.00    2.00     4  listener
12:10:30 PM  1000     33972    0.00    1.00    0.00    0.00    1.00     7  listener
12:10:30 PM  1000     33974    1.00    1.00    0.00    0.00    2.00    15  listener
12:10:30 PM  1000     34012    1.00    0.00    0.00    0.00    1.00    10  listener
12:10:30 PM  1000     34041    0.00    1.00    0.00    0.00    1.00    18  listener
12:10:30 PM  1000     34070    0.00    0.00    0.00    0.00    0.00    17  listener
12:10:30 PM  1000     34081    0.00    1.00    0.00    0.00    1.00     0  listener
12:10:30 PM  1000     34092    1.00    0.00    0.00    0.00    1.00    18  listener
12:10:30 PM  1000     34094    0.00    1.00    0.00    0.00    1.00    15  listener
12:10:30 PM  1000     34096    0.00    1.00    0.00    0.00    1.00    10  listener
12:10:30 PM  1000     34098    0.00    0.00    0.00    0.00    0.00    10  listener
12:10:30 PM  1000     34100    0.00    1.00    0.00    1.00    1.00    14  listener
12:10:30 PM  1000     34129    0.00    1.00    0.00    0.00    1.00    19  listener
12:10:30 PM  1000     34184    0.00    1.00    0.00    0.00    1.00    18  listener
12:10:30 PM  1000     34241    1.00    0.00    0.00    0.00    1.00     5  listener
12:10:30 PM  1000     34261    1.00    0.00    0.00    0.00    1.00    13  listener
12:10:30 PM  1000     34281    0.00    1.00    0.00    0.00    1.00    12  listener
12:10:30 PM  1000     34318    1.00    0.00    0.00    0.00    1.00    17  listener
12:10:30 PM  1000     34348    1.00    1.00    0.00    0.00    2.00    15  listener
12:10:30 PM  1000     34377    0.00    1.00    0.00    0.00    1.00    10  listener
12:10:30 PM  1000     34389    1.00    0.00    0.00    0.00    1.00    16  listener
12:10:30 PM  1000     34402    1.00    1.00    0.00    0.00    2.00     2  listener
12:10:30 PM  1000     34440    1.00    1.00    0.00    0.00    2.00     9  listener
12:10:30 PM  1000     34469    1.00    0.00    0.00    0.00    1.00    13  listener
12:10:30 PM  1000     34480    0.00    1.00    0.00    0.00    1.00     9  listener
12:10:30 PM  1000     34491    1.00    1.00    0.00    0.00    2.00    17  listener
12:10:30 PM  1000     34504    1.00    1.00    0.00    0.00    2.00     3  listener
12:10:30 PM  1000     34541    0.00    1.00    0.00    0.00    1.00    13  listener
12:10:30 PM  1000     34588    0.00    0.00    0.00    0.00    0.00    12  listener
12:10:30 PM  1000     34590    1.00    0.00    0.00    0.00    1.00     7  listener
12:10:30 PM  1000     34603    0.00    0.00    0.00    0.00    0.00     2  listener
12:10:30 PM  1000     34623    1.00    0.00    0.00    0.00    1.00    13  listener
12:10:30 PM  1000     34642    1.00    1.00    0.00    0.00    2.00     6  listener
12:10:30 PM  1000     34645    1.00    0.00    0.00    0.00    1.00    11  listener
12:10:30 PM  1000     34684    1.00    1.00    0.00    0.00    2.00    14  listener
12:10:30 PM  1000     34712    0.00    1.00    0.00    0.00    1.00     5  listener
12:10:30 PM  1000     34721    0.00    1.00    0.00    0.00    1.00     1  listener
12:10:30 PM  1000     34784    1.00    0.00    0.00    0.00    1.00    14  listener
12:10:30 PM  1000     34790    1.00    1.00    0.00    0.00    2.00    10  listener
12:10:30 PM  1000     34800    0.00    1.00    0.00    0.00    1.00    16  listener
12:10:30 PM  1000     34803    0.00    1.00    0.00    0.00    1.00    16  listener
12:10:30 PM  1000     34805    0.00    1.00    0.00    0.00    1.00    13  listener
12:10:30 PM  1000     34816    0.00    0.00    0.00    0.00    0.00     9  listener
12:10:30 PM  1000     34855    0.00    1.00    0.00    0.00    1.00    16  listener
12:10:30 PM  1000     34874    1.00    0.00    0.00    0.00    1.00     3  listener
12:10:30 PM  1000     34876    1.00    0.00    0.00    0.00    1.00    15  listener
12:10:30 PM  1000     34932    1.00    1.00    0.00    0.00    2.00    13  listener
12:10:30 PM  1000     34934    0.00    1.00    0.00    0.00    1.00    10  listener
12:10:30 PM  1000     34936    0.00    1.00    0.00    0.00    1.00     1  listener
12:10:30 PM  1000     34939    1.00    1.00    0.00    0.00    2.00    10  listener
12:10:30 PM  1000     34962    1.00    1.00    0.00    0.00    2.00    15  listener
12:10:30 PM  1000     34965    0.00    1.00    0.00    0.00    1.00    13  listener
12:10:30 PM  1000     35034    1.00    0.00    0.00    0.00    1.00    19  listener
12:10:30 PM  1000     35036    1.00    0.00    0.00    0.00    1.00     1  listener
12:10:30 PM  1000     35047    1.00    1.00    0.00    0.00    2.00    18  listener
12:10:30 PM  1000     35068    0.00    1.00    0.00    0.00    1.00     4  listener
12:10:30 PM  1000     35114    1.00    1.00    0.00    0.00    2.00     3  listener
12:10:30 PM  1000     35117    1.00    1.00    0.00    0.00    2.00    15  listener
12:10:30 PM  1000     35128    1.00    0.00    0.00    0.00    1.00    16  listener
12:10:30 PM  1000     35164    0.00    1.00    0.00    0.00    1.00    19  listener
12:10:30 PM  1000     35230    0.00    1.00    0.00    0.00    1.00    12  listener
12:10:30 PM  1000     35232    1.00    1.00    0.00    0.00    2.00    16  listener
12:10:30 PM  1000     35234    1.00    1.00    0.00    0.00    2.00    18  listener
12:10:30 PM  1000     35246    0.00    1.00    0.00    0.00    1.00     5  listener
12:10:30 PM  1000     35275    1.00    1.00    0.00    0.00    2.00     5  listener
12:10:30 PM  1000     35281    0.00    0.00    0.00    0.00    0.00    18  listener
12:10:30 PM  1000     35296    0.00    1.00    0.00    0.00    1.00     8  listener
12:10:30 PM  1000     35307    1.00    1.00    0.00    0.00    2.00    11  listener
12:10:30 PM  1000     35327    1.00    0.00    0.00    0.00    1.00     1  listener
12:10:30 PM  1000     35347    0.00    1.00    0.00    0.00    1.00    14  listener
12:10:30 PM  1000     35358    1.00    1.00    0.00    0.00    2.00    18  listener
12:10:30 PM  1000     35369    1.00    0.00    0.00    0.00    1.00     1  listener
12:10:30 PM  1000     35389    1.00    0.00    0.00    0.00    1.00    10  listener
12:10:30 PM  1000     35409    1.00    1.00    0.00    0.00    2.00    16  listener
12:10:30 PM  1000     35428    1.00    0.00    0.00    0.00    1.00     5  listener
12:10:30 PM  1000     35432    0.00    2.00    0.00    0.00    2.00     1  listener
12:10:30 PM  1000     35434    0.00    1.00    0.00    0.00    1.00    17  listener
12:10:30 PM  1000     35445    1.00    0.00    0.00    0.00    1.00     6  listener
12:10:30 PM  1000     35467    1.00    1.00    0.00    0.00    2.00    15  listener
12:10:30 PM  1000     35487    0.00    1.00    0.00    0.00    1.00     7  listener
12:10:30 PM  1000     35524    1.00    1.00    0.00    0.00    2.00     3  listener
12:10:30 PM  1000     35544    1.00    1.00    0.00    0.00    2.00    15  listener
12:10:30 PM  1000     35546    1.00    0.00    0.00    0.00    1.00    11  listener
12:10:30 PM  1000     35558    0.00    1.00    0.00    0.00    1.00     8  listener
12:10:30 PM  1000     35578    0.00    0.00    0.00    0.00    0.00    17  listener
12:10:30 PM  1000     35598    1.00    0.00    0.00    0.00    1.00    16  listener
12:10:30 PM  1000     35629    0.00    1.00    0.00    0.00    1.00    10  listener
12:10:30 PM  1000     35641    1.00    1.00    0.00    0.00    2.00     8  listener
12:10:30 PM  1000     35651    0.00    2.00    0.00    0.00    2.00    18  listener
12:10:30 PM  1000     35673    1.00    0.00    0.00    0.00    1.00    13  listener
12:10:30 PM  1000     35701    0.00    0.00    0.00    0.00    0.00    10  listener
12:10:30 PM  1000     35703    0.00    1.00    0.00    0.00    1.00     5  listener
12:10:30 PM  1000     35723    1.00    1.00    0.00    0.00    2.00    13  listener
12:10:30 PM  1000     35734    1.00    0.00    0.00    0.00    1.00    19  listener
12:10:30 PM  1000     35745    1.00    1.00    0.00    0.00    2.00     2  listener
12:10:30 PM  1000     35764    0.00    1.00    0.00    0.00    1.00    14  listener
12:10:30 PM  1000     35777    1.00    0.00    0.00    0.00    1.00    12  listener
12:10:30 PM  1000     35787    0.00    1.00    0.00    0.00    1.00    17  listener
12:10:30 PM  1000     35825    1.00    0.00    0.00    0.00    1.00    11  listener
12:10:30 PM  1000     35827    0.00    2.00    0.00    0.00    2.00     7  listener
12:10:30 PM  1000     35829    1.00    0.00    0.00    0.00    1.00     4  listener
12:10:30 PM  1000     35858    1.00    1.00    0.00    0.00    2.00    19  listener
12:10:30 PM  1000     35905    0.00    1.00    0.00    0.00    1.00    16  listener
12:10:30 PM  1000     35916    0.00    0.00    0.00    0.00    0.00     7  listener
12:10:30 PM  1000     35918    1.00    1.00    0.00    0.00    2.00     1  listener
12:10:30 PM  1000     35956    1.00    0.00    0.00    0.00    1.00     3  listener
12:10:30 PM  1000     36003    1.00    1.00    0.00    0.00    2.00    12  listener

12:10:30 PM   UID       PID    %usr %system  %guest   %wait    %CPU   CPU  Command
12:10:31 PM  1000     33667    0.00    2.00    0.00    0.00    2.00    13  listener
12:10:31 PM  1000     33669    1.00    0.00    0.00    0.00    1.00    17  listener
12:10:31 PM  1000     33671    1.00    1.00    0.00    0.00    2.00    13  listener
12:10:31 PM  1000     33673    1.00    1.00    0.00    0.00    2.00     4  listener
12:10:31 PM  1000     33675    1.00    1.00    0.00    0.00    2.00    18  listener
12:10:31 PM  1000     33677    0.00    1.00    0.00    0.00    1.00    18  listener
12:10:31 PM  1000     33679    0.00    0.00    0.00    0.00    0.00    13  listener
12:10:31 PM  1000     33681    0.00    0.00    0.00    0.00    0.00    14  listener
12:10:31 PM  1000     33683    0.00    1.00    0.00    0.00    1.00     1  listener
12:10:31 PM  1000     33685    0.00    0.00    0.00    0.00    0.00    14  listener
12:10:31 PM  1000     33687    1.00    0.00    0.00    0.00    1.00    13  listener
12:10:31 PM  1000     33689    1.00    0.00    0.00    0.00    1.00    10  listener
12:10:31 PM  1000     33692    1.00    0.00    0.00    0.00    1.00     4  listener
12:10:31 PM  1000     33702    0.00    1.00    0.00    0.00    1.00    10  listener
12:10:31 PM  1000     33704    1.00    0.00    0.00    0.00    1.00    14  listener
12:10:31 PM  1000     33706    1.00    1.00    0.00    0.00    2.00    16  listener
12:10:31 PM  1000     33711    0.00    2.00    0.00    0.00    2.00     1  listener
12:10:31 PM  1000     33797    0.00    0.00    0.00    0.00    0.00    15  listener
12:10:31 PM  1000     33882    1.00    0.00    0.00    0.00    1.00     3  listener
12:10:31 PM  1000     33885    0.00    0.00    0.00    0.00    0.00     0  listener
12:10:31 PM  1000     33903    1.00    0.00    0.00    0.00    1.00     2  listener
12:10:31 PM  1000     33970    0.00    1.00    0.00    0.00    1.00     1  listener
12:10:31 PM  1000     33972    1.00    0.00    0.00    0.00    1.00    12  listener
12:10:31 PM  1000     33974    1.00    0.00    0.00    0.00    1.00     5  listener
12:10:31 PM  1000     34012    0.00    1.00    0.00    0.00    1.00    15  listener
12:10:31 PM  1000     34041    1.00    0.00    0.00    0.00    1.00    14  listener
12:10:31 PM  1000     34070    1.00    1.00    0.00    0.00    2.00    14  listener
12:10:31 PM  1000     34081    1.00    0.00    0.00    0.00    1.00     2  listener
12:10:31 PM  1000     34092    1.00    0.00    0.00    0.00    1.00     2  listener
12:10:31 PM  1000     34094    0.00    1.00    0.00    0.00    1.00    14  listener
12:10:31 PM  1000     34096    1.00    0.00    0.00    0.00    1.00    12  listener
12:10:31 PM  1000     34098    0.00    1.00    0.00    0.00    1.00     5  listener
12:10:31 PM  1000     34100    0.00    1.00    0.00    0.00    1.00     4  listener
12:10:31 PM  1000     34129    1.00    0.00    0.00    0.00    1.00    15  listener
12:10:31 PM  1000     34184    1.00    1.00    0.00    0.00    2.00     5  listener
12:10:31 PM  1000     34241    0.00    0.00    0.00    0.00    0.00     6  listener
12:10:31 PM  1000     34261    1.00    1.00    0.00    0.00    2.00     1  listener
12:10:31 PM  1000     34281    1.00    0.00    0.00    0.00    1.00    17  listener
12:10:31 PM  1000     34318    1.00    1.00    0.00    0.00    2.00     3  listener
12:10:31 PM  1000     34348    0.00    0.00    0.00    0.00    0.00    13  listener
12:10:31 PM  1000     34377    0.00    1.00    0.00    0.00    1.00     3  listener
12:10:31 PM  1000     34389    0.00    1.00    0.00    0.00    1.00     1  listener
12:10:31 PM  1000     34402    0.00    0.00    0.00    0.00    0.00    15  listener
12:10:31 PM  1000     34440    1.00    0.00    0.00    0.00    1.00    13  listener
12:10:31 PM  1000     34469    0.00    0.00    0.00    0.00    0.00     0  listener
12:10:31 PM  1000     34480    1.00    1.00    0.00    0.00    2.00     2  listener
12:10:31 PM  1000     34491    0.00    0.00    0.00    0.00    0.00    16  listener
12:10:31 PM  1000     34504    1.00    0.00    0.00    0.00    1.00     7  listener
12:10:31 PM  1000     34541    0.00    1.00    0.00    0.00    1.00    17  listener
12:10:31 PM  1000     34588    1.00    1.00    0.00    0.00    2.00     6  listener
12:10:31 PM  1000     34590    1.00    0.00    0.00    0.00    1.00     0  listener
12:10:31 PM  1000     34603    0.00    1.00    0.00    0.00    1.00     0  listener
12:10:31 PM  1000     34623    0.00    1.00    0.00    0.00    1.00     2  listener
12:10:31 PM  1000     34642    1.00    0.00    0.00    0.00    1.00     9  listener
12:10:31 PM  1000     34645    1.00    0.00    0.00    0.00    1.00    11  listener
12:10:31 PM  1000     34684    1.00    0.00    0.00    0.00    1.00    15  listener
12:10:31 PM  1000     34712    0.00    2.00    0.00    0.00    2.00     2  listener
12:10:31 PM  1000     34721    1.00    0.00    0.00    0.00    1.00    18  listener
12:10:31 PM  1000     34784    1.00    0.00    0.00    0.00    1.00     0  listener
12:10:31 PM  1000     34790    1.00    0.00    0.00    0.00    1.00    13  listener
12:10:31 PM  1000     34800    1.00    0.00    0.00    0.00    1.00    17  listener
12:10:31 PM  1000     34803    1.00    1.00    0.00    0.00    2.00    18  listener
12:10:31 PM  1000     34805    1.00    0.00    0.00    0.00    1.00    11  listener
12:10:31 PM  1000     34816    1.00    0.00    0.00    0.00    1.00     4  listener
12:10:31 PM  1000     34855    0.00    1.00    0.00    0.00    1.00     2  listener
12:10:31 PM  1000     34874    1.00    1.00    0.00    0.00    2.00    11  listener
12:10:31 PM  1000     34876    1.00    1.00    0.00    0.00    2.00     7  listener
12:10:31 PM  1000     34932    0.00    1.00    0.00    0.00    1.00     7  listener
12:10:31 PM  1000     34934    1.00    0.00    0.00    0.00    1.00     5  listener
12:10:31 PM  1000     34936    0.00    1.00    0.00    0.00    1.00     9  listener
12:10:31 PM  1000     34939    1.00    0.00    0.00    0.00    1.00    10  listener
12:10:31 PM  1000     34962    0.00    0.00    0.00    0.00    0.00    19  listener
12:10:31 PM  1000     34965    0.00    1.00    0.00    0.00    1.00     8  listener
12:10:31 PM  1000     35034    0.00    1.00    0.00    0.00    1.00    12  listener
12:10:31 PM  1000     35036    1.00    0.00    0.00    0.00    1.00    16  listener
12:10:31 PM  1000     35047    1.00    0.00    0.00    0.00    1.00    15  listener
12:10:31 PM  1000     35068    1.00    0.00    0.00    0.00    1.00     9  listener
12:10:31 PM  1000     35114    0.00    0.00    0.00    0.00    0.00    15  listener
12:10:31 PM  1000     35117    0.00    0.00    0.00    0.00    0.00    10  listener
12:10:31 PM  1000     35128    0.00    1.00    0.00    0.00    1.00    18  listener
12:10:31 PM  1000     35164    0.00    1.00    0.00    0.00    1.00    14  listener
12:10:31 PM  1000     35230    1.00    0.00    0.00    0.00    1.00    14  listener
12:10:31 PM  1000     35232    0.00    0.00    0.00    0.00    0.00     1  listener
12:10:31 PM  1000     35234    0.00    0.00    0.00    0.00    0.00     1  listener
12:10:31 PM  1000     35246    1.00    0.00    0.00    0.00    1.00     7  listener
12:10:31 PM  1000     35275    1.00    0.00    0.00    0.00    1.00    15  listener
12:10:31 PM  1000     35281    0.00    1.00    0.00    0.00    1.00    15  listener
12:10:31 PM  1000     35296    0.00    1.00    0.00    0.00    1.00    16  listener
12:10:31 PM  1000     35307    0.00    0.00    0.00    0.00    0.00     5  listener
12:10:31 PM  1000     35327    1.00    0.00    0.00    0.00    1.00     5  listener
12:10:31 PM  1000     35347    1.00    0.00    0.00    0.00    1.00    18  listener
12:10:31 PM  1000     35358    1.00    0.00    0.00    0.00    1.00     2  listener
12:10:31 PM  1000     35369    0.00    1.00    0.00    0.00    1.00     3  listener
12:10:31 PM  1000     35389    1.00    1.00    0.00    0.00    2.00    16  listener
12:10:31 PM  1000     35409    0.00    0.00    0.00    0.00    0.00    16  listener
12:10:31 PM  1000     35428    1.00    1.00    0.00    0.00    2.00    19  listener
12:10:31 PM  1000     35432    0.00    1.00    0.00    0.00    1.00    18  listener
12:10:31 PM  1000     35434    1.00    0.00    0.00    0.00    1.00    16  listener
12:10:31 PM  1000     35445    0.00    1.00    0.00    0.00    1.00     8  listener
12:10:31 PM  1000     35467    1.00    0.00    0.00    0.00    1.00     0  listener
12:10:31 PM  1000     35487    1.00    1.00    0.00    0.00    2.00    13  listener
12:10:31 PM  1000     35524    0.00    0.00    0.00    0.00    0.00    16  listener
12:10:31 PM  1000     35544    0.00    0.00    0.00    0.00    0.00    11  listener
12:10:31 PM  1000     35546    0.00    1.00    0.00    0.00    1.00    14  listener
12:10:31 PM  1000     35558    0.00    1.00    0.00    0.00    1.00    12  listener
12:10:31 PM  1000     35578    1.00    0.00    0.00    0.00    1.00    11  listener
12:10:31 PM  1000     35598    1.00    0.00    0.00    0.00    1.00     4  listener
12:10:31 PM  1000     35629    1.00    1.00    0.00    0.00    2.00    17  listener
12:10:31 PM  1000     35641    0.00    0.00    0.00    0.00    0.00    16  listener
12:10:31 PM  1000     35651    0.00    1.00    0.00    0.00    1.00     4  listener
12:10:31 PM  1000     35673    1.00    1.00    0.00    0.00    2.00     0  listener
12:10:31 PM  1000     35701    1.00    1.00    0.00    0.00    2.00    11  listener
12:10:31 PM  1000     35703    0.00    1.00    0.00    0.00    1.00     1  listener
12:10:31 PM  1000     35723    1.00    0.00    0.00    1.00    1.00    18  listener
12:10:31 PM  1000     35734    1.00    0.00    0.00    0.00    1.00     7  listener
12:10:31 PM  1000     35745    1.00    0.00    0.00    0.00    1.00     2  listener
12:10:31 PM  1000     35764    1.00    0.00    0.00    0.00    1.00     8  listener
12:10:31 PM  1000     35777    1.00    1.00    0.00    0.00    2.00     1  listener
12:10:31 PM  1000     35787    1.00    0.00    0.00    0.00    1.00     2  listener
12:10:31 PM  1000     35825    0.00    1.00    0.00    0.00    1.00     7  listener
12:10:31 PM  1000     35827    0.00    1.00    0.00    0.00    1.00    11  listener
12:10:31 PM  1000     35829    0.00    1.00    0.00    0.00    1.00     4  listener
12:10:31 PM  1000     35858    1.00    0.00    0.00    0.00    1.00     9  listener
12:10:31 PM  1000     35905    1.00    0.00    0.00    0.00    1.00    18  listener
12:10:31 PM  1000     35916    1.00    0.00    0.00    0.00    1.00     5  listener
12:10:31 PM  1000     35918    0.00    0.00    0.00    0.00    0.00    12  listener
12:10:31 PM  1000     35956    1.00    1.00    0.00    0.00    2.00    19  listener
12:10:31 PM  1000     36003    0.00    1.00    0.00    0.00    1.00    17  listener

12:10:31 PM   UID       PID    %usr %system  %guest   %wait    %CPU   CPU  Command
12:10:32 PM  1000     33667    0.00    1.00    0.00    0.00    1.00     0  listener
12:10:32 PM  1000     33669    1.00    0.00    0.00    0.00    1.00     3  listener
12:10:32 PM  1000     33671    0.00    1.00    0.00    0.00    1.00    10  listener
12:10:32 PM  1000     33673    1.00    1.00    0.00    0.00    2.00    18  listener
12:10:32 PM  1000     33675    1.00    0.00    0.00    0.00    1.00     1  listener
12:10:32 PM  1000     33677    0.00    2.00    0.00    0.00    2.00    16  listener
12:10:32 PM  1000     33679    2.00    0.00    0.00    0.00    2.00    19  listener
12:10:32 PM  1000     33681    1.00    0.00    0.00    0.00    1.00    18  listener
12:10:32 PM  1000     33683    0.00    1.00    0.00    0.00    1.00    12  listener
12:10:32 PM  1000     33685    1.00    1.00    0.00    0.00    2.00     9  listener
12:10:32 PM  1000     33687    0.00    1.00    0.00    0.00    1.00    18  listener
12:10:32 PM  1000     33689    0.00    1.00    0.00    0.00    1.00     3  listener
12:10:32 PM  1000     33692    1.00    0.00    0.00    0.00    1.00     9  listener
12:10:32 PM  1000     33702    0.00    2.00    0.00    0.00    2.00    10  listener
12:10:32 PM  1000     33704    1.00    1.00    0.00    0.00    2.00    19  listener
12:10:32 PM  1000     33706    0.00    1.00    0.00    0.00    1.00    10  listener
12:10:32 PM  1000     33711    0.00    1.00    0.00    0.00    1.00     1  listener
12:10:32 PM  1000     33797    1.00    1.00    0.00    0.00    2.00     7  listener
12:10:32 PM  1000     33882    1.00    0.00    0.00    0.00    1.00    12  listener
12:10:32 PM  1000     33885    1.00    1.00    0.00    0.00    2.00     5  listener
12:10:32 PM  1000     33903    1.00    0.00    0.00    0.00    1.00     4  listener
12:10:32 PM  1000     33970    1.00    0.00    0.00    0.00    1.00     5  listener
12:10:32 PM  1000     33972    1.00    0.00    0.00    0.00    1.00     9  listener
12:10:32 PM  1000     33974    1.00    0.00    0.00    0.00    1.00     0  listener
12:10:32 PM  1000     34012    1.00    1.00    0.00    0.00    2.00     4  listener
12:10:32 PM  1000     34041    1.00    1.00    0.00    0.00    2.00    12  listener
12:10:32 PM  1000     34070    0.00    1.00    0.00    0.00    1.00    13  listener
12:10:32 PM  1000     34081    0.00    1.00    0.00    0.00    1.00    13  listener
12:10:32 PM  1000     34092    0.00    1.00    0.00    0.00    1.00     2  listener
12:10:32 PM  1000     34094    0.00    2.00    0.00    0.00    2.00    17  listener
12:10:32 PM  1000     34096    1.00    1.00    0.00    0.00    2.00     8  listener
12:10:32 PM  1000     34098    1.00    1.00    0.00    0.00    2.00     5  listener
12:10:32 PM  1000     34100    0.00    2.00    0.00    0.00    2.00    12  listener
12:10:32 PM  1000     34129    1.00    0.00    0.00    0.00    1.00     3  listener
12:10:32 PM  1000     34184    0.00    1.00    0.00    0.00    1.00     3  listener
12:10:32 PM  1000     34241    1.00    1.00    0.00    0.00    2.00     1  listener
12:10:32 PM  1000     34261    1.00    0.00    0.00    0.00    1.00    19  listener
12:10:32 PM  1000     34281    1.00    1.00    0.00    0.00    2.00    16  listener
12:10:32 PM  1000     34318    0.00    0.00    0.00    0.00    0.00    14  listener
12:10:32 PM  1000     34348    1.00    1.00    0.00    0.00    2.00     9  listener
12:10:32 PM  1000     34377    0.00    1.00    0.00    0.00    1.00    13  listener
12:10:32 PM  1000     34389    1.00    0.00    0.00    0.00    1.00     2  listener
12:10:32 PM  1000     34402    1.00    1.00    0.00    0.00    2.00     9  listener
12:10:32 PM  1000     34440    0.00    0.00    0.00    0.00    0.00     1  listener
12:10:32 PM  1000     34469    1.00    1.00    0.00    0.00    2.00    12  listener
12:10:32 PM  1000     34480    0.00    0.00    0.00    0.00    0.00     3  listener
12:10:32 PM  1000     34491    1.00    1.00    0.00    0.00    2.00    11  listener
12:10:32 PM  1000     34504    0.00    1.00    0.00    0.00    1.00    16  listener
12:10:32 PM  1000     34541    0.00    1.00    0.00    0.00    1.00    15  listener
12:10:32 PM  1000     34588    1.00    0.00    0.00    0.00    1.00     4  listener
12:10:32 PM  1000     34590    0.00    0.00    0.00    0.00    0.00    11  listener
12:10:32 PM  1000     34603    1.00    1.00    0.00    0.00    2.00     0  listener
12:10:32 PM  1000     34623    1.00    0.00    0.00    0.00    1.00    19  listener
12:10:32 PM  1000     34642    0.00    1.00    0.00    0.00    1.00    14  listener
12:10:32 PM  1000     34645    1.00    0.00    0.00    0.00    1.00     3  listener
12:10:32 PM  1000     34684    0.00    1.00    0.00    0.00    1.00    15  listener
12:10:32 PM  1000     34712    0.00    1.00    0.00    0.00    1.00    13  listener
12:10:32 PM  1000     34721    1.00    0.00    0.00    0.00    1.00    13  listener
12:10:32 PM  1000     34784    0.00    1.00    0.00    0.00    1.00     9  listener
12:10:32 PM  1000     34790    1.00    0.00    0.00    0.00    1.00    17  listener
12:10:32 PM  1000     34800    1.00    0.00    0.00    0.00    1.00    10  listener
12:10:32 PM  1000     34803    1.00    0.00    0.00    0.00    1.00     7  listener
12:10:32 PM  1000     34805    1.00    1.00    0.00    0.00    2.00     3  listener
12:10:32 PM  1000     34816    1.00    1.00    0.00    0.00    2.00     9  listener
12:10:32 PM  1000     34855    0.00    1.00    0.00    0.00    1.00    15  listener
12:10:32 PM  1000     34874    1.00    0.00    0.00    0.00    1.00    19  listener
12:10:32 PM  1000     34876    0.00    0.00    0.00    0.00    0.00     7  listener
12:10:32 PM  1000     34932    1.00    0.00    0.00    0.00    1.00    11  listener
12:10:32 PM  1000     34934    0.00    1.00    0.00    0.00    1.00    11  listener
12:10:32 PM  1000     34936    0.00    2.00    0.00    0.00    2.00     2  listener
12:10:32 PM  1000     34939    0.00    1.00    0.00    0.00    1.00    10  listener
12:10:32 PM  1000     34962    1.00    1.00    0.00    0.00    2.00     6  listener
12:10:32 PM  1000     34965    0.00    1.00    0.00    0.00    1.00     7  listener
12:10:32 PM  1000     35034    0.00    1.00    0.00    0.00    1.00     7  listener
12:10:32 PM  1000     35036    0.00    1.00    0.00    0.00    1.00     5  listener
12:10:32 PM  1000     35047    0.00    1.00    0.00    0.00    1.00     6  listener
12:10:32 PM  1000     35068    0.00    1.00    0.00    0.00    1.00    12  listener
12:10:32 PM  1000     35114    0.00    1.00    0.00    0.00    1.00    15  listener
12:10:32 PM  1000     35117    1.00    1.00    0.00    0.00    2.00    14  listener
12:10:32 PM  1000     35128    1.00    0.00    0.00    0.00    1.00     7  listener
12:10:32 PM  1000     35164    0.00    1.00    0.00    0.00    1.00     4  listener
12:10:32 PM  1000     35230    1.00    1.00    0.00    0.00    2.00    12  listener
12:10:32 PM  1000     35232    1.00    1.00    0.00    0.00    2.00    10  listener
12:10:32 PM  1000     35234    1.00    0.00    0.00    0.00    1.00     2  listener
12:10:32 PM  1000     35246    0.00    1.00    0.00    0.00    1.00     0  listener
12:10:32 PM  1000     35275    1.00    0.00    0.00    0.00    1.00    15  listener
12:10:32 PM  1000     35281    1.00    1.00    0.00    0.00    2.00    10  listener
12:10:32 PM  1000     35296    1.00    1.00    0.00    0.00    2.00     1  listener
12:10:32 PM  1000     35307    1.00    1.00    0.00    0.00    2.00     9  listener
12:10:32 PM  1000     35327    0.00    1.00    0.00    0.00    1.00     6  listener
12:10:32 PM  1000     35347    1.00    1.00    0.00    0.00    2.00     6  listener
12:10:32 PM  1000     35358    0.00    1.00    0.00    0.00    1.00    18  listener
12:10:32 PM  1000     35369    1.00    1.00    0.00    0.00    2.00     6  listener
12:10:32 PM  1000     35389    1.00    0.00    0.00    0.00    1.00     4  listener
12:10:32 PM  1000     35409    1.00    1.00    0.00    0.00    2.00    13  listener
12:10:32 PM  1000     35428    0.00    1.00    0.00    0.00    1.00     3  listener
12:10:32 PM  1000     35432    0.00    1.00    0.00    0.00    1.00     2  listener
12:10:32 PM  1000     35434    0.00    1.00    0.00    0.00    1.00     5  listener
12:10:32 PM  1000     35445    0.00    2.00    0.00    0.00    2.00     8  listener
12:10:32 PM  1000     35467    0.00    1.00    0.00    0.00    1.00    18  listener
12:10:32 PM  1000     35487    0.00    0.00    0.00    0.00    0.00     2  listener
12:10:32 PM  1000     35524    1.00    1.00    0.00    0.00    2.00     3  listener
12:10:32 PM  1000     35544    1.00    1.00    0.00    0.00    2.00    15  listener
12:10:32 PM  1000     35546    0.00    1.00    0.00    0.00    1.00     6  listener
12:10:32 PM  1000     35558    0.00    1.00    0.00    0.00    1.00    15  listener
12:10:32 PM  1000     35578    0.00    1.00    0.00    0.00    1.00     9  listener
12:10:32 PM  1000     35598    2.00    0.00    0.00    0.00    2.00     6  listener
12:10:32 PM  1000     35629    0.00    0.00    0.00    0.00    0.00     1  listener
12:10:32 PM  1000     35641    1.00    1.00    0.00    0.00    2.00    14  listener
12:10:32 PM  1000     35651    0.00    2.00    0.00    0.00    2.00     2  listener
12:10:32 PM  1000     35673    0.00    1.00    0.00    0.00    1.00    14  listener
12:10:32 PM  1000     35701    1.00    1.00    0.00    0.00    2.00     8  listener
12:10:32 PM  1000     35703    0.00    1.00    0.00    0.00    1.00    12  listener
12:10:32 PM  1000     35723    1.00    0.00    0.00    0.00    1.00    12  listener
12:10:32 PM  1000     35734    1.00    1.00    0.00    0.00    2.00    13  listener
12:10:32 PM  1000     35745    0.00    2.00    0.00    0.00    2.00     8  listener
12:10:32 PM  1000     35764    0.00    1.00    0.00    0.00    1.00    12  listener
12:10:32 PM  1000     35777    0.00    1.00    0.00    0.00    1.00     7  listener
12:10:32 PM  1000     35787    1.00    1.00    0.00    0.00    2.00    17  listener
12:10:32 PM  1000     35825    1.00    0.00    0.00    0.00    1.00     9  listener
12:10:32 PM  1000     35827    0.00    1.00    0.00    0.00    1.00     0  listener
12:10:32 PM  1000     35829    0.00    0.00    0.00    0.00    0.00    15  listener
12:10:32 PM  1000     35858    1.00    0.00    0.00    0.00    1.00    10  listener
12:10:32 PM  1000     35905    1.00    1.00    0.00    0.00    2.00     8  listener
12:10:32 PM  1000     35916    0.00    1.00    0.00    0.00    1.00    19  listener
12:10:32 PM  1000     35918    0.00    2.00    0.00    0.00    2.00    14  listener
12:10:32 PM  1000     35956    1.00    0.00    0.00    0.00    1.00     5  listener
12:10:32 PM  1000     36003    1.00    0.00    0.00    0.00    1.00    15  listener

12:10:32 PM   UID       PID    %usr %system  %guest   %wait    %CPU   CPU  Command
12:10:33 PM  1000     33667    0.00    1.00    0.00    0.00    1.00     0  listener
12:10:33 PM  1000     33669    1.00    0.00    0.00    0.00    1.00     8  listener
12:10:33 PM  1000     33671    0.00    1.00    0.00    0.00    1.00    11  listener
12:10:33 PM  1000     33673    0.00    0.00    0.00    0.00    0.00    15  listener
12:10:33 PM  1000     33675    0.00    1.00    0.00    0.00    1.00     7  listener
12:10:33 PM  1000     33677    0.00    1.00    0.00    0.00    1.00     1  listener
12:10:33 PM  1000     33679    0.00    1.00    0.00    0.00    1.00     8  listener
12:10:33 PM  1000     33681    1.00    1.00    0.00    0.00    2.00     5  listener
12:10:33 PM  1000     33683    0.00    1.00    0.00    0.00    1.00     3  listener
12:10:33 PM  1000     33685    1.00    0.00    0.00    0.00    1.00     9  listener
12:10:33 PM  1000     33687    1.00    0.00    0.00    0.00    1.00     8  listener
12:10:33 PM  1000     33689    1.00    0.00    0.00    0.00    1.00     3  listener
12:10:33 PM  1000     33692    0.00    1.00    0.00    0.00    1.00     1  listener
12:10:33 PM  1000     33702    0.00    1.00    0.00    0.00    1.00    15  listener
12:10:33 PM  1000     33704    0.00    1.00    0.00    0.00    1.00    12  listener
12:10:33 PM  1000     33706    1.00    0.00    0.00    0.00    1.00     1  listener
12:10:33 PM  1000     33711    0.00    1.00    0.00    0.00    1.00     7  listener
12:10:33 PM  1000     33797    0.00    0.00    0.00    0.00    0.00     7  listener
12:10:33 PM  1000     33882    1.00    0.00    0.00    0.00    1.00    20  listener
12:10:33 PM  1000     33885    0.00    0.00    0.00    0.00    0.00     7  listener
12:10:33 PM  1000     33903    0.00    1.00    0.00    0.00    1.00     8  listener
12:10:33 PM  1000     33970    0.00    1.00    0.00    0.00    1.00    13  listener
12:10:33 PM  1000     33972    1.00    0.00    0.00    0.00    1.00    13  listener
12:10:33 PM  1000     33974    0.00    1.00    0.00    0.00    1.00     1  listener
12:10:33 PM  1000     34012    0.00    0.00    0.00    0.00    0.00     3  listener
12:10:33 PM  1000     34041    0.00    0.00    0.00    0.00    0.00     1  listener
12:10:33 PM  1000     34070    0.00    1.00    0.00    0.00    1.00     9  listener
12:10:33 PM  1000     34081    1.00    1.00    0.00    0.00    2.00     3  listener
12:10:33 PM  1000     34092    1.00    0.00    0.00    0.00    1.00     3  listener
12:10:33 PM  1000     34094    0.00    1.00    0.00    1.00    1.00     6  listener
12:10:33 PM  1000     34096    0.00    0.00    0.00    0.00    0.00    19  listener
12:10:33 PM  1000     34098    1.00    0.00    0.00    0.00    1.00    10  listener
12:10:33 PM  1000     34100    0.00    1.00    0.00    0.00    1.00     6  listener
12:10:33 PM  1000     34129    0.00    0.00    0.00    0.00    0.00    13  listener
12:10:33 PM  1000     34184    0.00    0.00    0.00    0.00    0.00     3  listener
12:10:33 PM  1000     34241    1.00    0.00    0.00    0.00    1.00     7  listener
12:10:33 PM  1000     34261    0.00    1.00    0.00    0.00    1.00     7  listener
12:10:33 PM  1000     34281    0.00    0.00    0.00    0.00    0.00     5  listener
12:10:33 PM  1000     34318    1.00    1.00    0.00    0.00    2.00    19  listener
12:10:33 PM  1000     34348    1.00    0.00    0.00    0.00    1.00    15  listener
12:10:33 PM  1000     34377    0.00    1.00    0.00    0.00    1.00    10  listener
12:10:33 PM  1000     34389    0.00    0.00    0.00    0.00    0.00     8  listener
12:10:33 PM  1000     34402    0.00    0.00    0.00    0.00    0.00     5  listener
12:10:33 PM  1000     34440    1.00    1.00    0.00    0.00    2.00     0  listener
12:10:33 PM  1000     34469    0.00    0.00    0.00    0.00    0.00     0  listener
12:10:33 PM  1000     34480    1.00    1.00    0.00    0.00    2.00    17  listener
12:10:33 PM  1000     34491    0.00    0.00    0.00    0.00    0.00    11  listener
12:10:33 PM  1000     34504    1.00    0.00    0.00    0.00    1.00    15  listener
12:10:33 PM  1000     34541    0.00    1.00    0.00    0.00    1.00    14  listener
12:10:33 PM  1000     34588    0.00    0.00    0.00    0.00    0.00     6  listener
12:10:33 PM  1000     34590    0.00    1.00    0.00    0.00    1.00     1  listener
12:10:33 PM  1000     34603    0.00    0.00    0.00    0.00    0.00     6  listener
12:10:33 PM  1000     34623    1.00    0.00    0.00    0.00    1.00     6  listener
12:10:33 PM  1000     34642    1.00    0.00    0.00    0.00    1.00    16  listener
12:10:33 PM  1000     34645    1.00    1.00    0.00    0.00    2.00    19  listener
12:10:33 PM  1000     34684    1.00    0.00    0.00    0.00    1.00     3  listener
12:10:33 PM  1000     34712    0.00    1.00    0.00    0.00    1.00     9  listener
12:10:33 PM  1000     34721    1.00    0.00    0.00    0.00    1.00     6  listener
12:10:33 PM  1000     34784    1.00    0.00    0.00    0.00    1.00     2  listener
12:10:33 PM  1000     34790    1.00    1.00    0.00    0.00    2.00     0  listener
12:10:33 PM  1000     34800    0.00    1.00    0.00    0.00    1.00    17  listener
12:10:33 PM  1000     34803    0.00    1.00    0.00    0.00    1.00     6  listener
12:10:33 PM  1000     34805    0.00    0.00    0.00    0.00    0.00    10  listener
12:10:33 PM  1000     34816    0.00    1.00    0.00    0.00    1.00     6  listener
12:10:33 PM  1000     34855    0.00    1.00    0.00    0.00    1.00     1  listener
12:10:33 PM  1000     34874    0.00    0.00    0.00    0.00    0.00    12  listener
12:10:33 PM  1000     34876    0.00    1.00    0.00    0.00    1.00    13  listener
12:10:33 PM  1000     34932    0.00    1.00    0.00    0.00    1.00    11  listener
12:10:33 PM  1000     34934    1.00    0.00    0.00    0.00    1.00    15  listener
12:10:33 PM  1000     34936    0.00    1.00    0.00    0.00    1.00     1  listener
12:10:33 PM  1000     34939    1.00    1.00    0.00    0.00    2.00     7  listener
12:10:33 PM  1000     34962    0.00    1.00    0.00    0.00    1.00    13  listener
12:10:33 PM  1000     34965    0.00    1.00    0.00    0.00    1.00    15  listener
12:10:33 PM  1000     35034    1.00    0.00    0.00    0.00    1.00     1  listener
12:10:33 PM  1000     35036    0.00    1.00    0.00    0.00    1.00    18  listener
12:10:33 PM  1000     35047    1.00    0.00    0.00    0.00    1.00     8  listener
12:10:33 PM  1000     35068    1.00    0.00    0.00    0.00    1.00    11  listener
12:10:33 PM  1000     35114    1.00    1.00    0.00    0.00    2.00    16  listener
12:10:33 PM  1000     35117    0.00    0.00    0.00    0.00    0.00    18  listener
12:10:33 PM  1000     35128    1.00    1.00    0.00    0.00    2.00     5  listener
12:10:33 PM  1000     35164    0.00    1.00    0.00    0.00    1.00    11  listener
12:10:33 PM  1000     35230    0.00    0.00    0.00    0.00    0.00    18  listener
12:10:33 PM  1000     35232    1.00    0.00    0.00    0.00    1.00    15  listener
12:10:33 PM  1000     35234    1.00    1.00    0.00    0.00    2.00     3  listener
12:10:33 PM  1000     35246    0.00    1.00    0.00    0.00    1.00     9  listener
12:10:33 PM  1000     35275    1.00    1.00    0.00    0.00    2.00    13  listener
12:10:33 PM  1000     35281    1.00    0.00    0.00    0.00    1.00    12  listener
12:10:33 PM  1000     35296    0.00    1.00    0.00    0.00    1.00    14  listener
12:10:33 PM  1000     35307    0.00    1.00    0.00    0.00    1.00     4  listener
12:10:33 PM  1000     35327    0.00    0.00    0.00    0.00    0.00     1  listener
12:10:33 PM  1000     35347    0.00    0.00    0.00    0.00    0.00     6  listener
12:10:33 PM  1000     35358    1.00    0.00    0.00    0.00    1.00    14  listener
12:10:33 PM  1000     35369    0.00    0.00    0.00    0.00    0.00    15  listener
12:10:33 PM  1000     35389    1.00    0.00    0.00    0.00    1.00    12  listener
12:10:33 PM  1000     35409    0.00    1.00    0.00    0.00    1.00     6  listener
12:10:33 PM  1000     35428    0.00    0.00    0.00    0.00    0.00     5  listener
12:10:33 PM  1000     35432    0.00    1.00    0.00    0.00    1.00    15  listener
12:10:33 PM  1000     35434    1.00    0.00    0.00    0.00    1.00     2  listener
12:10:33 PM  1000     35445    0.00    1.00    0.00    0.00    1.00     3  listener
12:10:33 PM  1000     35467    1.00    0.00    0.00    0.00    1.00    14  listener
12:10:33 PM  1000     35487    1.00    1.00    0.00    0.00    2.00     5  listener
12:10:33 PM  1000     35524    0.00    1.00    0.00    0.00    1.00     2  listener
12:10:33 PM  1000     35544    0.00    0.00    0.00    0.00    0.00    10  listener
12:10:33 PM  1000     35546    1.00    1.00    0.00    0.00    2.00    18  listener
12:10:33 PM  1000     35558    0.00    1.00    0.00    0.00    1.00     1  listener
12:10:33 PM  1000     35578    1.00    0.00    0.00    0.00    1.00    12  listener
12:10:33 PM  1000     35598    1.00    0.00    0.00    0.00    1.00    15  listener
12:10:33 PM  1000     35629    1.00    0.00    0.00    0.00    1.00     8  listener
12:10:33 PM  1000     35641    0.00    0.00    0.00    0.00    0.00    10  listener
12:10:33 PM  1000     35651    0.00    1.00    0.00    0.00    1.00     0  listener
12:10:33 PM  1000     35673    1.00    0.00    0.00    0.00    1.00    19  listener
12:10:33 PM  1000     35701    0.00    0.00    0.00    0.00    0.00    16  listener
12:10:33 PM  1000     35703    0.00    1.00    0.00    0.00    1.00    12  listener
12:10:33 PM  1000     35723    0.00    1.00    0.00    0.00    1.00    13  listener
12:10:33 PM  1000     35734    0.00    0.00    0.00    0.00    0.00     8  listener
12:10:33 PM  1000     35745    0.00    0.00    0.00    0.00    0.00     9  listener
12:10:33 PM  1000     35764    1.00    1.00    0.00    0.00    2.00    10  listener
12:10:33 PM  1000     35777    1.00    0.00    0.00    0.00    1.00    17  listener
12:10:33 PM  1000     35787    0.00    0.00    0.00    0.00    0.00     2  listener
12:10:33 PM  1000     35825    1.00    1.00    0.00    0.00    2.00     5  listener
12:10:33 PM  1000     35827    0.00    1.00    0.00    0.00    1.00     1  listener
12:10:33 PM  1000     35829    1.00    1.00    0.00    0.00    2.00    17  listener
12:10:33 PM  1000     35858    0.00    1.00    0.00    0.00    1.00     5  listener
12:10:33 PM  1000     35905    0.00    0.00    0.00    0.00    0.00    18  listener
12:10:33 PM  1000     35916    1.00    1.00    0.00    0.00    2.00     8  listener
12:10:33 PM  1000     35918    1.00    0.00    0.00    0.00    1.00    19  listener
12:10:33 PM  1000     35956    0.00    0.00    0.00    0.00    0.00     4  listener
12:10:33 PM  1000     36003    1.00    0.00    0.00    0.00    1.00     0  listener

12:10:33 PM   UID       PID    %usr %system  %guest   %wait    %CPU   CPU  Command
12:10:34 PM  1000     33667    0.00    1.00    0.00    0.00    1.00    15  listener
12:10:34 PM  1000     33669    0.00    1.00    0.00    0.00    1.00     1  listener
12:10:34 PM  1000     33671    0.00    1.00    0.00    0.00    1.00     1  listener
12:10:34 PM  1000     33673    1.00    1.00    0.00    0.00    2.00    17  listener
12:10:34 PM  1000     33675    1.00    1.00    0.00    0.00    2.00     0  listener
12:10:34 PM  1000     33677    0.00    2.00    0.00    0.00    2.00     3  listener
12:10:34 PM  1000     33679    0.00    1.00    0.00    0.00    1.00    12  listener
12:10:34 PM  1000     33681    0.00    1.00    0.00    0.00    1.00    18  listener
12:10:34 PM  1000     33683    0.00    2.00    0.00    0.00    2.00     8  listener
12:10:34 PM  1000     33685    1.00    1.00    0.00    0.00    2.00    17  listener
12:10:34 PM  1000     33687    1.00    0.00    0.00    0.00    1.00     1  listener
12:10:34 PM  1000     33689    1.00    1.00    0.00    0.00    2.00     0  listener
12:10:34 PM  1000     33692    1.00    0.00    0.00    0.00    1.00    18  listener
12:10:34 PM  1000     33702    0.00    2.00    0.00    0.00    2.00     5  listener
12:10:34 PM  1000     33704    0.00    1.00    0.00    0.00    1.00     3  listener
12:10:34 PM  1000     33706    1.00    0.00    0.00    0.00    1.00    14  listener
12:10:34 PM  1000     33711    0.00    1.00    0.00    0.00    1.00     5  listener
12:10:34 PM  1000     33797    1.00    1.00    0.00    0.00    2.00     5  listener
12:10:34 PM  1000     33882    1.00    1.00    0.00    0.00    2.00    17  listener
12:10:34 PM  1000     33885    1.00    2.00    0.00    0.00    3.00     2  listener
12:10:34 PM  1000     33903    1.00    0.00    0.00    0.00    1.00     6  listener
12:10:34 PM  1000     33970    1.00    1.00    0.00    0.00    2.00     4  listener
12:10:34 PM  1000     33972    0.00    1.00    0.00    0.00    1.00    13  listener
12:10:34 PM  1000     33974    1.00    1.00    0.00    0.00    2.00     2  listener
12:10:34 PM  1000     34012    1.00    1.00    0.00    0.00    2.00    15  listener
12:10:34 PM  1000     34041    2.00    0.00    0.00    0.00    2.00    10  listener
12:10:34 PM  1000     34070    0.00    1.00    0.00    0.00    1.00     2  listener
12:10:34 PM  1000     34081    0.00    1.00    0.00    0.00    1.00     6  listener
12:10:34 PM  1000     34092    0.00    1.00    0.00    0.00    1.00     2  listener
12:10:34 PM  1000     34094    1.00    1.00    0.00    0.00    2.00     4  listener
12:10:34 PM  1000     34096    1.00    1.00    0.00    0.00    2.00    12  listener
12:10:34 PM  1000     34098    0.00    1.00    0.00    0.00    1.00     8  listener
12:10:34 PM  1000     34100    0.00    1.00    0.00    0.00    1.00     8  listener
12:10:34 PM  1000     34129    1.00    1.00    0.00    0.00    2.00    12  listener
12:10:34 PM  1000     34184    1.00    1.00    0.00    0.00    2.00    17  listener
12:10:34 PM  1000     34241    1.00    0.00    0.00    0.00    1.00    12  listener
12:10:34 PM  1000     34261    1.00    1.00    0.00    0.00    2.00     1  listener
12:10:34 PM  1000     34281    2.00    1.00    0.00    0.00    3.00    19  listener
12:10:34 PM  1000     34318    1.00    0.00    0.00    0.00    1.00     9  listener
12:10:34 PM  1000     34348    0.00    1.00    0.00    0.00    1.00    10  listener
12:10:34 PM  1000     34377    0.00    1.00    0.00    0.00    1.00    14  listener
12:10:34 PM  1000     34389    1.00    1.00    0.00    0.00    2.00    12  listener
12:10:34 PM  1000     34402    2.00    0.00    0.00    0.00    2.00    10  listener
12:10:34 PM  1000     34440    1.00    1.00    0.00    0.00    2.00     0  listener
12:10:34 PM  1000     34469    1.00    1.00    0.00    0.00    2.00    12  listener
12:10:34 PM  1000     34480    1.00    1.00    0.00    0.00    2.00     7  listener
12:10:34 PM  1000     34491    1.00    1.00    0.00    0.00    2.00     6  listener
12:10:34 PM  1000     34504    1.00    0.00    0.00    0.00    1.00     6  listener
12:10:34 PM  1000     34541    0.00    2.00    0.00    1.00    2.00     7  listener
12:10:34 PM  1000     34588    1.00    1.00    0.00    0.00    2.00     1  listener
12:10:34 PM  1000     34590    0.00    2.00    0.00    0.00    2.00     2  listener
12:10:34 PM  1000     34603    1.00    0.00    0.00    0.00    1.00    19  listener
12:10:34 PM  1000     34623    1.00    1.00    0.00    0.00    2.00    10  listener
12:10:34 PM  1000     34642    0.00    1.00    0.00    0.00    1.00    10  listener
12:10:34 PM  1000     34645    0.00    0.00    0.00    1.00    0.00     3  listener
12:10:34 PM  1000     34684    1.00    0.00    0.00    0.00    1.00     8  listener
12:10:34 PM  1000     34712    0.00    1.00    0.00    0.00    1.00     4  listener
12:10:34 PM  1000     34721    0.00    2.00    0.00    0.00    2.00    18  listener
12:10:34 PM  1000     34784    0.00    2.00    0.00    0.00    2.00    13  listener
12:10:34 PM  1000     34790    0.00    1.00    0.00    0.00    1.00    11  listener
12:10:34 PM  1000     34800    1.00    0.00    0.00    0.00    1.00    11  listener
12:10:34 PM  1000     34803    1.00    1.00    0.00    0.00    2.00    13  listener
12:10:34 PM  1000     34805    1.00    0.00    0.00    0.00    1.00     5  listener
12:10:34 PM  1000     34816    1.00    0.00    0.00    0.00    1.00    19  listener
12:10:34 PM  1000     34855    0.00    2.00    0.00    0.00    2.00     5  listener
12:10:34 PM  1000     34874    1.00    1.00    0.00    0.00    2.00    15  listener
12:10:34 PM  1000     34876    1.00    1.00    0.00    0.00    2.00    15  listener
12:10:34 PM  1000     34932    1.00    0.00    0.00    1.00    1.00    13  listener
12:10:34 PM  1000     34934    1.00    0.00    0.00    0.00    1.00     5  listener
12:10:34 PM  1000     34936    0.00    2.00    0.00    0.00    2.00    16  listener
12:10:34 PM  1000     34939    0.00    0.00    0.00    0.00    0.00     3  listener
12:10:34 PM  1000     34962    1.00    0.00    0.00    0.00    1.00    11  listener
12:10:34 PM  1000     34965    0.00    2.00    0.00    0.00    2.00     5  listener
12:10:34 PM  1000     35034    1.00    1.00    0.00    1.00    2.00     5  listener
12:10:34 PM  1000     35036    1.00    1.00    0.00    0.00    2.00     0  listener
12:10:34 PM  1000     35047    1.00    0.00    0.00    0.00    1.00     9  listener
12:10:34 PM  1000     35068    0.00    1.00    0.00    0.00    1.00    11  listener
12:10:34 PM  1000     35114    1.00    0.00    0.00    0.00    1.00    19  listener
12:10:34 PM  1000     35117    1.00    2.00    0.00    0.00    3.00     6  listener
12:10:34 PM  1000     35128    1.00    0.00    0.00    0.00    1.00     7  listener
12:10:34 PM  1000     35164    0.00    2.00    0.00    0.00    2.00    13  listener
12:10:34 PM  1000     35230    1.00    1.00    0.00    0.00    2.00    12  listener
12:10:34 PM  1000     35232    0.00    1.00    0.00    0.00    1.00     1  listener
12:10:34 PM  1000     35234    1.00    0.00    0.00    0.00    1.00     8  listener
12:10:34 PM  1000     35246    1.00    0.00    0.00    0.00    1.00     3  listener
12:10:34 PM  1000     35275    1.00    0.00    0.00    0.00    1.00    11  listener
12:10:34 PM  1000     35281    0.00    1.00    0.00    0.00    1.00     5  listener
12:10:34 PM  1000     35296    1.00    0.00    0.00    0.00    1.00    12  listener
12:10:34 PM  1000     35307    1.00    0.00    0.00    0.00    1.00    17  listener
12:10:34 PM  1000     35327    1.00    1.00    0.00    0.00    2.00    12  listener
12:10:34 PM  1000     35347    1.00    1.00    0.00    0.00    2.00     0  listener
12:10:34 PM  1000     35358    1.00    1.00    0.00    0.00    2.00    11  listener
12:10:34 PM  1000     35369    1.00    0.00    0.00    0.00    1.00     5  listener
12:10:34 PM  1000     35389    1.00    1.00    0.00    0.00    2.00     4  listener
12:10:34 PM  1000     35409    0.00    1.00    0.00    0.00    1.00     8  listener
12:10:34 PM  1000     35428    1.00    0.00    0.00    0.00    1.00    19  listener
12:10:34 PM  1000     35432    0.00    2.00    0.00    0.00    2.00     7  listener
12:10:34 PM  1000     35434    1.00    1.00    0.00    0.00    2.00    12  listener
12:10:34 PM  1000     35445    0.00    1.00    0.00    0.00    1.00    10  listener
12:10:34 PM  1000     35467    0.00    1.00    0.00    0.00    1.00     5  listener
12:10:34 PM  1000     35487    1.00    0.00    0.00    0.00    1.00    18  listener
12:10:34 PM  1000     35524    1.00    1.00    0.00    0.00    2.00     6  listener
12:10:34 PM  1000     35544    2.00    0.00    0.00    0.00    2.00    11  listener
12:10:34 PM  1000     35546    0.00    1.00    0.00    0.00    1.00     7  listener
12:10:34 PM  1000     35558    0.00    2.00    0.00    0.00    2.00    14  listener
12:10:34 PM  1000     35578    1.00    1.00    0.00    0.00    2.00    15  listener
12:10:34 PM  1000     35598    1.00    0.00    0.00    0.00    1.00    13  listener
12:10:34 PM  1000     35629    1.00    1.00    0.00    0.00    2.00    18  listener
12:10:34 PM  1000     35641    2.00    1.00    0.00    0.00    3.00     1  listener
12:10:34 PM  1000     35651    0.00    1.00    0.00    1.00    1.00    18  listener
12:10:34 PM  1000     35673    1.00    0.00    0.00    0.00    1.00     4  listener
12:10:34 PM  1000     35701    1.00    1.00    0.00    0.00    2.00    14  listener
12:10:34 PM  1000     35703    0.00    2.00    0.00    0.00    2.00    13  listener
12:10:34 PM  1000     35723    1.00    0.00    0.00    0.00    1.00    13  listener
12:10:34 PM  1000     35734    1.00    0.00    0.00    0.00    1.00     4  listener
12:10:34 PM  1000     35745    2.00    0.00    0.00    0.00    2.00    13  listener
12:10:34 PM  1000     35764    1.00    0.00    0.00    0.00    1.00     7  listener
12:10:34 PM  1000     35777    0.00    1.00    0.00    0.00    1.00    13  listener
12:10:34 PM  1000     35787    1.00    1.00    0.00    0.00    2.00    17  listener
12:10:34 PM  1000     35825    1.00    0.00    0.00    0.00    1.00     1  listener
12:10:34 PM  1000     35827    0.00    1.00    0.00    0.00    1.00     3  listener
12:10:34 PM  1000     35829    1.00    0.00    0.00    0.00    1.00    16  listener
12:10:34 PM  1000     35858    0.00    2.00    0.00    0.00    2.00    11  listener
12:10:34 PM  1000     35905    2.00    0.00    0.00    0.00    2.00    16  listener
12:10:34 PM  1000     35916    1.00    0.00    0.00    0.00    1.00     6  listener
12:10:34 PM  1000     35918    0.00    2.00    0.00    0.00    2.00     7  listener
12:10:34 PM  1000     35956    1.00    1.00    0.00    0.00    2.00    19  listener
12:10:34 PM  1000     36003    1.00    1.00    0.00    0.00    2.00     1  listener

12:10:34 PM   UID       PID    %usr %system  %guest   %wait    %CPU   CPU  Command
12:10:35 PM  1000     33667    0.00    2.00    0.00    0.00    2.00    16  listener
12:10:35 PM  1000     33669    1.00    1.00    0.00    0.00    2.00     3  listener
12:10:35 PM  1000     33671    0.00    1.00    0.00    0.00    1.00    14  listener
12:10:35 PM  1000     33673    1.00    0.00    0.00    0.00    1.00     7  listener
12:10:35 PM  1000     33675    1.00    0.00    0.00    0.00    1.00     6  listener
12:10:35 PM  1000     33677    1.00    0.00    0.00    0.00    1.00    16  listener
12:10:35 PM  1000     33679    1.00    0.00    0.00    0.00    1.00    10  listener
12:10:35 PM  1000     33681    1.00    0.00    0.00    0.00    1.00     3  listener
12:10:35 PM  1000     33683    0.00    1.00    0.00    0.00    1.00     1  listener
12:10:35 PM  1000     33685    0.00    0.00    0.00    0.00    0.00     4  listener
12:10:35 PM  1000     33687    0.00    1.00    0.00    0.00    1.00    14  listener
12:10:35 PM  1000     33689    1.00    0.00    0.00    0.00    1.00    13  listener
12:10:35 PM  1000     33692    1.00    1.00    0.00    0.00    2.00    19  listener
12:10:35 PM  1000     33702    0.00    1.00    0.00    0.00    1.00     0  listener
12:10:35 PM  1000     33704    1.00    1.00    0.00    0.00    2.00    10  listener
12:10:35 PM  1000     33706    0.00    1.00    0.00    0.00    1.00    10  listener
12:10:35 PM  1000     33711    0.00    2.00    0.00    0.00    2.00    10  listener
12:10:35 PM  1000     33797    1.00    0.00    0.00    0.00    1.00     2  listener
12:10:35 PM  1000     33882    0.00    1.00    0.00    0.00    1.00    17  listener
12:10:35 PM  1000     33885    1.00    0.00    0.00    0.00    1.00    14  listener
12:10:35 PM  1000     33903    1.00    1.00    0.00    0.00    2.00     6  listener
12:10:35 PM  1000     33970    1.00    1.00    0.00    0.00    2.00    14  listener
12:10:35 PM  1000     33972    1.00    1.00    0.00    0.00    2.00     3  listener
12:10:35 PM  1000     33974    1.00    0.00    0.00    1.00    1.00    11  listener
12:10:35 PM  1000     34012    1.00    1.00    0.00    0.00    2.00     3  listener
12:10:35 PM  1000     34041    0.00    1.00    0.00    0.00    1.00     6  listener
12:10:35 PM  1000     34070    0.00    2.00    0.00    0.00    2.00     0  listener
12:10:35 PM  1000     34081    1.00    1.00    0.00    0.00    2.00    17  listener
12:10:35 PM  1000     34092    1.00    1.00    0.00    0.00    2.00     6  listener
12:10:35 PM  1000     34094    0.00    0.00    0.00    0.00    0.00    16  listener
12:10:35 PM  1000     34096    0.00    1.00    0.00    0.00    1.00    19  listener
12:10:35 PM  1000     34098    1.00    1.00    0.00    0.00    2.00    10  listener
12:10:35 PM  1000     34100    0.00    2.00    0.00    0.00    2.00     1  listener
12:10:35 PM  1000     34129    0.00    2.00    0.00    0.00    2.00     4  listener
12:10:35 PM  1000     34184    0.00    2.00    0.00    0.00    2.00     2  listener
12:10:35 PM  1000     34241    0.00    1.00    0.00    1.00    1.00    12  listener
12:10:35 PM  1000     34261    1.00    0.00    0.00    0.00    1.00     3  listener
12:10:35 PM  1000     34281    0.00    0.00    0.00    0.00    0.00     5  listener
12:10:35 PM  1000     34318    1.00    1.00    0.00    0.00    2.00    17  listener
12:10:35 PM  1000     34348    1.00    1.00    0.00    0.00    2.00    15  listener
12:10:35 PM  1000     34377    0.00    2.00    0.00    0.00    2.00    12  listener
12:10:35 PM  1000     34389    1.00    0.00    0.00    0.00    1.00     0  listener
12:10:35 PM  1000     34402    1.00    0.00    0.00    0.00    1.00    10  listener
12:10:35 PM  1000     34440    0.00    1.00    0.00    0.00    1.00    18  listener
12:10:35 PM  1000     34469    1.00    1.00    0.00    0.00    2.00    13  listener
12:10:35 PM  1000     34480    1.00    1.00    0.00    0.00    2.00     2  listener
12:10:35 PM  1000     34491    0.00    1.00    0.00    0.00    1.00     6  listener
12:10:35 PM  1000     34504    1.00    1.00    0.00    0.00    2.00     3  listener
12:10:35 PM  1000     34541    0.00    0.00    0.00    0.00    0.00    10  listener
12:10:35 PM  1000     34588    0.00    1.00    0.00    0.00    1.00    17  listener
12:10:35 PM  1000     34590    1.00    1.00    0.00    0.00    2.00     5  listener
12:10:35 PM  1000     34603    1.00    1.00    0.00    0.00    2.00     5  listener
12:10:35 PM  1000     34623    0.00    1.00    0.00    0.00    1.00    17  listener
12:10:35 PM  1000     34642    1.00    1.00    0.00    0.00    2.00    17  listener
12:10:35 PM  1000     34645    1.00    1.00    0.00    0.00    2.00    12  listener
12:10:35 PM  1000     34684    2.00    0.00    0.00    0.00    2.00    10  listener
12:10:35 PM  1000     34712    0.00    2.00    0.00    0.00    2.00    19  listener
12:10:35 PM  1000     34721    1.00    0.00    0.00    0.00    1.00    15  listener
12:10:35 PM  1000     34784    0.00    1.00    0.00    0.00    1.00    14  listener
12:10:35 PM  1000     34790    1.00    0.00    0.00    0.00    1.00     7  listener
12:10:35 PM  1000     34800    2.00    0.00    0.00    0.00    2.00    10  listener
12:10:35 PM  1000     34803    1.00    0.00    0.00    0.00    1.00     0  listener
12:10:35 PM  1000     34805    1.00    1.00    0.00    0.00    2.00    19  listener
12:10:35 PM  1000     34816    1.00    1.00    0.00    0.00    2.00     6  listener
12:10:35 PM  1000     34855    0.00    1.00    0.00    0.00    1.00     5  listener
12:10:35 PM  1000     34874    1.00    1.00    0.00    0.00    2.00    12  listener
12:10:35 PM  1000     34876    0.00    1.00    0.00    0.00    1.00    13  listener
12:10:35 PM  1000     34932    1.00    1.00    0.00    0.00    2.00    10  listener
12:10:35 PM  1000     34934    1.00    1.00    0.00    0.00    2.00    13  listener
12:10:35 PM  1000     34936    0.00    1.00    0.00    0.00    1.00     3  listener
12:10:35 PM  1000     34939    2.00    0.00    0.00    0.00    2.00    17  listener
12:10:35 PM  1000     34962    0.00    2.00    0.00    0.00    2.00     7  listener
12:10:35 PM  1000     34965    0.00    1.00    0.00    0.00    1.00    11  listener
12:10:35 PM  1000     35034    1.00    0.00    0.00    0.00    1.00     5  listener
12:10:35 PM  1000     35036    0.00    2.00    0.00    0.00    2.00    19  listener
12:10:35 PM  1000     35047    1.00    1.00    0.00    0.00    2.00     3  listener
12:10:35 PM  1000     35068    1.00    1.00    0.00    0.00    2.00    13  listener
12:10:35 PM  1000     35114    1.00    1.00    0.00    0.00    2.00    14  listener
12:10:35 PM  1000     35117    0.00    0.00    0.00    0.00    0.00     6  listener
12:10:35 PM  1000     35128    0.00    0.00    0.00    0.00    0.00     6  listener
12:10:35 PM  1000     35164    0.00    1.00    0.00    0.00    1.00     8  listener
12:10:35 PM  1000     35230    1.00    0.00    0.00    0.00    1.00    16  listener
12:10:35 PM  1000     35232    1.00    0.00    0.00    0.00    1.00    14  listener
12:10:35 PM  1000     35234    1.00    1.00    0.00    0.00    2.00    16  listener
12:10:35 PM  1000     35246    0.00    1.00    0.00    0.00    1.00     9  listener
12:10:35 PM  1000     35275    1.00    1.00    0.00    0.00    2.00    17  listener
12:10:35 PM  1000     35281    1.00    1.00    0.00    0.00    2.00    18  listener
12:10:35 PM  1000     35296    1.00    1.00    0.00    0.00    2.00     0  listener
12:10:35 PM  1000     35307    1.00    1.00    0.00    0.00    2.00     5  listener
12:10:35 PM  1000     35327    1.00    1.00    0.00    0.00    2.00    16  listener
12:10:35 PM  1000     35347    0.00    1.00    0.00    0.00    1.00    17  listener
12:10:35 PM  1000     35358    0.00    1.00    0.00    0.00    1.00     5  listener
12:10:35 PM  1000     35369    1.00    1.00    0.00    0.00    2.00    13  listener
12:10:35 PM  1000     35389    1.00    1.00    0.00    0.00    2.00     7  listener
12:10:35 PM  1000     35409    1.00    1.00    0.00    0.00    2.00    14  listener
12:10:35 PM  1000     35428    1.00    1.00    0.00    0.00    2.00     8  listener
12:10:35 PM  1000     35432    0.00    1.00    0.00    0.00    1.00    13  listener
12:10:35 PM  1000     35434    1.00    0.00    0.00    0.00    1.00    18  listener
12:10:35 PM  1000     35445    0.00    2.00    0.00    0.00    2.00     3  listener
12:10:35 PM  1000     35467    1.00    1.00    0.00    0.00    2.00     8  listener
12:10:35 PM  1000     35487    1.00    1.00    0.00    0.00    2.00    15  listener
12:10:35 PM  1000     35524    1.00    1.00    0.00    0.00    2.00    12  listener
12:10:35 PM  1000     35544    1.00    1.00    0.00    0.00    2.00    19  listener
12:10:35 PM  1000     35546    1.00    0.00    0.00    0.00    1.00     1  listener
12:10:35 PM  1000     35558    0.00    1.00    0.00    0.00    1.00    15  listener
12:10:35 PM  1000     35578    1.00    0.00    0.00    0.00    1.00    10  listener
12:10:35 PM  1000     35598    1.00    1.00    0.00    0.00    2.00     3  listener
12:10:35 PM  1000     35629    1.00    0.00    0.00    0.00    1.00     1  listener
12:10:35 PM  1000     35641    1.00    0.00    0.00    0.00    1.00    10  listener
12:10:35 PM  1000     35651    1.00    0.00    0.00    0.00    1.00    10  listener
12:10:35 PM  1000     35673    1.00    2.00    0.00    0.00    3.00    16  listener
12:10:35 PM  1000     35701    1.00    1.00    0.00    0.00    2.00     9  listener
12:10:35 PM  1000     35703    0.00    1.00    0.00    0.00    1.00    13  listener
12:10:35 PM  1000     35723    0.00    1.00    0.00    0.00    1.00    10  listener
12:10:35 PM  1000     35734    2.00    0.00    0.00    0.00    2.00    14  listener
12:10:35 PM  1000     35745    1.00    1.00    0.00    0.00    2.00    15  listener
12:10:35 PM  1000     35764    0.00    1.00    0.00    0.00    1.00     0  listener
12:10:35 PM  1000     35777    1.00    1.00    0.00    0.00    2.00    13  listener
12:10:35 PM  1000     35787    1.00    0.00    0.00    0.00    1.00    16  listener
12:10:35 PM  1000     35825    1.00    0.00    0.00    0.00    1.00     0  listener
12:10:35 PM  1000     35827    0.00    2.00    0.00    0.00    2.00    13  listener
12:10:35 PM  1000     35829    1.00    1.00    0.00    0.00    2.00    17  listener
12:10:35 PM  1000     35858    0.00    1.00    0.00    0.00    1.00     2  listener
12:10:35 PM  1000     35905    1.00    0.00    0.00    0.00    1.00     6  listener
12:10:35 PM  1000     35916    0.00    1.00    0.00    0.00    1.00    14  listener
12:10:35 PM  1000     35918    1.00    1.00    0.00    0.00    2.00    12  listener
12:10:35 PM  1000     35956    1.00    0.00    0.00    0.00    1.00    13  listener
12:10:35 PM  1000     36003    1.00    1.00    0.00    0.00    2.00    19  listener

12:10:35 PM   UID       PID    %usr %system  %guest   %wait    %CPU   CPU  Command
12:10:36 PM  1000     33667    0.00    1.00    0.00    0.00    1.00    12  listener
12:10:36 PM  1000     33669    1.00    1.00    0.00    0.00    2.00    14  listener
12:10:36 PM  1000     33671    1.00    2.00    0.00    0.00    3.00    14  listener
12:10:36 PM  1000     33673    1.00    1.00    0.00    0.00    2.00     2  listener
12:10:36 PM  1000     33675    1.00    0.00    0.00    0.00    1.00    18  listener
12:10:36 PM  1000     33677    1.00    1.00    0.00    0.00    2.00     1  listener
12:10:36 PM  1000     33679    1.00    1.00    0.00    0.00    2.00     5  listener
12:10:36 PM  1000     33681    1.00    1.00    0.00    0.00    2.00    10  listener
12:10:36 PM  1000     33683    0.00    2.00    0.00    0.00    2.00     0  listener
12:10:36 PM  1000     33685    1.00    1.00    0.00    0.00    2.00    17  listener
12:10:36 PM  1000     33687    2.00    0.00    0.00    0.00    2.00    13  listener
12:10:36 PM  1000     33689    1.00    1.00    0.00    0.00    2.00    14  listener
12:10:36 PM  1000     33692    1.00    0.00    0.00    0.00    1.00     1  listener
12:10:36 PM  1000     33702    2.00    0.00    0.00    0.00    2.00    16  listener
12:10:36 PM  1000     33704    0.00    0.00    0.00    0.00    0.00     1  listener
12:10:36 PM  1000     33706    1.00    1.00    0.00    0.00    2.00    10  listener
12:10:36 PM  1000     33711    1.00    0.00    0.00    0.00    1.00    13  listener
12:10:36 PM  1000     33797    0.00    1.00    0.00    0.00    1.00    16  listener
12:10:36 PM  1000     33882    2.00    0.00    0.00    0.00    2.00     3  listener
12:10:36 PM  1000     33885    0.00    1.00    0.00    0.00    1.00    15  listener
12:10:36 PM  1000     33903    0.00    1.00    0.00    0.00    1.00     8  listener
12:10:36 PM  1000     33970    1.00    0.00    0.00    0.00    1.00    12  listener
12:10:36 PM  1000     33972    1.00    0.00    0.00    0.00    1.00    19  listener
12:10:36 PM  1000     33974    1.00    1.00    0.00    0.00    2.00     5  listener
12:10:36 PM  1000     34012    0.00    0.00    0.00    0.00    0.00    13  listener
12:10:36 PM  1000     34041    1.00    1.00    0.00    0.00    2.00    18  listener
12:10:36 PM  1000     34070    0.00    1.00    0.00    0.00    1.00     2  listener
12:10:36 PM  1000     34081    1.00    0.00    0.00    0.00    1.00     0  listener
12:10:36 PM  1000     34092    0.00    1.00    0.00    0.00    1.00    16  listener
12:10:36 PM  1000     34094    1.00    1.00    0.00    0.00    2.00    11  listener
12:10:36 PM  1000     34096    1.00    1.00    0.00    0.00    2.00    12  listener
12:10:36 PM  1000     34098    0.00    1.00    0.00    0.00    1.00    17  listener
12:10:36 PM  1000     34100    0.00    1.00    0.00    0.00    1.00    16  listener
12:10:36 PM  1000     34129    1.00    0.00    0.00    0.00    1.00    13  listener
12:10:36 PM  1000     34184    1.00    0.00    0.00    0.00    1.00    15  listener
12:10:36 PM  1000     34241    1.00    1.00    0.00    0.00    2.00    13  listener
12:10:36 PM  1000     34261    1.00    0.00    0.00    0.00    1.00    13  listener
12:10:36 PM  1000     34281    1.00    1.00    0.00    0.00    2.00     8  listener
12:10:36 PM  1000     34318    0.00    1.00    0.00    0.00    1.00    10  listener
12:10:36 PM  1000     34348    1.00    0.00    0.00    0.00    1.00    14  listener
12:10:36 PM  1000     34377    1.00    0.00    0.00    0.00    1.00    13  listener
12:10:36 PM  1000     34389    1.00    1.00    0.00    0.00    2.00     6  listener
12:10:36 PM  1000     34402    1.00    0.00    0.00    0.00    1.00    19  listener
12:10:36 PM  1000     34440    1.00    0.00    0.00    0.00    1.00     4  listener
12:10:36 PM  1000     34469    1.00    0.00    0.00    0.00    1.00    19  listener
12:10:36 PM  1000     34480    0.00    1.00    0.00    0.00    1.00     4  listener
12:10:36 PM  1000     34491    1.00    1.00    0.00    0.00    2.00     2  listener
12:10:36 PM  1000     34504    0.00    1.00    0.00    0.00    1.00     4  listener
12:10:36 PM  1000     34541    1.00    1.00    0.00    0.00    2.00    12  listener
12:10:36 PM  1000     34588    1.00    1.00    0.00    0.00    2.00    17  listener
12:10:36 PM  1000     34590    1.00    0.00    0.00    0.00    1.00     2  listener
12:10:36 PM  1000     34603    1.00    1.00    0.00    0.00    2.00     2  listener
12:10:36 PM  1000     34623    1.00    0.00    0.00    0.00    1.00    16  listener
12:10:36 PM  1000     34642    1.00    1.00    0.00    0.00    2.00    17  listener
12:10:36 PM  1000     34645    1.00    0.00    0.00    0.00    1.00     6  listener
12:10:36 PM  1000     34684    1.00    1.00    0.00    0.00    2.00    11  listener
12:10:36 PM  1000     34712    0.00    1.00    0.00    0.00    1.00    16  listener
12:10:36 PM  1000     34721    0.00    1.00    0.00    0.00    1.00    13  listener
12:10:36 PM  1000     34784    1.00    1.00    0.00    0.00    2.00     3  listener
12:10:36 PM  1000     34790    1.00    1.00    0.00    0.00    2.00    10  listener
12:10:36 PM  1000     34800    1.00    1.00    0.00    0.00    2.00     7  listener
12:10:36 PM  1000     34803    1.00    1.00    0.00    0.00    2.00    18  listener
12:10:36 PM  1000     34805    1.00    1.00    0.00    0.00    2.00    10  listener
12:10:36 PM  1000     34816    1.00    1.00    0.00    0.00    2.00     7  listener
12:10:36 PM  1000     34855    0.00    2.00    0.00    0.00    2.00     9  listener
12:10:36 PM  1000     34874    0.00    1.00    0.00    0.00    1.00    11  listener
12:10:36 PM  1000     34876    1.00    1.00    0.00    0.00    2.00     9  listener
12:10:36 PM  1000     34932    1.00    1.00    0.00    0.00    2.00     2  listener
12:10:36 PM  1000     34934    0.00    1.00    0.00    0.00    1.00    13  listener
12:10:36 PM  1000     34936    1.00    1.00    0.00    0.00    2.00    15  listener
12:10:36 PM  1000     34939    1.00    0.00    0.00    0.00    1.00    13  listener
12:10:36 PM  1000     34962    1.00    0.00    0.00    0.00    1.00    10  listener
12:10:36 PM  1000     34965    0.00    2.00    0.00    0.00    2.00    12  listener
12:10:36 PM  1000     35034    0.00    1.00    0.00    0.00    1.00    16  listener
12:10:36 PM  1000     35036    0.00    1.00    0.00    0.00    1.00    14  listener
12:10:36 PM  1000     35047    1.00    0.00    0.00    0.00    1.00     9  listener
12:10:36 PM  1000     35068    1.00    0.00    0.00    0.00    1.00     1  listener
12:10:36 PM  1000     35114    0.00    1.00    0.00    0.00    1.00     6  listener
12:10:36 PM  1000     35117    1.00    1.00    0.00    0.00    2.00     5  listener
12:10:36 PM  1000     35128    2.00    1.00    0.00    0.00    3.00     8  listener
12:10:36 PM  1000     35164    0.00    2.00    0.00    0.00    2.00     2  listener
12:10:36 PM  1000     35230    0.00    1.00    0.00    0.00    1.00    13  listener
12:10:36 PM  1000     35232    1.00    0.00    0.00    0.00    1.00    12  listener
12:10:36 PM  1000     35234    0.00    1.00    0.00    0.00    1.00    17  listener
12:10:36 PM  1000     35246    2.00    0.00    0.00    0.00    2.00    16  listener
12:10:36 PM  1000     35275    0.00    1.00    0.00    0.00    1.00    13  listener
12:10:36 PM  1000     35281    1.00    0.00    0.00    0.00    1.00    10  listener
12:10:36 PM  1000     35296    2.00    0.00    0.00    0.00    2.00     3  listener
12:10:36 PM  1000     35307    1.00    0.00    0.00    0.00    1.00     5  listener
12:10:36 PM  1000     35327    1.00    0.00    0.00    0.00    1.00    15  listener
12:10:36 PM  1000     35347    0.00    1.00    0.00    0.00    1.00    10  listener
12:10:36 PM  1000     35358    1.00    1.00    0.00    0.00    2.00     5  listener
12:10:36 PM  1000     35369    0.00    1.00    0.00    0.00    1.00    10  listener
12:10:36 PM  1000     35389    0.00    0.00    0.00    0.00    0.00     0  listener
12:10:36 PM  1000     35409    1.00    0.00    0.00    0.00    1.00     1  listener
12:10:36 PM  1000     35428    2.00    0.00    0.00    0.00    2.00     3  listener
12:10:36 PM  1000     35432    0.00    1.00    0.00    0.00    1.00     0  listener
12:10:36 PM  1000     35434    1.00    1.00    0.00    0.00    2.00     2  listener
12:10:36 PM  1000     35445    0.00    1.00    0.00    0.00    1.00    16  listener
12:10:36 PM  1000     35467    2.00    0.00    0.00    0.00    2.00     6  listener
12:10:36 PM  1000     35487    0.00    0.00    0.00    0.00    0.00     2  listener
12:10:36 PM  1000     35524    1.00    1.00    0.00    0.00    2.00    14  listener
12:10:36 PM  1000     35544    1.00    1.00    0.00    0.00    2.00     8  listener
12:10:36 PM  1000     35546    1.00    1.00    0.00    0.00    2.00     0  listener
12:10:36 PM  1000     35558    0.00    2.00    0.00    0.00    2.00     0  listener
12:10:36 PM  1000     35578    0.00    1.00    0.00    0.00    1.00     1  listener
12:10:36 PM  1000     35598    1.00    0.00    0.00    0.00    1.00     4  listener
12:10:36 PM  1000     35629    1.00    1.00    0.00    0.00    2.00    18  listener
12:10:36 PM  1000     35641    1.00    1.00    0.00    0.00    2.00    18  listener
12:10:36 PM  1000     35651    0.00    2.00    0.00    0.00    2.00    10  listener
12:10:36 PM  1000     35673    0.00    0.00    0.00    0.00    0.00     3  listener
12:10:36 PM  1000     35701    0.00    1.00    0.00    0.00    1.00     6  listener
12:10:36 PM  1000     35703    0.00    2.00    0.00    0.00    2.00    14  listener
12:10:36 PM  1000     35723    1.00    1.00    0.00    0.00    2.00    12  listener
12:10:36 PM  1000     35734    0.00    2.00    0.00    0.00    2.00    19  listener
12:10:36 PM  1000     35745    0.00    1.00    0.00    0.00    1.00    17  listener
12:10:36 PM  1000     35764    1.00    0.00    0.00    0.00    1.00    18  listener
12:10:36 PM  1000     35777    1.00    0.00    0.00    0.00    1.00     2  listener
12:10:36 PM  1000     35787    0.00    1.00    0.00    0.00    1.00     8  listener
12:10:36 PM  1000     35825    1.00    2.00    0.00    0.00    3.00     0  listener
12:10:36 PM  1000     35827    0.00    1.00    0.00    0.00    1.00    10  listener
12:10:36 PM  1000     35829    0.00    1.00    0.00    0.00    1.00    12  listener
12:10:36 PM  1000     35858    1.00    0.00    0.00    0.00    1.00    10  listener
12:10:36 PM  1000     35905    1.00    1.00    0.00    0.00    2.00     4  listener
12:10:36 PM  1000     35916    1.00    0.00    0.00    0.00    1.00     6  listener
12:10:36 PM  1000     35918    1.00    0.00    0.00    0.00    1.00    18  listener
12:10:36 PM  1000     35956    1.00    1.00    0.00    0.00    2.00    12  listener
12:10:36 PM  1000     36003    0.00    1.00    0.00    0.00    1.00     7  listener

12:10:36 PM   UID       PID    %usr %system  %guest   %wait    %CPU   CPU  Command
12:10:37 PM  1000     33667    0.00    1.00    0.00    0.00    1.00     2  listener
12:10:37 PM  1000     33669    0.00    0.00    0.00    0.00    0.00    12  listener
12:10:37 PM  1000     33671    0.00    0.00    0.00    0.00    0.00     2  listener
12:10:37 PM  1000     33673    0.00    1.00    0.00    0.00    1.00     9  listener
12:10:37 PM  1000     33675    0.00    1.00    0.00    0.00    1.00     9  listener
12:10:37 PM  1000     33677    0.00    1.00    0.00    0.00    1.00     1  listener
12:10:37 PM  1000     33679    1.00    0.00    0.00    0.00    1.00    18  listener
12:10:37 PM  1000     33681    1.00    0.00    0.00    0.00    1.00     0  listener
12:10:37 PM  1000     33683    0.00    1.00    0.00    0.00    1.00     7  listener
12:10:37 PM  1000     33685    0.00    0.00    0.00    0.00    0.00     9  listener
12:10:37 PM  1000     33687    0.00    1.00    0.00    0.00    1.00    18  listener
12:10:37 PM  1000     33689    0.00    0.00    0.00    0.00    0.00    12  listener
12:10:37 PM  1000     33692    0.00    1.00    0.00    0.00    1.00    10  listener
12:10:37 PM  1000     33702    0.00    1.00    0.00    0.00    1.00    15  listener
12:10:37 PM  1000     33704    1.00    1.00    0.00    0.00    2.00    17  listener
12:10:37 PM  1000     33706    1.00    0.00    0.00    0.00    1.00    11  listener
12:10:37 PM  1000     33711    0.00    1.00    0.00    0.00    1.00    13  listener
12:10:37 PM  1000     33797    1.00    1.00    0.00    0.00    2.00     6  listener
12:10:37 PM  1000     33882    1.00    1.00    0.00    0.00    2.00    13  listener
12:10:37 PM  1000     33885    1.00    1.00    0.00    0.00    2.00     0  listener
12:10:37 PM  1000     33903    1.00    0.00    0.00    0.00    1.00    17  listener
12:10:37 PM  1000     33970    0.00    1.00    0.00    0.00    1.00     0  listener
12:10:37 PM  1000     33972    1.00    0.00    0.00    0.00    1.00     3  listener
12:10:37 PM  1000     33974    1.00    1.00    0.00    0.00    2.00    16  listener
12:10:37 PM  1000     34012    1.00    1.00    0.00    0.00    2.00    11  listener
12:10:37 PM  1000     34041    1.00    0.00    0.00    0.00    1.00    15  listener
12:10:37 PM  1000     34070    0.00    1.00    0.00    0.00    1.00     3  listener
12:10:37 PM  1000     34081    0.00    1.00    0.00    0.00    1.00     6  listener
12:10:37 PM  1000     34092    1.00    0.00    0.00    0.00    1.00     6  listener
12:10:37 PM  1000     34094    1.00    1.00    0.00    0.00    2.00    13  listener
12:10:37 PM  1000     34096    1.00    0.00    0.00    0.00    1.00     8  listener
12:10:37 PM  1000     34098    1.00    1.00    0.00    0.00    2.00     7  listener
12:10:37 PM  1000     34100    0.00    1.00    0.00    0.00    1.00     6  listener
12:10:37 PM  1000     34129    1.00    1.00    0.00    0.00    2.00    14  listener
12:10:37 PM  1000     34184    0.00    1.00    0.00    0.00    1.00    16  listener
12:10:37 PM  1000     34241    1.00    1.00    0.00    0.00    2.00    14  listener
12:10:37 PM  1000     34261    1.00    1.00    0.00    0.00    2.00     9  listener
12:10:37 PM  1000     34281    0.00    1.00    0.00    0.00    1.00    10  listener
12:10:37 PM  1000     34318    1.00    0.00    0.00    0.00    1.00    12  listener
12:10:37 PM  1000     34348    0.00    1.00    0.00    0.00    1.00    12  listener
12:10:37 PM  1000     34377    1.00    0.00    0.00    0.00    1.00    12  listener
12:10:37 PM  1000     34389    1.00    0.00    0.00    0.00    1.00     8  listener
12:10:37 PM  1000     34402    0.00    1.00    0.00    0.00    1.00     7  listener
12:10:37 PM  1000     34440    1.00    1.00    0.00    0.00    2.00     6  listener
12:10:37 PM  1000     34469    1.00    1.00    0.00    0.00    2.00    15  listener
12:10:37 PM  1000     34480    1.00    0.00    0.00    0.00    1.00    19  listener
12:10:37 PM  1000     34491    1.00    0.00    0.00    0.00    1.00     4  listener
12:10:37 PM  1000     34504    1.00    1.00    0.00    0.00    2.00     4  listener
12:10:37 PM  1000     34541    1.00    1.00    0.00    0.00    2.00     8  listener
12:10:37 PM  1000     34588    1.00    0.00    0.00    0.00    1.00     3  listener
12:10:37 PM  1000     34590    0.00    1.00    0.00    0.00    1.00     1  listener
12:10:37 PM  1000     34603    0.00    0.00    0.00    0.00    0.00    18  listener
12:10:37 PM  1000     34623    1.00    1.00    0.00    0.00    2.00    16  listener
12:10:37 PM  1000     34642    1.00    0.00    0.00    0.00    1.00    15  listener
12:10:37 PM  1000     34645    1.00    1.00    0.00    0.00    2.00    10  listener
12:10:37 PM  1000     34684    1.00    0.00    0.00    0.00    1.00     2  listener
12:10:37 PM  1000     34712    0.00    1.00    0.00    0.00    1.00     5  listener
12:10:37 PM  1000     34721    1.00    0.00    0.00    0.00    1.00     3  listener
12:10:37 PM  1000     34784    1.00    0.00    0.00    0.00    1.00     5  listener
12:10:37 PM  1000     34790    1.00    0.00    0.00    0.00    1.00    10  listener
12:10:37 PM  1000     34800    0.00    0.00    0.00    0.00    0.00     5  listener
12:10:37 PM  1000     34803    1.00    0.00    0.00    0.00    1.00     3  listener
12:10:37 PM  1000     34805    0.00    0.00    0.00    0.00    0.00    19  listener
12:10:37 PM  1000     34816    0.00    0.00    0.00    0.00    0.00     8  listener
12:10:37 PM  1000     34855    0.00    1.00    0.00    0.00    1.00     4  listener
12:10:37 PM  1000     34874    1.00    0.00    0.00    0.00    1.00    17  listener
12:10:37 PM  1000     34876    1.00    0.00    0.00    0.00    1.00     7  listener
12:10:37 PM  1000     34932    0.00    1.00    0.00    0.00    1.00     5  listener
12:10:37 PM  1000     34934    1.00    0.00    0.00    0.00    1.00     0  listener
12:10:37 PM  1000     34936    1.00    1.00    0.00    0.00    2.00     2  listener
12:10:37 PM  1000     34939    0.00    1.00    0.00    0.00    1.00    13  listener
12:10:37 PM  1000     34962    1.00    1.00    0.00    0.00    2.00    12  listener
12:10:37 PM  1000     34965    0.00    1.00    0.00    0.00    1.00     1  listener
12:10:37 PM  1000     35034    1.00    1.00    0.00    0.00    2.00    10  listener
12:10:37 PM  1000     35036    1.00    0.00    0.00    0.00    1.00    13  listener
12:10:37 PM  1000     35047    1.00    0.00    0.00    0.00    1.00     4  listener
12:10:37 PM  1000     35068    0.00    1.00    0.00    0.00    1.00    10  listener
12:10:37 PM  1000     35114    1.00    1.00    0.00    0.00    2.00     6  listener
12:10:37 PM  1000     35117    1.00    0.00    0.00    0.00    1.00     8  listener
12:10:37 PM  1000     35128    0.00    0.00    0.00    0.00    0.00     5  listener
12:10:37 PM  1000     35164    0.00    1.00    0.00    0.00    1.00    10  listener
12:10:37 PM  1000     35230    1.00    0.00    0.00    0.00    1.00     1  listener
12:10:37 PM  1000     35232    1.00    1.00    0.00    0.00    2.00     9  listener
12:10:37 PM  1000     35234    1.00    0.00    0.00    0.00    1.00     5  listener
12:10:37 PM  1000     35246    0.00    1.00    0.00    0.00    1.00     6  listener
12:10:37 PM  1000     35275    1.00    1.00    0.00    0.00    2.00    15  listener
12:10:37 PM  1000     35281    1.00    1.00    0.00    0.00    2.00    14  listener
12:10:37 PM  1000     35296    0.00    0.00    0.00    0.00    0.00    10  listener
12:10:37 PM  1000     35307    1.00    0.00    0.00    0.00    1.00    17  listener
12:10:37 PM  1000     35327    0.00    1.00    0.00    0.00    1.00    11  listener
12:10:37 PM  1000     35347    0.00    1.00    0.00    0.00    1.00    18  listener
12:10:37 PM  1000     35358    1.00    0.00    0.00    0.00    1.00     7  listener
12:10:37 PM  1000     35369    1.00    1.00    0.00    0.00    2.00     1  listener
12:10:37 PM  1000     35389    1.00    1.00    0.00    0.00    2.00    13  listener
12:10:37 PM  1000     35409    1.00    0.00    0.00    0.00    1.00    13  listener
12:10:37 PM  1000     35428    0.00    1.00    0.00    0.00    1.00    10  listener
12:10:37 PM  1000     35432    0.00    1.00    0.00    0.00    1.00    10  listener
12:10:37 PM  1000     35434    1.00    0.00    0.00    0.00    1.00    13  listener
12:10:37 PM  1000     35445    0.00    1.00    0.00    0.00    1.00    12  listener
12:10:37 PM  1000     35467    0.00    1.00    0.00    0.00    1.00     0  listener
12:10:37 PM  1000     35487    1.00    1.00    0.00    0.00    2.00    13  listener
12:10:37 PM  1000     35524    0.00    0.00    0.00    0.00    0.00    14  listener
12:10:37 PM  1000     35544    0.00    0.00    0.00    0.00    0.00     3  listener
12:10:37 PM  1000     35546    0.00    1.00    0.00    0.00    1.00     4  listener
12:10:37 PM  1000     35558    0.00    1.00    0.00    0.00    1.00    12  listener
12:10:37 PM  1000     35578    1.00    0.00    0.00    0.00    1.00    16  listener
12:10:37 PM  1000     35598    0.00    1.00    0.00    0.00    1.00    16  listener
12:10:37 PM  1000     35629    1.00    1.00    0.00    0.00    2.00    15  listener
12:10:37 PM  1000     35641    0.00    0.00    0.00    0.00    0.00     8  listener
12:10:37 PM  1000     35651    1.00    1.00    0.00    0.00    2.00    17  listener
12:10:37 PM  1000     35673    1.00    1.00    0.00    0.00    2.00     2  listener
12:10:37 PM  1000     35701    1.00    0.00    0.00    0.00    1.00     5  listener
12:10:37 PM  1000     35703    0.00    1.00    0.00    0.00    1.00     5  listener
12:10:37 PM  1000     35723    0.00    1.00    0.00    0.00    1.00    17  listener
12:10:37 PM  1000     35734    0.00    1.00    0.00    0.00    1.00     1  listener
12:10:37 PM  1000     35745    1.00    0.00    0.00    0.00    1.00    10  listener
12:10:37 PM  1000     35764    1.00    1.00    0.00    0.00    2.00    19  listener
12:10:37 PM  1000     35777    1.00    1.00    0.00    0.00    2.00    13  listener
12:10:37 PM  1000     35787    1.00    1.00    0.00    0.00    2.00     7  listener
12:10:37 PM  1000     35825    0.00    0.00    0.00    0.00    0.00    18  listener
12:10:37 PM  1000     35827    1.00    0.00    0.00    0.00    1.00     8  listener
12:10:37 PM  1000     35829    1.00    0.00    0.00    0.00    1.00    12  listener
12:10:37 PM  1000     35858    1.00    1.00    0.00    0.00    2.00     0  listener
12:10:37 PM  1000     35905    0.00    0.00    0.00    0.00    0.00     8  listener
12:10:37 PM  1000     35916    1.00    1.00    0.00    0.00    2.00    15  listener
12:10:37 PM  1000     35918    1.00    1.00    0.00    0.00    2.00    15  listener
12:10:37 PM  1000     35956    1.00    0.00    0.00    0.00    1.00    17  listener
12:10:37 PM  1000     36003    1.00    0.00    0.00    0.00    1.00    19  listener

12:10:37 PM   UID       PID    %usr %system  %guest   %wait    %CPU   CPU  Command
12:10:38 PM  1000     33667    0.00    1.00    0.00    0.00    1.00     8  listener
12:10:38 PM  1000     33669    1.00    1.00    0.00    0.00    2.00     5  listener
12:10:38 PM  1000     33671    0.00    1.00    0.00    0.00    1.00     8  listener
12:10:38 PM  1000     33673    1.00    0.00    0.00    0.00    1.00     4  listener
12:10:38 PM  1000     33675    1.00    0.00    0.00    0.00    1.00     3  listener
12:10:38 PM  1000     33677    1.00    0.00    0.00    0.00    1.00    13  listener
12:10:38 PM  1000     33679    0.00    1.00    0.00    0.00    1.00     5  listener
12:10:38 PM  1000     33681    0.00    1.00    0.00    0.00    1.00    18  listener
12:10:38 PM  1000     33683    1.00    0.00    0.00    0.00    1.00     1  listener
12:10:38 PM  1000     33685    1.00    1.00    0.00    0.00    2.00    16  listener
12:10:38 PM  1000     33687    1.00    1.00    0.00    0.00    2.00     1  listener
12:10:38 PM  1000     33689    1.00    1.00    0.00    0.00    2.00     0  listener
12:10:38 PM  1000     33692    1.00    0.00    0.00    0.00    1.00    18  listener
12:10:38 PM  1000     33702    1.00    0.00    0.00    0.00    1.00     1  listener
12:10:38 PM  1000     33704    0.00    0.00    0.00    0.00    0.00     4  listener
12:10:38 PM  1000     33706    1.00    0.00    0.00    0.00    1.00    15  listener
12:10:38 PM  1000     33711    1.00    0.00    0.00    0.00    1.00    11  listener
12:10:38 PM  1000     33797    1.00    0.00    0.00    0.00    1.00     2  listener
12:10:38 PM  1000     33882    0.00    0.00    0.00    0.00    0.00    16  listener
12:10:38 PM  1000     33885    1.00    0.00    0.00    0.00    1.00     8  listener
12:10:38 PM  1000     33903    0.00    1.00    0.00    0.00    1.00    12  listener
12:10:38 PM  1000     33970    1.00    1.00    0.00    0.00    2.00    13  listener
12:10:38 PM  1000     33972    1.00    0.00    0.00    0.00    1.00     8  listener
12:10:38 PM  1000     33974    1.00    0.00    0.00    0.00    1.00     1  listener
12:10:38 PM  1000     34012    1.00    0.00    0.00    0.00    1.00     1  listener
12:10:38 PM  1000     34041    1.00    0.00    0.00    0.00    1.00    12  listener
12:10:38 PM  1000     34070    1.00    1.00    0.00    0.00    2.00    17  listener
12:10:38 PM  1000     34081    1.00    1.00    0.00    0.00    2.00    11  listener
12:10:38 PM  1000     34092    0.00    0.00    0.00    0.00    0.00    12  listener
12:10:38 PM  1000     34094    1.00    0.00    0.00    0.00    1.00     9  listener
12:10:38 PM  1000     34096    0.00    1.00    0.00    0.00    1.00    10  listener
12:10:38 PM  1000     34098    0.00    0.00    0.00    0.00    0.00    13  listener
12:10:38 PM  1000     34100    0.00    1.00    0.00    0.00    1.00     5  listener
12:10:38 PM  1000     34129    0.00    0.00    0.00    0.00    0.00     6  listener
12:10:38 PM  1000     34184    1.00    0.00    0.00    0.00    1.00    17  listener
12:10:38 PM  1000     34241    1.00    0.00    0.00    0.00    1.00    16  listener
12:10:38 PM  1000     34261    1.00    0.00    0.00    0.00    1.00     7  listener
12:10:38 PM  1000     34281    1.00    0.00    0.00    0.00    1.00     5  listener
12:10:38 PM  1000     34318    1.00    0.00    0.00    0.00    1.00     3  listener
12:10:38 PM  1000     34348    1.00    0.00    0.00    0.00    1.00    17  listener
12:10:38 PM  1000     34377    0.00    0.00    0.00    0.00    0.00     6  listener
12:10:38 PM  1000     34389    0.00    0.00    0.00    0.00    0.00    13  listener
12:10:38 PM  1000     34402    0.00    1.00    0.00    0.00    1.00     1  listener
12:10:38 PM  1000     34440    0.00    1.00    0.00    0.00    1.00     2  listener
12:10:38 PM  1000     34469    0.00    0.00    0.00    0.00    0.00    16  listener
12:10:38 PM  1000     34480    1.00    1.00    0.00    0.00    2.00    18  listener
12:10:38 PM  1000     34491    0.00    1.00    0.00    0.00    1.00     8  listener
12:10:38 PM  1000     34504    1.00    0.00    0.00    0.00    1.00     3  listener
12:10:38 PM  1000     34541    0.00    0.00    0.00    0.00    0.00    12  listener
12:10:38 PM  1000     34588    0.00    1.00    0.00    0.00    1.00     0  listener
12:10:38 PM  1000     34590    1.00    0.00    0.00    0.00    1.00     2  listener
12:10:38 PM  1000     34603    1.00    0.00    0.00    0.00    1.00    14  listener
12:10:38 PM  1000     34623    0.00    0.00    0.00    0.00    0.00     3  listener
12:10:38 PM  1000     34642    1.00    0.00    0.00    0.00    1.00    15  listener
12:10:38 PM  1000     34645    1.00    0.00    0.00    0.00    1.00     0  listener
12:10:38 PM  1000     34684    0.00    0.00    0.00    0.00    0.00    14  listener
12:10:38 PM  1000     34712    0.00    2.00    0.00    0.00    2.00    15  listener
12:10:38 PM  1000     34721    1.00    0.00    0.00    0.00    1.00    10  listener
12:10:38 PM  1000     34784    1.00    0.00    0.00    0.00    1.00     9  listener
12:10:38 PM  1000     34790    1.00    1.00    0.00    0.00    2.00     0  listener
12:10:38 PM  1000     34800    1.00    1.00    0.00    0.00    2.00     1  listener
12:10:38 PM  1000     34803    1.00    1.00    0.00    0.00    2.00    10  listener
12:10:38 PM  1000     34805    1.00    0.00    0.00    1.00    1.00     3  listener
12:10:38 PM  1000     34816    2.00    0.00    0.00    0.00    2.00     1  listener
12:10:38 PM  1000     34855    0.00    1.00    0.00    0.00    1.00     6  listener
12:10:38 PM  1000     34874    0.00    1.00    0.00    0.00    1.00    19  listener
12:10:38 PM  1000     34876    1.00    1.00    0.00    0.00    2.00     1  listener
12:10:38 PM  1000     34932    1.00    0.00    0.00    0.00    1.00     2  listener
12:10:38 PM  1000     34934    0.00    1.00    0.00    0.00    1.00     6  listener
12:10:38 PM  1000     34936    0.00    0.00    0.00    0.00    0.00    16  listener
12:10:38 PM  1000     34939    1.00    1.00    0.00    0.00    2.00     8  listener
12:10:38 PM  1000     34962    1.00    0.00    0.00    0.00    1.00    13  listener
12:10:38 PM  1000     34965    0.00    1.00    0.00    0.00    1.00     0  listener
12:10:38 PM  1000     35034    1.00    0.00    0.00    0.00    1.00     2  listener
12:10:38 PM  1000     35036    0.00    1.00    0.00    0.00    1.00    17  listener
12:10:38 PM  1000     35047    1.00    0.00    0.00    0.00    1.00    16  listener
12:10:38 PM  1000     35068    1.00    0.00    0.00    0.00    1.00     6  listener
12:10:38 PM  1000     35114    0.00    0.00    0.00    0.00    0.00    14  listener
12:10:38 PM  1000     35117    1.00    1.00    0.00    0.00    2.00    13  listener
12:10:38 PM  1000     35128    1.00    1.00    0.00    0.00    2.00    10  listener
12:10:38 PM  1000     35164    0.00    1.00    0.00    0.00    1.00     7  listener
12:10:38 PM  1000     35230    1.00    1.00    0.00    0.00    2.00     3  listener
12:10:38 PM  1000     35232    0.00    1.00    0.00    0.00    1.00    10  listener
12:10:38 PM  1000     35234    1.00    1.00    0.00    0.00    2.00    14  listener
12:10:38 PM  1000     35246    1.00    1.00    0.00    0.00    2.00    18  listener
12:10:38 PM  1000     35275    0.00    0.00    0.00    0.00    0.00     8  listener
12:10:38 PM  1000     35281    0.00    1.00    0.00    0.00    1.00    10  listener
12:10:38 PM  1000     35296    1.00    1.00    0.00    0.00    2.00     7  listener
12:10:38 PM  1000     35307    1.00    0.00    0.00    0.00    1.00    10  listener
12:10:38 PM  1000     35327    1.00    0.00    0.00    0.00    1.00    14  listener
12:10:38 PM  1000     35347    0.00    1.00    0.00    0.00    1.00     6  listener
12:10:38 PM  1000     35358    0.00    1.00    0.00    0.00    1.00    19  listener
12:10:38 PM  1000     35369    0.00    0.00    0.00    0.00    0.00    19  listener
12:10:38 PM  1000     35389    1.00    0.00    0.00    0.00    1.00     1  listener
12:10:38 PM  1000     35409    1.00    1.00    0.00    0.00    2.00     9  listener
12:10:38 PM  1000     35428    1.00    0.00    0.00    0.00    1.00    10  listener
12:10:38 PM  1000     35432    0.00    2.00    0.00    0.00    2.00     8  listener
12:10:38 PM  1000     35434    0.00    1.00    0.00    0.00    1.00    13  listener
12:10:38 PM  1000     35445    0.00    1.00    0.00    0.00    1.00    15  listener
12:10:38 PM  1000     35467    1.00    0.00    0.00    0.00    1.00    18  listener
12:10:38 PM  1000     35487    1.00    0.00    0.00    0.00    1.00     4  listener
12:10:38 PM  1000     35524    1.00    1.00    0.00    0.00    2.00     9  listener
12:10:38 PM  1000     35544    1.00    1.00    0.00    0.00    2.00     8  listener
12:10:38 PM  1000     35546    1.00    0.00    0.00    0.00    1.00     1  listener
12:10:38 PM  1000     35558    0.00    1.00    0.00    0.00    1.00     8  listener
12:10:38 PM  1000     35578    0.00    1.00    0.00    0.00    1.00     3  listener
12:10:38 PM  1000     35598    1.00    0.00    0.00    0.00    1.00    10  listener
12:10:38 PM  1000     35629    0.00    0.00    0.00    0.00    0.00    15  listener
12:10:38 PM  1000     35641    1.00    1.00    0.00    0.00    2.00    18  listener
12:10:38 PM  1000     35651    0.00    0.00    0.00    0.00    0.00     0  listener
12:10:38 PM  1000     35673    1.00    0.00    0.00    0.00    1.00     1  listener
12:10:38 PM  1000     35701    0.00    1.00    0.00    0.00    1.00    19  listener
12:10:38 PM  1000     35703    0.00    1.00    0.00    0.00    1.00    10  listener
12:10:38 PM  1000     35723    1.00    0.00    0.00    0.00    1.00     8  listener
12:10:38 PM  1000     35734    0.00    1.00    0.00    0.00    1.00     5  listener
12:10:38 PM  1000     35745    1.00    1.00    0.00    0.00    2.00     0  listener
12:10:38 PM  1000     35764    0.00    1.00    0.00    0.00    1.00    10  listener
12:10:38 PM  1000     35777    0.00    1.00    0.00    0.00    1.00     1  listener
12:10:38 PM  1000     35787    0.00    1.00    0.00    0.00    1.00     4  listener
12:10:38 PM  1000     35825    0.00    1.00    0.00    0.00    1.00    12  listener
12:10:38 PM  1000     35827    0.00    1.00    0.00    0.00    1.00    12  listener
12:10:38 PM  1000     35829    0.00    1.00    0.00    0.00    1.00     3  listener
12:10:38 PM  1000     35858    0.00    1.00    0.00    0.00    1.00     7  listener
12:10:38 PM  1000     35905    1.00    1.00    0.00    0.00    2.00     6  listener
12:10:38 PM  1000     35916    0.00    0.00    0.00    0.00    0.00     2  listener
12:10:38 PM  1000     35918    1.00    0.00    0.00    0.00    1.00    14  listener
12:10:38 PM  1000     35956    1.00    0.00    0.00    0.00    1.00    16  listener
12:10:38 PM  1000     36003    1.00    0.00    0.00    0.00    1.00     7  listener

12:10:38 PM   UID       PID    %usr %system  %guest   %wait    %CPU   CPU  Command
12:10:39 PM  1000     33667    0.00    1.00    0.00    0.00    1.00     2  listener
12:10:39 PM  1000     33669    1.00    0.00    0.00    0.00    1.00     3  listener
12:10:39 PM  1000     33671    1.00    1.00    0.00    0.00    2.00    14  listener
12:10:39 PM  1000     33673    0.00    1.00    0.00    0.00    1.00     4  listener
12:10:39 PM  1000     33675    1.00    1.00    0.00    0.00    2.00     9  listener
12:10:39 PM  1000     33677    0.00    1.00    0.00    0.00    1.00     7  listener
12:10:39 PM  1000     33679    1.00    0.00    0.00    0.00    1.00     1  listener
12:10:39 PM  1000     33681    1.00    0.00    0.00    0.00    1.00     9  listener
12:10:39 PM  1000     33683    0.00    1.00    0.00    0.00    1.00    16  listener
12:10:39 PM  1000     33685    1.00    0.00    0.00    0.00    1.00     4  listener
12:10:39 PM  1000     33687    0.00    0.00    0.00    0.00    0.00     3  listener
12:10:39 PM  1000     33689    1.00    0.00    0.00    0.00    1.00     8  listener
12:10:39 PM  1000     33692    1.00    1.00    0.00    0.00    2.00    14  listener
12:10:39 PM  1000     33702    1.00    1.00    0.00    0.00    2.00    10  listener
12:10:39 PM  1000     33704    1.00    1.00    0.00    0.00    2.00     3  listener
12:10:39 PM  1000     33706    0.00    1.00    0.00    0.00    1.00     7  listener
12:10:39 PM  1000     33711    1.00    1.00    0.00    0.00    2.00    18  listener
12:10:39 PM  1000     33797    0.00    1.00    0.00    0.00    1.00    18  listener
12:10:39 PM  1000     33882    1.00    0.00    0.00    0.00    1.00     6  listener
12:10:39 PM  1000     33885    1.00    0.00    0.00    0.00    1.00     6  listener
12:10:39 PM  1000     33903    1.00    0.00    0.00    0.00    1.00    15  listener
12:10:39 PM  1000     33970    0.00    0.00    0.00    0.00    0.00    10  listener
12:10:39 PM  1000     33972    0.00    1.00    0.00    0.00    1.00     5  listener
12:10:39 PM  1000     33974    1.00    0.00    0.00    0.00    1.00    12  listener
12:10:39 PM  1000     34012    0.00    1.00    0.00    0.00    1.00    15  listener
12:10:39 PM  1000     34041    1.00    0.00    0.00    0.00    1.00     2  listener
12:10:39 PM  1000     34070    1.00    0.00    0.00    0.00    1.00     2  listener
12:10:39 PM  1000     34081    1.00    0.00    0.00    0.00    1.00    17  listener
12:10:39 PM  1000     34092    1.00    1.00    0.00    0.00    2.00     6  listener
12:10:39 PM  1000     34094    0.00    1.00    0.00    0.00    1.00     1  listener
12:10:39 PM  1000     34096    1.00    0.00    0.00    0.00    1.00    16  listener
12:10:39 PM  1000     34098    1.00    1.00    0.00    0.00    2.00     1  listener
12:10:39 PM  1000     34100    0.00    1.00    0.00    0.00    1.00    14  listener
12:10:39 PM  1000     34129    1.00    0.00    0.00    0.00    1.00    11  listener
12:10:39 PM  1000     34184    1.00    0.00    0.00    0.00    1.00     2  listener
12:10:39 PM  1000     34241    1.00    0.00    0.00    0.00    1.00    15  listener
12:10:39 PM  1000     34261    0.00    0.00    0.00    0.00    0.00     9  listener
12:10:39 PM  1000     34281    1.00    1.00    0.00    0.00    2.00     5  listener
12:10:39 PM  1000     34318    0.00    1.00    0.00    0.00    1.00     8  listener
12:10:39 PM  1000     34348    0.00    1.00    0.00    0.00    1.00     6  listener
12:10:39 PM  1000     34377    1.00    1.00    0.00    0.00    2.00     8  listener
12:10:39 PM  1000     34389    1.00    0.00    0.00    0.00    1.00     8  listener
12:10:39 PM  1000     34402    0.00    1.00    0.00    0.00    1.00     4  listener
12:10:39 PM  1000     34440    1.00    0.00    0.00    0.00    1.00    14  listener
12:10:39 PM  1000     34469    1.00    0.00    0.00    0.00    1.00     4  listener
12:10:39 PM  1000     34480    0.00    1.00    0.00    0.00    1.00     7  listener
12:10:39 PM  1000     34491    1.00    0.00    0.00    0.00    1.00     7  listener
12:10:39 PM  1000     34504    0.00    0.00    0.00    0.00    0.00    15  listener
12:10:39 PM  1000     34541    1.00    1.00    0.00    0.00    2.00    17  listener
12:10:39 PM  1000     34588    1.00    0.00    0.00    0.00    1.00    18  listener
12:10:39 PM  1000     34590    1.00    1.00    0.00    0.00    2.00    19  listener
12:10:39 PM  1000     34603    1.00    1.00    0.00    0.00    2.00     9  listener
12:10:39 PM  1000     34623    1.00    0.00    0.00    0.00    1.00     4  listener
12:10:39 PM  1000     34642    0.00    1.00    0.00    0.00    1.00     3  listener
12:10:39 PM  1000     34645    0.00    1.00    0.00    0.00    1.00    18  listener
12:10:39 PM  1000     34684    1.00    0.00    0.00    0.00    1.00    18  listener
12:10:39 PM  1000     34712    0.00    1.00    0.00    0.00    1.00     5  listener
12:10:39 PM  1000     34721    0.00    1.00    0.00    0.00    1.00    18  listener
12:10:39 PM  1000     34784    0.00    0.00    0.00    0.00    0.00     4  listener
12:10:39 PM  1000     34790    0.00    0.00    0.00    0.00    0.00    10  listener
12:10:39 PM  1000     34800    0.00    0.00    0.00    0.00    0.00     0  listener
12:10:39 PM  1000     34803    0.00    1.00    0.00    0.00    1.00    10  listener
12:10:39 PM  1000     34805    1.00    1.00    0.00    0.00    2.00     2  listener
12:10:39 PM  1000     34816    0.00    1.00    0.00    0.00    1.00    17  listener
12:10:39 PM  1000     34855    0.00    1.00    0.00    0.00    1.00    12  listener
12:10:39 PM  1000     34874    0.00    1.00    0.00    0.00    1.00     1  listener
12:10:39 PM  1000     34876    0.00    0.00    0.00    0.00    0.00    15  listener
12:10:39 PM  1000     34932    1.00    1.00    0.00    0.00    2.00    14  listener
12:10:39 PM  1000     34934    1.00    0.00    0.00    0.00    1.00     1  listener
12:10:39 PM  1000     34936    0.00    1.00    0.00    0.00    1.00    17  listener
12:10:39 PM  1000     34939    1.00    0.00    0.00    0.00    1.00     5  listener
12:10:39 PM  1000     34962    0.00    1.00    0.00    0.00    1.00     4  listener
12:10:39 PM  1000     34965    0.00    1.00    0.00    0.00    1.00     3  listener
12:10:39 PM  1000     35034    0.00    0.00    0.00    0.00    0.00     5  listener
12:10:39 PM  1000     35036    1.00    1.00    0.00    0.00    2.00    12  listener
12:10:39 PM  1000     35047    0.00    1.00    0.00    0.00    1.00    17  listener
12:10:39 PM  1000     35068    0.00    1.00    0.00    0.00    1.00     8  listener
12:10:39 PM  1000     35114    1.00    1.00    0.00    0.00    2.00     6  listener
12:10:39 PM  1000     35117    0.00    0.00    0.00    0.00    0.00     5  listener
12:10:39 PM  1000     35128    1.00    0.00    0.00    0.00    1.00     8  listener
12:10:39 PM  1000     35164    0.00    1.00    0.00    0.00    1.00     9  listener
12:10:39 PM  1000     35230    0.00    0.00    0.00    0.00    0.00     1  listener
12:10:39 PM  1000     35232    1.00    0.00    0.00    0.00    1.00    13  listener
12:10:39 PM  1000     35234    0.00    0.00    0.00    0.00    0.00     6  listener
12:10:39 PM  1000     35246    0.00    0.00    0.00    0.00    0.00     4  listener
12:10:39 PM  1000     35275    1.00    1.00    0.00    0.00    2.00    11  listener
12:10:39 PM  1000     35281    1.00    0.00    0.00    0.00    1.00     6  listener
12:10:39 PM  1000     35296    0.00    1.00    0.00    0.00    1.00    19  listener
12:10:39 PM  1000     35307    1.00    0.00    0.00    0.00    1.00    14  listener
12:10:39 PM  1000     35327    0.00    1.00    0.00    0.00    1.00     5  listener
12:10:39 PM  1000     35347    0.00    1.00    0.00    0.00    1.00     9  listener
12:10:39 PM  1000     35358    1.00    1.00    0.00    0.00    2.00    17  listener
12:10:39 PM  1000     35369    1.00    1.00    0.00    0.00    2.00     3  listener
12:10:39 PM  1000     35389    1.00    1.00    0.00    0.00    2.00     6  listener
12:10:39 PM  1000     35409    0.00    0.00    0.00    0.00    0.00     6  listener
12:10:39 PM  1000     35428    0.00    0.00    0.00    0.00    0.00     9  listener
12:10:39 PM  1000     35432    0.00    1.00    0.00    0.00    1.00    16  listener
12:10:39 PM  1000     35434    1.00    0.00    0.00    0.00    1.00    10  listener
12:10:39 PM  1000     35445    1.00    1.00    0.00    0.00    2.00     5  listener
12:10:39 PM  1000     35467    1.00    0.00    0.00    0.00    1.00    12  listener
12:10:39 PM  1000     35487    0.00    1.00    0.00    0.00    1.00    15  listener
12:10:39 PM  1000     35524    1.00    0.00    0.00    0.00    1.00     4  listener
12:10:39 PM  1000     35544    0.00    0.00    0.00    0.00    0.00    14  listener
12:10:39 PM  1000     35546    1.00    1.00    0.00    0.00    2.00     4  listener
12:10:39 PM  1000     35558    0.00    1.00    0.00    0.00    1.00    13  listener
12:10:39 PM  1000     35578    1.00    1.00    0.00    0.00    2.00     7  listener
12:10:39 PM  1000     35598    0.00    1.00    0.00    0.00    1.00     8  listener
12:10:39 PM  1000     35629    0.00    1.00    0.00    0.00    1.00    13  listener
12:10:39 PM  1000     35641    0.00    0.00    0.00    0.00    0.00    17  listener
12:10:39 PM  1000     35651    1.00    1.00    0.00    0.00    2.00    18  listener
12:10:39 PM  1000     35673    0.00    1.00    0.00    0.00    1.00     2  listener
12:10:39 PM  1000     35701    1.00    0.00    0.00    0.00    1.00     5  listener
12:10:39 PM  1000     35703    0.00    1.00    0.00    0.00    1.00     6  listener
12:10:39 PM  1000     35723    1.00    1.00    0.00    0.00    2.00    14  listener
12:10:39 PM  1000     35734    0.00    1.00    0.00    0.00    1.00    15  listener
12:10:39 PM  1000     35745    0.00    0.00    0.00    0.00    0.00    10  listener
12:10:39 PM  1000     35764    0.00    0.00    0.00    0.00    0.00    10  listener
12:10:39 PM  1000     35777    1.00    0.00    0.00    0.00    1.00     0  listener
12:10:39 PM  1000     35787    1.00    0.00    0.00    0.00    1.00    15  listener
12:10:39 PM  1000     35825    1.00    0.00    0.00    0.00    1.00     8  listener
12:10:39 PM  1000     35827    1.00    0.00    0.00    0.00    1.00     1  listener
12:10:39 PM  1000     35829    1.00    0.00    0.00    0.00    1.00     8  listener
12:10:39 PM  1000     35858    1.00    0.00    0.00    0.00    1.00     0  listener
12:10:39 PM  1000     35905    1.00    0.00    0.00    0.00    1.00     6  listener
12:10:39 PM  1000     35916    1.00    0.00    0.00    0.00    1.00    15  listener
12:10:39 PM  1000     35918    1.00    0.00    0.00    0.00    1.00     1  listener
12:10:39 PM  1000     35956    1.00    0.00    0.00    0.00    1.00     1  listener
12:10:39 PM  1000     36003    1.00    0.00    0.00    0.00    1.00    18  listener

12:10:39 PM   UID       PID    %usr %system  %guest   %wait    %CPU   CPU  Command
12:10:40 PM  1000     33667    0.00    2.00    0.00    0.00    2.00    12  listener
12:10:40 PM  1000     33669    0.00    0.00    0.00    0.00    0.00     8  listener
12:10:40 PM  1000     33671    1.00    0.00    0.00    0.00    1.00    17  listener
12:10:40 PM  1000     33673    0.00    1.00    0.00    0.00    1.00     4  listener
12:10:40 PM  1000     33675    1.00    0.00    0.00    0.00    1.00     3  listener
12:10:40 PM  1000     33677    1.00    1.00    0.00    0.00    2.00     7  listener
12:10:40 PM  1000     33679    1.00    1.00    0.00    0.00    2.00    14  listener
12:10:40 PM  1000     33681    1.00    0.00    0.00    0.00    1.00     9  listener
12:10:40 PM  1000     33683    1.00    1.00    0.00    0.00    2.00    18  listener
12:10:40 PM  1000     33685    0.00    1.00    0.00    0.00    1.00     1  listener
12:10:40 PM  1000     33687    0.00    1.00    0.00    0.00    1.00     2  listener
12:10:40 PM  1000     33689    1.00    1.00    0.00    0.00    2.00    14  listener
12:10:40 PM  1000     33692    1.00    0.00    0.00    0.00    1.00     7  listener
12:10:40 PM  1000     33702    0.00    1.00    0.00    0.00    1.00    13  listener
12:10:40 PM  1000     33704    1.00    0.00    0.00    0.00    1.00    16  listener
12:10:40 PM  1000     33706    1.00    0.00    0.00    0.00    1.00    10  listener
12:10:40 PM  1000     33711    0.00    0.00    0.00    0.00    0.00    12  listener
12:10:40 PM  1000     33797    1.00    0.00    0.00    0.00    1.00    12  listener
12:10:40 PM  1000     33882    1.00    1.00    0.00    1.00    2.00     6  listener
12:10:40 PM  1000     33885    1.00    0.00    0.00    0.00    1.00    17  listener
12:10:40 PM  1000     33903    0.00    1.00    0.00    0.00    1.00    12  listener
12:10:40 PM  1000     33970    1.00    1.00    0.00    0.00    2.00    17  listener
12:10:40 PM  1000     33972    0.00    1.00    0.00    0.00    1.00     3  listener
12:10:40 PM  1000     33974    0.00    0.00    0.00    0.00    0.00     8  listener
12:10:40 PM  1000     34012    1.00    0.00    0.00    0.00    1.00     5  listener
12:10:40 PM  1000     34041    0.00    1.00    0.00    0.00    1.00     8  listener
12:10:40 PM  1000     34070    1.00    0.00    0.00    0.00    1.00     3  listener
12:10:40 PM  1000     34081    1.00    0.00    0.00    0.00    1.00    21  listener
12:10:40 PM  1000     34092    0.00    0.00    0.00    0.00    0.00     3  listener
12:10:40 PM  1000     34094    1.00    1.00    0.00    0.00    2.00    13  listener
12:10:40 PM  1000     34096    1.00    1.00    0.00    0.00    2.00    16  listener
12:10:40 PM  1000     34098    0.00    1.00    0.00    0.00    1.00     4  listener
12:10:40 PM  1000     34100    0.00    2.00    0.00    0.00    2.00     6  listener
12:10:40 PM  1000     34129    0.00    1.00    0.00    0.00    1.00     4  listener
12:10:40 PM  1000     34184    0.00    1.00    0.00    0.00    1.00    11  listener
12:10:40 PM  1000     34241    1.00    0.00    0.00    0.00    1.00    13  listener
12:10:40 PM  1000     34261    1.00    0.00    0.00    0.00    1.00     3  listener
12:10:40 PM  1000     34281    0.00    0.00    0.00    0.00    0.00    12  listener
12:10:40 PM  1000     34318    1.00    0.00    0.00    0.00    1.00    12  listener
12:10:40 PM  1000     34348    1.00    0.00    0.00    0.00    1.00    17  listener
12:10:40 PM  1000     34377    0.00    1.00    0.00    0.00    1.00    13  listener
12:10:40 PM  1000     34389    1.00    1.00    0.00    0.00    2.00     1  listener
12:10:40 PM  1000     34402    0.00    1.00    0.00    0.00    1.00    17  listener
12:10:40 PM  1000     34440    1.00    1.00    0.00    0.00    2.00    17  listener
12:10:40 PM  1000     34469    0.00    1.00    0.00    0.00    1.00     3  listener
12:10:40 PM  1000     34480    1.00    0.00    0.00    0.00    1.00     7  listener
12:10:40 PM  1000     34491    1.00    1.00    0.00    0.00    2.00    16  listener
12:10:40 PM  1000     34504    1.00    1.00    0.00    0.00    2.00    19  listener
12:10:40 PM  1000     34541    1.00    0.00    0.00    0.00    1.00     0  listener
12:10:40 PM  1000     34588    1.00    0.00    0.00    0.00    1.00    18  listener
12:10:40 PM  1000     34590    0.00    0.00    0.00    0.00    0.00    15  listener
12:10:40 PM  1000     34603    0.00    0.00    0.00    0.00    0.00    15  listener
12:10:40 PM  1000     34623    1.00    0.00    0.00    0.00    1.00    13  listener
12:10:40 PM  1000     34642    1.00    0.00    0.00    0.00    1.00    18  listener
12:10:40 PM  1000     34645    1.00    0.00    0.00    0.00    1.00     6  listener
12:10:40 PM  1000     34684    1.00    1.00    0.00    0.00    2.00     5  listener
12:10:40 PM  1000     34712    0.00    1.00    0.00    0.00    1.00     1  listener
12:10:40 PM  1000     34721    1.00    0.00    0.00    0.00    1.00    12  listener
12:10:40 PM  1000     34784    1.00    1.00    0.00    0.00    2.00    13  listener
12:10:40 PM  1000     34790    1.00    0.00    0.00    0.00    1.00     8  listener
12:10:40 PM  1000     34800    0.00    1.00    0.00    0.00    1.00     8  listener
12:10:40 PM  1000     34803    1.00    0.00    0.00    0.00    1.00     4  listener
12:10:40 PM  1000     34805    1.00    0.00    0.00    0.00    1.00    17  listener
12:10:40 PM  1000     34816    1.00    0.00    0.00    0.00    1.00     1  listener
12:10:40 PM  1000     34855    1.00    1.00    0.00    0.00    2.00    10  listener
12:10:40 PM  1000     34874    1.00    0.00    0.00    0.00    1.00    19  listener
12:10:40 PM  1000     34876    0.00    1.00    0.00    0.00    1.00    14  listener
12:10:40 PM  1000     34932    0.00    0.00    0.00    0.00    0.00     9  listener
12:10:40 PM  1000     34934    1.00    1.00    0.00    0.00    2.00     2  listener
12:10:40 PM  1000     34936    1.00    1.00    0.00    0.00    2.00     4  listener
12:10:40 PM  1000     34939    1.00    0.00    0.00    0.00    1.00    16  listener
12:10:40 PM  1000     34962    1.00    0.00    0.00    0.00    1.00     7  listener
12:10:40 PM  1000     34965    0.00    2.00    0.00    0.00    2.00    12  listener
12:10:40 PM  1000     35034    1.00    0.00    0.00    0.00    1.00     8  listener
12:10:40 PM  1000     35036    1.00    0.00    0.00    0.00    1.00     3  listener
12:10:40 PM  1000     35047    1.00    0.00    0.00    0.00    1.00     1  listener
12:10:40 PM  1000     35068    1.00    1.00    0.00    0.00    2.00    14  listener
12:10:40 PM  1000     35114    0.00    0.00    0.00    0.00    0.00    14  listener
12:10:40 PM  1000     35117    0.00    1.00    0.00    0.00    1.00     5  listener
12:10:40 PM  1000     35128    0.00    1.00    0.00    0.00    1.00    17  listener
12:10:40 PM  1000     35164    0.00    1.00    0.00    0.00    1.00     3  listener
12:10:40 PM  1000     35230    1.00    1.00    0.00    0.00    2.00    15  listener
12:10:40 PM  1000     35232    1.00    0.00    0.00    0.00    1.00    19  listener
12:10:40 PM  1000     35234    1.00    1.00    0.00    0.00    2.00    10  listener
12:10:40 PM  1000     35246    1.00    1.00    0.00    0.00    2.00     3  listener
12:10:40 PM  1000     35275    1.00    0.00    0.00    0.00    1.00     1  listener
12:10:40 PM  1000     35281    1.00    0.00    0.00    0.00    1.00    13  listener
12:10:40 PM  1000     35296    1.00    0.00    0.00    0.00    1.00    10  listener
12:10:40 PM  1000     35307    0.00    1.00    0.00    0.00    1.00     9  listener
12:10:40 PM  1000     35327    1.00    0.00    0.00    0.00    1.00     0  listener
12:10:40 PM  1000     35347    0.00    2.00    0.00    0.00    2.00     4  listener
12:10:40 PM  1000     35358    0.00    0.00    0.00    0.00    0.00    18  listener
12:10:40 PM  1000     35369    0.00    0.00    0.00    0.00    0.00     0  listener
12:10:40 PM  1000     35389    1.00    0.00    0.00    0.00    1.00    18  listener
12:10:40 PM  1000     35409    1.00    0.00    0.00    0.00    1.00    18  listener
12:10:40 PM  1000     35428    1.00    1.00    0.00    0.00    2.00     9  listener
12:10:40 PM  1000     35432    0.00    1.00    0.00    0.00    1.00     1  listener
12:10:40 PM  1000     35434    1.00    1.00    0.00    0.00    2.00    18  listener
12:10:40 PM  1000     35445    1.00    0.00    0.00    0.00    1.00    12  listener
12:10:40 PM  1000     35467    1.00    0.00    0.00    0.00    1.00     9  listener
12:10:40 PM  1000     35487    1.00    0.00    0.00    0.00    1.00     8  listener
12:10:40 PM  1000     35524    0.00    1.00    0.00    0.00    1.00    12  listener
12:10:40 PM  1000     35544    1.00    1.00    0.00    0.00    2.00     9  listener
12:10:40 PM  1000     35546    0.00    0.00    0.00    0.00    0.00    14  listener
12:10:40 PM  1000     35558    0.00    1.00    0.00    0.00    1.00    16  listener
12:10:40 PM  1000     35578    0.00    0.00    0.00    0.00    0.00    15  listener
12:10:40 PM  1000     35598    1.00    1.00    0.00    0.00    2.00    15  listener
12:10:40 PM  1000     35629    1.00    1.00    0.00    0.00    2.00    17  listener
12:10:40 PM  1000     35641    1.00    1.00    0.00    0.00    2.00    14  listener
12:10:40 PM  1000     35651    1.00    1.00    0.00    0.00    2.00    15  listener
12:10:40 PM  1000     35673    1.00    0.00    0.00    0.00    1.00     5  listener
12:10:40 PM  1000     35701    1.00    1.00    0.00    0.00    2.00    19  listener
12:10:40 PM  1000     35703    0.00    2.00    0.00    0.00    2.00    13  listener
12:10:40 PM  1000     35723    0.00    1.00    0.00    0.00    1.00     3  listener
12:10:40 PM  1000     35734    0.00    1.00    0.00    0.00    1.00    14  listener
12:10:40 PM  1000     35745    1.00    1.00    0.00    0.00    2.00     6  listener
12:10:40 PM  1000     35764    1.00    1.00    0.00    0.00    2.00    15  listener
12:10:40 PM  1000     35777    1.00    1.00    0.00    0.00    2.00     8  listener
12:10:40 PM  1000     35787    1.00    1.00    0.00    0.00    2.00     5  listener
12:10:40 PM  1000     35825    1.00    1.00    0.00    0.00    2.00     3  listener
12:10:40 PM  1000     35827    0.00    1.00    0.00    0.00    1.00     5  listener
12:10:40 PM  1000     35829    0.00    1.00    0.00    0.00    1.00     2  listener
12:10:40 PM  1000     35858    0.00    1.00    0.00    0.00    1.00    10  listener
12:10:40 PM  1000     35905    0.00    1.00    0.00    0.00    1.00     6  listener
12:10:40 PM  1000     35916    1.00    1.00    0.00    0.00    2.00     0  listener
12:10:40 PM  1000     35918    0.00    1.00    0.00    0.00    1.00     8  listener
12:10:40 PM  1000     35956    1.00    1.00    0.00    0.00    2.00     1  listener
12:10:40 PM  1000     36003    1.00    1.00    0.00    0.00    2.00     5  listener

12:10:40 PM   UID       PID    %usr %system  %guest   %wait    %CPU   CPU  Command
12:10:41 PM  1000     33667    0.00    1.00    0.00    0.00    1.00     5  listener
12:10:41 PM  1000     33669    1.00    1.00    0.00    0.00    2.00     8  listener
12:10:41 PM  1000     33671    0.00    0.00    0.00    0.00    0.00    15  listener
12:10:41 PM  1000     33673    1.00    1.00    0.00    0.00    2.00    13  listener
12:10:41 PM  1000     33675    0.00    0.00    0.00    0.00    0.00    19  listener
12:10:41 PM  1000     33677    1.00    0.00    0.00    0.00    1.00     7  listener
12:10:41 PM  1000     33679    0.00    0.00    0.00    0.00    0.00    16  listener
12:10:41 PM  1000     33681    1.00    1.00    0.00    0.00    2.00    14  listener
12:10:41 PM  1000     33683    0.00    0.00    0.00    0.00    0.00    11  listener
12:10:41 PM  1000     33685    1.00    0.00    0.00    0.00    1.00     5  listener
12:10:41 PM  1000     33687    1.00    1.00    0.00    0.00    2.00     2  listener
12:10:41 PM  1000     33689    1.00    0.00    0.00    0.00    1.00    18  listener
12:10:41 PM  1000     33692    0.00    0.00    0.00    0.00    0.00    10  listener
12:10:41 PM  1000     33702    1.00    0.00    0.00    0.00    1.00    17  listener
12:10:41 PM  1000     33704    0.00    1.00    0.00    0.00    1.00    14  listener
12:10:41 PM  1000     33706    1.00    1.00    0.00    0.00    2.00     5  listener
12:10:41 PM  1000     33711    1.00    0.00    0.00    0.00    1.00     4  listener
12:10:41 PM  1000     33797    0.00    0.00    0.00    0.00    0.00     6  listener
12:10:41 PM  1000     33882    0.00    0.00    0.00    0.00    0.00     1  listener
12:10:41 PM  1000     33885    0.00    1.00    0.00    0.00    1.00    12  listener
12:10:41 PM  1000     33903    1.00    0.00    0.00    0.00    1.00    10  listener
12:10:41 PM  1000     33970    1.00    0.00    0.00    0.00    1.00    11  listener
12:10:41 PM  1000     33972    1.00    0.00    0.00    0.00    1.00     6  listener
12:10:41 PM  1000     33974    1.00    1.00    0.00    0.00    2.00    17  listener
12:10:41 PM  1000     34012    0.00    1.00    0.00    0.00    1.00    14  listener
12:10:41 PM  1000     34041    1.00    0.00    0.00    0.00    1.00    10  listener
12:10:41 PM  1000     34070    0.00    1.00    0.00    0.00    1.00    11  listener
12:10:41 PM  1000     34081    1.00    1.00    0.00    0.00    2.00     8  listener
12:10:41 PM  1000     34092    1.00    1.00    0.00    0.00    2.00    12  listener
12:10:41 PM  1000     34094    1.00    0.00    0.00    0.00    1.00     7  listener
12:10:41 PM  1000     34096    0.00    0.00    0.00    0.00    0.00     5  listener
12:10:41 PM  1000     34098    1.00    0.00    0.00    0.00    1.00    18  listener
12:10:41 PM  1000     34100    0.00    1.00    0.00    0.00    1.00     2  listener
12:10:41 PM  1000     34129    1.00    0.00    0.00    0.00    1.00     2  listener
12:10:41 PM  1000     34184    1.00    0.00    0.00    0.00    1.00    12  listener
12:10:41 PM  1000     34241    0.00    1.00    0.00    0.00    1.00     5  listener
12:10:41 PM  1000     34261    1.00    1.00    0.00    0.00    2.00    13  listener
12:10:41 PM  1000     34281    1.00    0.00    0.00    0.00    1.00     2  listener
12:10:41 PM  1000     34318    0.00    1.00    0.00    0.00    1.00    16  listener
12:10:41 PM  1000     34348    0.00    0.00    0.00    0.00    0.00    14  listener
12:10:41 PM  1000     34377    1.00    0.00    0.00    0.00    1.00    13  listener
12:10:41 PM  1000     34389    0.00    0.00    0.00    0.00    0.00    17  listener
12:10:41 PM  1000     34402    1.00    1.00    0.00    0.00    2.00     9  listener
12:10:41 PM  1000     34440    0.00    0.00    0.00    0.00    0.00     7  listener
12:10:41 PM  1000     34469    1.00    0.00    0.00    0.00    1.00     8  listener
12:10:41 PM  1000     34480    1.00    1.00    0.00    0.00    2.00    11  listener
12:10:41 PM  1000     34491    0.00    0.00    0.00    0.00    0.00     6  listener
12:10:41 PM  1000     34504    1.00    1.00    0.00    0.00    2.00     5  listener
12:10:41 PM  1000     34541    0.00    0.00    0.00    0.00    0.00     1  listener
12:10:41 PM  1000     34588    0.00    1.00    0.00    0.00    1.00    19  listener
12:10:41 PM  1000     34590    1.00    1.00    0.00    0.00    2.00     8  listener
12:10:41 PM  1000     34603    1.00    1.00    0.00    0.00    2.00    16  listener
12:10:41 PM  1000     34623    0.00    1.00    0.00    0.00    1.00    14  listener
12:10:41 PM  1000     34642    1.00    1.00    0.00    0.00    2.00     8  listener
12:10:41 PM  1000     34645    0.00    1.00    0.00    0.00    1.00     5  listener
12:10:41 PM  1000     34684    0.00    0.00    0.00    0.00    0.00     3  listener
12:10:41 PM  1000     34712    0.00    1.00    0.00    0.00    1.00    18  listener
12:10:41 PM  1000     34721    0.00    1.00    0.00    0.00    1.00     0  listener
12:10:41 PM  1000     34784    0.00    1.00    0.00    0.00    1.00    16  listener
12:10:41 PM  1000     34790    0.00    1.00    0.00    0.00    1.00    14  listener
12:10:41 PM  1000     34800    1.00    0.00    0.00    0.00    1.00    15  listener
12:10:41 PM  1000     34803    0.00    1.00    0.00    0.00    1.00    10  listener
12:10:41 PM  1000     34805    0.00    0.00    0.00    0.00    0.00     1  listener
12:10:41 PM  1000     34816    0.00    1.00    0.00    0.00    1.00    10  listener
12:10:41 PM  1000     34855    0.00    0.00    0.00    0.00    0.00    12  listener
12:10:41 PM  1000     34874    1.00    0.00    0.00    0.00    1.00     9  listener
12:10:41 PM  1000     34876    1.00    0.00    0.00    0.00    1.00    16  listener
12:10:41 PM  1000     34932    1.00    1.00    0.00    0.00    2.00    18  listener
12:10:41 PM  1000     34934    0.00    0.00    0.00    0.00    0.00    13  listener
12:10:41 PM  1000     34936    1.00    0.00    0.00    0.00    1.00    12  listener
12:10:41 PM  1000     34939    0.00    1.00    0.00    0.00    1.00     8  listener
12:10:41 PM  1000     34962    0.00    1.00    0.00    0.00    1.00    12  listener
12:10:41 PM  1000     34965    0.00    1.00    0.00    0.00    1.00     8  listener
12:10:41 PM  1000     35034    0.00    1.00    0.00    0.00    1.00     1  listener
12:10:41 PM  1000     35036    0.00    0.00    0.00    0.00    0.00    10  listener
12:10:41 PM  1000     35047    1.00    1.00    0.00    0.00    2.00    14  listener
12:10:41 PM  1000     35068    0.00    0.00    0.00    0.00    0.00     5  listener
12:10:41 PM  1000     35114    1.00    1.00    0.00    0.00    2.00     7  listener
12:10:41 PM  1000     35117    1.00    0.00    0.00    0.00    1.00     7  listener
12:10:41 PM  1000     35128    1.00    1.00    0.00    0.00    2.00    15  listener
12:10:41 PM  1000     35164    0.00    1.00    0.00    1.00    1.00    15  listener
12:10:41 PM  1000     35230    1.00    0.00    0.00    0.00    1.00     5  listener
12:10:41 PM  1000     35232    1.00    0.00    0.00    0.00    1.00    16  listener
12:10:41 PM  1000     35234    1.00    0.00    0.00    0.00    1.00     1  listener
12:10:41 PM  1000     35246    0.00    0.00    0.00    0.00    0.00     2  listener
12:10:41 PM  1000     35275    1.00    1.00    0.00    0.00    2.00    12  listener
12:10:41 PM  1000     35281    0.00    1.00    0.00    0.00    1.00    15  listener
12:10:41 PM  1000     35296    0.00    1.00    0.00    0.00    1.00    19  listener
12:10:41 PM  1000     35307    0.00    1.00    0.00    0.00    1.00    16  listener
12:10:41 PM  1000     35327    1.00    0.00    0.00    0.00    1.00    14  listener
12:10:41 PM  1000     35347    0.00    0.00    0.00    0.00    0.00    17  listener
12:10:41 PM  1000     35358    1.00    1.00    0.00    0.00    2.00    17  listener
12:10:41 PM  1000     35369    1.00    0.00    0.00    0.00    1.00    15  listener
12:10:41 PM  1000     35389    0.00    1.00    0.00    0.00    1.00    13  listener
12:10:41 PM  1000     35409    1.00    1.00    0.00    0.00    2.00     0  listener
12:10:41 PM  1000     35428    1.00    0.00    0.00    0.00    1.00    11  listener
12:10:41 PM  1000     35432    1.00    0.00    0.00    0.00    1.00    13  listener
12:10:41 PM  1000     35434    0.00    0.00    0.00    0.00    0.00     6  listener
12:10:41 PM  1000     35445    1.00    0.00    0.00    0.00    1.00    15  listener
12:10:41 PM  1000     35467    1.00    1.00    0.00    0.00    2.00    16  listener
12:10:41 PM  1000     35487    0.00    1.00    0.00    0.00    1.00     5  listener
12:10:41 PM  1000     35524    1.00    0.00    0.00    0.00    1.00    10  listener
12:10:41 PM  1000     35544    1.00    0.00    0.00    0.00    1.00     3  listener
12:10:41 PM  1000     35546    1.00    0.00    0.00    0.00    1.00     1  listener
12:10:41 PM  1000     35558    0.00    1.00    0.00    0.00    1.00    17  listener
12:10:41 PM  1000     35578    1.00    0.00    0.00    0.00    1.00    12  listener
12:10:41 PM  1000     35598    0.00    0.00    0.00    0.00    0.00     3  listener
12:10:41 PM  1000     35629    0.00    0.00    0.00    0.00    0.00    12  listener
12:10:41 PM  1000     35641    0.00    0.00    0.00    0.00    0.00     8  listener
12:10:41 PM  1000     35651    0.00    0.00    0.00    0.00    0.00    10  listener
12:10:41 PM  1000     35673    1.00    0.00    0.00    0.00    1.00     9  listener
12:10:41 PM  1000     35701    0.00    1.00    0.00    0.00    1.00     8  listener
12:10:41 PM  1000     35703    0.00    1.00    0.00    0.00    1.00    12  listener
12:10:41 PM  1000     35723    0.00    0.00    0.00    0.00    0.00    14  listener
12:10:41 PM  1000     35734    0.00    1.00    0.00    0.00    1.00    16  listener
12:10:41 PM  1000     35745    0.00    1.00    0.00    0.00    1.00     6  listener
12:10:41 PM  1000     35764    1.00    0.00    0.00    0.00    1.00    15  listener
12:10:41 PM  1000     35777    0.00    0.00    0.00    0.00    0.00     9  listener
12:10:41 PM  1000     35787    1.00    0.00    0.00    0.00    1.00     7  listener
12:10:41 PM  1000     35825    0.00    1.00    0.00    0.00    1.00    16  listener
12:10:41 PM  1000     35827    1.00    0.00    0.00    0.00    1.00     5  listener
12:10:41 PM  1000     35829    1.00    0.00    0.00    0.00    1.00     2  listener
12:10:41 PM  1000     35858    1.00    0.00    0.00    0.00    1.00     0  listener
12:10:41 PM  1000     35905    1.00    0.00    0.00    0.00    1.00     0  listener
12:10:41 PM  1000     35916    0.00    0.00    0.00    0.00    0.00     1  listener
12:10:41 PM  1000     35918    1.00    1.00    0.00    0.00    2.00    11  listener
12:10:41 PM  1000     35956    0.00    0.00    0.00    0.00    0.00    10  listener
12:10:41 PM  1000     36003    0.00    1.00    0.00    0.00    1.00     0  listener

12:10:41 PM   UID       PID    %usr %system  %guest   %wait    %CPU   CPU  Command
12:10:42 PM  1000     33667    0.00    1.00    0.00    0.00    1.00     2  listener
12:10:42 PM  1000     33669    1.00    0.00    0.00    0.00    1.00    16  listener
12:10:42 PM  1000     33671    1.00    2.00    0.00    0.00    3.00     8  listener
12:10:42 PM  1000     33673    1.00    0.00    0.00    0.00    1.00     3  listener
12:10:42 PM  1000     33675    1.00    1.00    0.00    0.00    2.00    14  listener
12:10:42 PM  1000     33677    1.00    1.00    0.00    0.00    2.00     8  listener
12:10:42 PM  1000     33679    2.00    0.00    0.00    0.00    2.00    14  listener
12:10:42 PM  1000     33681    1.00    0.00    0.00    0.00    1.00     1  listener
12:10:42 PM  1000     33683    1.00    1.00    0.00    0.00    2.00     8  listener
12:10:42 PM  1000     33685    0.00    1.00    0.00    0.00    1.00     6  listener
12:10:42 PM  1000     33687    0.00    1.00    0.00    0.00    1.00     9  listener
12:10:42 PM  1000     33689    0.00    1.00    0.00    0.00    1.00    11  listener
12:10:42 PM  1000     33692    1.00    1.00    0.00    0.00    2.00    13  listener
12:10:42 PM  1000     33702    1.00    1.00    0.00    0.00    2.00     8  listener
12:10:42 PM  1000     33704    0.00    2.00    0.00    0.00    2.00    10  listener
12:10:42 PM  1000     33706    1.00    0.00    0.00    0.00    1.00     5  listener
12:10:42 PM  1000     33711    1.00    1.00    0.00    0.00    2.00    11  listener
12:10:42 PM  1000     33797    2.00    1.00    0.00    0.00    3.00    19  listener
12:10:42 PM  1000     33882    1.00    1.00    0.00    0.00    2.00     4  listener
12:10:42 PM  1000     33885    2.00    0.00    0.00    0.00    2.00    13  listener
12:10:42 PM  1000     33903    1.00    0.00    0.00    0.00    1.00     0  listener
12:10:42 PM  1000     33970    0.00    2.00    0.00    0.00    2.00     1  listener
12:10:42 PM  1000     33972    1.00    1.00    0.00    0.00    2.00     3  listener
12:10:42 PM  1000     33974    1.00    1.00    0.00    0.00    2.00     5  listener
12:10:42 PM  1000     34012    1.00    1.00    0.00    0.00    2.00    15  listener
12:10:42 PM  1000     34041    1.00    1.00    0.00    0.00    2.00     9  listener
12:10:42 PM  1000     34070    1.00    0.00    0.00    0.00    1.00     3  listener
12:10:42 PM  1000     34081    0.00    1.00    0.00    0.00    1.00     0  listener
12:10:42 PM  1000     34092    0.00    1.00    0.00    0.00    1.00    12  listener
12:10:42 PM  1000     34094    1.00    1.00    0.00    0.00    2.00    18  listener
12:10:42 PM  1000     34096    1.00    1.00    0.00    0.00    2.00    14  listener
12:10:42 PM  1000     34098    1.00    1.00    0.00    0.00    2.00     1  listener
12:10:42 PM  1000     34100    0.00    1.00    0.00    0.00    1.00    19  listener
12:10:42 PM  1000     34129    1.00    1.00    0.00    0.00    2.00     1  listener
12:10:42 PM  1000     34184    1.00    1.00    0.00    0.00    2.00     8  listener
12:10:42 PM  1000     34241    1.00    1.00    0.00    0.00    2.00    10  listener
12:10:42 PM  1000     34261    0.00    1.00    0.00    0.00    1.00     4  listener
12:10:42 PM  1000     34281    1.00    1.00    0.00    0.00    2.00     4  listener
12:10:42 PM  1000     34318    1.00    1.00    0.00    0.00    2.00     6  listener
12:10:42 PM  1000     34348    1.00    1.00    0.00    0.00    2.00    19  listener
12:10:42 PM  1000     34377    0.00    2.00    0.00    0.00    2.00     5  listener
12:10:42 PM  1000     34389    1.00    1.00    0.00    0.00    2.00    12  listener
12:10:42 PM  1000     34402    1.00    0.00    0.00    0.00    1.00    10  listener
12:10:42 PM  1000     34440    1.00    1.00    0.00    0.00    2.00     2  listener
12:10:42 PM  1000     34469    1.00    1.00    0.00    0.00    2.00    12  listener
12:10:42 PM  1000     34480    0.00    1.00    0.00    0.00    1.00    12  listener
12:10:42 PM  1000     34491    1.00    2.00    0.00    0.00    3.00    13  listener
12:10:42 PM  1000     34504    0.00    0.00    0.00    0.00    0.00    19  listener
12:10:42 PM  1000     34541    2.00    0.00    0.00    0.00    2.00     0  listener
12:10:42 PM  1000     34588    1.00    0.00    0.00    0.00    1.00    17  listener
12:10:42 PM  1000     34590    1.00    0.00    0.00    0.00    1.00    16  listener
12:10:42 PM  1000     34603    1.00    0.00    0.00    0.00    1.00    18  listener
12:10:42 PM  1000     34623    1.00    1.00    0.00    0.00    2.00     3  listener
12:10:42 PM  1000     34642    0.00    0.00    0.00    0.00    0.00     5  listener
12:10:42 PM  1000     34645    2.00    0.00    0.00    0.00    2.00     3  listener
12:10:42 PM  1000     34684    1.00    1.00    0.00    0.00    2.00     7  listener
12:10:42 PM  1000     34712    0.00    1.00    0.00    0.00    1.00    12  listener
12:10:42 PM  1000     34721    1.00    0.00    0.00    0.00    1.00    14  listener
12:10:42 PM  1000     34784    1.00    0.00    0.00    0.00    1.00    14  listener
12:10:42 PM  1000     34790    1.00    1.00    0.00    0.00    2.00    17  listener
12:10:42 PM  1000     34800    0.00    1.00    0.00    0.00    1.00    16  listener
12:10:42 PM  1000     34803    2.00    0.00    0.00    0.00    2.00    10  listener
12:10:42 PM  1000     34805    1.00    1.00    0.00    0.00    2.00     8  listener
12:10:42 PM  1000     34816    1.00    1.00    0.00    0.00    2.00    18  listener
12:10:42 PM  1000     34855    1.00    0.00    0.00    0.00    1.00    12  listener
12:10:42 PM  1000     34874    1.00    1.00    0.00    0.00    2.00     8  listener
12:10:42 PM  1000     34876    1.00    1.00    0.00    0.00    2.00     3  listener
12:10:42 PM  1000     34932    0.00    1.00    0.00    0.00    1.00     1  listener
12:10:42 PM  1000     34934    2.00    0.00    0.00    0.00    2.00    16  listener
12:10:42 PM  1000     34936    1.00    1.00    0.00    0.00    2.00    14  listener
12:10:42 PM  1000     34939    0.00    1.00    0.00    0.00    1.00    13  listener
12:10:42 PM  1000     34962    1.00    1.00    0.00    0.00    2.00     6  listener
12:10:42 PM  1000     34965    0.00    1.00    0.00    0.00    1.00    14  listener
12:10:42 PM  1000     35034    2.00    0.00    0.00    0.00    2.00     7  listener
12:10:42 PM  1000     35036    1.00    1.00    0.00    0.00    2.00    12  listener
12:10:42 PM  1000     35047    1.00    0.00    0.00    0.00    1.00    17  listener
12:10:42 PM  1000     35068    1.00    1.00    0.00    0.00    2.00     5  listener
12:10:42 PM  1000     35114    0.00    1.00    0.00    0.00    1.00    13  listener
12:10:42 PM  1000     35117    1.00    1.00    0.00    0.00    2.00    11  listener
12:10:42 PM  1000     35128    1.00    0.00    0.00    0.00    1.00    10  listener
12:10:42 PM  1000     35164    0.00    2.00    0.00    0.00    2.00     6  listener
12:10:42 PM  1000     35230    1.00    0.00    0.00    0.00    1.00    14  listener
12:10:42 PM  1000     35232    1.00    1.00    0.00    0.00    2.00    15  listener
12:10:42 PM  1000     35234    1.00    1.00    0.00    0.00    2.00     3  listener
12:10:42 PM  1000     35246    1.00    1.00    0.00    0.00    2.00    17  listener
12:10:42 PM  1000     35275    1.00    0.00    0.00    0.00    1.00     6  listener
12:10:42 PM  1000     35281    1.00    0.00    0.00    1.00    1.00     5  listener
12:10:42 PM  1000     35296    1.00    0.00    0.00    0.00    1.00    15  listener
12:10:42 PM  1000     35307    2.00    0.00    0.00    0.00    2.00    16  listener
12:10:42 PM  1000     35327    0.00    1.00    0.00    0.00    1.00     0  listener
12:10:42 PM  1000     35347    0.00    2.00    0.00    0.00    2.00     2  listener
12:10:42 PM  1000     35358    0.00    1.00    0.00    0.00    1.00    15  listener
12:10:42 PM  1000     35369    1.00    1.00    0.00    0.00    2.00    12  listener
12:10:42 PM  1000     35389    1.00    1.00    0.00    0.00    2.00     3  listener
12:10:42 PM  1000     35409    0.00    1.00    0.00    0.00    1.00     3  listener
12:10:42 PM  1000     35428    0.00    1.00    0.00    0.00    1.00     7  listener
12:10:42 PM  1000     35432    1.00    0.00    0.00    0.00    1.00    12  listener
12:10:42 PM  1000     35434    1.00    1.00    0.00    0.00    2.00    16  listener
12:10:42 PM  1000     35445    1.00    1.00    0.00    0.00    2.00    13  listener
12:10:42 PM  1000     35467    0.00    1.00    0.00    1.00    1.00    18  listener
12:10:42 PM  1000     35487    1.00    0.00    0.00    0.00    1.00     8  listener
12:10:42 PM  1000     35524    1.00    1.00    0.00    0.00    2.00     6  listener
12:10:42 PM  1000     35544    1.00    1.00    0.00    0.00    2.00     3  listener
12:10:42 PM  1000     35546    1.00    1.00    0.00    0.00    2.00    16  listener
12:10:42 PM  1000     35558    0.00    2.00    0.00    0.00    2.00    12  listener
12:10:42 PM  1000     35578    0.00    1.00    0.00    0.00    1.00     4  listener
12:10:42 PM  1000     35598    1.00    1.00    0.00    0.00    2.00     3  listener
12:10:42 PM  1000     35629    1.00    1.00    0.00    0.00    2.00     3  listener
12:10:42 PM  1000     35641    1.00    1.00    0.00    0.00    2.00    17  listener
12:10:42 PM  1000     35651    1.00    2.00    0.00    0.00    3.00    14  listener
12:10:42 PM  1000     35673    1.00    1.00    0.00    0.00    2.00    14  listener
12:10:42 PM  1000     35701    1.00    0.00    0.00    0.00    1.00    12  listener
12:10:42 PM  1000     35703    0.00    1.00    0.00    0.00    1.00     3  listener
12:10:42 PM  1000     35723    1.00    1.00    0.00    0.00    2.00     2  listener
12:10:42 PM  1000     35734    1.00    1.00    0.00    0.00    2.00     7  listener
12:10:42 PM  1000     35745    2.00    0.00    0.00    0.00    2.00    12  listener
12:10:42 PM  1000     35764    0.00    1.00    0.00    0.00    1.00     5  listener
12:10:42 PM  1000     35777    1.00    1.00    0.00    0.00    2.00     5  listener
12:10:42 PM  1000     35787    1.00    0.00    0.00    0.00    1.00    18  listener
12:10:42 PM  1000     35825    1.00    0.00    0.00    0.00    1.00     9  listener
12:10:42 PM  1000     35827    1.00    1.00    0.00    0.00    2.00    18  listener
12:10:42 PM  1000     35829    1.00    1.00    0.00    0.00    2.00    18  listener
12:10:42 PM  1000     35858    1.00    0.00    0.00    0.00    1.00     6  listener
12:10:42 PM  1000     35905    1.00    1.00    0.00    0.00    2.00     4  listener
12:10:42 PM  1000     35916    2.00    0.00    0.00    0.00    2.00    10  listener
12:10:42 PM  1000     35918    1.00    1.00    0.00    0.00    2.00     6  listener
12:10:42 PM  1000     35956    2.00    0.00    0.00    0.00    2.00     3  listener
12:10:42 PM  1000     36003    1.00    0.00    0.00    0.00    1.00     6  listener

12:10:42 PM   UID       PID    %usr %system  %guest   %wait    %CPU   CPU  Command
12:10:43 PM  1000     33667    0.00    2.00    0.00    0.00    2.00     8  listener
12:10:43 PM  1000     33669    0.00    1.00    0.00    0.00    1.00     1  listener
12:10:43 PM  1000     33671    0.00    0.00    0.00    0.00    0.00    17  listener
12:10:43 PM  1000     33673    0.00    1.00    0.00    0.00    1.00    17  listener
12:10:43 PM  1000     33675    1.00    0.00    0.00    0.00    1.00    16  listener
12:10:43 PM  1000     33677    1.00    0.00    0.00    0.00    1.00     3  listener
12:10:43 PM  1000     33679    1.00    0.00    0.00    0.00    1.00    10  listener
12:10:43 PM  1000     33681    0.00    1.00    0.00    0.00    1.00    11  listener
12:10:43 PM  1000     33683    1.00    1.00    0.00    0.00    2.00    13  listener
12:10:43 PM  1000     33685    1.00    1.00    0.00    0.00    2.00    10  listener
12:10:43 PM  1000     33687    1.00    0.00    0.00    0.00    1.00    11  listener
12:10:43 PM  1000     33689    2.00    0.00    0.00    0.00    2.00     4  listener
12:10:43 PM  1000     33692    1.00    0.00    0.00    0.00    1.00    17  listener
12:10:43 PM  1000     33702    1.00    1.00    0.00    0.00    2.00    19  listener
12:10:43 PM  1000     33704    1.00    0.00    0.00    0.00    1.00     5  listener
12:10:43 PM  1000     33706    1.00    1.00    0.00    0.00    2.00     4  listener
12:10:43 PM  1000     33711    1.00    0.00    0.00    0.00    1.00     5  listener
12:10:43 PM  1000     33797    1.00    0.00    0.00    0.00    1.00    10  listener
12:10:43 PM  1000     33882    1.00    0.00    0.00    0.00    1.00     6  listener
12:10:43 PM  1000     33885    1.00    1.00    0.00    0.00    2.00    13  listener
12:10:43 PM  1000     33903    1.00    1.00    0.00    0.00    2.00     7  listener
12:10:43 PM  1000     33970    1.00    1.00    0.00    0.00    2.00    14  listener
12:10:43 PM  1000     33972    1.00    0.00    0.00    0.00    1.00    17  listener
12:10:43 PM  1000     33974    1.00    0.00    0.00    0.00    1.00    16  listener
12:10:43 PM  1000     34012    0.00    1.00    0.00    0.00    1.00     1  listener
12:10:43 PM  1000     34041    1.00    0.00    0.00    0.00    1.00     9  listener
12:10:43 PM  1000     34070    0.00    2.00    0.00    0.00    2.00    15  listener
12:10:43 PM  1000     34081    1.00    1.00    0.00    0.00    2.00     5  listener
12:10:43 PM  1000     34092    1.00    0.00    0.00    0.00    1.00     0  listener
12:10:43 PM  1000     34094    1.00    0.00    0.00    0.00    1.00     3  listener
12:10:43 PM  1000     34096    1.00    1.00    0.00    0.00    2.00     7  listener
12:10:43 PM  1000     34098    0.00    1.00    0.00    0.00    1.00     5  listener
12:10:43 PM  1000     34100    0.00    2.00    0.00    0.00    2.00    19  listener
12:10:43 PM  1000     34129    1.00    1.00    0.00    0.00    2.00    13  listener
12:10:43 PM  1000     34184    0.00    1.00    0.00    0.00    1.00    16  listener
12:10:43 PM  1000     34241    0.00    1.00    0.00    0.00    1.00    15  listener
12:10:43 PM  1000     34261    1.00    1.00    0.00    0.00    2.00    10  listener
12:10:43 PM  1000     34281    1.00    1.00    0.00    0.00    2.00     5  listener
12:10:43 PM  1000     34318    0.00    1.00    0.00    0.00    1.00     8  listener
12:10:43 PM  1000     34348    1.00    1.00    0.00    0.00    2.00    14  listener
12:10:43 PM  1000     34377    1.00    0.00    0.00    0.00    1.00     0  listener
12:10:43 PM  1000     34389    1.00    0.00    0.00    0.00    1.00     6  listener
12:10:43 PM  1000     34402    1.00    1.00    0.00    0.00    2.00     3  listener
12:10:43 PM  1000     34440    1.00    0.00    0.00    0.00    1.00     8  listener
12:10:43 PM  1000     34469    1.00    1.00    0.00    1.00    2.00    14  listener
12:10:43 PM  1000     34480    1.00    1.00    0.00    0.00    2.00     0  listener
12:10:43 PM  1000     34491    0.00    0.00    0.00    0.00    0.00     7  listener
12:10:43 PM  1000     34504    1.00    1.00    0.00    0.00    2.00     3  listener
12:10:43 PM  1000     34541    0.00    1.00    0.00    0.00    1.00    13  listener
12:10:43 PM  1000     34588    1.00    1.00    0.00    0.00    2.00     0  listener
12:10:43 PM  1000     34590    0.00    1.00    0.00    0.00    1.00    15  listener
12:10:43 PM  1000     34603    1.00    1.00    0.00    0.00    2.00    14  listener
12:10:43 PM  1000     34623    0.00    0.00    0.00    0.00    0.00    19  listener
12:10:43 PM  1000     34642    1.00    1.00    0.00    0.00    2.00    17  listener
12:10:43 PM  1000     34645    1.00    0.00    0.00    0.00    1.00     9  listener
12:10:43 PM  1000     34684    1.00    1.00    0.00    0.00    2.00     4  listener
12:10:43 PM  1000     34712    1.00    1.00    0.00    0.00    2.00    15  listener
12:10:43 PM  1000     34721    1.00    1.00    0.00    0.00    2.00     0  listener
12:10:43 PM  1000     34784    1.00    1.00    0.00    0.00    2.00     8  listener
12:10:43 PM  1000     34790    0.00    1.00    0.00    0.00    1.00    10  listener
12:10:43 PM  1000     34800    1.00    1.00    0.00    0.00    2.00     5  listener
12:10:43 PM  1000     34803    0.00    1.00    0.00    0.00    1.00    11  listener
12:10:43 PM  1000     34805    1.00    1.00    0.00    0.00    2.00    10  listener
12:10:43 PM  1000     34816    0.00    1.00    0.00    0.00    1.00     2  listener
12:10:43 PM  1000     34855    1.00    1.00    0.00    0.00    2.00    10  listener
12:10:43 PM  1000     34874    1.00    0.00    0.00    0.00    1.00     0  listener
12:10:43 PM  1000     34876    0.00    1.00    0.00    0.00    1.00     2  listener
12:10:43 PM  1000     34932    1.00    0.00    0.00    0.00    1.00     4  listener
12:10:43 PM  1000     34934    0.00    1.00    0.00    0.00    1.00    13  listener
12:10:43 PM  1000     34936    1.00    1.00    0.00    0.00    2.00     6  listener
12:10:43 PM  1000     34939    2.00    0.00    0.00    0.00    2.00    19  listener
12:10:43 PM  1000     34962    1.00    0.00    0.00    0.00    1.00     2  listener
12:10:43 PM  1000     34965    0.00    2.00    0.00    0.00    2.00    14  listener
12:10:43 PM  1000     35034    0.00    1.00    0.00    0.00    1.00    16  listener
12:10:43 PM  1000     35036    1.00    0.00    0.00    0.00    1.00    16  listener
12:10:43 PM  1000     35047    1.00    0.00    0.00    0.00    1.00     1  listener
12:10:43 PM  1000     35068    0.00    1.00    0.00    0.00    1.00     1  listener
12:10:43 PM  1000     35114    1.00    1.00    0.00    0.00    2.00     6  listener
12:10:43 PM  1000     35117    0.00    1.00    0.00    0.00    1.00     4  listener
12:10:43 PM  1000     35128    1.00    0.00    0.00    0.00    1.00     3  listener
12:10:43 PM  1000     35164    0.00    1.00    0.00    0.00    1.00     3  listener
12:10:43 PM  1000     35230    0.00    1.00    0.00    0.00    1.00    10  listener
12:10:43 PM  1000     35232    1.00    0.00    0.00    0.00    1.00     5  listener
12:10:43 PM  1000     35234    0.00    1.00    0.00    0.00    1.00     8  listener
12:10:43 PM  1000     35246    1.00    1.00    0.00    0.00    2.00     6  listener
12:10:43 PM  1000     35275    1.00    1.00    0.00    0.00    2.00     2  listener
12:10:43 PM  1000     35281    1.00    1.00    0.00    0.00    2.00     1  listener
12:10:43 PM  1000     35296    2.00    0.00    0.00    0.00    2.00     0  listener
12:10:43 PM  1000     35307    0.00    1.00    0.00    0.00    1.00    17  listener
12:10:43 PM  1000     35327    1.00    1.00    0.00    0.00    2.00     4  listener
12:10:43 PM  1000     35347    0.00    1.00    0.00    0.00    1.00    19  listener
12:10:43 PM  1000     35358    1.00    1.00    0.00    0.00    2.00     3  listener
12:10:43 PM  1000     35369    0.00    1.00    0.00    0.00    1.00    15  listener
12:10:43 PM  1000     35389    1.00    1.00    0.00    0.00    2.00    15  listener
12:10:43 PM  1000     35409    1.00    1.00    0.00    0.00    2.00     7  listener
12:10:43 PM  1000     35428    1.00    1.00    0.00    0.00    2.00     0  listener
12:10:43 PM  1000     35432    1.00    1.00    0.00    0.00    2.00     8  listener
12:10:43 PM  1000     35434    1.00    1.00    0.00    0.00    2.00    12  listener
12:10:43 PM  1000     35445    1.00    0.00    0.00    0.00    1.00    14  listener
12:10:43 PM  1000     35467    1.00    0.00    0.00    0.00    1.00     1  listener
12:10:43 PM  1000     35487    1.00    1.00    0.00    0.00    2.00     1  listener
12:10:43 PM  1000     35524    1.00    1.00    0.00    0.00    2.00    13  listener
12:10:43 PM  1000     35544    1.00    0.00    0.00    0.00    1.00    18  listener
12:10:43 PM  1000     35546    0.00    1.00    0.00    0.00    1.00    17  listener
12:10:43 PM  1000     35558    0.00    1.00    0.00    0.00    1.00     3  listener
12:10:43 PM  1000     35578    1.00    1.00    0.00    0.00    2.00     6  listener
12:10:43 PM  1000     35598    1.00    0.00    0.00    0.00    1.00     7  listener
12:10:43 PM  1000     35629    1.00    0.00    0.00    0.00    1.00     5  listener
12:10:43 PM  1000     35641    1.00    0.00    0.00    0.00    1.00     9  listener
12:10:43 PM  1000     35651    1.00    0.00    0.00    0.00    1.00     0  listener
12:10:43 PM  1000     35673    0.00    1.00    0.00    0.00    1.00     1  listener
12:10:43 PM  1000     35701    0.00    1.00    0.00    0.00    1.00    14  listener
12:10:43 PM  1000     35703    0.00    1.00    0.00    0.00    1.00     6  listener
12:10:43 PM  1000     35723    1.00    0.00    0.00    0.00    1.00     2  listener
12:10:43 PM  1000     35734    1.00    0.00    0.00    0.00    1.00    13  listener
12:10:43 PM  1000     35745    1.00    0.00    0.00    0.00    1.00    19  listener
12:10:43 PM  1000     35764    1.00    1.00    0.00    0.00    2.00     3  listener
12:10:43 PM  1000     35777    0.00    1.00    0.00    0.00    1.00     3  listener
12:10:43 PM  1000     35787    1.00    1.00    0.00    0.00    2.00    10  listener
12:10:43 PM  1000     35825    1.00    0.00    0.00    0.00    1.00    17  listener
12:10:43 PM  1000     35827    1.00    1.00    0.00    0.00    2.00    19  listener
12:10:43 PM  1000     35829    1.00    0.00    0.00    0.00    1.00    16  listener
12:10:43 PM  1000     35858    0.00    1.00    0.00    0.00    1.00    10  listener
12:10:43 PM  1000     35905    1.00    0.00    0.00    0.00    1.00    13  listener
12:10:43 PM  1000     35916    1.00    0.00    0.00    0.00    1.00     2  listener
12:10:43 PM  1000     35918    1.00    0.00    0.00    0.00    1.00    14  listener
12:10:43 PM  1000     35956    0.00    1.00    0.00    0.00    1.00     8  listener
12:10:43 PM  1000     36003    0.00    2.00    0.00    0.00    2.00     6  listener

12:10:43 PM   UID       PID    %usr %system  %guest   %wait    %CPU   CPU  Command
12:10:44 PM  1000     33667    0.00    1.00    0.00    0.00    1.00     1  listener
12:10:44 PM  1000     33669    2.00    0.00    0.00    0.00    2.00    15  listener
12:10:44 PM  1000     33671    1.00    1.00    0.00    0.00    2.00    11  listener
12:10:44 PM  1000     33673    1.00    1.00    0.00    0.00    2.00    13  listener
12:10:44 PM  1000     33675    1.00    1.00    0.00    0.00    2.00    10  listener
12:10:44 PM  1000     33677    0.00    1.00    0.00    0.00    1.00     7  listener
12:10:44 PM  1000     33679    0.00    1.00    0.00    0.00    1.00     8  listener
12:10:44 PM  1000     33681    1.00    0.00    0.00    0.00    1.00    11  listener
12:10:44 PM  1000     33683    0.00    1.00    0.00    0.00    1.00    19  listener
12:10:44 PM  1000     33685    1.00    0.00    0.00    0.00    1.00    13  listener
12:10:44 PM  1000     33687    1.00    0.00    0.00    0.00    1.00    10  listener
12:10:44 PM  1000     33689    1.00    1.00    0.00    0.00    2.00    19  listener
12:10:44 PM  1000     33692    1.00    1.00    0.00    0.00    2.00    14  listener
12:10:44 PM  1000     33702    0.00    1.00    0.00    1.00    1.00    13  listener
12:10:44 PM  1000     33704    0.00    1.00    0.00    0.00    1.00    15  listener
12:10:44 PM  1000     33706    0.00    1.00    0.00    0.00    1.00    15  listener
12:10:44 PM  1000     33711    1.00    1.00    0.00    0.00    2.00    16  listener
12:10:44 PM  1000     33797    1.00    1.00    0.00    0.00    2.00     3  listener
12:10:44 PM  1000     33882    1.00    0.00    0.00    0.00    1.00    11  listener
12:10:44 PM  1000     33885    1.00    0.00    0.00    0.00    1.00     4  listener
12:10:44 PM  1000     33903    1.00    1.00    0.00    0.00    2.00     3  listener
12:10:44 PM  1000     33970    1.00    0.00    0.00    0.00    1.00     6  listener
12:10:44 PM  1000     33972    1.00    1.00    0.00    0.00    2.00     8  listener
12:10:44 PM  1000     33974    1.00    0.00    0.00    0.00    1.00     6  listener
12:10:44 PM  1000     34012    1.00    1.00    0.00    0.00    2.00     3  listener
12:10:44 PM  1000     34041    1.00    0.00    0.00    0.00    1.00    15  listener
12:10:44 PM  1000     34070    1.00    0.00    0.00    0.00    1.00    15  listener
12:10:44 PM  1000     34081    0.00    1.00    0.00    0.00    1.00     1  listener
12:10:44 PM  1000     34092    0.00    1.00    0.00    0.00    1.00     4  listener
12:10:44 PM  1000     34094    1.00    1.00    0.00    0.00    2.00     8  listener
12:10:44 PM  1000     34096    0.00    1.00    0.00    0.00    1.00     9  listener
12:10:44 PM  1000     34098    1.00    1.00    0.00    0.00    2.00     6  listener
12:10:44 PM  1000     34100    0.00    1.00    0.00    0.00    1.00     5  listener
12:10:44 PM  1000     34129    1.00    0.00    0.00    0.00    1.00     1  listener
12:10:44 PM  1000     34184    1.00    1.00    0.00    0.00    2.00    11  listener
12:10:44 PM  1000     34241    1.00    1.00    0.00    0.00    2.00     3  listener
12:10:44 PM  1000     34261    1.00    0.00    0.00    0.00    1.00    16  listener
12:10:44 PM  1000     34281    1.00    0.00    0.00    0.00    1.00     6  listener
12:10:44 PM  1000     34318    1.00    1.00    0.00    0.00    2.00    15  listener
12:10:44 PM  1000     34348    0.00    1.00    0.00    0.00    1.00    14  listener
12:10:44 PM  1000     34377    1.00    1.00    0.00    0.00    2.00     7  listener
12:10:44 PM  1000     34389    1.00    1.00    0.00    0.00    2.00    14  listener
12:10:44 PM  1000     34402    1.00    0.00    0.00    0.00    1.00     7  listener
12:10:44 PM  1000     34440    1.00    1.00    0.00    0.00    2.00     8  listener
12:10:44 PM  1000     34469    0.00    0.00    0.00    0.00    0.00    13  listener
12:10:44 PM  1000     34480    1.00    0.00    0.00    0.00    1.00     3  listener
12:10:44 PM  1000     34491    1.00    1.00    0.00    0.00    2.00    10  listener
12:10:44 PM  1000     34504    1.00    0.00    0.00    0.00    1.00     2  listener
12:10:44 PM  1000     34541    1.00    1.00    0.00    0.00    2.00    18  listener
12:10:44 PM  1000     34588    1.00    0.00    0.00    0.00    1.00     8  listener
12:10:44 PM  1000     34590    2.00    0.00    0.00    0.00    2.00     1  listener
12:10:44 PM  1000     34603    1.00    1.00    0.00    0.00    2.00    16  listener
12:10:44 PM  1000     34623    1.00    1.00    0.00    0.00    2.00    10  listener
12:10:44 PM  1000     34642    1.00    1.00    0.00    0.00    2.00     6  listener
12:10:44 PM  1000     34645    0.00    1.00    0.00    0.00    1.00     8  listener
12:10:44 PM  1000     34684    0.00    1.00    0.00    0.00    1.00    15  listener
12:10:44 PM  1000     34712    0.00    1.00    0.00    0.00    1.00    15  listener
12:10:44 PM  1000     34721    0.00    1.00    0.00    0.00    1.00    16  listener
12:10:44 PM  1000     34784    0.00    0.00    0.00    0.00    0.00     6  listener
12:10:44 PM  1000     34790    1.00    1.00    0.00    0.00    2.00     7  listener
12:10:44 PM  1000     34800    1.00    0.00    0.00    0.00    1.00    12  listener
12:10:44 PM  1000     34803    1.00    1.00    0.00    0.00    2.00     1  listener
12:10:44 PM  1000     34805    0.00    1.00    0.00    0.00    1.00     9  listener
12:10:44 PM  1000     34816    1.00    0.00    0.00    0.00    1.00     1  listener
12:10:44 PM  1000     34855    1.00    1.00    0.00    0.00    2.00     4  listener
12:10:44 PM  1000     34874    1.00    1.00    0.00    0.00    2.00    14  listener
12:10:44 PM  1000     34876    2.00    0.00    0.00    0.00    2.00     0  listener
12:10:44 PM  1000     34932    0.00    2.00    0.00    0.00    2.00     0  listener
12:10:44 PM  1000     34934    1.00    1.00    0.00    0.00    2.00     1  listener
12:10:44 PM  1000     34936    0.00    1.00    0.00    0.00    1.00     8  listener
12:10:44 PM  1000     34939    1.00    1.00    0.00    0.00    2.00    18  listener
12:10:44 PM  1000     34962    1.00    1.00    0.00    0.00    2.00     3  listener
12:10:44 PM  1000     34965    0.00    1.00    0.00    0.00    1.00    10  listener
12:10:44 PM  1000     35034    1.00    0.00    0.00    0.00    1.00    10  listener
12:10:44 PM  1000     35036    1.00    1.00    0.00    0.00    2.00    19  listener
12:10:44 PM  1000     35047    1.00    1.00    0.00    0.00    2.00     9  listener
12:10:44 PM  1000     35068    0.00    1.00    0.00    0.00    1.00     5  listener
12:10:44 PM  1000     35114    1.00    1.00    0.00    0.00    2.00     5  listener
12:10:44 PM  1000     35117    1.00    0.00    0.00    0.00    1.00     0  listener
12:10:44 PM  1000     35128    0.00    2.00    0.00    0.00    2.00     1  listener
12:10:44 PM  1000     35164    1.00    1.00    0.00    0.00    2.00     6  listener
12:10:44 PM  1000     35230    1.00    1.00    0.00    0.00    2.00     3  listener
12:10:44 PM  1000     35232    0.00    1.00    0.00    0.00    1.00    14  listener
12:10:44 PM  1000     35234    1.00    1.00    0.00    0.00    2.00     0  listener
12:10:44 PM  1000     35246    0.00    0.00    0.00    0.00    0.00    18  listener
12:10:44 PM  1000     35275    1.00    1.00    0.00    0.00    2.00    17  listener
12:10:44 PM  1000     35281    0.00    1.00    0.00    0.00    1.00     3  listener
12:10:44 PM  1000     35296    0.00    1.00    0.00    0.00    1.00    19  listener
12:10:44 PM  1000     35307    1.00    1.00    0.00    0.00    2.00    19  listener
12:10:44 PM  1000     35327    1.00    0.00    0.00    0.00    1.00    13  listener
12:10:44 PM  1000     35347    0.00    2.00    0.00    0.00    2.00     5  listener
12:10:44 PM  1000     35358    1.00    1.00    0.00    0.00    2.00    13  listener
12:10:44 PM  1000     35369    1.00    1.00    0.00    0.00    2.00     6  listener
12:10:44 PM  1000     35389    1.00    0.00    0.00    0.00    1.00    11  listener
12:10:44 PM  1000     35409    1.00    0.00    0.00    0.00    1.00     1  listener
12:10:44 PM  1000     35428    1.00    1.00    0.00    0.00    2.00    12  listener
12:10:44 PM  1000     35432    1.00    0.00    0.00    0.00    1.00    15  listener
12:10:44 PM  1000     35434    1.00    0.00    0.00    0.00    1.00    17  listener
12:10:44 PM  1000     35445    1.00    0.00    0.00    0.00    1.00     9  listener
12:10:44 PM  1000     35467    1.00    1.00    0.00    0.00    2.00    16  listener
12:10:44 PM  1000     35487    1.00    0.00    0.00    0.00    1.00    19  listener
12:10:44 PM  1000     35524    1.00    1.00    0.00    0.00    2.00    10  listener
12:10:44 PM  1000     35544    1.00    1.00    0.00    0.00    2.00     5  listener
12:10:44 PM  1000     35546    2.00    0.00    0.00    0.00    2.00    12  listener
12:10:44 PM  1000     35558    0.00    2.00    0.00    0.00    2.00     6  listener
12:10:44 PM  1000     35578    1.00    1.00    0.00    0.00    2.00    10  listener
12:10:44 PM  1000     35598    1.00    1.00    0.00    0.00    2.00     5  listener
12:10:44 PM  1000     35629    1.00    1.00    0.00    0.00    2.00    12  listener
12:10:44 PM  1000     35641    2.00    1.00    0.00    0.00    3.00    18  listener
12:10:44 PM  1000     35651    1.00    1.00    0.00    0.00    2.00     6  listener
12:10:44 PM  1000     35673    1.00    1.00    0.00    0.00    2.00     6  listener
12:10:44 PM  1000     35701    1.00    1.00    0.00    0.00    2.00     6  listener
12:10:44 PM  1000     35703    1.00    1.00    0.00    0.00    2.00     5  listener
12:10:44 PM  1000     35723    0.00    1.00    0.00    0.00    1.00     8  listener
12:10:44 PM  1000     35734    1.00    1.00    0.00    0.00    2.00     2  listener
12:10:44 PM  1000     35745    1.00    1.00    0.00    0.00    2.00     9  listener
12:10:44 PM  1000     35764    1.00    0.00    0.00    0.00    1.00    11  listener
12:10:44 PM  1000     35777    0.00    2.00    0.00    0.00    2.00     2  listener
12:10:44 PM  1000     35787    0.00    1.00    0.00    0.00    1.00    13  listener
12:10:44 PM  1000     35825    1.00    1.00    0.00    0.00    2.00    19  listener
12:10:44 PM  1000     35827    0.00    1.00    0.00    0.00    1.00    18  listener
12:10:44 PM  1000     35829    0.00    1.00    0.00    0.00    1.00     3  listener
12:10:44 PM  1000     35858    1.00    1.00    0.00    0.00    2.00    10  listener
12:10:44 PM  1000     35905    0.00    1.00    0.00    0.00    1.00    19  listener
12:10:44 PM  1000     35916    0.00    1.00    0.00    0.00    1.00     2  listener
12:10:44 PM  1000     35918    1.00    1.00    0.00    0.00    2.00     3  listener
12:10:44 PM  1000     35956    1.00    1.00    0.00    0.00    2.00     1  listener
12:10:44 PM  1000     36003    2.00    0.00    0.00    0.00    2.00    10  listener

12:10:44 PM   UID       PID    %usr %system  %guest   %wait    %CPU   CPU  Command
12:10:45 PM  1000     33667    0.00    1.00    0.00    0.00    1.00    14  listener
12:10:45 PM  1000     33669    0.00    0.00    0.00    0.00    0.00     0  listener
12:10:45 PM  1000     33671    1.00    1.00    0.00    0.00    2.00    15  listener
12:10:45 PM  1000     33673    1.00    1.00    0.00    0.00    2.00     2  listener
12:10:45 PM  1000     33675    1.00    0.00    0.00    0.00    1.00    13  listener
12:10:45 PM  1000     33677    1.00    1.00    0.00    0.00    2.00     6  listener
12:10:45 PM  1000     33679    1.00    1.00    0.00    0.00    2.00    16  listener
12:10:45 PM  1000     33681    1.00    0.00    0.00    0.00    1.00    17  listener
12:10:45 PM  1000     33683    1.00    0.00    0.00    0.00    1.00     0  listener
12:10:45 PM  1000     33685    0.00    1.00    0.00    0.00    1.00     2  listener
12:10:45 PM  1000     33687    1.00    1.00    0.00    0.00    2.00    15  listener
12:10:45 PM  1000     33689    0.00    0.00    0.00    0.00    0.00    13  listener
12:10:45 PM  1000     33692    0.00    0.00    0.00    0.00    0.00     0  listener
12:10:45 PM  1000     33702    1.00    0.00    0.00    0.00    1.00     5  listener
12:10:45 PM  1000     33704    1.00    0.00    0.00    0.00    1.00     8  listener
12:10:45 PM  1000     33706    1.00    0.00    0.00    0.00    1.00    18  listener
12:10:45 PM  1000     33711    1.00    0.00    0.00    0.00    1.00     6  listener
12:10:45 PM  1000     33797    0.00    0.00    0.00    0.00    0.00    17  listener
12:10:45 PM  1000     33882    1.00    1.00    0.00    0.00    2.00     6  listener
12:10:45 PM  1000     33885    0.00    1.00    0.00    0.00    1.00    13  listener
12:10:45 PM  1000     33903    0.00    0.00    0.00    0.00    0.00     7  listener
12:10:45 PM  1000     33970    0.00    1.00    0.00    0.00    1.00    12  listener
12:10:45 PM  1000     33972    0.00    0.00    0.00    0.00    0.00     1  listener
12:10:45 PM  1000     33974    1.00    1.00    0.00    0.00    2.00    19  listener
12:10:45 PM  1000     34012    1.00    0.00    0.00    0.00    1.00     2  listener
12:10:45 PM  1000     34041    1.00    1.00    0.00    0.00    2.00     2  listener
12:10:45 PM  1000     34070    0.00    1.00    0.00    0.00    1.00    10  listener
12:10:45 PM  1000     34081    1.00    0.00    0.00    0.00    1.00    12  listener
12:10:45 PM  1000     34092    1.00    0.00    0.00    0.00    1.00     1  listener
12:10:45 PM  1000     34094    1.00    0.00    0.00    0.00    1.00    16  listener
12:10:45 PM  1000     34096    1.00    0.00    0.00    0.00    1.00     1  listener
12:10:45 PM  1000     34098    0.00    0.00    0.00    0.00    0.00    10  listener
12:10:45 PM  1000     34100    0.00    1.00    0.00    0.00    1.00    16  listener
12:10:45 PM  1000     34129    0.00    1.00    0.00    0.00    1.00     3  listener
12:10:45 PM  1000     34184    0.00    0.00    0.00    0.00    0.00     3  listener
12:10:45 PM  1000     34241    1.00    0.00    0.00    0.00    1.00     6  listener
12:10:45 PM  1000     34261    0.00    0.00    0.00    0.00    0.00    11  listener
12:10:45 PM  1000     34281    0.00    1.00    0.00    0.00    1.00    12  listener
12:10:45 PM  1000     34318    1.00    0.00    0.00    0.00    1.00     6  listener
12:10:45 PM  1000     34348    1.00    0.00    0.00    0.00    1.00    14  listener
12:10:45 PM  1000     34377    0.00    0.00    0.00    0.00    0.00     9  listener
12:10:45 PM  1000     34389    0.00    0.00    0.00    0.00    0.00    15  listener
12:10:45 PM  1000     34402    1.00    0.00    0.00    0.00    1.00     7  listener
12:10:45 PM  1000     34440    0.00    1.00    0.00    0.00    1.00    14  listener
12:10:45 PM  1000     34469    1.00    1.00    0.00    0.00    2.00    19  listener
12:10:45 PM  1000     34480    1.00    0.00    0.00    0.00    1.00    12  listener
12:10:45 PM  1000     34491    1.00    0.00    0.00    0.00    1.00    15  listener
12:10:45 PM  1000     34504    1.00    1.00    0.00    0.00    2.00     7  listener
12:10:45 PM  1000     34541    1.00    0.00    0.00    0.00    1.00     0  listener
12:10:45 PM  1000     34588    1.00    0.00    0.00    0.00    1.00    15  listener
12:10:45 PM  1000     34590    0.00    1.00    0.00    0.00    1.00    12  listener
12:10:45 PM  1000     34603    0.00    0.00    0.00    0.00    0.00    11  listener
12:10:45 PM  1000     34623    1.00    1.00    0.00    0.00    2.00    17  listener
12:10:45 PM  1000     34642    1.00    0.00    0.00    0.00    1.00     5  listener
12:10:45 PM  1000     34645    1.00    0.00    0.00    0.00    1.00     3  listener
12:10:45 PM  1000     34684    1.00    0.00    0.00    0.00    1.00    14  listener
12:10:45 PM  1000     34712    1.00    0.00    0.00    0.00    1.00     1  listener
12:10:45 PM  1000     34721    1.00    0.00    0.00    0.00    1.00    10  listener
12:10:45 PM  1000     34784    1.00    1.00    0.00    0.00    2.00     6  listener
12:10:45 PM  1000     34790    1.00    0.00    0.00    0.00    1.00    18  listener
12:10:45 PM  1000     34800    1.00    0.00    0.00    0.00    1.00     0  listener
12:10:45 PM  1000     34803    1.00    0.00    0.00    0.00    1.00     8  listener
12:10:45 PM  1000     34805    1.00    0.00    0.00    0.00    1.00    16  listener
12:10:45 PM  1000     34816    1.00    0.00    0.00    0.00    1.00     0  listener
12:10:45 PM  1000     34855    1.00    0.00    0.00    0.00    1.00     9  listener
12:10:45 PM  1000     34874    1.00    0.00    0.00    0.00    1.00    17  listener
12:10:45 PM  1000     34876    0.00    1.00    0.00    0.00    1.00    10  listener
12:10:45 PM  1000     34932    1.00    0.00    0.00    0.00    1.00     0  listener
12:10:45 PM  1000     34934    0.00    0.00    0.00    0.00    0.00     1  listener
12:10:45 PM  1000     34936    1.00    1.00    0.00    0.00    2.00     0  listener
12:10:45 PM  1000     34939    0.00    0.00    0.00    0.00    0.00    12  listener
12:10:45 PM  1000     34962    1.00    0.00    0.00    0.00    1.00     7  listener
12:10:45 PM  1000     34965    0.00    1.00    0.00    0.00    1.00    13  listener
12:10:45 PM  1000     35034    1.00    0.00    0.00    0.00    1.00     1  listener
12:10:45 PM  1000     35036    0.00    1.00    0.00    0.00    1.00     5  listener
12:10:45 PM  1000     35047    0.00    0.00    0.00    0.00    0.00     8  listener
12:10:45 PM  1000     35068    1.00    1.00    0.00    0.00    2.00    10  listener
12:10:45 PM  1000     35114    0.00    0.00    0.00    0.00    0.00    18  listener
12:10:45 PM  1000     35117    1.00    1.00    0.00    0.00    2.00     6  listener
12:10:45 PM  1000     35128    0.00    1.00    0.00    0.00    1.00     0  listener
12:10:45 PM  1000     35164    0.00    0.00    0.00    0.00    0.00    14  listener
12:10:45 PM  1000     35230    0.00    0.00    0.00    0.00    0.00     5  listener
12:10:45 PM  1000     35232    1.00    1.00    0.00    0.00    2.00    15  listener
12:10:45 PM  1000     35234    1.00    0.00    0.00    0.00    1.00    10  listener
12:10:45 PM  1000     35246    1.00    1.00    0.00    0.00    2.00     0  listener
12:10:45 PM  1000     35275    0.00    0.00    0.00    0.00    0.00     5  listener
12:10:45 PM  1000     35281    1.00    0.00    0.00    0.00    1.00    12  listener
12:10:45 PM  1000     35296    0.00    1.00    0.00    0.00    1.00    18  listener
12:10:45 PM  1000     35307    0.00    1.00    0.00    0.00    1.00    18  listener
12:10:45 PM  1000     35327    1.00    1.00    0.00    0.00    2.00     3  listener
12:10:45 PM  1000     35347    1.00    0.00    0.00    0.00    1.00    14  listener
12:10:45 PM  1000     35358    0.00    1.00    0.00    0.00    1.00    14  listener
12:10:45 PM  1000     35369    1.00    0.00    0.00    0.00    1.00    19  listener
12:10:45 PM  1000     35389    0.00    1.00    0.00    0.00    1.00    13  listener
12:10:45 PM  1000     35409    0.00    1.00    0.00    0.00    1.00     1  listener
12:10:45 PM  1000     35428    1.00    0.00    0.00    0.00    1.00     8  listener
12:10:45 PM  1000     35432    0.00    0.00    0.00    0.00    0.00    11  listener
12:10:45 PM  1000     35434    1.00    0.00    0.00    0.00    1.00    17  listener
12:10:45 PM  1000     35445    0.00    1.00    0.00    0.00    1.00    10  listener
12:10:45 PM  1000     35467    1.00    1.00    0.00    0.00    2.00     0  listener
12:10:45 PM  1000     35487    1.00    1.00    0.00    0.00    2.00     9  listener
12:10:45 PM  1000     35524    0.00    0.00    0.00    0.00    0.00    16  listener
12:10:45 PM  1000     35544    1.00    0.00    0.00    0.00    1.00     0  listener
12:10:45 PM  1000     35546    1.00    0.00    0.00    0.00    1.00    12  listener
12:10:45 PM  1000     35558    0.00    1.00    0.00    0.00    1.00    16  listener
12:10:45 PM  1000     35578    0.00    0.00    0.00    0.00    0.00    10  listener
12:10:45 PM  1000     35598    1.00    0.00    0.00    0.00    1.00     1  listener
12:10:45 PM  1000     35629    1.00    0.00    0.00    0.00    1.00     9  listener
12:10:45 PM  1000     35641    0.00    0.00    0.00    0.00    0.00     6  listener
12:10:45 PM  1000     35651    1.00    0.00    0.00    0.00    1.00     1  listener
12:10:45 PM  1000     35673    1.00    1.00    0.00    0.00    2.00    16  listener
12:10:45 PM  1000     35701    1.00    0.00    0.00    0.00    1.00     8  listener
12:10:45 PM  1000     35703    1.00    0.00    0.00    1.00    1.00    11  listener
12:10:45 PM  1000     35723    1.00    1.00    0.00    0.00    2.00     1  listener
12:10:45 PM  1000     35734    0.00    0.00    0.00    0.00    0.00     2  listener
12:10:45 PM  1000     35745    1.00    0.00    0.00    0.00    1.00    17  listener
12:10:45 PM  1000     35764    1.00    0.00    0.00    0.00    1.00    12  listener
12:10:45 PM  1000     35777    1.00    0.00    0.00    0.00    1.00     2  listener
12:10:45 PM  1000     35787    1.00    0.00    0.00    0.00    1.00    18  listener
12:10:45 PM  1000     35825    1.00    1.00    0.00    0.00    2.00     0  listener
12:10:45 PM  1000     35827    0.00    0.00    0.00    0.00    0.00    12  listener
12:10:45 PM  1000     35829    1.00    0.00    0.00    0.00    1.00    18  listener
12:10:45 PM  1000     35858    1.00    0.00    0.00    0.00    1.00    12  listener
12:10:45 PM  1000     35905    1.00    1.00    0.00    0.00    2.00    15  listener
12:10:45 PM  1000     35916    1.00    1.00    0.00    0.00    2.00    13  listener
12:10:45 PM  1000     35918    1.00    0.00    0.00    0.00    1.00     1  listener
12:10:45 PM  1000     35956    1.00    0.00    0.00    0.00    1.00     7  listener
12:10:45 PM  1000     36003    1.00    0.00    0.00    0.00    1.00     6  listener

Average:      UID       PID    %usr %system  %guest   %wait    %CPU   CPU  Command
Average:     1000     33667    0.30    0.97    0.00    0.00    1.27     -  listener
Average:     1000     33669    0.62    0.55    0.00    0.02    1.17     -  listener
Average:     1000     33671    0.62    0.63    0.00    0.02    1.25     -  listener
Average:     1000     33673    0.68    0.65    0.00    0.00    1.33     -  listener
Average:     1000     33675    0.62    0.60    0.00    0.00    1.22     -  listener
Average:     1000     33677    0.45    0.92    0.00    0.00    1.37     -  listener
Average:     1000     33679    0.63    0.57    0.00    0.02    1.20     -  listener
Average:     1000     33681    0.58    0.60    0.00    0.02    1.18     -  listener
Average:     1000     33683    0.33    0.95    0.00    0.00    1.28     -  listener
Average:     1000     33685    0.60    0.58    0.00    0.00    1.18     -  listener
Average:     1000     33687    0.62    0.57    0.00    0.02    1.18     -  listener
Average:     1000     33689    0.65    0.65    0.00    0.00    1.30     -  listener
Average:     1000     33692    0.63    0.50    0.00    0.02    1.13     -  listener
Average:     1000     33702    0.45    0.93    0.00    0.02    1.38     -  listener
Average:     1000     33704    0.50    0.70    0.00    0.02    1.20     -  listener
Average:     1000     33706    0.55    0.65    0.00    0.02    1.20     -  listener
Average:     1000     33711    0.50    0.75    0.00    0.00    1.25     -  listener
Average:     1000     33797    0.62    0.58    0.00    0.02    1.20     -  listener
Average:     1000     33882    0.70    0.50    0.00    0.02    1.20     -  listener
Average:     1000     33885    0.68    0.63    0.00    0.02    1.32     -  listener
Average:     1000     33903    0.57    0.57    0.00    0.00    1.13     -  listener
Average:     1000     33970    0.45    0.95    0.00    0.02    1.40     -  listener
Average:     1000     33972    0.63    0.52    0.00    0.02    1.15     -  listener
Average:     1000     33974    0.65    0.65    0.00    0.02    1.30     -  listener
Average:     1000     34012    0.52    0.72    0.00    0.00    1.23     -  listener
Average:     1000     34041    0.65    0.57    0.00    0.02    1.22     -  listener
Average:     1000     34070    0.58    0.65    0.00    0.02    1.23     -  listener
Average:     1000     34081    0.70    0.60    0.00    0.02    1.30     -  listener
Average:     1000     34092    0.55    0.55    0.00    0.02    1.10     -  listener
Average:     1000     34094    0.48    0.95    0.00    0.02    1.43     -  listener
Average:     1000     34096    0.67    0.58    0.00    0.00    1.25     -  listener
Average:     1000     34098    0.58    0.70    0.00    0.00    1.28     -  listener
Average:     1000     34100    0.25    1.03    0.00    0.02    1.28     -  listener
Average:     1000     34129    0.53    0.67    0.00    0.02    1.20     -  listener
Average:     1000     34184    0.67    0.57    0.00    0.02    1.23     -  listener
Average:     1000     34241    0.70    0.62    0.00    0.02    1.32     -  listener
Average:     1000     34261    0.67    0.53    0.00    0.02    1.20     -  listener
Average:     1000     34281    0.57    0.73    0.00    0.02    1.30     -  listener
Average:     1000     34318    0.62    0.63    0.00    0.02    1.25     -  listener
Average:     1000     34348    0.55    0.62    0.00    0.02    1.17     -  listener
Average:     1000     34377    0.38    0.82    0.00    0.00    1.20     -  listener
Average:     1000     34389    0.55    0.58    0.00    0.02    1.13     -  listener
Average:     1000     34402    0.70    0.43    0.00    0.02    1.13     -  listener
Average:     1000     34440    0.77    0.57    0.00    0.00    1.33     -  listener
Average:     1000     34469    0.63    0.57    0.00    0.02    1.20     -  listener
Average:     1000     34480    0.48    0.95    0.00    0.00    1.43     -  listener
Average:     1000     34491    0.60    0.67    0.00    0.00    1.27     -  listener
Average:     1000     34504    0.67    0.62    0.00    0.02    1.28     -  listener
Average:     1000     34541    0.45    0.77    0.00    0.02    1.22     -  listener
Average:     1000     34588    0.65    0.55    0.00    0.00    1.20     -  listener
Average:     1000     34590    0.62    0.60    0.00    0.02    1.22     -  listener
Average:     1000     34603    0.62    0.57    0.00    0.02    1.18     -  listener
Average:     1000     34623    0.58    0.57    0.00    0.00    1.15     -  listener
Average:     1000     34642    0.58    0.72    0.00    0.00    1.30     -  listener
Average:     1000     34645    0.70    0.52    0.00    0.02    1.22     -  listener
Average:     1000     34684    0.63    0.60    0.00    0.00    1.23     -  listener
Average:     1000     34712    0.30    0.98    0.00    0.02    1.28     -  listener
Average:     1000     34721    0.62    0.53    0.00    0.02    1.15     -  listener
Average:     1000     34784    0.65    0.53    0.00    0.00    1.18     -  listener
Average:     1000     34790    0.73    0.57    0.00    0.02    1.30     -  listener
Average:     1000     34800    0.62    0.50    0.00    0.02    1.12     -  listener
Average:     1000     34803    0.52    0.90    0.00    0.00    1.42     -  listener
Average:     1000     34805    0.65    0.60    0.00    0.02    1.25     -  listener
Average:     1000     34816    0.55    0.70    0.00    0.00    1.25     -  listener
Average:     1000     34855    0.35    0.95    0.00    0.00    1.30     -  listener
Average:     1000     34874    0.55    0.65    0.00    0.02    1.20     -  listener
Average:     1000     34876    0.68    0.55    0.00    0.02    1.23     -  listener
Average:     1000     34932    0.77    0.55    0.00    0.02    1.32     -  listener
Average:     1000     34934    0.63    0.53    0.00    0.00    1.17     -  listener
Average:     1000     34936    0.48    0.95    0.00    0.00    1.43     -  listener
Average:     1000     34939    0.60    0.62    0.00    0.02    1.22     -  listener
Average:     1000     34962    0.50    0.78    0.00    0.00    1.28     -  listener
Average:     1000     34965    0.23    1.05    0.00    0.02    1.28     -  listener
Average:     1000     35034    0.58    0.57    0.00    0.02    1.15     -  listener
Average:     1000     35036    0.65    0.60    0.00    0.00    1.25     -  listener
Average:     1000     35047    0.73    0.48    0.00    0.00    1.22     -  listener
Average:     1000     35068    0.55    0.63    0.00    0.02    1.18     -  listener
Average:     1000     35114    0.48    0.82    0.00    0.02    1.30     -  listener
Average:     1000     35117    0.63    0.60    0.00    0.00    1.23     -  listener
Average:     1000     35128    0.52    0.73    0.00    0.02    1.25     -  listener
Average:     1000     35164    0.30    0.97    0.00    0.02    1.27     -  listener
Average:     1000     35230    0.60    0.58    0.00    0.02    1.18     -  listener
Average:     1000     35232    0.68    0.55    0.00    0.02    1.23     -  listener
Average:     1000     35234    0.75    0.57    0.00    0.00    1.32     -  listener
Average:     1000     35246    0.53    0.67    0.00    0.00    1.20     -  listener
Average:     1000     35275    0.63    0.78    0.00    0.00    1.42     -  listener
Average:     1000     35281    0.70    0.57    0.00    0.02    1.27     -  listener
Average:     1000     35296    0.47    0.78    0.00    0.00    1.25     -  listener
Average:     1000     35307    0.52    0.77    0.00    0.02    1.28     -  listener
Average:     1000     35327    0.58    0.60    0.00    0.00    1.18     -  listener
Average:     1000     35347    0.58    0.62    0.00    0.02    1.20     -  listener
Average:     1000     35358    0.70    0.63    0.00    0.02    1.33     -  listener
Average:     1000     35369    0.55    0.62    0.00    0.02    1.17     -  listener
Average:     1000     35389    0.53    0.88    0.00    0.02    1.42     -  listener
Average:     1000     35409    0.62    0.63    0.00    0.02    1.25     -  listener
Average:     1000     35428    0.62    0.62    0.00    0.00    1.23     -  listener
Average:     1000     35432    0.27    0.95    0.00    0.02    1.22     -  listener
Average:     1000     35434    0.62    0.63    0.00    0.00    1.25     -  listener
Average:     1000     35445    0.67    0.60    0.00    0.02    1.27     -  listener
Average:     1000     35467    0.73    0.63    0.00    0.02    1.37     -  listener
Average:     1000     35487    0.68    0.52    0.00    0.00    1.20     -  listener
Average:     1000     35524    0.55    0.85    0.00    0.02    1.40     -  listener
Average:     1000     35544    0.72    0.60    0.00    0.00    1.32     -  listener
Average:     1000     35546    0.55    0.72    0.00    0.00    1.27     -  listener
Average:     1000     35558    0.30    1.02    0.00    0.00    1.32     -  listener
Average:     1000     35578    0.47    0.67    0.00    0.02    1.13     -  listener
Average:     1000     35598    0.72    0.55    0.00    0.00    1.27     -  listener
Average:     1000     35629    0.73    0.52    0.00    0.00    1.25     -  listener
Average:     1000     35641    0.60    0.65    0.00    0.02    1.25     -  listener
Average:     1000     35651    0.42    1.02    0.00    0.02    1.43     -  listener
Average:     1000     35673    0.70    0.65    0.00    0.00    1.35     -  listener
Average:     1000     35701    0.63    0.62    0.00    0.00    1.25     -  listener
Average:     1000     35703    0.33    0.95    0.00    0.02    1.28     -  listener
Average:     1000     35723    0.53    0.67    0.00    0.02    1.20     -  listener
Average:     1000     35734    0.60    0.58    0.00    0.02    1.18     -  listener
Average:     1000     35745    0.72    0.62    0.00    0.00    1.33     -  listener
Average:     1000     35764    0.62    0.60    0.00    0.02    1.22     -  listener
Average:     1000     35777    0.48    0.85    0.00    0.02    1.33     -  listener
Average:     1000     35787    0.65    0.62    0.00    0.00    1.27     -  listener
Average:     1000     35825    0.68    0.63    0.00    0.02    1.32     -  listener
Average:     1000     35827    0.37    0.88    0.00    0.02    1.25     -  listener
Average:     1000     35829    0.57    0.62    0.00    0.02    1.18     -  listener
Average:     1000     35858    0.60    0.63    0.00    0.00    1.23     -  listener
Average:     1000     35905    0.72    0.58    0.00    0.00    1.30     -  listener
Average:     1000     35916    0.63    0.55    0.00    0.02    1.18     -  listener
Average:     1000     35918    0.53    0.90    0.00    0.00    1.43     -  listener
Average:     1000     35956    0.58    0.67    0.00    0.00    1.25     -  listener
Average:     1000     36003    0.65    0.68    0.00    0.00    1.33     -  listener
