Linux 6.5.0-44-generic (npc2408016) 	07/01/2025 	_x86_64_	(22 CPU)

12:00:22 PM   UID       PID    %usr %system  %guest   %wait    %CPU   CPU  Command
12:00:23 PM  1000     28697    0.00    0.00    0.00    0.00    0.00    14  listener
12:00:23 PM  1000     28699    1.00    1.00    0.00    0.00    2.00     8  listener
12:00:23 PM  1000     28701    0.00    0.00    0.00    0.00    0.00    10  listener
12:00:23 PM  1000     28703    1.00    0.00    0.00    0.00    1.00     3  listener
12:00:23 PM  1000     28705    1.00    1.00    0.00    0.00    2.00     3  listener
12:00:23 PM  1000     28707    1.00    0.00    0.00    0.00    1.00    17  listener
12:00:23 PM  1000     28709    1.00    0.00    0.00    0.00    1.00     4  listener
12:00:23 PM  1000     28711    1.00    0.00    0.00    0.00    1.00     4  listener
12:00:23 PM  1000     28713    1.00    0.00    0.00    0.00    1.00     3  listener
12:00:23 PM  1000     28715    0.00    0.00    0.00    0.00    0.00    18  listener
12:00:23 PM  1000     28717    0.00    0.00    0.00    0.00    0.00    15  listener
12:00:23 PM  1000     28719    1.00    0.00    0.00    0.00    1.00     3  listener
12:00:23 PM  1000     28721    0.00    1.00    0.00    0.00    1.00     1  listener
12:00:23 PM  1000     28723    0.00    0.00    0.00    0.00    0.00     3  listener
12:00:23 PM  1000     28725    0.00    1.00    0.00    0.00    1.00     8  listener
12:00:23 PM  1000     28727    0.00    1.00    0.00    0.00    1.00    16  listener
12:00:23 PM  1000     28729    0.00    0.00    0.00    0.00    0.00    15  listener
12:00:23 PM  1000     28731    1.00    0.00    0.00    0.00    1.00     1  listener
12:00:23 PM  1000     28743    1.00    0.00    0.00    0.00    1.00     4  listener
12:00:23 PM  1000     28772    1.00    0.00    0.00    0.00    1.00     6  listener
12:00:23 PM  1000     28815    0.00    0.00    0.00    0.00    0.00     1  listener
12:00:23 PM  1000     28891    0.00    0.00    0.00    0.00    0.00    19  listener
12:00:23 PM  1000     28967    0.00    0.00    0.00    0.00    0.00    13  listener
12:00:23 PM  1000     29038    0.00    0.00    0.00    0.00    0.00     8  listener
12:00:23 PM  1000     29041    0.00    0.00    0.00    0.00    0.00     1  listener
12:00:23 PM  1000     29049    1.00    0.00    0.00    0.00    1.00     1  listener
12:00:23 PM  1000     29073    0.00    1.00    0.00    0.00    1.00     0  listener
12:00:23 PM  1000     29075    0.00    1.00    0.00    0.00    1.00    10  listener
12:00:23 PM  1000     29086    0.00    0.00    0.00    0.00    0.00     4  listener
12:00:23 PM  1000     29097    1.00    0.00    0.00    0.00    1.00    13  listener
12:00:23 PM  1000     29126    0.00    0.00    0.00    0.00    0.00    13  listener
12:00:23 PM  1000     29138    1.00    1.00    0.00    0.00    2.00     3  listener
12:00:23 PM  1000     29145    0.00    1.00    0.00    0.00    1.00     3  listener
12:00:23 PM  1000     29147    0.00    0.00    0.00    0.00    0.00    15  listener
12:00:23 PM  1000     29197    0.00    0.00    0.00    0.00    0.00     4  listener
12:00:23 PM  1000     29243    1.00    0.00    0.00    0.00    1.00     1  listener
12:00:23 PM  1000     29255    0.00    0.00    0.00    0.00    0.00    19  listener
12:00:23 PM  1000     29300    1.00    0.00    0.00    0.00    1.00    13  listener
12:00:23 PM  1000     29313    1.00    0.00    0.00    0.00    1.00     4  listener
12:00:23 PM  1000     29369    1.00    0.00    0.00    0.00    1.00     2  listener
12:00:23 PM  1000     29389    1.00    1.00    0.00    0.00    2.00    10  listener
12:00:23 PM  1000     29418    1.00    1.00    0.00    0.00    2.00    13  listener
12:00:23 PM  1000     29439    0.00    1.00    0.00    0.00    1.00     0  listener
12:00:23 PM  1000     29442    0.00    1.00    0.00    0.00    1.00    17  listener
12:00:23 PM  1000     29444    0.00    0.00    0.00    0.00    0.00     6  listener
12:00:23 PM  1000     29446    1.00    0.00    0.00    0.00    1.00    12  listener
12:00:23 PM  1000     29498    0.00    0.00    0.00    0.00    0.00    15  listener
12:00:23 PM  1000     29520    1.00    0.00    0.00    0.00    1.00     6  listener
12:00:23 PM  1000     29549    0.00    0.00    0.00    0.00    0.00     1  listener
12:00:23 PM  1000     29551    0.00    1.00    0.00    0.00    1.00     1  listener
12:00:23 PM  1000     29560    0.00    0.00    0.00    0.00    0.00     6  listener
12:00:23 PM  1000     29573    0.00    0.00    0.00    0.00    0.00    10  listener
12:00:23 PM  1000     29584    0.00    1.00    0.00    0.00    1.00     8  listener
12:00:23 PM  1000     29604    1.00    1.00    0.00    0.00    2.00    13  listener
12:00:23 PM  1000     29607    0.00    0.00    0.00    0.00    0.00     0  listener
12:00:23 PM  1000     29644    1.00    0.00    0.00    0.00    1.00     6  listener
12:00:23 PM  1000     29646    0.00    1.00    0.00    0.00    1.00     1  listener
12:00:23 PM  1000     29657    0.00    1.00    0.00    0.00    1.00     5  listener
12:00:23 PM  1000     29731    0.00    0.00    0.00    0.00    0.00     1  listener
12:00:23 PM  1000     29778    1.00    0.00    0.00    0.00    1.00    12  listener
12:00:23 PM  1000     29780    1.00    1.00    0.00    0.00    2.00     0  listener
12:00:23 PM  1000     29791    0.00    0.00    0.00    0.00    0.00    12  listener
12:00:23 PM  1000     29810    1.00    0.00    0.00    0.00    1.00     3  listener
12:00:23 PM  1000     29866    0.00    1.00    0.00    0.00    1.00    19  listener

12:00:23 PM   UID       PID    %usr %system  %guest   %wait    %CPU   CPU  Command
12:00:24 PM  1000     28697    1.00    1.00    0.00    0.00    2.00     3  listener
12:00:24 PM  1000     28699    0.00    0.00    0.00    0.00    0.00    12  listener
12:00:24 PM  1000     28701    1.00    0.00    0.00    0.00    1.00     0  listener
12:00:24 PM  1000     28703    0.00    1.00    0.00    0.00    1.00    11  listener
12:00:24 PM  1000     28705    0.00    0.00    0.00    0.00    0.00     1  listener
12:00:24 PM  1000     28707    0.00    1.00    0.00    0.00    1.00     8  listener
12:00:24 PM  1000     28709    0.00    1.00    0.00    0.00    1.00     2  listener
12:00:24 PM  1000     28711    1.00    1.00    0.00    0.00    2.00     4  listener
12:00:24 PM  1000     28713    0.00    1.00    0.00    0.00    1.00     0  listener
12:00:24 PM  1000     28715    1.00    1.00    0.00    0.00    2.00     3  listener
12:00:24 PM  1000     28717    1.00    1.00    0.00    0.00    2.00    17  listener
12:00:24 PM  1000     28719    1.00    1.00    0.00    0.00    2.00    12  listener
12:00:24 PM  1000     28721    1.00    0.00    0.00    0.00    1.00     5  listener
12:00:24 PM  1000     28723    1.00    1.00    0.00    0.00    2.00    10  listener
12:00:24 PM  1000     28725    1.00    0.00    0.00    0.00    1.00     6  listener
12:00:24 PM  1000     28727    1.00    0.00    0.00    0.00    1.00    12  listener
12:00:24 PM  1000     28729    1.00    1.00    0.00    0.00    2.00    10  listener
12:00:24 PM  1000     28731    0.00    0.00    0.00    0.00    0.00    12  listener
12:00:24 PM  1000     28743    0.00    1.00    0.00    0.00    1.00     5  listener
12:00:24 PM  1000     28772    0.00    1.00    0.00    0.00    1.00    10  listener
12:00:24 PM  1000     28815    0.00    0.00    0.00    0.00    0.00     6  listener
12:00:24 PM  1000     28891    0.00    0.00    0.00    0.00    0.00    10  listener
12:00:24 PM  1000     28967    0.00    1.00    0.00    0.00    1.00     1  listener
12:00:24 PM  1000     29038    1.00    0.00    0.00    0.00    1.00     5  listener
12:00:24 PM  1000     29041    1.00    1.00    0.00    0.00    2.00     3  listener
12:00:24 PM  1000     29049    0.00    1.00    0.00    0.00    1.00     8  listener
12:00:24 PM  1000     29073    0.00    0.00    0.00    0.00    0.00     0  listener
12:00:24 PM  1000     29075    0.00    0.00    0.00    0.00    0.00     5  listener
12:00:24 PM  1000     29086    1.00    0.00    0.00    0.00    1.00     5  listener
12:00:24 PM  1000     29097    0.00    0.00    0.00    0.00    0.00     1  listener
12:00:24 PM  1000     29126    1.00    0.00    0.00    0.00    1.00    10  listener
12:00:24 PM  1000     29138    0.00    0.00    0.00    0.00    0.00     1  listener
12:00:24 PM  1000     29145    1.00    0.00    0.00    0.00    1.00     2  listener
12:00:24 PM  1000     29147    1.00    0.00    0.00    0.00    1.00    15  listener
12:00:24 PM  1000     29197    1.00    0.00    0.00    0.00    1.00    12  listener
12:00:24 PM  1000     29243    1.00    0.00    0.00    0.00    1.00    12  listener
12:00:24 PM  1000     29255    1.00    0.00    0.00    0.00    1.00    16  listener
12:00:24 PM  1000     29300    1.00    0.00    0.00    0.00    1.00     3  listener
12:00:24 PM  1000     29313    0.00    1.00    0.00    0.00    1.00     8  listener
12:00:24 PM  1000     29369    1.00    1.00    0.00    0.00    2.00     5  listener
12:00:24 PM  1000     29389    0.00    0.00    0.00    0.00    0.00    12  listener
12:00:24 PM  1000     29418    1.00    0.00    0.00    0.00    1.00    10  listener
12:00:24 PM  1000     29439    1.00    0.00    0.00    0.00    1.00     0  listener
12:00:24 PM  1000     29442    1.00    0.00    0.00    0.00    1.00     1  listener
12:00:24 PM  1000     29444    1.00    0.00    0.00    0.00    1.00     7  listener
12:00:24 PM  1000     29446    0.00    0.00    0.00    0.00    0.00     0  listener
12:00:24 PM  1000     29498    1.00    1.00    0.00    0.00    2.00     8  listener
12:00:24 PM  1000     29520    1.00    0.00    0.00    0.00    1.00     1  listener
12:00:24 PM  1000     29549    1.00    1.00    0.00    0.00    2.00     9  listener
12:00:24 PM  1000     29551    1.00    0.00    0.00    0.00    1.00    13  listener
12:00:24 PM  1000     29560    1.00    0.00    0.00    0.00    1.00     5  listener
12:00:24 PM  1000     29573    1.00    0.00    0.00    0.00    1.00    10  listener
12:00:24 PM  1000     29584    1.00    0.00    0.00    0.00    1.00    10  listener
12:00:24 PM  1000     29604    0.00    0.00    0.00    0.00    0.00    10  listener
12:00:24 PM  1000     29607    1.00    1.00    0.00    0.00    2.00     1  listener
12:00:24 PM  1000     29644    1.00    0.00    0.00    0.00    1.00    12  listener
12:00:24 PM  1000     29646    1.00    0.00    0.00    0.00    1.00     8  listener
12:00:24 PM  1000     29657    1.00    0.00    0.00    0.00    1.00     3  listener
12:00:24 PM  1000     29731    1.00    0.00    0.00    0.00    1.00     5  listener
12:00:24 PM  1000     29778    1.00    0.00    0.00    0.00    1.00     9  listener
12:00:24 PM  1000     29780    0.00    0.00    0.00    0.00    0.00     3  listener
12:00:24 PM  1000     29791    1.00    0.00    0.00    0.00    1.00     6  listener
12:00:24 PM  1000     29810    0.00    1.00    0.00    0.00    1.00     6  listener
12:00:24 PM  1000     29866    1.00    0.00    0.00    0.00    1.00     5  listener

12:00:24 PM   UID       PID    %usr %system  %guest   %wait    %CPU   CPU  Command
12:00:25 PM  1000     28697    0.00    0.00    0.00    0.00    0.00    12  listener
12:00:25 PM  1000     28699    1.00    0.00    0.00    0.00    1.00     7  listener
12:00:25 PM  1000     28701    0.00    1.00    0.00    0.00    1.00     0  listener
12:00:25 PM  1000     28703    1.00    0.00    0.00    0.00    1.00    11  listener
12:00:25 PM  1000     28705    1.00    0.00    0.00    0.00    1.00     3  listener
12:00:25 PM  1000     28707    1.00    0.00    0.00    0.00    1.00    10  listener
12:00:25 PM  1000     28709    1.00    0.00    0.00    0.00    1.00     4  listener
12:00:25 PM  1000     28711    0.00    0.00    0.00    0.00    0.00     4  listener
12:00:25 PM  1000     28713    1.00    0.00    0.00    0.00    1.00    16  listener
12:00:25 PM  1000     28715    0.00    0.00    0.00    0.00    0.00     3  listener
12:00:25 PM  1000     28717    0.00    0.00    0.00    0.00    0.00     1  listener
12:00:25 PM  1000     28719    0.00    0.00    0.00    0.00    0.00     1  listener
12:00:25 PM  1000     28721    0.00    0.00    0.00    0.00    0.00     1  listener
12:00:25 PM  1000     28723    1.00    0.00    0.00    0.00    1.00    17  listener
12:00:25 PM  1000     28725    0.00    1.00    0.00    0.00    1.00    11  listener
12:00:25 PM  1000     28727    1.00    1.00    0.00    0.00    2.00     1  listener
12:00:25 PM  1000     28729    1.00    0.00    0.00    0.00    1.00    10  listener
12:00:25 PM  1000     28731    1.00    1.00    0.00    0.00    2.00    10  listener
12:00:25 PM  1000     28743    0.00    0.00    0.00    0.00    0.00     4  listener
12:00:25 PM  1000     28772    2.00    0.00    0.00    0.00    2.00    17  listener
12:00:25 PM  1000     28815    1.00    1.00    0.00    0.00    2.00    16  listener
12:00:25 PM  1000     28891    0.00    1.00    0.00    0.00    1.00    10  listener
12:00:25 PM  1000     28967    1.00    0.00    0.00    0.00    1.00     5  listener
12:00:25 PM  1000     29038    1.00    0.00    0.00    0.00    1.00     4  listener
12:00:25 PM  1000     29041    0.00    0.00    0.00    0.00    0.00    13  listener
12:00:25 PM  1000     29049    0.00    0.00    0.00    0.00    0.00    10  listener
12:00:25 PM  1000     29073    1.00    0.00    0.00    0.00    1.00     1  listener
12:00:25 PM  1000     29075    1.00    1.00    0.00    0.00    2.00     5  listener
12:00:25 PM  1000     29086    0.00    1.00    0.00    0.00    1.00     3  listener
12:00:25 PM  1000     29097    0.00    1.00    0.00    0.00    1.00     0  listener
12:00:25 PM  1000     29126    1.00    0.00    0.00    0.00    1.00    10  listener
12:00:25 PM  1000     29138    1.00    1.00    0.00    0.00    2.00    10  listener
12:00:25 PM  1000     29145    0.00    1.00    0.00    0.00    1.00     2  listener
12:00:25 PM  1000     29147    0.00    1.00    0.00    0.00    1.00    17  listener
12:00:25 PM  1000     29197    0.00    1.00    0.00    0.00    1.00    18  listener
12:00:25 PM  1000     29243    1.00    0.00    0.00    0.00    1.00    12  listener
12:00:25 PM  1000     29255    1.00    1.00    0.00    0.00    2.00    10  listener
12:00:25 PM  1000     29300    0.00    1.00    0.00    0.00    1.00     8  listener
12:00:25 PM  1000     29313    1.00    0.00    0.00    0.00    1.00    13  listener
12:00:25 PM  1000     29369    0.00    0.00    0.00    0.00    0.00     5  listener
12:00:25 PM  1000     29389    1.00    1.00    0.00    0.00    2.00    10  listener
12:00:25 PM  1000     29418    0.00    0.00    0.00    0.00    0.00     8  listener
12:00:25 PM  1000     29439    0.00    1.00    0.00    0.00    1.00     0  listener
12:00:25 PM  1000     29442    0.00    1.00    0.00    0.00    1.00    16  listener
12:00:25 PM  1000     29444    0.00    1.00    0.00    0.00    1.00     1  listener
12:00:25 PM  1000     29446    1.00    1.00    0.00    0.00    2.00     0  listener
12:00:25 PM  1000     29498    0.00    0.00    0.00    0.00    0.00    18  listener
12:00:25 PM  1000     29520    1.00    1.00    0.00    0.00    2.00     1  listener
12:00:25 PM  1000     29549    0.00    0.00    0.00    0.00    0.00     3  listener
12:00:25 PM  1000     29551    0.00    0.00    0.00    0.00    0.00     5  listener
12:00:25 PM  1000     29560    0.00    1.00    0.00    0.00    1.00     5  listener
12:00:25 PM  1000     29573    1.00    1.00    0.00    0.00    2.00    12  listener
12:00:25 PM  1000     29584    0.00    0.00    0.00    0.00    0.00     8  listener
12:00:25 PM  1000     29604    1.00    0.00    0.00    0.00    1.00     8  listener
12:00:25 PM  1000     29607    0.00    0.00    0.00    0.00    0.00    12  listener
12:00:25 PM  1000     29644    1.00    1.00    0.00    0.00    2.00     5  listener
12:00:25 PM  1000     29646    0.00    1.00    0.00    0.00    1.00     1  listener
12:00:25 PM  1000     29657    1.00    0.00    0.00    0.00    1.00     3  listener
12:00:25 PM  1000     29731    0.00    1.00    0.00    0.00    1.00    10  listener
12:00:25 PM  1000     29778    1.00    1.00    0.00    0.00    2.00     8  listener
12:00:25 PM  1000     29780    1.00    0.00    0.00    0.00    1.00     3  listener
12:00:25 PM  1000     29791    0.00    0.00    0.00    0.00    0.00     6  listener
12:00:25 PM  1000     29810    1.00    0.00    0.00    0.00    1.00     5  listener
12:00:25 PM  1000     29866    0.00    1.00    0.00    0.00    1.00    10  listener

12:00:25 PM   UID       PID    %usr %system  %guest   %wait    %CPU   CPU  Command
12:00:26 PM  1000     28697    1.00    0.00    0.00    0.00    1.00     6  listener
12:00:26 PM  1000     28699    0.00    0.00    0.00    0.00    0.00     6  listener
12:00:26 PM  1000     28701    1.00    0.00    0.00    0.00    1.00    13  listener
12:00:26 PM  1000     28703    0.00    1.00    0.00    0.00    1.00    11  listener
12:00:26 PM  1000     28705    0.00    1.00    0.00    0.00    1.00     8  listener
12:00:26 PM  1000     28707    1.00    0.00    0.00    0.00    1.00     6  listener
12:00:26 PM  1000     28709    0.00    0.00    0.00    0.00    0.00     4  listener
12:00:26 PM  1000     28711    1.00    1.00    0.00    0.00    2.00     6  listener
12:00:26 PM  1000     28713    1.00    0.00    0.00    0.00    1.00     2  listener
12:00:26 PM  1000     28715    1.00    1.00    0.00    0.00    2.00    16  listener
12:00:26 PM  1000     28717    1.00    1.00    0.00    0.00    2.00     1  listener
12:00:26 PM  1000     28719    1.00    0.00    0.00    0.00    1.00     2  listener
12:00:26 PM  1000     28721    1.00    1.00    0.00    0.00    2.00     1  listener
12:00:26 PM  1000     28723    0.00    0.00    0.00    0.00    0.00     6  listener
12:00:26 PM  1000     28725    1.00    0.00    0.00    0.00    1.00    11  listener
12:00:26 PM  1000     28727    0.00    1.00    0.00    0.00    1.00    17  listener
12:00:26 PM  1000     28729    0.00    0.00    0.00    0.00    0.00    18  listener
12:00:26 PM  1000     28731    0.00    0.00    0.00    0.00    0.00    12  listener
12:00:26 PM  1000     28743    1.00    0.00    0.00    0.00    1.00     4  listener
12:00:26 PM  1000     28772    0.00    0.00    0.00    0.00    0.00    14  listener
12:00:26 PM  1000     28815    0.00    0.00    0.00    0.00    0.00    19  listener
12:00:26 PM  1000     28891    1.00    0.00    0.00    0.00    1.00    14  listener
12:00:26 PM  1000     28967    1.00    0.00    0.00    0.00    1.00     1  listener
12:00:26 PM  1000     29038    1.00    1.00    0.00    1.00    2.00     8  listener
12:00:26 PM  1000     29041    1.00    1.00    0.00    0.00    2.00    10  listener
12:00:26 PM  1000     29049    1.00    0.00    0.00    0.00    1.00     8  listener
12:00:26 PM  1000     29073    1.00    1.00    0.00    0.00    2.00     0  listener
12:00:26 PM  1000     29075    1.00    0.00    0.00    0.00    1.00     6  listener
12:00:26 PM  1000     29086    1.00    0.00    0.00    0.00    1.00     3  listener
12:00:26 PM  1000     29097    1.00    0.00    0.00    0.00    1.00     3  listener
12:00:26 PM  1000     29126    0.00    1.00    0.00    0.00    1.00    12  listener
12:00:26 PM  1000     29138    0.00    0.00    0.00    0.00    0.00     3  listener
12:00:26 PM  1000     29145    1.00    0.00    0.00    0.00    1.00     8  listener
12:00:26 PM  1000     29147    1.00    0.00    0.00    0.00    1.00    10  listener
12:00:26 PM  1000     29197    1.00    0.00    0.00    0.00    1.00    14  listener
12:00:26 PM  1000     29243    1.00    0.00    0.00    0.00    1.00    15  listener
12:00:26 PM  1000     29255    0.00    0.00    0.00    0.00    0.00     5  listener
12:00:26 PM  1000     29300    1.00    0.00    0.00    0.00    1.00     9  listener
12:00:26 PM  1000     29313    0.00    0.00    0.00    0.00    0.00    19  listener
12:00:26 PM  1000     29369    1.00    1.00    0.00    0.00    2.00     5  listener
12:00:26 PM  1000     29389    0.00    0.00    0.00    0.00    0.00    13  listener
12:00:26 PM  1000     29418    1.00    1.00    0.00    0.00    2.00     8  listener
12:00:26 PM  1000     29439    1.00    0.00    0.00    0.00    1.00     8  listener
12:00:26 PM  1000     29442    1.00    1.00    0.00    0.00    2.00     3  listener
12:00:26 PM  1000     29444    1.00    0.00    0.00    0.00    1.00     5  listener
12:00:26 PM  1000     29446    0.00    0.00    0.00    0.00    0.00     0  listener
12:00:26 PM  1000     29498    1.00    1.00    0.00    0.00    2.00     2  listener
12:00:26 PM  1000     29520    1.00    0.00    0.00    0.00    1.00     2  listener
12:00:26 PM  1000     29549    1.00    1.00    0.00    0.00    2.00    10  listener
12:00:26 PM  1000     29551    1.00    1.00    0.00    0.00    2.00    12  listener
12:00:26 PM  1000     29560    1.00    0.00    0.00    0.00    1.00     5  listener
12:00:26 PM  1000     29573    1.00    0.00    0.00    0.00    1.00    16  listener
12:00:26 PM  1000     29584    1.00    1.00    0.00    0.00    2.00     7  listener
12:00:26 PM  1000     29604    0.00    1.00    0.00    0.00    1.00     7  listener
12:00:26 PM  1000     29607    1.00    1.00    0.00    0.00    2.00     3  listener
12:00:26 PM  1000     29644    0.00    0.00    0.00    0.00    0.00     6  listener
12:00:26 PM  1000     29646    0.00    0.00    0.00    0.00    0.00     6  listener
12:00:26 PM  1000     29657    0.00    1.00    0.00    0.00    1.00     6  listener
12:00:26 PM  1000     29731    1.00    1.00    0.00    0.00    2.00     1  listener
12:00:26 PM  1000     29778    0.00    0.00    0.00    0.00    0.00    17  listener
12:00:26 PM  1000     29780    0.00    1.00    0.00    0.00    1.00     1  listener
12:00:26 PM  1000     29791    1.00    1.00    0.00    0.00    2.00     0  listener
12:00:26 PM  1000     29810    0.00    1.00    0.00    0.00    1.00     8  listener
12:00:26 PM  1000     29866    1.00    0.00    0.00    0.00    1.00    12  listener

12:00:26 PM   UID       PID    %usr %system  %guest   %wait    %CPU   CPU  Command
12:00:27 PM  1000     28697    1.00    1.00    0.00    0.00    2.00     8  listener
12:00:27 PM  1000     28699    1.00    1.00    0.00    0.00    2.00    15  listener
12:00:27 PM  1000     28701    0.00    1.00    0.00    0.00    1.00    17  listener
12:00:27 PM  1000     28703    1.00    0.00    0.00    0.00    1.00    13  listener
12:00:27 PM  1000     28705    0.00    0.00    0.00    0.00    0.00    13  listener
12:00:27 PM  1000     28707    0.00    1.00    0.00    0.00    1.00    19  listener
12:00:27 PM  1000     28709    0.00    1.00    0.00    0.00    1.00    18  listener
12:00:27 PM  1000     28711    1.00    0.00    0.00    0.00    1.00     8  listener
12:00:27 PM  1000     28713    0.00    0.00    0.00    0.00    0.00    16  listener
12:00:27 PM  1000     28715    1.00    0.00    0.00    0.00    1.00    17  listener
12:00:27 PM  1000     28717    0.00    0.00    0.00    0.00    0.00     1  listener
12:00:27 PM  1000     28719    0.00    1.00    0.00    0.00    1.00     5  listener
12:00:27 PM  1000     28721    0.00    0.00    0.00    0.00    0.00    14  listener
12:00:27 PM  1000     28723    1.00    1.00    0.00    0.00    2.00     1  listener
12:00:27 PM  1000     28725    0.00    1.00    0.00    0.00    1.00    10  listener
12:00:27 PM  1000     28727    1.00    0.00    0.00    0.00    1.00     1  listener
12:00:27 PM  1000     28729    1.00    1.00    0.00    0.00    2.00     8  listener
12:00:27 PM  1000     28731    1.00    1.00    0.00    0.00    2.00     0  listener
12:00:27 PM  1000     28743    0.00    0.00    0.00    0.00    0.00     4  listener
12:00:27 PM  1000     28772    1.00    1.00    0.00    0.00    2.00    14  listener
12:00:27 PM  1000     28815    1.00    0.00    0.00    0.00    1.00    15  listener
12:00:27 PM  1000     28891    1.00    0.00    0.00    0.00    1.00    19  listener
12:00:27 PM  1000     28967    0.00    1.00    0.00    0.00    1.00     8  listener
12:00:27 PM  1000     29038    0.00    0.00    0.00    0.00    0.00    16  listener
12:00:27 PM  1000     29041    0.00    0.00    0.00    0.00    0.00    10  listener
12:00:27 PM  1000     29049    1.00    0.00    0.00    0.00    1.00    16  listener
12:00:27 PM  1000     29073    0.00    0.00    0.00    0.00    0.00     6  listener
12:00:27 PM  1000     29075    1.00    0.00    0.00    0.00    1.00    12  listener
12:00:27 PM  1000     29086    0.00    1.00    0.00    0.00    1.00     0  listener
12:00:27 PM  1000     29097    0.00    1.00    0.00    0.00    1.00     6  listener
12:00:27 PM  1000     29126    1.00    0.00    0.00    0.00    1.00     0  listener
12:00:27 PM  1000     29138    1.00    1.00    0.00    0.00    2.00     5  listener
12:00:27 PM  1000     29145    0.00    0.00    0.00    0.00    0.00    10  listener
12:00:27 PM  1000     29147    1.00    0.00    0.00    0.00    1.00    12  listener
12:00:27 PM  1000     29197    0.00    1.00    0.00    0.00    1.00     3  listener
12:00:27 PM  1000     29243    1.00    0.00    0.00    0.00    1.00    15  listener
12:00:27 PM  1000     29255    1.00    1.00    0.00    0.00    2.00    14  listener
12:00:27 PM  1000     29300    0.00    0.00    0.00    0.00    0.00     3  listener
12:00:27 PM  1000     29313    1.00    1.00    0.00    0.00    2.00     6  listener
12:00:27 PM  1000     29369    1.00    0.00    0.00    0.00    1.00     6  listener
12:00:27 PM  1000     29389    1.00    1.00    0.00    0.00    2.00     1  listener
12:00:27 PM  1000     29418    0.00    0.00    0.00    0.00    0.00    13  listener
12:00:27 PM  1000     29439    0.00    1.00    0.00    0.00    1.00     8  listener
12:00:27 PM  1000     29442    0.00    0.00    0.00    0.00    0.00    12  listener
12:00:27 PM  1000     29444    0.00    0.00    0.00    0.00    0.00     1  listener
12:00:27 PM  1000     29446    0.00    1.00    0.00    0.00    1.00    19  listener
12:00:27 PM  1000     29498    0.00    0.00    0.00    0.00    0.00     2  listener
12:00:27 PM  1000     29520    1.00    0.00    0.00    0.00    1.00     2  listener
12:00:27 PM  1000     29549    0.00    0.00    0.00    0.00    0.00    13  listener
12:00:27 PM  1000     29551    0.00    0.00    0.00    0.00    0.00     8  listener
12:00:27 PM  1000     29560    0.00    1.00    0.00    0.00    1.00     1  listener
12:00:27 PM  1000     29573    1.00    0.00    0.00    0.00    1.00    16  listener
12:00:27 PM  1000     29584    0.00    0.00    0.00    0.00    0.00    13  listener
12:00:27 PM  1000     29604    0.00    0.00    0.00    0.00    0.00    10  listener
12:00:27 PM  1000     29607    0.00    0.00    0.00    0.00    0.00     5  listener
12:00:27 PM  1000     29644    1.00    0.00    0.00    0.00    1.00     8  listener
12:00:27 PM  1000     29646    1.00    1.00    0.00    0.00    2.00     6  listener
12:00:27 PM  1000     29657    1.00    0.00    0.00    0.00    1.00     3  listener
12:00:27 PM  1000     29731    0.00    0.00    0.00    0.00    0.00     1  listener
12:00:27 PM  1000     29778    1.00    1.00    0.00    0.00    2.00    18  listener
12:00:27 PM  1000     29780    1.00    0.00    0.00    0.00    1.00     6  listener
12:00:27 PM  1000     29791    0.00    0.00    0.00    0.00    0.00     6  listener
12:00:27 PM  1000     29810    0.00    0.00    0.00    0.00    0.00    10  listener
12:00:27 PM  1000     29866    1.00    0.00    0.00    0.00    1.00     5  listener

12:00:27 PM   UID       PID    %usr %system  %guest   %wait    %CPU   CPU  Command
12:00:28 PM  1000     28697    0.00    0.00    0.00    0.00    0.00     1  listener
12:00:28 PM  1000     28699    0.00    0.00    0.00    0.00    0.00     8  listener
12:00:28 PM  1000     28701    1.00    0.00    0.00    0.00    1.00     3  listener
12:00:28 PM  1000     28703    2.00    0.00    0.00    0.00    2.00     5  listener
12:00:28 PM  1000     28705    1.00    1.00    0.00    0.00    2.00    16  listener
12:00:28 PM  1000     28707    1.00    0.00    0.00    0.00    1.00     1  listener
12:00:28 PM  1000     28709    1.00    0.00    0.00    0.00    1.00    15  listener
12:00:28 PM  1000     28711    0.00    1.00    0.00    0.00    1.00     1  listener
12:00:28 PM  1000     28713    1.00    1.00    0.00    0.00    2.00    12  listener
12:00:28 PM  1000     28715    0.00    0.00    0.00    0.00    0.00     8  listener
12:00:28 PM  1000     28717    1.00    1.00    0.00    0.00    2.00    10  listener
12:00:28 PM  1000     28719    1.00    0.00    0.00    0.00    1.00     2  listener
12:00:28 PM  1000     28721    1.00    1.00    0.00    0.00    2.00     3  listener
12:00:28 PM  1000     28723    0.00    0.00    0.00    0.00    0.00     6  listener
12:00:28 PM  1000     28725    0.00    0.00    0.00    0.00    0.00     3  listener
12:00:28 PM  1000     28727    1.00    0.00    0.00    0.00    1.00     0  listener
12:00:28 PM  1000     28729    0.00    0.00    0.00    0.00    0.00     8  listener
12:00:28 PM  1000     28731    1.00    0.00    0.00    0.00    1.00    17  listener
12:00:28 PM  1000     28743    1.00    1.00    0.00    0.00    2.00     8  listener
12:00:28 PM  1000     28772    0.00    0.00    0.00    0.00    0.00     2  listener
12:00:28 PM  1000     28815    1.00    0.00    0.00    0.00    1.00    10  listener
12:00:28 PM  1000     28891    0.00    1.00    0.00    0.00    1.00    19  listener
12:00:28 PM  1000     28967    0.00    0.00    0.00    0.00    0.00     5  listener
12:00:28 PM  1000     29038    1.00    0.00    0.00    0.00    1.00    18  listener
12:00:28 PM  1000     29041    0.00    1.00    0.00    0.00    1.00    16  listener
12:00:28 PM  1000     29049    0.00    1.00    0.00    0.00    1.00     1  listener
12:00:28 PM  1000     29073    1.00    0.00    0.00    0.00    1.00    16  listener
12:00:28 PM  1000     29075    1.00    1.00    0.00    0.00    2.00     6  listener
12:00:28 PM  1000     29086    1.00    0.00    0.00    0.00    1.00    12  listener
12:00:28 PM  1000     29097    1.00    0.00    0.00    0.00    1.00    14  listener
12:00:28 PM  1000     29126    0.00    1.00    0.00    0.00    1.00     1  listener
12:00:28 PM  1000     29138    1.00    0.00    0.00    0.00    1.00    17  listener
12:00:28 PM  1000     29145    1.00    1.00    0.00    0.00    2.00    10  listener
12:00:28 PM  1000     29147    1.00    1.00    0.00    0.00    2.00    18  listener
12:00:28 PM  1000     29197    1.00    1.00    0.00    0.00    2.00     3  listener
12:00:28 PM  1000     29243    1.00    1.00    0.00    0.00    2.00    17  listener
12:00:28 PM  1000     29255    0.00    0.00    0.00    0.00    0.00     6  listener
12:00:28 PM  1000     29300    1.00    1.00    0.00    0.00    2.00     5  listener
12:00:28 PM  1000     29313    0.00    1.00    0.00    0.00    1.00     6  listener
12:00:28 PM  1000     29369    1.00    1.00    0.00    0.00    2.00     8  listener
12:00:28 PM  1000     29389    0.00    0.00    0.00    0.00    0.00     1  listener
12:00:28 PM  1000     29418    1.00    1.00    0.00    0.00    2.00     1  listener
12:00:28 PM  1000     29439    1.00    0.00    0.00    0.00    1.00     6  listener
12:00:28 PM  1000     29442    1.00    0.00    0.00    0.00    1.00     0  listener
12:00:28 PM  1000     29444    1.00    1.00    0.00    0.00    2.00     3  listener
12:00:28 PM  1000     29446    1.00    0.00    0.00    0.00    1.00     2  listener
12:00:28 PM  1000     29498    1.00    1.00    0.00    0.00    2.00     5  listener
12:00:28 PM  1000     29520    0.00    0.00    0.00    0.00    0.00    10  listener
12:00:28 PM  1000     29549    1.00    1.00    0.00    0.00    2.00    11  listener
12:00:28 PM  1000     29551    1.00    0.00    0.00    0.00    1.00     0  listener
12:00:28 PM  1000     29560    1.00    0.00    0.00    0.00    1.00    12  listener
12:00:28 PM  1000     29573    1.00    0.00    0.00    0.00    1.00    19  listener
12:00:28 PM  1000     29584    1.00    1.00    0.00    0.00    2.00    19  listener
12:00:28 PM  1000     29604    1.00    1.00    0.00    0.00    2.00    10  listener
12:00:28 PM  1000     29607    0.00    1.00    0.00    0.00    1.00    14  listener
12:00:28 PM  1000     29644    1.00    0.00    0.00    0.00    1.00     8  listener
12:00:28 PM  1000     29646    0.00    0.00    0.00    0.00    0.00     8  listener
12:00:28 PM  1000     29657    0.00    1.00    0.00    0.00    1.00     6  listener
12:00:28 PM  1000     29731    1.00    1.00    0.00    0.00    2.00    10  listener
12:00:28 PM  1000     29778    1.00    0.00    0.00    0.00    1.00    18  listener
12:00:28 PM  1000     29780    0.00    0.00    0.00    0.00    0.00     0  listener
12:00:28 PM  1000     29791    0.00    0.00    0.00    0.00    0.00    14  listener
12:00:28 PM  1000     29810    1.00    0.00    0.00    0.00    1.00     1  listener
12:00:28 PM  1000     29866    1.00    0.00    0.00    0.00    1.00     8  listener

12:00:28 PM   UID       PID    %usr %system  %guest   %wait    %CPU   CPU  Command
12:00:29 PM  1000     28697    1.00    1.00    0.00    0.00    2.00    13  listener
12:00:29 PM  1000     28699    1.00    0.00    0.00    0.00    1.00     1  listener
12:00:29 PM  1000     28701    0.00    1.00    0.00    0.00    1.00     3  listener
12:00:29 PM  1000     28703    0.00    2.00    0.00    0.00    2.00     8  listener
12:00:29 PM  1000     28705    1.00    1.00    0.00    0.00    2.00     5  listener
12:00:29 PM  1000     28707    1.00    1.00    0.00    0.00    2.00     6  listener
12:00:29 PM  1000     28709    0.00    1.00    0.00    0.00    1.00    18  listener
12:00:29 PM  1000     28711    1.00    1.00    0.00    0.00    2.00    16  listener
12:00:29 PM  1000     28713    1.00    0.00    0.00    0.00    1.00    12  listener
12:00:29 PM  1000     28715    0.00    1.00    0.00    0.00    1.00     6  listener
12:00:29 PM  1000     28717    1.00    0.00    0.00    0.00    1.00     5  listener
12:00:29 PM  1000     28719    1.00    0.00    0.00    0.00    1.00     7  listener
12:00:29 PM  1000     28721    0.00    0.00    0.00    0.00    0.00     4  listener
12:00:29 PM  1000     28723    1.00    1.00    0.00    0.00    2.00    13  listener
12:00:29 PM  1000     28725    1.00    1.00    0.00    0.00    2.00     5  listener
12:00:29 PM  1000     28727    1.00    0.00    0.00    0.00    1.00    14  listener
12:00:29 PM  1000     28729    1.00    1.00    0.00    0.00    2.00    10  listener
12:00:29 PM  1000     28731    0.00    1.00    0.00    0.00    1.00    12  listener
12:00:29 PM  1000     28743    1.00    0.00    0.00    0.00    1.00     9  listener
12:00:29 PM  1000     28772    1.00    1.00    0.00    0.00    2.00    12  listener
12:00:29 PM  1000     28815    0.00    1.00    0.00    0.00    1.00     7  listener
12:00:29 PM  1000     28891    1.00    0.00    0.00    0.00    1.00     5  listener
12:00:29 PM  1000     28967    1.00    1.00    0.00    0.00    2.00     3  listener
12:00:29 PM  1000     29038    0.00    2.00    0.00    0.00    2.00     3  listener
12:00:29 PM  1000     29041    0.00    1.00    0.00    0.00    1.00     1  listener
12:00:29 PM  1000     29049    1.00    0.00    0.00    0.00    1.00     7  listener
12:00:29 PM  1000     29073    0.00    1.00    0.00    0.00    1.00    13  listener
12:00:29 PM  1000     29075    0.00    1.00    0.00    0.00    1.00     4  listener
12:00:29 PM  1000     29086    0.00    1.00    0.00    0.00    1.00    17  listener
12:00:29 PM  1000     29097    1.00    1.00    0.00    0.00    2.00     0  listener
12:00:29 PM  1000     29126    1.00    1.00    0.00    0.00    2.00     7  listener
12:00:29 PM  1000     29138    0.00    1.00    0.00    0.00    1.00    14  listener
12:00:29 PM  1000     29145    1.00    0.00    0.00    0.00    1.00     3  listener
12:00:29 PM  1000     29147    0.00    0.00    0.00    0.00    0.00    13  listener
12:00:29 PM  1000     29197    1.00    0.00    0.00    0.00    1.00    13  listener
12:00:29 PM  1000     29243    1.00    0.00    0.00    0.00    1.00     0  listener
12:00:29 PM  1000     29255    1.00    1.00    0.00    0.00    2.00    10  listener
12:00:29 PM  1000     29300    1.00    0.00    0.00    0.00    1.00     5  listener
12:00:29 PM  1000     29313    1.00    0.00    0.00    0.00    1.00     1  listener
12:00:29 PM  1000     29369    0.00    1.00    0.00    0.00    1.00     1  listener
12:00:29 PM  1000     29389    1.00    1.00    0.00    0.00    2.00     5  listener
12:00:29 PM  1000     29418    1.00    0.00    0.00    0.00    1.00    13  listener
12:00:29 PM  1000     29439    0.00    1.00    0.00    0.00    1.00     6  listener
12:00:29 PM  1000     29442    0.00    2.00    0.00    0.00    2.00     8  listener
12:00:29 PM  1000     29444    1.00    0.00    0.00    0.00    1.00     6  listener
12:00:29 PM  1000     29446    1.00    1.00    0.00    0.00    2.00     5  listener
12:00:29 PM  1000     29498    0.00    1.00    0.00    0.00    1.00     8  listener
12:00:29 PM  1000     29520    1.00    1.00    0.00    0.00    2.00    15  listener
12:00:29 PM  1000     29549    0.00    1.00    0.00    0.00    1.00    17  listener
12:00:29 PM  1000     29551    1.00    1.00    0.00    0.00    2.00    12  listener
12:00:29 PM  1000     29560    1.00    0.00    0.00    0.00    1.00    17  listener
12:00:29 PM  1000     29573    1.00    1.00    0.00    0.00    2.00     0  listener
12:00:29 PM  1000     29584    1.00    0.00    0.00    0.00    1.00     5  listener
12:00:29 PM  1000     29604    0.00    1.00    0.00    0.00    1.00    12  listener
12:00:29 PM  1000     29607    2.00    0.00    0.00    0.00    2.00    15  listener
12:00:29 PM  1000     29644    1.00    1.00    0.00    0.00    2.00     3  listener
12:00:29 PM  1000     29646    1.00    1.00    0.00    0.00    2.00     3  listener
12:00:29 PM  1000     29657    1.00    0.00    0.00    0.00    1.00     3  listener
12:00:29 PM  1000     29731    0.00    0.00    0.00    0.00    0.00    14  listener
12:00:29 PM  1000     29778    0.00    2.00    0.00    0.00    2.00     3  listener
12:00:29 PM  1000     29780    1.00    1.00    0.00    0.00    2.00     0  listener
12:00:29 PM  1000     29791    1.00    1.00    0.00    0.00    2.00     8  listener
12:00:29 PM  1000     29810    1.00    1.00    0.00    0.00    2.00     6  listener
12:00:29 PM  1000     29866    1.00    0.00    0.00    0.00    1.00     3  listener

12:00:29 PM   UID       PID    %usr %system  %guest   %wait    %CPU   CPU  Command
12:00:30 PM  1000     28697    0.00    0.00    0.00    0.00    0.00    10  listener
12:00:30 PM  1000     28699    1.00    1.00    0.00    0.00    2.00     8  listener
12:00:30 PM  1000     28701    1.00    0.00    0.00    0.00    1.00     3  listener
12:00:30 PM  1000     28703    0.00    0.00    0.00    0.00    0.00     5  listener
12:00:30 PM  1000     28705    0.00    0.00    0.00    0.00    0.00    10  listener
12:00:30 PM  1000     28707    0.00    0.00    0.00    0.00    0.00    12  listener
12:00:30 PM  1000     28709    1.00    0.00    0.00    0.00    1.00     6  listener
12:00:30 PM  1000     28711    0.00    0.00    0.00    0.00    0.00     1  listener
12:00:30 PM  1000     28713    0.00    1.00    0.00    0.00    1.00     8  listener
12:00:30 PM  1000     28715    1.00    0.00    0.00    0.00    1.00     3  listener
12:00:30 PM  1000     28717    0.00    1.00    0.00    0.00    1.00     3  listener
12:00:30 PM  1000     28719    1.00    1.00    0.00    0.00    2.00     1  listener
12:00:30 PM  1000     28721    1.00    1.00    0.00    0.00    2.00     4  listener
12:00:30 PM  1000     28723    1.00    0.00    0.00    0.00    1.00     1  listener
12:00:30 PM  1000     28725    1.00    0.00    0.00    0.00    1.00     5  listener
12:00:30 PM  1000     28727    1.00    0.00    0.00    0.00    1.00     4  listener
12:00:30 PM  1000     28729    0.00    0.00    0.00    0.00    0.00     8  listener
12:00:30 PM  1000     28731    1.00    0.00    0.00    0.00    1.00     1  listener
12:00:30 PM  1000     28743    0.00    1.00    0.00    0.00    1.00    12  listener
12:00:30 PM  1000     28772    1.00    0.00    0.00    0.00    1.00     0  listener
12:00:30 PM  1000     28815    1.00    1.00    0.00    0.00    2.00     8  listener
12:00:30 PM  1000     28891    0.00    1.00    0.00    0.00    1.00    15  listener
12:00:30 PM  1000     28967    1.00    0.00    0.00    0.00    1.00     4  listener
12:00:30 PM  1000     29038    1.00    0.00    0.00    0.00    1.00    12  listener
12:00:30 PM  1000     29041    1.00    0.00    0.00    0.00    1.00     8  listener
12:00:30 PM  1000     29049    1.00    1.00    0.00    0.00    2.00    10  listener
12:00:30 PM  1000     29073    1.00    1.00    0.00    0.00    2.00    16  listener
12:00:30 PM  1000     29075    1.00    0.00    0.00    0.00    1.00     3  listener
12:00:30 PM  1000     29086    1.00    0.00    0.00    0.00    1.00     4  listener
12:00:30 PM  1000     29097    0.00    0.00    0.00    0.00    0.00     0  listener
12:00:30 PM  1000     29126    1.00    0.00    0.00    0.00    1.00    14  listener
12:00:30 PM  1000     29138    1.00    1.00    0.00    0.00    2.00     0  listener
12:00:30 PM  1000     29145    0.00    1.00    0.00    0.00    1.00     2  listener
12:00:30 PM  1000     29147    1.00    1.00    0.00    0.00    2.00    12  listener
12:00:30 PM  1000     29197    0.00    1.00    0.00    0.00    1.00     1  listener
12:00:30 PM  1000     29243    1.00    0.00    0.00    0.00    1.00     3  listener
12:00:30 PM  1000     29255    0.00    0.00    0.00    0.00    0.00     6  listener
12:00:30 PM  1000     29300    0.00    1.00    0.00    0.00    1.00     1  listener
12:00:30 PM  1000     29313    0.00    1.00    0.00    0.00    1.00     1  listener
12:00:30 PM  1000     29369    1.00    0.00    0.00    0.00    1.00     3  listener
12:00:30 PM  1000     29389    1.00    1.00    0.00    0.00    2.00     0  listener
12:00:30 PM  1000     29418    0.00    1.00    0.00    0.00    1.00     1  listener
12:00:30 PM  1000     29439    0.00    1.00    0.00    0.00    1.00     3  listener
12:00:30 PM  1000     29442    1.00    0.00    0.00    0.00    1.00     6  listener
12:00:30 PM  1000     29444    1.00    0.00    0.00    0.00    1.00     1  listener
12:00:30 PM  1000     29446    0.00    0.00    0.00    0.00    0.00     3  listener
12:00:30 PM  1000     29498    1.00    0.00    0.00    0.00    1.00    10  listener
12:00:30 PM  1000     29520    1.00    1.00    0.00    0.00    2.00     3  listener
12:00:30 PM  1000     29549    0.00    0.00    0.00    0.00    0.00    16  listener
12:00:30 PM  1000     29551    0.00    0.00    0.00    0.00    0.00    19  listener
12:00:30 PM  1000     29560    1.00    1.00    0.00    0.00    2.00     3  listener
12:00:30 PM  1000     29573    1.00    0.00    0.00    0.00    1.00     0  listener
12:00:30 PM  1000     29584    1.00    0.00    0.00    0.00    1.00     8  listener
12:00:30 PM  1000     29604    1.00    0.00    0.00    0.00    1.00     3  listener
12:00:30 PM  1000     29607    0.00    0.00    0.00    0.00    0.00    15  listener
12:00:30 PM  1000     29644    0.00    0.00    0.00    0.00    0.00     1  listener
12:00:30 PM  1000     29646    1.00    0.00    0.00    0.00    1.00     3  listener
12:00:30 PM  1000     29657    0.00    1.00    0.00    0.00    1.00     5  listener
12:00:30 PM  1000     29731    1.00    1.00    0.00    0.00    2.00    15  listener
12:00:30 PM  1000     29778    1.00    0.00    0.00    0.00    1.00    16  listener
12:00:30 PM  1000     29780    1.00    0.00    0.00    0.00    1.00     3  listener
12:00:30 PM  1000     29791    0.00    1.00    0.00    0.00    1.00     8  listener
12:00:30 PM  1000     29810    1.00    0.00    0.00    0.00    1.00    10  listener
12:00:30 PM  1000     29866    1.00    0.00    0.00    0.00    1.00    16  listener

12:00:30 PM   UID       PID    %usr %system  %guest   %wait    %CPU   CPU  Command
12:00:31 PM  1000     28697    1.00    1.00    0.00    0.00    2.00     4  listener
12:00:31 PM  1000     28699    0.00    0.00    0.00    0.00    0.00    16  listener
12:00:31 PM  1000     28701    0.00    1.00    0.00    0.00    1.00     5  listener
12:00:31 PM  1000     28703    1.00    0.00    0.00    0.00    1.00     5  listener
12:00:31 PM  1000     28705    0.00    0.00    0.00    0.00    0.00    10  listener
12:00:31 PM  1000     28707    1.00    1.00    0.00    0.00    2.00     6  listener
12:00:31 PM  1000     28709    1.00    0.00    0.00    0.00    1.00     8  listener
12:00:31 PM  1000     28711    1.00    0.00    0.00    0.00    1.00     1  listener
12:00:31 PM  1000     28713    1.00    0.00    0.00    0.00    1.00     8  listener
12:00:31 PM  1000     28715    0.00    1.00    0.00    0.00    1.00     3  listener
12:00:31 PM  1000     28717    1.00    0.00    0.00    0.00    1.00    10  listener
12:00:31 PM  1000     28719    0.00    0.00    0.00    0.00    0.00     1  listener
12:00:31 PM  1000     28721    0.00    0.00    0.00    0.00    0.00     4  listener
12:00:31 PM  1000     28723    0.00    1.00    0.00    0.00    1.00    16  listener
12:00:31 PM  1000     28725    0.00    1.00    0.00    0.00    1.00    13  listener
12:00:31 PM  1000     28727    1.00    0.00    0.00    0.00    1.00     1  listener
12:00:31 PM  1000     28729    1.00    0.00    0.00    0.00    1.00     8  listener
12:00:31 PM  1000     28731    0.00    0.00    0.00    0.00    0.00     8  listener
12:00:31 PM  1000     28743    0.00    0.00    0.00    0.00    0.00    19  listener
12:00:31 PM  1000     28772    1.00    1.00    0.00    0.00    2.00    16  listener
12:00:31 PM  1000     28815    0.00    0.00    0.00    0.00    0.00     7  listener
12:00:31 PM  1000     28891    1.00    0.00    0.00    0.00    1.00     5  listener
12:00:31 PM  1000     28967    0.00    0.00    0.00    0.00    0.00     4  listener
12:00:31 PM  1000     29038    0.00    0.00    0.00    0.00    0.00     1  listener
12:00:31 PM  1000     29041    0.00    1.00    0.00    0.00    1.00     8  listener
12:00:31 PM  1000     29049    0.00    0.00    0.00    0.00    0.00     7  listener
12:00:31 PM  1000     29073    0.00    0.00    0.00    0.00    0.00     6  listener
12:00:31 PM  1000     29075    1.00    1.00    0.00    0.00    2.00     4  listener
12:00:31 PM  1000     29086    0.00    1.00    0.00    0.00    1.00     4  listener
12:00:31 PM  1000     29097    1.00    0.00    0.00    0.00    1.00     3  listener
12:00:31 PM  1000     29126    0.00    1.00    0.00    0.00    1.00     3  listener
12:00:31 PM  1000     29138    1.00    0.00    0.00    0.00    1.00     1  listener
12:00:31 PM  1000     29145    1.00    0.00    0.00    0.00    1.00     2  listener
12:00:31 PM  1000     29147    1.00    0.00    0.00    0.00    1.00    14  listener
12:00:31 PM  1000     29197    1.00    0.00    0.00    0.00    1.00     1  listener
12:00:31 PM  1000     29243    1.00    0.00    0.00    0.00    1.00     6  listener
12:00:31 PM  1000     29255    1.00    0.00    0.00    0.00    1.00     6  listener
12:00:31 PM  1000     29300    1.00    0.00    0.00    0.00    1.00     3  listener
12:00:31 PM  1000     29313    1.00    1.00    0.00    0.00    2.00     1  listener
12:00:31 PM  1000     29369    1.00    1.00    0.00    0.00    2.00     3  listener
12:00:31 PM  1000     29389    0.00    0.00    0.00    0.00    0.00     6  listener
12:00:31 PM  1000     29418    1.00    0.00    0.00    0.00    1.00     1  listener
12:00:31 PM  1000     29439    1.00    0.00    0.00    0.00    1.00    16  listener
12:00:31 PM  1000     29442    0.00    1.00    0.00    0.00    1.00     6  listener
12:00:31 PM  1000     29444    0.00    1.00    0.00    0.00    1.00    10  listener
12:00:31 PM  1000     29446    1.00    0.00    0.00    0.00    1.00    14  listener
12:00:31 PM  1000     29498    0.00    0.00    0.00    0.00    0.00    12  listener
12:00:31 PM  1000     29520    0.00    0.00    0.00    0.00    0.00    16  listener
12:00:31 PM  1000     29549    1.00    1.00    0.00    0.00    2.00     5  listener
12:00:31 PM  1000     29551    1.00    1.00    0.00    0.00    2.00     5  listener
12:00:31 PM  1000     29560    0.00    1.00    0.00    0.00    1.00     1  listener
12:00:31 PM  1000     29573    1.00    0.00    0.00    0.00    1.00     1  listener
12:00:31 PM  1000     29584    0.00    1.00    0.00    0.00    1.00     8  listener
12:00:31 PM  1000     29604    0.00    1.00    0.00    0.00    1.00     6  listener
12:00:31 PM  1000     29607    1.00    1.00    0.00    0.00    2.00     1  listener
12:00:31 PM  1000     29644    1.00    1.00    0.00    0.00    2.00     3  listener
12:00:31 PM  1000     29646    0.00    1.00    0.00    0.00    1.00     5  listener
12:00:31 PM  1000     29657    1.00    0.00    0.00    0.00    1.00    12  listener
12:00:31 PM  1000     29731    0.00    0.00    0.00    0.00    0.00    15  listener
12:00:31 PM  1000     29778    1.00    0.00    0.00    0.00    1.00     0  listener
12:00:31 PM  1000     29780    0.00    0.00    0.00    0.00    0.00     0  listener
12:00:31 PM  1000     29791    1.00    0.00    0.00    0.00    1.00     5  listener
12:00:31 PM  1000     29810    0.00    1.00    0.00    0.00    1.00     6  listener
12:00:31 PM  1000     29866    1.00    0.00    0.00    0.00    1.00     6  listener

12:00:31 PM   UID       PID    %usr %system  %guest   %wait    %CPU   CPU  Command
12:00:32 PM  1000     28697    0.00    0.00    0.00    0.00    0.00     4  listener
12:00:32 PM  1000     28699    1.00    0.00    0.00    0.00    1.00     6  listener
12:00:32 PM  1000     28701    1.00    0.00    0.00    0.00    1.00     5  listener
12:00:32 PM  1000     28703    1.00    0.00    0.00    0.00    1.00     5  listener
12:00:32 PM  1000     28705    1.00    1.00    0.00    0.00    2.00     3  listener
12:00:32 PM  1000     28707    0.00    0.00    0.00    0.00    0.00     8  listener
12:00:32 PM  1000     28709    0.00    1.00    0.00    0.00    1.00     8  listener
12:00:32 PM  1000     28711    1.00    0.00    0.00    0.00    1.00    12  listener
12:00:32 PM  1000     28713    0.00    1.00    0.00    0.00    1.00     8  listener
12:00:32 PM  1000     28715    1.00    0.00    0.00    0.00    1.00     3  listener
12:00:32 PM  1000     28717    0.00    0.00    0.00    0.00    0.00    13  listener
12:00:32 PM  1000     28719    1.00    1.00    0.00    0.00    2.00     1  listener
12:00:32 PM  1000     28721    1.00    1.00    0.00    0.00    2.00     0  listener
12:00:32 PM  1000     28723    1.00    0.00    0.00    0.00    1.00    16  listener
12:00:32 PM  1000     28725    0.00    0.00    0.00    0.00    0.00     1  listener
12:00:32 PM  1000     28727    1.00    1.00    0.00    0.00    2.00     1  listener
12:00:32 PM  1000     28729    0.00    0.00    0.00    0.00    0.00    15  listener
12:00:32 PM  1000     28731    1.00    1.00    0.00    0.00    2.00     6  listener
12:00:32 PM  1000     28743    1.00    0.00    0.00    0.00    1.00    17  listener
12:00:32 PM  1000     28772    1.00    0.00    0.00    0.00    1.00     0  listener
12:00:32 PM  1000     28815    0.00    0.00    0.00    0.00    0.00     7  listener
12:00:32 PM  1000     28891    0.00    0.00    0.00    0.00    0.00     5  listener
12:00:32 PM  1000     28967    1.00    1.00    0.00    0.00    2.00    12  listener
12:00:32 PM  1000     29038    1.00    1.00    0.00    0.00    2.00     1  listener
12:00:32 PM  1000     29041    1.00    0.00    0.00    0.00    1.00    10  listener
12:00:32 PM  1000     29049    1.00    0.00    0.00    0.00    1.00     8  listener
12:00:32 PM  1000     29073    1.00    0.00    0.00    0.00    1.00     1  listener
12:00:32 PM  1000     29075    1.00    0.00    0.00    0.00    1.00     4  listener
12:00:32 PM  1000     29086    1.00    0.00    0.00    0.00    1.00    12  listener
12:00:32 PM  1000     29097    0.00    1.00    0.00    0.00    1.00     6  listener
12:00:32 PM  1000     29126    1.00    0.00    0.00    0.00    1.00     6  listener
12:00:32 PM  1000     29138    1.00    0.00    0.00    0.00    1.00     1  listener
12:00:32 PM  1000     29145    1.00    0.00    0.00    0.00    1.00    15  listener
12:00:32 PM  1000     29147    1.00    0.00    0.00    0.00    1.00     3  listener
12:00:32 PM  1000     29197    0.00    0.00    0.00    0.00    0.00     1  listener
12:00:32 PM  1000     29243    1.00    0.00    0.00    0.00    1.00     6  listener
12:00:32 PM  1000     29255    0.00    1.00    0.00    0.00    1.00     6  listener
12:00:32 PM  1000     29300    0.00    1.00    0.00    0.00    1.00    10  listener
12:00:32 PM  1000     29313    0.00    0.00    0.00    0.00    0.00     3  listener
12:00:32 PM  1000     29369    0.00    0.00    0.00    0.00    0.00     3  listener
12:00:32 PM  1000     29389    1.00    1.00    0.00    0.00    2.00    15  listener
12:00:32 PM  1000     29418    0.00    0.00    0.00    0.00    0.00     1  listener
12:00:32 PM  1000     29439    0.00    1.00    0.00    0.00    1.00    19  listener
12:00:32 PM  1000     29442    1.00    0.00    0.00    0.00    1.00     1  listener
12:00:32 PM  1000     29444    1.00    0.00    0.00    0.00    1.00    16  listener
12:00:32 PM  1000     29446    0.00    1.00    0.00    0.00    1.00    14  listener
12:00:32 PM  1000     29498    1.00    1.00    0.00    0.00    2.00     6  listener
12:00:32 PM  1000     29520    1.00    0.00    0.00    0.00    1.00     3  listener
12:00:32 PM  1000     29549    0.00    0.00    0.00    0.00    0.00     5  listener
12:00:32 PM  1000     29551    0.00    0.00    0.00    0.00    0.00     6  listener
12:00:32 PM  1000     29560    0.00    0.00    0.00    0.00    0.00     3  listener
12:00:32 PM  1000     29573    0.00    1.00    0.00    0.00    1.00     1  listener
12:00:32 PM  1000     29584    0.00    0.00    0.00    0.00    0.00     1  listener
12:00:32 PM  1000     29604    1.00    0.00    0.00    0.00    1.00     6  listener
12:00:32 PM  1000     29607    0.00    0.00    0.00    0.00    0.00    15  listener
12:00:32 PM  1000     29644    1.00    0.00    0.00    0.00    1.00     4  listener
12:00:32 PM  1000     29646    1.00    0.00    0.00    0.00    1.00     5  listener
12:00:32 PM  1000     29657    0.00    0.00    0.00    0.00    0.00    10  listener
12:00:32 PM  1000     29731    1.00    0.00    0.00    0.00    1.00    16  listener
12:00:32 PM  1000     29778    1.00    0.00    0.00    0.00    1.00    12  listener
12:00:32 PM  1000     29780    1.00    1.00    0.00    0.00    2.00     6  listener
12:00:32 PM  1000     29791    0.00    0.00    0.00    0.00    0.00     3  listener
12:00:32 PM  1000     29810    1.00    0.00    0.00    0.00    1.00    16  listener
12:00:32 PM  1000     29866    0.00    0.00    0.00    0.00    0.00     1  listener

12:00:32 PM   UID       PID    %usr %system  %guest   %wait    %CPU   CPU  Command
12:00:33 PM  1000     28697    0.00    0.00    0.00    0.00    0.00     3  listener
12:00:33 PM  1000     28699    0.00    0.00    0.00    0.00    0.00    13  listener
12:00:33 PM  1000     28701    0.00    1.00    0.00    0.00    1.00     5  listener
12:00:33 PM  1000     28703    1.00    0.00    0.00    0.00    1.00     5  listener
12:00:33 PM  1000     28705    0.00    0.00    0.00    0.00    0.00    10  listener
12:00:33 PM  1000     28707    1.00    1.00    0.00    0.00    2.00     8  listener
12:00:33 PM  1000     28709    1.00    0.00    0.00    0.00    1.00     1  listener
12:00:33 PM  1000     28711    1.00    1.00    0.00    0.00    2.00     1  listener
12:00:33 PM  1000     28713    1.00    0.00    0.00    0.00    1.00     3  listener
12:00:33 PM  1000     28715    0.00    0.00    0.00    0.00    0.00     1  listener
12:00:33 PM  1000     28717    1.00    1.00    0.00    0.00    2.00     5  listener
12:00:33 PM  1000     28719    1.00    0.00    0.00    0.00    1.00     5  listener
12:00:33 PM  1000     28721    0.00    0.00    0.00    0.00    0.00     0  listener
12:00:33 PM  1000     28723    0.00    0.00    0.00    0.00    0.00     1  listener
12:00:33 PM  1000     28725    1.00    1.00    0.00    0.00    2.00     8  listener
12:00:33 PM  1000     28727    1.00    0.00    0.00    0.00    1.00     1  listener
12:00:33 PM  1000     28729    0.00    1.00    0.00    0.00    1.00    16  listener
12:00:33 PM  1000     28731    0.00    0.00    0.00    0.00    0.00    16  listener
12:00:33 PM  1000     28743    0.00    1.00    0.00    0.00    1.00    18  listener
12:00:33 PM  1000     28772    0.00    0.00    0.00    0.00    0.00     8  listener
12:00:33 PM  1000     28815    1.00    1.00    0.00    0.00    2.00     7  listener
12:00:33 PM  1000     28891    1.00    0.00    0.00    0.00    1.00     6  listener
12:00:33 PM  1000     28967    0.00    0.00    0.00    0.00    0.00     4  listener
12:00:33 PM  1000     29038    1.00    0.00    0.00    0.00    1.00     5  listener
12:00:33 PM  1000     29041    0.00    0.00    0.00    0.00    0.00    12  listener
12:00:33 PM  1000     29049    1.00    0.00    0.00    0.00    1.00    15  listener
12:00:33 PM  1000     29073    0.00    1.00    0.00    0.00    1.00    12  listener
12:00:33 PM  1000     29075    0.00    0.00    0.00    0.00    0.00     3  listener
12:00:33 PM  1000     29086    1.00    0.00    0.00    0.00    1.00    17  listener
12:00:33 PM  1000     29097    1.00    0.00    0.00    0.00    1.00    18  listener
12:00:33 PM  1000     29126    0.00    1.00    0.00    0.00    1.00     8  listener
12:00:33 PM  1000     29138    0.00    1.00    0.00    0.00    1.00     1  listener
12:00:33 PM  1000     29145    0.00    1.00    0.00    0.00    1.00     0  listener
12:00:33 PM  1000     29147    0.00    0.00    0.00    0.00    0.00    12  listener
12:00:33 PM  1000     29197    0.00    1.00    0.00    0.00    1.00     5  listener
12:00:33 PM  1000     29243    0.00    1.00    0.00    0.00    1.00     6  listener
12:00:33 PM  1000     29255    1.00    0.00    0.00    0.00    1.00     1  listener
12:00:33 PM  1000     29300    1.00    0.00    0.00    0.00    1.00    10  listener
12:00:33 PM  1000     29313    0.00    1.00    0.00    0.00    1.00     6  listener
12:00:33 PM  1000     29369    1.00    0.00    0.00    0.00    1.00     5  listener
12:00:33 PM  1000     29389    0.00    0.00    0.00    0.00    0.00    13  listener
12:00:33 PM  1000     29418    1.00    1.00    0.00    0.00    2.00     3  listener
12:00:33 PM  1000     29439    1.00    0.00    0.00    0.00    1.00    10  listener
12:00:33 PM  1000     29442    0.00    0.00    0.00    0.00    0.00     3  listener
12:00:33 PM  1000     29444    0.00    1.00    0.00    0.00    1.00    17  listener
12:00:33 PM  1000     29446    1.00    0.00    0.00    0.00    1.00     0  listener
12:00:33 PM  1000     29498    0.00    0.00    0.00    0.00    0.00     6  listener
12:00:33 PM  1000     29520    1.00    0.00    0.00    0.00    1.00     3  listener
12:00:33 PM  1000     29549    1.00    0.00    0.00    0.00    1.00     7  listener
12:00:33 PM  1000     29551    1.00    0.00    0.00    0.00    1.00    13  listener
12:00:33 PM  1000     29560    0.00    1.00    0.00    0.00    1.00     1  listener
12:00:33 PM  1000     29573    1.00    0.00    0.00    0.00    1.00     3  listener
12:00:33 PM  1000     29584    1.00    1.00    0.00    0.00    2.00     5  listener
12:00:33 PM  1000     29604    0.00    0.00    0.00    0.00    0.00    12  listener
12:00:33 PM  1000     29607    1.00    1.00    0.00    0.00    2.00     3  listener
12:00:33 PM  1000     29644    0.00    0.00    0.00    0.00    0.00     4  listener
12:00:33 PM  1000     29646    0.00    0.00    0.00    0.00    0.00     8  listener
12:00:33 PM  1000     29657    1.00    1.00    0.00    0.00    2.00     1  listener
12:00:33 PM  1000     29731    0.00    1.00    0.00    0.00    1.00     8  listener
12:00:33 PM  1000     29778    0.00    1.00    0.00    0.00    1.00    13  listener
12:00:33 PM  1000     29780    0.00    0.00    0.00    0.00    0.00    19  listener
12:00:33 PM  1000     29791    0.00    1.00    0.00    0.00    1.00     1  listener
12:00:33 PM  1000     29810    0.00    1.00    0.00    0.00    1.00     1  listener
12:00:33 PM  1000     29866    0.00    1.00    0.00    0.00    1.00     0  listener

12:00:33 PM   UID       PID    %usr %system  %guest   %wait    %CPU   CPU  Command
12:00:34 PM  1000     28697    1.00    1.00    0.00    0.00    2.00     6  listener
12:00:34 PM  1000     28699    0.00    1.00    0.00    0.00    1.00    12  listener
12:00:34 PM  1000     28701    1.00    0.00    0.00    0.00    1.00    17  listener
12:00:34 PM  1000     28703    1.00    1.00    0.00    0.00    2.00     6  listener
12:00:34 PM  1000     28705    1.00    1.00    0.00    0.00    2.00    15  listener
12:00:34 PM  1000     28707    0.00    0.00    0.00    0.00    0.00    12  listener
12:00:34 PM  1000     28709    0.00    0.00    0.00    0.00    0.00    15  listener
12:00:34 PM  1000     28711    0.00    0.00    0.00    0.00    0.00     3  listener
12:00:34 PM  1000     28713    0.00    1.00    0.00    0.00    1.00    12  listener
12:00:34 PM  1000     28715    1.00    1.00    0.00    0.00    2.00    12  listener
12:00:34 PM  1000     28717    0.00    0.00    0.00    0.00    0.00     8  listener
12:00:34 PM  1000     28719    0.00    1.00    0.00    0.00    1.00     9  listener
12:00:34 PM  1000     28721    1.00    1.00    0.00    0.00    2.00    14  listener
12:00:34 PM  1000     28723    1.00    1.00    0.00    0.00    2.00     1  listener
12:00:34 PM  1000     28725    0.00    0.00    0.00    0.00    0.00     1  listener
12:00:34 PM  1000     28727    1.00    0.00    0.00    0.00    1.00     8  listener
12:00:34 PM  1000     28729    1.00    0.00    0.00    0.00    1.00    17  listener
12:00:34 PM  1000     28731    1.00    0.00    0.00    0.00    1.00    16  listener
12:00:34 PM  1000     28743    1.00    0.00    0.00    0.00    1.00    10  listener
12:00:34 PM  1000     28772    1.00    0.00    0.00    0.00    1.00    15  listener
12:00:34 PM  1000     28815    1.00    0.00    0.00    0.00    1.00     3  listener
12:00:34 PM  1000     28891    0.00    1.00    0.00    0.00    1.00     6  listener
12:00:34 PM  1000     28967    1.00    0.00    0.00    0.00    1.00    15  listener
12:00:34 PM  1000     29038    0.00    0.00    0.00    0.00    0.00     5  listener
12:00:34 PM  1000     29041    1.00    0.00    0.00    0.00    1.00     1  listener
12:00:34 PM  1000     29049    0.00    1.00    0.00    0.00    1.00     7  listener
12:00:34 PM  1000     29073    0.00    1.00    0.00    0.00    1.00    12  listener
12:00:34 PM  1000     29075    1.00    0.00    0.00    0.00    1.00    19  listener
12:00:34 PM  1000     29086    0.00    1.00    0.00    0.00    1.00    13  listener
12:00:34 PM  1000     29097    0.00    1.00    0.00    0.00    1.00    10  listener
12:00:34 PM  1000     29126    1.00    0.00    0.00    0.00    1.00    15  listener
12:00:34 PM  1000     29138    1.00    1.00    0.00    0.00    2.00     8  listener
12:00:34 PM  1000     29145    0.00    1.00    0.00    0.00    1.00     2  listener
12:00:34 PM  1000     29147    1.00    1.00    0.00    0.00    2.00     7  listener
12:00:34 PM  1000     29197    1.00    0.00    0.00    0.00    1.00     8  listener
12:00:34 PM  1000     29243    0.00    1.00    0.00    0.00    1.00     1  listener
12:00:34 PM  1000     29255    0.00    1.00    0.00    0.00    1.00     1  listener
12:00:34 PM  1000     29300    1.00    0.00    0.00    0.00    1.00    19  listener
12:00:34 PM  1000     29313    1.00    0.00    0.00    0.00    1.00     6  listener
12:00:34 PM  1000     29369    1.00    0.00    0.00    0.00    1.00     3  listener
12:00:34 PM  1000     29389    1.00    0.00    0.00    0.00    1.00     6  listener
12:00:34 PM  1000     29418    0.00    0.00    0.00    0.00    0.00     5  listener
12:00:34 PM  1000     29439    0.00    1.00    0.00    0.00    1.00     1  listener
12:00:34 PM  1000     29442    1.00    1.00    0.00    0.00    2.00     5  listener
12:00:34 PM  1000     29444    1.00    0.00    0.00    0.00    1.00    18  listener
12:00:34 PM  1000     29446    0.00    1.00    0.00    0.00    1.00    13  listener
12:00:34 PM  1000     29498    1.00    1.00    0.00    0.00    2.00    13  listener
12:00:34 PM  1000     29520    0.00    1.00    0.00    0.00    1.00     3  listener
12:00:34 PM  1000     29549    0.00    1.00    0.00    0.00    1.00     7  listener
12:00:34 PM  1000     29551    0.00    1.00    0.00    0.00    1.00     1  listener
12:00:34 PM  1000     29560    1.00    0.00    0.00    0.00    1.00    12  listener
12:00:34 PM  1000     29573    0.00    0.00    0.00    0.00    0.00     5  listener
12:00:34 PM  1000     29584    0.00    0.00    0.00    1.00    0.00    12  listener
12:00:34 PM  1000     29604    1.00    0.00    0.00    0.00    1.00    12  listener
12:00:34 PM  1000     29607    0.00    0.00    0.00    0.00    0.00     8  listener
12:00:34 PM  1000     29644    0.00    1.00    0.00    0.00    1.00     4  listener
12:00:34 PM  1000     29646    1.00    0.00    0.00    1.00    1.00     1  listener
12:00:34 PM  1000     29657    0.00    0.00    0.00    0.00    0.00     3  listener
12:00:34 PM  1000     29731    1.00    0.00    0.00    0.00    1.00    18  listener
12:00:34 PM  1000     29778    1.00    0.00    0.00    0.00    1.00     7  listener
12:00:34 PM  1000     29780    1.00    1.00    0.00    0.00    2.00     5  listener
12:00:34 PM  1000     29791    1.00    0.00    0.00    0.00    1.00     3  listener
12:00:34 PM  1000     29810    1.00    0.00    0.00    0.00    1.00     3  listener
12:00:34 PM  1000     29866    1.00    0.00    0.00    0.00    1.00    19  listener

12:00:34 PM   UID       PID    %usr %system  %guest   %wait    %CPU   CPU  Command
12:00:35 PM  1000     28697    0.00    0.00    0.00    0.00    0.00     1  listener
12:00:35 PM  1000     28699    1.00    0.00    0.00    0.00    1.00    14  listener
12:00:35 PM  1000     28701    0.00    0.00    0.00    0.00    0.00     6  listener
12:00:35 PM  1000     28703    0.00    0.00    0.00    0.00    0.00     1  listener
12:00:35 PM  1000     28705    0.00    0.00    0.00    0.00    0.00     6  listener
12:00:35 PM  1000     28707    1.00    0.00    0.00    0.00    1.00    12  listener
12:00:35 PM  1000     28709    0.00    1.00    0.00    0.00    1.00    10  listener
12:00:35 PM  1000     28711    1.00    0.00    0.00    0.00    1.00     3  listener
12:00:35 PM  1000     28713    1.00    0.00    0.00    0.00    1.00    12  listener
12:00:35 PM  1000     28715    0.00    0.00    0.00    0.00    0.00    12  listener
12:00:35 PM  1000     28717    1.00    1.00    0.00    0.00    2.00    12  listener
12:00:35 PM  1000     28719    0.00    0.00    0.00    0.00    0.00     5  listener
12:00:35 PM  1000     28721    0.00    0.00    0.00    0.00    0.00     6  listener
12:00:35 PM  1000     28723    0.00    0.00    0.00    0.00    0.00    12  listener
12:00:35 PM  1000     28725    0.00    1.00    0.00    0.00    1.00     1  listener
12:00:35 PM  1000     28727    1.00    0.00    0.00    0.00    1.00    10  listener
12:00:35 PM  1000     28729    1.00    1.00    0.00    0.00    2.00     2  listener
12:00:35 PM  1000     28731    0.00    1.00    0.00    0.00    1.00    18  listener
12:00:35 PM  1000     28743    0.00    0.00    0.00    0.00    0.00     1  listener
12:00:35 PM  1000     28772    1.00    1.00    0.00    0.00    2.00    12  listener
12:00:35 PM  1000     28815    0.00    0.00    0.00    0.00    0.00     7  listener
12:00:35 PM  1000     28891    1.00    0.00    0.00    0.00    1.00     6  listener
12:00:35 PM  1000     28967    1.00    0.00    0.00    0.00    1.00    10  listener
12:00:35 PM  1000     29038    0.00    1.00    0.00    0.00    1.00    12  listener
12:00:35 PM  1000     29041    1.00    1.00    0.00    0.00    2.00     1  listener
12:00:35 PM  1000     29049    1.00    0.00    0.00    0.00    1.00     7  listener
12:00:35 PM  1000     29073    1.00    0.00    0.00    0.00    1.00    17  listener
12:00:35 PM  1000     29075    1.00    0.00    0.00    0.00    1.00    19  listener
12:00:35 PM  1000     29086    1.00    0.00    0.00    0.00    1.00    10  listener
12:00:35 PM  1000     29097    0.00    0.00    0.00    0.00    0.00    14  listener
12:00:35 PM  1000     29126    0.00    0.00    0.00    0.00    0.00    10  listener
12:00:35 PM  1000     29138    0.00    0.00    0.00    0.00    0.00    15  listener
12:00:35 PM  1000     29145    1.00    0.00    0.00    0.00    1.00    12  listener
12:00:35 PM  1000     29147    0.00    0.00    0.00    0.00    0.00     1  listener
12:00:35 PM  1000     29197    0.00    1.00    0.00    0.00    1.00     1  listener
12:00:35 PM  1000     29243    1.00    0.00    0.00    0.00    1.00     3  listener
12:00:35 PM  1000     29255    0.00    1.00    0.00    0.00    1.00     1  listener
12:00:35 PM  1000     29300    0.00    0.00    0.00    0.00    0.00    14  listener
12:00:35 PM  1000     29313    0.00    0.00    0.00    0.00    0.00     6  listener
12:00:35 PM  1000     29369    1.00    0.00    0.00    0.00    1.00    12  listener
12:00:35 PM  1000     29389    0.00    0.00    0.00    0.00    0.00    10  listener
12:00:35 PM  1000     29418    1.00    1.00    0.00    0.00    2.00     5  listener
12:00:35 PM  1000     29439    0.00    0.00    0.00    0.00    0.00     3  listener
12:00:35 PM  1000     29442    0.00    0.00    0.00    0.00    0.00    17  listener
12:00:35 PM  1000     29444    1.00    0.00    0.00    0.00    1.00    17  listener
12:00:35 PM  1000     29446    1.00    0.00    0.00    0.00    1.00    13  listener
12:00:35 PM  1000     29498    0.00    0.00    0.00    0.00    0.00     6  listener
12:00:35 PM  1000     29520    1.00    0.00    0.00    0.00    1.00    10  listener
12:00:35 PM  1000     29549    0.00    0.00    0.00    0.00    0.00     7  listener
12:00:35 PM  1000     29551    1.00    0.00    0.00    0.00    1.00     5  listener
12:00:35 PM  1000     29560    1.00    1.00    0.00    0.00    2.00     1  listener
12:00:35 PM  1000     29573    1.00    1.00    0.00    0.00    2.00     5  listener
12:00:35 PM  1000     29584    0.00    1.00    0.00    0.00    1.00    12  listener
12:00:35 PM  1000     29604    0.00    0.00    0.00    0.00    0.00     8  listener
12:00:35 PM  1000     29607    0.00    1.00    0.00    0.00    1.00    16  listener
12:00:35 PM  1000     29644    1.00    0.00    0.00    0.00    1.00     4  listener
12:00:35 PM  1000     29646    0.00    1.00    0.00    0.00    1.00     0  listener
12:00:35 PM  1000     29657    0.00    1.00    0.00    0.00    1.00     1  listener
12:00:35 PM  1000     29731    0.00    0.00    0.00    0.00    0.00     3  listener
12:00:35 PM  1000     29778    1.00    0.00    0.00    0.00    1.00     7  listener
12:00:35 PM  1000     29780    0.00    0.00    0.00    0.00    0.00     8  listener
12:00:35 PM  1000     29791    0.00    0.00    0.00    0.00    0.00     6  listener
12:00:35 PM  1000     29810    0.00    1.00    0.00    0.00    1.00     1  listener
12:00:35 PM  1000     29866    0.00    0.00    0.00    0.00    0.00    14  listener

12:00:35 PM   UID       PID    %usr %system  %guest   %wait    %CPU   CPU  Command
12:00:36 PM  1000     28697    1.00    1.00    0.00    0.00    2.00     5  listener
12:00:36 PM  1000     28699    1.00    0.00    0.00    0.00    1.00    14  listener
12:00:36 PM  1000     28701    1.00    0.00    0.00    0.00    1.00    17  listener
12:00:36 PM  1000     28703    1.00    0.00    0.00    0.00    1.00    19  listener
12:00:36 PM  1000     28705    1.00    0.00    0.00    0.00    1.00    15  listener
12:00:36 PM  1000     28707    0.00    1.00    0.00    0.00    1.00    10  listener
12:00:36 PM  1000     28709    1.00    0.00    0.00    0.00    1.00    15  listener
12:00:36 PM  1000     28711    1.00    0.00    0.00    0.00    1.00     5  listener
12:00:36 PM  1000     28713    0.00    0.00    0.00    0.00    0.00    14  listener
12:00:36 PM  1000     28715    0.00    0.00    0.00    0.00    0.00    13  listener
12:00:36 PM  1000     28717    0.00    0.00    0.00    0.00    0.00     6  listener
12:00:36 PM  1000     28719    1.00    0.00    0.00    0.00    1.00     9  listener
12:00:36 PM  1000     28721    1.00    0.00    0.00    0.00    1.00    10  listener
12:00:36 PM  1000     28723    1.00    1.00    0.00    0.00    2.00    13  listener
12:00:36 PM  1000     28725    1.00    0.00    0.00    0.00    1.00     6  listener
12:00:36 PM  1000     28727    1.00    0.00    0.00    0.00    1.00    19  listener
12:00:36 PM  1000     28729    0.00    0.00    0.00    0.00    0.00     2  listener
12:00:36 PM  1000     28731    0.00    0.00    0.00    0.00    0.00    19  listener
12:00:36 PM  1000     28743    1.00    1.00    0.00    0.00    2.00     1  listener
12:00:36 PM  1000     28772    1.00    0.00    0.00    0.00    1.00    14  listener
12:00:36 PM  1000     28815    0.00    1.00    0.00    0.00    1.00    14  listener
12:00:36 PM  1000     28891    0.00    0.00    0.00    0.00    0.00     8  listener
12:00:36 PM  1000     28967    0.00    1.00    0.00    0.00    1.00    12  listener
12:00:36 PM  1000     29038    0.00    0.00    0.00    0.00    0.00    12  listener
12:00:36 PM  1000     29041    0.00    0.00    0.00    0.00    0.00     1  listener
12:00:36 PM  1000     29049    0.00    0.00    0.00    0.00    0.00     1  listener
12:00:36 PM  1000     29073    0.00    0.00    0.00    0.00    0.00    15  listener
12:00:36 PM  1000     29075    1.00    1.00    0.00    0.00    2.00     3  listener
12:00:36 PM  1000     29086    0.00    1.00    0.00    0.00    1.00     6  listener
12:00:36 PM  1000     29097    0.00    1.00    0.00    0.00    1.00    13  listener
12:00:36 PM  1000     29126    1.00    0.00    0.00    0.00    1.00    15  listener
12:00:36 PM  1000     29138    1.00    0.00    0.00    0.00    1.00     1  listener
12:00:36 PM  1000     29145    0.00    1.00    0.00    0.00    1.00     3  listener
12:00:36 PM  1000     29147    0.00    1.00    0.00    0.00    1.00     5  listener
12:00:36 PM  1000     29197    1.00    0.00    0.00    0.00    1.00     5  listener
12:00:36 PM  1000     29243    1.00    0.00    0.00    0.00    1.00     8  listener
12:00:36 PM  1000     29255    1.00    0.00    0.00    0.00    1.00     1  listener
12:00:36 PM  1000     29300    0.00    1.00    0.00    0.00    1.00    14  listener
12:00:36 PM  1000     29313    1.00    1.00    0.00    0.00    2.00     6  listener
12:00:36 PM  1000     29369    0.00    0.00    0.00    0.00    0.00    13  listener
12:00:36 PM  1000     29389    1.00    1.00    0.00    0.00    2.00    10  listener
12:00:36 PM  1000     29418    0.00    0.00    0.00    0.00    0.00     5  listener
12:00:36 PM  1000     29439    1.00    1.00    0.00    0.00    2.00     6  listener
12:00:36 PM  1000     29442    1.00    1.00    0.00    0.00    2.00     1  listener
12:00:36 PM  1000     29444    0.00    1.00    0.00    0.00    1.00     0  listener
12:00:36 PM  1000     29446    0.00    0.00    0.00    0.00    0.00    13  listener
12:00:36 PM  1000     29498    0.00    0.00    0.00    0.00    0.00     8  listener
12:00:36 PM  1000     29520    0.00    0.00    0.00    0.00    0.00    12  listener
12:00:36 PM  1000     29549    1.00    1.00    0.00    0.00    2.00    18  listener
12:00:36 PM  1000     29551    0.00    1.00    0.00    0.00    1.00    14  listener
12:00:36 PM  1000     29560    0.00    0.00    0.00    0.00    0.00     5  listener
12:00:36 PM  1000     29573    0.00    0.00    0.00    0.00    0.00     5  listener
12:00:36 PM  1000     29584    1.00    1.00    0.00    0.00    2.00    17  listener
12:00:36 PM  1000     29604    1.00    1.00    0.00    0.00    2.00     0  listener
12:00:36 PM  1000     29607    0.00    1.00    0.00    0.00    1.00    19  listener
12:00:36 PM  1000     29644    1.00    0.00    0.00    0.00    1.00     4  listener
12:00:36 PM  1000     29646    1.00    0.00    0.00    0.00    1.00     0  listener
12:00:36 PM  1000     29657    1.00    0.00    0.00    0.00    1.00    14  listener
12:00:36 PM  1000     29731    1.00    1.00    0.00    0.00    2.00     8  listener
12:00:36 PM  1000     29778    0.00    1.00    0.00    0.00    1.00     7  listener
12:00:36 PM  1000     29780    1.00    0.00    0.00    0.00    1.00    10  listener
12:00:36 PM  1000     29791    0.00    1.00    0.00    0.00    1.00     5  listener
12:00:36 PM  1000     29810    0.00    0.00    0.00    0.00    0.00     5  listener
12:00:36 PM  1000     29866    1.00    0.00    0.00    0.00    1.00    12  listener

12:00:36 PM   UID       PID    %usr %system  %guest   %wait    %CPU   CPU  Command
12:00:37 PM  1000     28697    0.00    0.00    0.00    0.00    0.00    13  listener
12:00:37 PM  1000     28699    0.00    1.00    0.00    0.00    1.00    19  listener
12:00:37 PM  1000     28701    0.00    1.00    0.00    0.00    1.00    15  listener
12:00:37 PM  1000     28703    1.00    1.00    0.00    0.00    2.00     2  listener
12:00:37 PM  1000     28705    1.00    1.00    0.00    0.00    2.00    12  listener
12:00:37 PM  1000     28707    1.00    0.00    0.00    0.00    1.00    15  listener
12:00:37 PM  1000     28709    1.00    1.00    0.00    0.00    2.00     7  listener
12:00:37 PM  1000     28711    1.00    0.00    0.00    0.00    1.00     5  listener
12:00:37 PM  1000     28713    0.00    1.00    0.00    0.00    1.00     0  listener
12:00:37 PM  1000     28715    1.00    1.00    0.00    0.00    2.00    14  listener
12:00:37 PM  1000     28717    1.00    1.00    0.00    0.00    2.00     2  listener
12:00:37 PM  1000     28719    1.00    1.00    0.00    0.00    2.00     0  listener
12:00:37 PM  1000     28721    0.00    1.00    0.00    0.00    1.00     6  listener
12:00:37 PM  1000     28723    1.00    0.00    0.00    0.00    1.00     6  listener
12:00:37 PM  1000     28725    1.00    1.00    0.00    0.00    2.00     8  listener
12:00:37 PM  1000     28727    0.00    2.00    0.00    0.00    2.00    10  listener
12:00:37 PM  1000     28729    1.00    1.00    0.00    0.00    2.00    11  listener
12:00:37 PM  1000     28731    1.00    1.00    0.00    0.00    2.00     2  listener
12:00:37 PM  1000     28743    0.00    1.00    0.00    0.00    1.00     5  listener
12:00:37 PM  1000     28772    1.00    0.00    0.00    0.00    1.00    14  listener
12:00:37 PM  1000     28815    1.00    0.00    0.00    0.00    1.00    14  listener
12:00:37 PM  1000     28891    1.00    0.00    0.00    0.00    1.00     1  listener
12:00:37 PM  1000     28967    1.00    0.00    0.00    0.00    1.00     6  listener
12:00:37 PM  1000     29038    2.00    0.00    0.00    0.00    2.00     1  listener
12:00:37 PM  1000     29041    1.00    1.00    0.00    0.00    2.00    10  listener
12:00:37 PM  1000     29049    0.00    1.00    0.00    0.00    1.00     3  listener
12:00:37 PM  1000     29073    1.00    1.00    0.00    0.00    2.00    13  listener
12:00:37 PM  1000     29075    0.00    1.00    0.00    0.00    1.00     1  listener
12:00:37 PM  1000     29086    1.00    0.00    0.00    0.00    1.00    11  listener
12:00:37 PM  1000     29097    2.00    0.00    0.00    0.00    2.00    17  listener
12:00:37 PM  1000     29126    1.00    1.00    0.00    0.00    2.00     3  listener
12:00:37 PM  1000     29138    0.00    2.00    0.00    0.00    2.00    16  listener
12:00:37 PM  1000     29145    2.00    0.00    0.00    0.00    2.00    10  listener
12:00:37 PM  1000     29147    1.00    0.00    0.00    0.00    1.00     5  listener
12:00:37 PM  1000     29197    0.00    1.00    0.00    0.00    1.00    17  listener
12:00:37 PM  1000     29243    0.00    2.00    0.00    0.00    2.00    12  listener
12:00:37 PM  1000     29255    1.00    1.00    0.00    0.00    2.00    13  listener
12:00:37 PM  1000     29300    1.00    1.00    0.00    0.00    2.00    15  listener
12:00:37 PM  1000     29313    0.00    1.00    0.00    0.00    1.00    12  listener
12:00:37 PM  1000     29369    1.00    1.00    0.00    0.00    2.00    10  listener
12:00:37 PM  1000     29389    1.00    1.00    0.00    0.00    2.00    14  listener
12:00:37 PM  1000     29418    1.00    1.00    0.00    0.00    2.00     1  listener
12:00:37 PM  1000     29439    0.00    0.00    0.00    0.00    0.00    13  listener
12:00:37 PM  1000     29442    0.00    1.00    0.00    0.00    1.00    12  listener
12:00:37 PM  1000     29444    1.00    0.00    0.00    0.00    1.00     4  listener
12:00:37 PM  1000     29446    0.00    2.00    0.00    0.00    2.00     0  listener
12:00:37 PM  1000     29498    1.00    1.00    0.00    0.00    2.00     5  listener
12:00:37 PM  1000     29520    2.00    0.00    0.00    0.00    2.00     6  listener
12:00:37 PM  1000     29549    1.00    0.00    0.00    0.00    1.00     5  listener
12:00:37 PM  1000     29551    0.00    1.00    0.00    0.00    1.00     5  listener
12:00:37 PM  1000     29560    1.00    1.00    0.00    0.00    2.00     6  listener
12:00:37 PM  1000     29573    1.00    1.00    0.00    0.00    2.00     1  listener
12:00:37 PM  1000     29584    0.00    0.00    0.00    0.00    0.00    17  listener
12:00:37 PM  1000     29604    1.00    0.00    0.00    0.00    1.00    13  listener
12:00:37 PM  1000     29607    1.00    1.00    0.00    0.00    2.00    11  listener
12:00:37 PM  1000     29644    0.00    2.00    0.00    0.00    2.00     6  listener
12:00:37 PM  1000     29646    1.00    1.00    0.00    0.00    2.00    15  listener
12:00:37 PM  1000     29657    1.00    0.00    0.00    0.00    1.00    17  listener
12:00:37 PM  1000     29731    0.00    0.00    0.00    0.00    0.00     2  listener
12:00:37 PM  1000     29778    1.00    1.00    0.00    0.00    2.00     4  listener
12:00:37 PM  1000     29780    0.00    1.00    0.00    0.00    1.00    13  listener
12:00:37 PM  1000     29791    1.00    1.00    0.00    0.00    2.00     0  listener
12:00:37 PM  1000     29810    1.00    1.00    0.00    0.00    2.00     1  listener
12:00:37 PM  1000     29866    1.00    1.00    0.00    0.00    2.00     2  listener

12:00:37 PM   UID       PID    %usr %system  %guest   %wait    %CPU   CPU  Command
12:00:38 PM  1000     28697    0.00    1.00    0.00    0.00    1.00     3  listener
12:00:38 PM  1000     28699    1.00    0.00    0.00    0.00    1.00     1  listener
12:00:38 PM  1000     28701    1.00    0.00    0.00    0.00    1.00    18  listener
12:00:38 PM  1000     28703    1.00    0.00    0.00    0.00    1.00     0  listener
12:00:38 PM  1000     28705    0.00    0.00    0.00    0.00    0.00     6  listener
12:00:38 PM  1000     28707    1.00    1.00    0.00    0.00    2.00     3  listener
12:00:38 PM  1000     28709    0.00    0.00    0.00    0.00    0.00    12  listener
12:00:38 PM  1000     28711    0.00    0.00    0.00    0.00    0.00    13  listener
12:00:38 PM  1000     28713    1.00    1.00    0.00    0.00    2.00     1  listener
12:00:38 PM  1000     28715    1.00    0.00    0.00    0.00    1.00    10  listener
12:00:38 PM  1000     28717    0.00    0.00    0.00    0.00    0.00     2  listener
12:00:38 PM  1000     28719    0.00    1.00    0.00    0.00    1.00    10  listener
12:00:38 PM  1000     28721    0.00    1.00    0.00    0.00    1.00    12  listener
12:00:38 PM  1000     28723    1.00    0.00    0.00    0.00    1.00    13  listener
12:00:38 PM  1000     28725    0.00    0.00    0.00    0.00    0.00    12  listener
12:00:38 PM  1000     28727    0.00    1.00    0.00    0.00    1.00    12  listener
12:00:38 PM  1000     28729    1.00    0.00    0.00    0.00    1.00    11  listener
12:00:38 PM  1000     28731    0.00    1.00    0.00    0.00    1.00     3  listener
12:00:38 PM  1000     28743    0.00    0.00    0.00    0.00    0.00     5  listener
12:00:38 PM  1000     28772    0.00    0.00    0.00    0.00    0.00    18  listener
12:00:38 PM  1000     28815    0.00    1.00    0.00    0.00    1.00    15  listener
12:00:38 PM  1000     28891    1.00    1.00    0.00    0.00    2.00     1  listener
12:00:38 PM  1000     28967    1.00    0.00    0.00    0.00    1.00    18  listener
12:00:38 PM  1000     29038    1.00    0.00    0.00    0.00    1.00    13  listener
12:00:38 PM  1000     29041    0.00    1.00    0.00    0.00    1.00    16  listener
12:00:38 PM  1000     29049    1.00    1.00    0.00    0.00    2.00     1  listener
12:00:38 PM  1000     29073    1.00    0.00    0.00    0.00    1.00    18  listener
12:00:38 PM  1000     29075    0.00    1.00    0.00    0.00    1.00     6  listener
12:00:38 PM  1000     29086    0.00    1.00    0.00    0.00    1.00    11  listener
12:00:38 PM  1000     29097    1.00    0.00    0.00    0.00    1.00    17  listener
12:00:38 PM  1000     29126    0.00    0.00    0.00    0.00    0.00    10  listener
12:00:38 PM  1000     29138    1.00    0.00    0.00    0.00    1.00     3  listener
12:00:38 PM  1000     29145    0.00    0.00    0.00    0.00    0.00    16  listener
12:00:38 PM  1000     29147    1.00    1.00    0.00    0.00    2.00     8  listener
12:00:38 PM  1000     29197    0.00    0.00    0.00    0.00    0.00    17  listener
12:00:38 PM  1000     29243    1.00    0.00    0.00    0.00    1.00    13  listener
12:00:38 PM  1000     29255    0.00    0.00    0.00    0.00    0.00     3  listener
12:00:38 PM  1000     29300    1.00    0.00    0.00    0.00    1.00    13  listener
12:00:38 PM  1000     29313    1.00    0.00    0.00    0.00    1.00    19  listener
12:00:38 PM  1000     29369    1.00    0.00    0.00    0.00    1.00    13  listener
12:00:38 PM  1000     29389    1.00    0.00    0.00    0.00    1.00     6  listener
12:00:38 PM  1000     29418    0.00    0.00    0.00    0.00    0.00     1  listener
12:00:38 PM  1000     29439    1.00    1.00    0.00    0.00    2.00     8  listener
12:00:38 PM  1000     29442    0.00    1.00    0.00    0.00    1.00    12  listener
12:00:38 PM  1000     29444    1.00    0.00    0.00    0.00    1.00     4  listener
12:00:38 PM  1000     29446    1.00    0.00    0.00    0.00    1.00     6  listener
12:00:38 PM  1000     29498    1.00    0.00    0.00    0.00    1.00     3  listener
12:00:38 PM  1000     29520    1.00    0.00    0.00    0.00    1.00     8  listener
12:00:38 PM  1000     29549    1.00    0.00    0.00    0.00    1.00     8  listener
12:00:38 PM  1000     29551    1.00    0.00    0.00    0.00    1.00     5  listener
12:00:38 PM  1000     29560    0.00    0.00    0.00    0.00    0.00     6  listener
12:00:38 PM  1000     29573    1.00    0.00    0.00    0.00    1.00    12  listener
12:00:38 PM  1000     29584    0.00    1.00    0.00    0.00    1.00    12  listener
12:00:38 PM  1000     29604    0.00    1.00    0.00    0.00    1.00    15  listener
12:00:38 PM  1000     29607    1.00    0.00    0.00    0.00    1.00    12  listener
12:00:38 PM  1000     29644    0.00    0.00    0.00    0.00    0.00     6  listener
12:00:38 PM  1000     29646    0.00    0.00    0.00    0.00    0.00     3  listener
12:00:38 PM  1000     29657    1.00    1.00    0.00    0.00    2.00     0  listener
12:00:38 PM  1000     29731    1.00    1.00    0.00    0.00    2.00     2  listener
12:00:38 PM  1000     29778    1.00    0.00    0.00    0.00    1.00     4  listener
12:00:38 PM  1000     29780    1.00    1.00    0.00    0.00    2.00    14  listener
12:00:38 PM  1000     29791    0.00    0.00    0.00    0.00    0.00     2  listener
12:00:38 PM  1000     29810    0.00    1.00    0.00    0.00    1.00    12  listener
12:00:38 PM  1000     29866    0.00    1.00    0.00    0.00    1.00     2  listener

12:00:38 PM   UID       PID    %usr %system  %guest   %wait    %CPU   CPU  Command
12:00:39 PM  1000     28697    1.00    0.00    0.00    0.00    1.00     6  listener
12:00:39 PM  1000     28699    0.00    1.00    0.00    0.00    1.00    16  listener
12:00:39 PM  1000     28701    0.00    1.00    0.00    0.00    1.00     1  listener
12:00:39 PM  1000     28703    0.00    0.00    0.00    0.00    0.00     2  listener
12:00:39 PM  1000     28705    0.00    1.00    0.00    0.00    1.00    12  listener
12:00:39 PM  1000     28707    0.00    0.00    0.00    0.00    0.00     6  listener
12:00:39 PM  1000     28709    1.00    0.00    0.00    0.00    1.00    11  listener
12:00:39 PM  1000     28711    1.00    0.00    0.00    0.00    1.00     8  listener
12:00:39 PM  1000     28713    1.00    0.00    0.00    0.00    1.00    12  listener
12:00:39 PM  1000     28715    1.00    0.00    0.00    0.00    1.00     6  listener
12:00:39 PM  1000     28717    1.00    0.00    0.00    0.00    1.00     2  listener
12:00:39 PM  1000     28719    0.00    1.00    0.00    0.00    1.00    10  listener
12:00:39 PM  1000     28721    1.00    0.00    0.00    0.00    1.00     6  listener
12:00:39 PM  1000     28723    0.00    0.00    0.00    0.00    0.00    15  listener
12:00:39 PM  1000     28725    1.00    1.00    0.00    0.00    2.00     6  listener
12:00:39 PM  1000     28727    0.00    0.00    0.00    0.00    0.00    12  listener
12:00:39 PM  1000     28729    0.00    0.00    0.00    0.00    0.00    16  listener
12:00:39 PM  1000     28731    1.00    0.00    0.00    0.00    1.00     8  listener
12:00:39 PM  1000     28743    1.00    0.00    0.00    0.00    1.00    16  listener
12:00:39 PM  1000     28772    1.00    1.00    0.00    0.00    2.00     0  listener
12:00:39 PM  1000     28815    0.00    1.00    0.00    0.00    1.00    17  listener
12:00:39 PM  1000     28891    1.00    0.00    0.00    0.00    1.00     1  listener
12:00:39 PM  1000     28967    0.00    1.00    0.00    0.00    1.00     6  listener
12:00:39 PM  1000     29038    0.00    0.00    0.00    0.00    0.00    10  listener
12:00:39 PM  1000     29041    0.00    0.00    0.00    0.00    0.00     8  listener
12:00:39 PM  1000     29049    0.00    0.00    0.00    0.00    0.00    15  listener
12:00:39 PM  1000     29073    0.00    0.00    0.00    0.00    0.00    10  listener
12:00:39 PM  1000     29075    1.00    0.00    0.00    0.00    1.00     6  listener
12:00:39 PM  1000     29086    0.00    1.00    0.00    0.00    1.00    11  listener
12:00:39 PM  1000     29097    0.00    1.00    0.00    0.00    1.00     5  listener
12:00:39 PM  1000     29126    1.00    1.00    0.00    0.00    2.00    13  listener
12:00:39 PM  1000     29138    0.00    1.00    0.00    0.00    1.00     8  listener
12:00:39 PM  1000     29145    0.00    1.00    0.00    0.00    1.00    15  listener
12:00:39 PM  1000     29147    0.00    0.00    0.00    0.00    0.00     6  listener
12:00:39 PM  1000     29197    1.00    1.00    0.00    0.00    2.00     0  listener
12:00:39 PM  1000     29243    0.00    0.00    0.00    0.00    0.00    19  listener
12:00:39 PM  1000     29255    0.00    1.00    0.00    0.00    1.00    10  listener
12:00:39 PM  1000     29300    0.00    0.00    0.00    0.00    0.00    15  listener
12:00:39 PM  1000     29313    1.00    1.00    0.00    0.00    2.00     1  listener
12:00:39 PM  1000     29369    0.00    0.00    0.00    0.00    0.00     1  listener
12:00:39 PM  1000     29389    0.00    0.00    0.00    0.00    0.00     3  listener
12:00:39 PM  1000     29418    1.00    0.00    0.00    0.00    1.00     3  listener
12:00:39 PM  1000     29439    0.00    0.00    0.00    0.00    0.00     6  listener
12:00:39 PM  1000     29442    1.00    1.00    0.00    0.00    2.00    17  listener
12:00:39 PM  1000     29444    0.00    1.00    0.00    0.00    1.00     4  listener
12:00:39 PM  1000     29446    0.00    0.00    0.00    0.00    0.00     3  listener
12:00:39 PM  1000     29498    0.00    1.00    0.00    0.00    1.00     3  listener
12:00:39 PM  1000     29520    1.00    1.00    0.00    0.00    2.00    10  listener
12:00:39 PM  1000     29549    1.00    0.00    0.00    0.00    1.00    10  listener
12:00:39 PM  1000     29551    1.00    0.00    0.00    0.00    1.00     3  listener
12:00:39 PM  1000     29560    1.00    1.00    0.00    0.00    2.00     6  listener
12:00:39 PM  1000     29573    0.00    1.00    0.00    0.00    1.00    14  listener
12:00:39 PM  1000     29584    1.00    0.00    0.00    0.00    1.00    13  listener
12:00:39 PM  1000     29604    1.00    0.00    0.00    0.00    1.00    15  listener
12:00:39 PM  1000     29607    0.00    0.00    0.00    0.00    0.00     8  listener
12:00:39 PM  1000     29644    1.00    0.00    0.00    0.00    1.00     3  listener
12:00:39 PM  1000     29646    1.00    0.00    0.00    0.00    1.00     8  listener
12:00:39 PM  1000     29657    0.00    0.00    0.00    0.00    0.00     6  listener
12:00:39 PM  1000     29731    0.00    0.00    0.00    0.00    0.00     7  listener
12:00:39 PM  1000     29778    1.00    0.00    0.00    0.00    1.00     5  listener
12:00:39 PM  1000     29780    0.00    0.00    0.00    0.00    0.00    10  listener
12:00:39 PM  1000     29791    1.00    0.00    0.00    0.00    1.00     1  listener
12:00:39 PM  1000     29810    1.00    0.00    0.00    0.00    1.00    10  listener
12:00:39 PM  1000     29866    1.00    0.00    0.00    0.00    1.00     6  listener

12:00:39 PM   UID       PID    %usr %system  %guest   %wait    %CPU   CPU  Command
12:00:40 PM  1000     28697    0.00    1.00    0.00    0.00    1.00    14  listener
12:00:40 PM  1000     28699    0.00    0.00    0.00    0.00    0.00     1  listener
12:00:40 PM  1000     28701    1.00    0.00    0.00    0.00    1.00    13  listener
12:00:40 PM  1000     28703    1.00    1.00    0.00    0.00    2.00     0  listener
12:00:40 PM  1000     28705    1.00    0.00    0.00    0.00    1.00     5  listener
12:00:40 PM  1000     28707    1.00    0.00    0.00    0.00    1.00     6  listener
12:00:40 PM  1000     28709    0.00    1.00    0.00    0.00    1.00     1  listener
12:00:40 PM  1000     28711    1.00    0.00    0.00    0.00    1.00     8  listener
12:00:40 PM  1000     28713    0.00    1.00    0.00    0.00    1.00     1  listener
12:00:40 PM  1000     28715    0.00    0.00    0.00    0.00    0.00     0  listener
12:00:40 PM  1000     28717    1.00    1.00    0.00    0.00    2.00     2  listener
12:00:40 PM  1000     28719    0.00    0.00    0.00    0.00    0.00     1  listener
12:00:40 PM  1000     28721    1.00    0.00    0.00    0.00    1.00    17  listener
12:00:40 PM  1000     28723    0.00    1.00    0.00    0.00    1.00     3  listener
12:00:40 PM  1000     28725    0.00    0.00    0.00    0.00    0.00     1  listener
12:00:40 PM  1000     28727    1.00    0.00    0.00    0.00    1.00    13  listener
12:00:40 PM  1000     28729    1.00    0.00    0.00    0.00    1.00    16  listener
12:00:40 PM  1000     28731    0.00    0.00    0.00    0.00    0.00     8  listener
12:00:40 PM  1000     28743    0.00    1.00    0.00    0.00    1.00     8  listener
12:00:40 PM  1000     28772    1.00    0.00    0.00    0.00    1.00     0  listener
12:00:40 PM  1000     28815    0.00    1.00    0.00    0.00    1.00    17  listener
12:00:40 PM  1000     28891    0.00    1.00    0.00    0.00    1.00     1  listener
12:00:40 PM  1000     28967    0.00    0.00    0.00    0.00    0.00     6  listener
12:00:40 PM  1000     29038    1.00    1.00    0.00    0.00    2.00     1  listener
12:00:40 PM  1000     29041    0.00    1.00    0.00    0.00    1.00     1  listener
12:00:40 PM  1000     29049    1.00    0.00    0.00    0.00    1.00    15  listener
12:00:40 PM  1000     29073    1.00    0.00    0.00    0.00    1.00    12  listener
12:00:40 PM  1000     29075    0.00    0.00    0.00    0.00    0.00     1  listener
12:00:40 PM  1000     29086    0.00    1.00    0.00    0.00    1.00     1  listener
12:00:40 PM  1000     29097    1.00    0.00    0.00    0.00    1.00    12  listener
12:00:40 PM  1000     29126    1.00    0.00    0.00    0.00    1.00    16  listener
12:00:40 PM  1000     29138    0.00    0.00    0.00    0.00    0.00    10  listener
12:00:40 PM  1000     29145    0.00    1.00    0.00    0.00    1.00     1  listener
12:00:40 PM  1000     29147    1.00    0.00    0.00    0.00    1.00    13  listener
12:00:40 PM  1000     29197    0.00    0.00    0.00    0.00    0.00    17  listener
12:00:40 PM  1000     29243    1.00    0.00    0.00    0.00    1.00    10  listener
12:00:40 PM  1000     29255    1.00    0.00    0.00    0.00    1.00     8  listener
12:00:40 PM  1000     29300    1.00    1.00    0.00    0.00    2.00    16  listener
12:00:40 PM  1000     29313    0.00    0.00    0.00    0.00    0.00     1  listener
12:00:40 PM  1000     29369    1.00    1.00    0.00    0.00    2.00     1  listener
12:00:40 PM  1000     29389    0.00    1.00    0.00    0.00    1.00    10  listener
12:00:40 PM  1000     29418    0.00    1.00    0.00    0.00    1.00     5  listener
12:00:40 PM  1000     29439    1.00    1.00    0.00    0.00    2.00    13  listener
12:00:40 PM  1000     29442    0.00    0.00    0.00    0.00    0.00    13  listener
12:00:40 PM  1000     29444    0.00    1.00    0.00    0.00    1.00     6  listener
12:00:40 PM  1000     29446    1.00    1.00    0.00    0.00    2.00     8  listener
12:00:40 PM  1000     29498    1.00    0.00    0.00    0.00    1.00     6  listener
12:00:40 PM  1000     29520    0.00    0.00    0.00    0.00    0.00     3  listener
12:00:40 PM  1000     29549    0.00    1.00    0.00    0.00    1.00    17  listener
12:00:40 PM  1000     29551    0.00    1.00    0.00    0.00    1.00     6  listener
12:00:40 PM  1000     29560    0.00    0.00    0.00    0.00    0.00     1  listener
12:00:40 PM  1000     29573    1.00    0.00    0.00    0.00    1.00    16  listener
12:00:40 PM  1000     29584    0.00    1.00    0.00    0.00    1.00    16  listener
12:00:40 PM  1000     29604    0.00    0.00    0.00    0.00    0.00    13  listener
12:00:40 PM  1000     29607    1.00    1.00    0.00    0.00    2.00    17  listener
12:00:40 PM  1000     29644    1.00    1.00    0.00    0.00    2.00    12  listener
12:00:40 PM  1000     29646    0.00    0.00    0.00    0.00    0.00     6  listener
12:00:40 PM  1000     29657    1.00    0.00    0.00    0.00    1.00    10  listener
12:00:40 PM  1000     29731    1.00    1.00    0.00    0.00    2.00    14  listener
12:00:40 PM  1000     29778    0.00    0.00    0.00    0.00    0.00     4  listener
12:00:40 PM  1000     29780    0.00    1.00    0.00    0.00    1.00    12  listener
12:00:40 PM  1000     29791    0.00    0.00    0.00    0.00    0.00     1  listener
12:00:40 PM  1000     29810    0.00    1.00    0.00    0.00    1.00     3  listener
12:00:40 PM  1000     29866    0.00    0.00    0.00    0.00    0.00     5  listener

12:00:40 PM   UID       PID    %usr %system  %guest   %wait    %CPU   CPU  Command
12:00:41 PM  1000     28697    1.00    0.00    0.00    0.00    1.00    12  listener
12:00:41 PM  1000     28699    1.00    0.00    0.00    0.00    1.00     1  listener
12:00:41 PM  1000     28701    0.00    1.00    0.00    0.00    1.00     5  listener
12:00:41 PM  1000     28703    1.00    0.00    0.00    0.00    1.00     2  listener
12:00:41 PM  1000     28705    0.00    0.00    0.00    0.00    0.00     3  listener
12:00:41 PM  1000     28707    0.00    0.00    0.00    0.00    0.00     6  listener
12:00:41 PM  1000     28709    1.00    0.00    0.00    0.00    1.00     1  listener
12:00:41 PM  1000     28711    0.00    0.00    0.00    0.00    0.00    10  listener
12:00:41 PM  1000     28713    1.00    0.00    0.00    0.00    1.00     5  listener
12:00:41 PM  1000     28715    1.00    0.00    0.00    0.00    1.00     1  listener
12:00:41 PM  1000     28717    0.00    0.00    0.00    0.00    0.00     2  listener
12:00:41 PM  1000     28719    1.00    0.00    0.00    0.00    1.00    16  listener
12:00:41 PM  1000     28721    1.00    0.00    0.00    0.00    1.00    12  listener
12:00:41 PM  1000     28723    1.00    0.00    0.00    0.00    1.00    15  listener
12:00:41 PM  1000     28725    1.00    1.00    0.00    0.00    2.00     7  listener
12:00:41 PM  1000     28727    1.00    0.00    0.00    0.00    1.00     3  listener
12:00:41 PM  1000     28729    0.00    1.00    0.00    0.00    1.00     0  listener
12:00:41 PM  1000     28731    1.00    1.00    0.00    0.00    2.00    12  listener
12:00:41 PM  1000     28743    1.00    0.00    0.00    0.00    1.00    10  listener
12:00:41 PM  1000     28772    0.00    0.00    0.00    0.00    0.00     0  listener
12:00:41 PM  1000     28815    0.00    0.00    0.00    0.00    0.00    12  listener
12:00:41 PM  1000     28891    1.00    0.00    0.00    0.00    1.00     1  listener
12:00:41 PM  1000     28967    1.00    1.00    0.00    0.00    2.00    15  listener
12:00:41 PM  1000     29038    1.00    0.00    0.00    0.00    1.00     1  listener
12:00:41 PM  1000     29041    1.00    0.00    0.00    0.00    1.00     5  listener
12:00:41 PM  1000     29049    0.00    0.00    0.00    0.00    0.00     3  listener
12:00:41 PM  1000     29073    1.00    1.00    0.00    0.00    2.00    14  listener
12:00:41 PM  1000     29075    1.00    0.00    0.00    0.00    1.00    12  listener
12:00:41 PM  1000     29086    1.00    0.00    0.00    0.00    1.00     8  listener
12:00:41 PM  1000     29097    0.00    0.00    0.00    0.00    0.00    10  listener
12:00:41 PM  1000     29126    0.00    1.00    0.00    0.00    1.00    14  listener
12:00:41 PM  1000     29138    1.00    0.00    0.00    0.00    1.00    12  listener
12:00:41 PM  1000     29145    1.00    0.00    0.00    0.00    1.00     6  listener
12:00:41 PM  1000     29147    0.00    1.00    0.00    0.00    1.00    15  listener
12:00:41 PM  1000     29197    1.00    0.00    0.00    0.00    1.00    10  listener
12:00:41 PM  1000     29243    0.00    1.00    0.00    0.00    1.00    14  listener
12:00:41 PM  1000     29255    1.00    0.00    0.00    0.00    1.00    10  listener
12:00:41 PM  1000     29300    0.00    0.00    0.00    0.00    0.00    16  listener
12:00:41 PM  1000     29313    0.00    1.00    0.00    0.00    1.00     5  listener
12:00:41 PM  1000     29369    0.00    0.00    0.00    0.00    0.00     3  listener
12:00:41 PM  1000     29389    1.00    0.00    0.00    0.00    1.00    10  listener
12:00:41 PM  1000     29418    1.00    0.00    0.00    0.00    1.00    10  listener
12:00:41 PM  1000     29439    0.00    0.00    0.00    0.00    0.00    16  listener
12:00:41 PM  1000     29442    1.00    0.00    0.00    0.00    1.00    10  listener
12:00:41 PM  1000     29444    0.00    0.00    0.00    0.00    0.00     4  listener
12:00:41 PM  1000     29446    0.00    0.00    0.00    0.00    0.00     8  listener
12:00:41 PM  1000     29498    0.00    0.00    0.00    0.00    0.00    13  listener
12:00:41 PM  1000     29520    1.00    1.00    0.00    0.00    2.00     5  listener
12:00:41 PM  1000     29549    0.00    2.00    0.00    0.00    2.00    17  listener
12:00:41 PM  1000     29551    0.00    0.00    0.00    0.00    0.00     8  listener
12:00:41 PM  1000     29560    1.00    0.00    0.00    0.00    1.00    12  listener
12:00:41 PM  1000     29573    1.00    0.00    0.00    0.00    1.00    10  listener
12:00:41 PM  1000     29584    0.00    0.00    0.00    0.00    0.00     0  listener
12:00:41 PM  1000     29604    0.00    1.00    0.00    0.00    1.00    13  listener
12:00:41 PM  1000     29607    0.00    0.00    0.00    0.00    0.00    17  listener
12:00:41 PM  1000     29644    0.00    0.00    0.00    0.00    0.00     1  listener
12:00:41 PM  1000     29646    1.00    0.00    0.00    0.00    1.00     3  listener
12:00:41 PM  1000     29657    0.00    1.00    0.00    0.00    1.00    13  listener
12:00:41 PM  1000     29731    0.00    0.00    0.00    0.00    0.00     7  listener
12:00:41 PM  1000     29778    1.00    1.00    0.00    0.00    2.00     4  listener
12:00:41 PM  1000     29780    0.00    1.00    0.00    0.00    1.00    13  listener
12:00:41 PM  1000     29791    0.00    1.00    0.00    0.00    1.00     5  listener
12:00:41 PM  1000     29810    1.00    0.00    0.00    0.00    1.00    13  listener
12:00:41 PM  1000     29866    0.00    0.00    0.00    0.00    0.00     7  listener

12:00:41 PM   UID       PID    %usr %system  %guest   %wait    %CPU   CPU  Command
12:00:42 PM  1000     28697    1.00    0.00    0.00    0.00    1.00    13  listener
12:00:42 PM  1000     28699    1.00    1.00    0.00    0.00    2.00    12  listener
12:00:42 PM  1000     28701    1.00    0.00    0.00    0.00    1.00     1  listener
12:00:42 PM  1000     28703    1.00    0.00    0.00    0.00    1.00     2  listener
12:00:42 PM  1000     28705    1.00    0.00    0.00    0.00    1.00     4  listener
12:00:42 PM  1000     28707    1.00    1.00    0.00    0.00    2.00     3  listener
12:00:42 PM  1000     28709    0.00    0.00    0.00    0.00    0.00     5  listener
12:00:42 PM  1000     28711    1.00    1.00    0.00    0.00    2.00     8  listener
12:00:42 PM  1000     28713    1.00    0.00    0.00    0.00    1.00     8  listener
12:00:42 PM  1000     28715    0.00    0.00    0.00    0.00    0.00     7  listener
12:00:42 PM  1000     28717    1.00    1.00    0.00    0.00    2.00     2  listener
12:00:42 PM  1000     28719    0.00    1.00    0.00    0.00    1.00    17  listener
12:00:42 PM  1000     28721    1.00    0.00    0.00    0.00    1.00    12  listener
12:00:42 PM  1000     28723    1.00    0.00    0.00    0.00    1.00    15  listener
12:00:42 PM  1000     28725    0.00    0.00    0.00    0.00    0.00    13  listener
12:00:42 PM  1000     28727    1.00    1.00    0.00    0.00    2.00    13  listener
12:00:42 PM  1000     28729    1.00    0.00    0.00    0.00    1.00    10  listener
12:00:42 PM  1000     28731    1.00    0.00    0.00    0.00    1.00    15  listener
12:00:42 PM  1000     28743    0.00    0.00    0.00    0.00    0.00     3  listener
12:00:42 PM  1000     28772    0.00    1.00    0.00    0.00    1.00     1  listener
12:00:42 PM  1000     28815    0.00    1.00    0.00    0.00    1.00    11  listener
12:00:42 PM  1000     28891    0.00    0.00    0.00    0.00    0.00    12  listener
12:00:42 PM  1000     28967    0.00    0.00    0.00    0.00    0.00     8  listener
12:00:42 PM  1000     29038    0.00    0.00    0.00    0.00    0.00     8  listener
12:00:42 PM  1000     29041    0.00    1.00    0.00    0.00    1.00     8  listener
12:00:42 PM  1000     29049    1.00    1.00    0.00    0.00    2.00     5  listener
12:00:42 PM  1000     29073    0.00    0.00    0.00    0.00    0.00    15  listener
12:00:42 PM  1000     29075    1.00    1.00    0.00    0.00    2.00    16  listener
12:00:42 PM  1000     29086    0.00    1.00    0.00    0.00    1.00     3  listener
12:00:42 PM  1000     29097    1.00    0.00    0.00    0.00    1.00    19  listener
12:00:42 PM  1000     29126    0.00    0.00    0.00    0.00    0.00    17  listener
12:00:42 PM  1000     29138    1.00    0.00    0.00    0.00    1.00    12  listener
12:00:42 PM  1000     29145    0.00    0.00    0.00    0.00    0.00     5  listener
12:00:42 PM  1000     29147    1.00    0.00    0.00    0.00    1.00    15  listener
12:00:42 PM  1000     29197    0.00    1.00    0.00    0.00    1.00    12  listener
12:00:42 PM  1000     29243    1.00    0.00    0.00    0.00    1.00     6  listener
12:00:42 PM  1000     29255    0.00    1.00    0.00    0.00    1.00    10  listener
12:00:42 PM  1000     29300    0.00    1.00    0.00    0.00    1.00    16  listener
12:00:42 PM  1000     29313    1.00    0.00    0.00    0.00    1.00     5  listener
12:00:42 PM  1000     29369    0.00    1.00    0.00    0.00    1.00     8  listener
12:00:42 PM  1000     29389    0.00    1.00    0.00    0.00    1.00    17  listener
12:00:42 PM  1000     29418    0.00    0.00    0.00    0.00    0.00    10  listener
12:00:42 PM  1000     29439    1.00    0.00    0.00    0.00    1.00    10  listener
12:00:42 PM  1000     29442    0.00    1.00    0.00    0.00    1.00     3  listener
12:00:42 PM  1000     29444    0.00    1.00    0.00    0.00    1.00     4  listener
12:00:42 PM  1000     29446    1.00    0.00    0.00    0.00    1.00    10  listener
12:00:42 PM  1000     29498    1.00    1.00    0.00    0.00    2.00     6  listener
12:00:42 PM  1000     29520    1.00    0.00    0.00    0.00    1.00     4  listener
12:00:42 PM  1000     29549    0.00    1.00    0.00    0.00    1.00    13  listener
12:00:42 PM  1000     29551    1.00    0.00    0.00    0.00    1.00    16  listener
12:00:42 PM  1000     29560    1.00    0.00    0.00    0.00    1.00    12  listener
12:00:42 PM  1000     29573    0.00    1.00    0.00    0.00    1.00    14  listener
12:00:42 PM  1000     29584    1.00    0.00    0.00    0.00    1.00     8  listener
12:00:42 PM  1000     29604    1.00    1.00    0.00    0.00    2.00    13  listener
12:00:42 PM  1000     29607    1.00    0.00    0.00    0.00    1.00     6  listener
12:00:42 PM  1000     29644    1.00    0.00    0.00    0.00    1.00    12  listener
12:00:42 PM  1000     29646    0.00    1.00    0.00    0.00    1.00     5  listener
12:00:42 PM  1000     29657    1.00    0.00    0.00    0.00    1.00     1  listener
12:00:42 PM  1000     29731    1.00    1.00    0.00    0.00    2.00     1  listener
12:00:42 PM  1000     29778    0.00    0.00    0.00    0.00    0.00     4  listener
12:00:42 PM  1000     29780    1.00    0.00    0.00    0.00    1.00     3  listener
12:00:42 PM  1000     29791    1.00    0.00    0.00    0.00    1.00     3  listener
12:00:42 PM  1000     29810    0.00    0.00    0.00    0.00    0.00     1  listener
12:00:42 PM  1000     29866    1.00    0.00    0.00    0.00    1.00     7  listener

12:00:42 PM   UID       PID    %usr %system  %guest   %wait    %CPU   CPU  Command
12:00:43 PM  1000     28697    1.00    0.00    0.00    0.00    1.00    17  listener
12:00:43 PM  1000     28699    0.00    0.00    0.00    0.00    0.00    16  listener
12:00:43 PM  1000     28701    0.00    0.00    0.00    0.00    0.00    13  listener
12:00:43 PM  1000     28703    0.00    0.00    0.00    0.00    0.00     2  listener
12:00:43 PM  1000     28705    0.00    1.00    0.00    0.00    1.00     4  listener
12:00:43 PM  1000     28707    0.00    0.00    0.00    0.00    0.00     6  listener
12:00:43 PM  1000     28709    0.00    1.00    0.00    0.00    1.00     1  listener
12:00:43 PM  1000     28711    0.00    0.00    0.00    0.00    0.00     8  listener
12:00:43 PM  1000     28713    0.00    0.00    0.00    0.00    0.00     8  listener
12:00:43 PM  1000     28715    0.00    1.00    0.00    0.00    1.00     7  listener
12:00:43 PM  1000     28717    0.00    0.00    0.00    0.00    0.00     2  listener
12:00:43 PM  1000     28719    1.00    0.00    0.00    0.00    1.00    13  listener
12:00:43 PM  1000     28721    0.00    1.00    0.00    0.00    1.00    12  listener
12:00:43 PM  1000     28723    0.00    1.00    0.00    0.00    1.00    10  listener
12:00:43 PM  1000     28725    0.00    0.00    0.00    0.00    0.00     6  listener
12:00:43 PM  1000     28727    1.00    0.00    0.00    0.00    1.00    12  listener
12:00:43 PM  1000     28729    1.00    0.00    0.00    0.00    1.00     0  listener
12:00:43 PM  1000     28731    0.00    0.00    0.00    0.00    0.00    16  listener
12:00:43 PM  1000     28743    1.00    0.00    0.00    0.00    1.00     6  listener
12:00:43 PM  1000     28772    1.00    0.00    0.00    0.00    1.00     1  listener
12:00:43 PM  1000     28815    0.00    1.00    0.00    0.00    1.00     1  listener
12:00:43 PM  1000     28891    1.00    0.00    0.00    0.00    1.00    12  listener
12:00:43 PM  1000     28967    1.00    0.00    0.00    0.00    1.00    12  listener
12:00:43 PM  1000     29038    1.00    0.00    0.00    0.00    1.00    10  listener
12:00:43 PM  1000     29041    0.00    1.00    0.00    0.00    1.00    10  listener
12:00:43 PM  1000     29049    0.00    0.00    0.00    0.00    0.00     5  listener
12:00:43 PM  1000     29073    1.00    0.00    0.00    0.00    1.00    17  listener
12:00:43 PM  1000     29075    0.00    0.00    0.00    0.00    0.00     8  listener
12:00:43 PM  1000     29086    0.00    1.00    0.00    0.00    1.00     3  listener
12:00:43 PM  1000     29097    1.00    0.00    0.00    0.00    1.00     5  listener
12:00:43 PM  1000     29126    1.00    1.00    0.00    0.00    2.00     3  listener
12:00:43 PM  1000     29138    0.00    1.00    0.00    0.00    1.00    13  listener
12:00:43 PM  1000     29145    0.00    1.00    0.00    0.00    1.00     1  listener
12:00:43 PM  1000     29147    0.00    0.00    0.00    0.00    0.00    18  listener
12:00:43 PM  1000     29197    1.00    0.00    0.00    0.00    1.00     3  listener
12:00:43 PM  1000     29243    1.00    0.00    0.00    0.00    1.00    12  listener
12:00:43 PM  1000     29255    0.00    0.00    0.00    0.00    0.00    13  listener
12:00:43 PM  1000     29300    0.00    0.00    0.00    0.00    0.00    16  listener
12:00:43 PM  1000     29313    0.00    1.00    0.00    0.00    1.00     6  listener
12:00:43 PM  1000     29369    1.00    0.00    0.00    0.00    1.00     8  listener
12:00:43 PM  1000     29389    0.00    1.00    0.00    0.00    1.00     0  listener
12:00:43 PM  1000     29418    1.00    0.00    0.00    0.00    1.00    14  listener
12:00:43 PM  1000     29439    0.00    1.00    0.00    0.00    1.00    10  listener
12:00:43 PM  1000     29442    0.00    0.00    0.00    0.00    0.00     5  listener
12:00:43 PM  1000     29444    0.00    1.00    0.00    0.00    1.00     4  listener
12:00:43 PM  1000     29446    0.00    0.00    0.00    0.00    0.00     1  listener
12:00:43 PM  1000     29498    0.00    0.00    0.00    0.00    0.00    16  listener
12:00:43 PM  1000     29520    0.00    0.00    0.00    0.00    0.00     4  listener
12:00:43 PM  1000     29549    0.00    1.00    0.00    0.00    1.00    10  listener
12:00:43 PM  1000     29551    1.00    1.00    0.00    0.00    2.00    12  listener
12:00:43 PM  1000     29560    0.00    1.00    0.00    0.00    1.00    13  listener
12:00:43 PM  1000     29573    0.00    1.00    0.00    0.00    1.00     3  listener
12:00:43 PM  1000     29584    1.00    0.00    0.00    0.00    1.00     6  listener
12:00:43 PM  1000     29604    0.00    0.00    0.00    0.00    0.00    15  listener
12:00:43 PM  1000     29607    1.00    0.00    0.00    0.00    1.00     1  listener
12:00:43 PM  1000     29644    1.00    0.00    0.00    0.00    1.00     3  listener
12:00:43 PM  1000     29646    1.00    0.00    0.00    0.00    1.00     1  listener
12:00:43 PM  1000     29657    0.00    1.00    0.00    0.00    1.00     3  listener
12:00:43 PM  1000     29731    0.00    0.00    0.00    0.00    0.00     5  listener
12:00:43 PM  1000     29778    1.00    0.00    0.00    0.00    1.00    16  listener
12:00:43 PM  1000     29780    1.00    0.00    0.00    0.00    1.00    14  listener
12:00:43 PM  1000     29791    0.00    1.00    0.00    0.00    1.00     2  listener
12:00:43 PM  1000     29810    1.00    0.00    0.00    0.00    1.00     3  listener
12:00:43 PM  1000     29866    1.00    1.00    0.00    0.00    2.00    15  listener

12:00:43 PM   UID       PID    %usr %system  %guest   %wait    %CPU   CPU  Command
12:00:44 PM  1000     28697    0.00    1.00    0.00    0.00    1.00    13  listener
12:00:44 PM  1000     28699    1.00    0.00    0.00    0.00    1.00     0  listener
12:00:44 PM  1000     28701    1.00    1.00    0.00    0.00    2.00    13  listener
12:00:44 PM  1000     28703    1.00    0.00    0.00    0.00    1.00     5  listener
12:00:44 PM  1000     28705    0.00    1.00    0.00    0.00    1.00    13  listener
12:00:44 PM  1000     28707    1.00    0.00    0.00    0.00    1.00     3  listener
12:00:44 PM  1000     28709    1.00    0.00    0.00    0.00    1.00     5  listener
12:00:44 PM  1000     28711    1.00    0.00    0.00    0.00    1.00     6  listener
12:00:44 PM  1000     28713    0.00    1.00    0.00    0.00    1.00    13  listener
12:00:44 PM  1000     28715    1.00    0.00    0.00    0.00    1.00     7  listener
12:00:44 PM  1000     28717    1.00    0.00    0.00    0.00    1.00     2  listener
12:00:44 PM  1000     28719    1.00    0.00    0.00    0.00    1.00    19  listener
12:00:44 PM  1000     28721    0.00    1.00    0.00    0.00    1.00    16  listener
12:00:44 PM  1000     28723    1.00    0.00    0.00    0.00    1.00    12  listener
12:00:44 PM  1000     28725    1.00    1.00    0.00    0.00    2.00     9  listener
12:00:44 PM  1000     28727    0.00    0.00    0.00    0.00    0.00    18  listener
12:00:44 PM  1000     28729    0.00    1.00    0.00    0.00    1.00    11  listener
12:00:44 PM  1000     28731    0.00    1.00    0.00    0.00    1.00    10  listener
12:00:44 PM  1000     28743    0.00    1.00    0.00    0.00    1.00     4  listener
12:00:44 PM  1000     28772    1.00    0.00    0.00    0.00    1.00     5  listener
12:00:44 PM  1000     28815    0.00    1.00    0.00    0.00    1.00     1  listener
12:00:44 PM  1000     28891    0.00    1.00    0.00    0.00    1.00     0  listener
12:00:44 PM  1000     28967    0.00    1.00    0.00    0.00    1.00    14  listener
12:00:44 PM  1000     29038    1.00    1.00    0.00    0.00    2.00     5  listener
12:00:44 PM  1000     29041    0.00    1.00    0.00    0.00    1.00     6  listener
12:00:44 PM  1000     29049    1.00    0.00    0.00    0.00    1.00     5  listener
12:00:44 PM  1000     29073    0.00    1.00    0.00    0.00    1.00     1  listener
12:00:44 PM  1000     29075    1.00    0.00    0.00    0.00    1.00    18  listener
12:00:44 PM  1000     29086    0.00    1.00    0.00    0.00    1.00     5  listener
12:00:44 PM  1000     29097    0.00    1.00    0.00    0.00    1.00     5  listener
12:00:44 PM  1000     29126    0.00    0.00    0.00    0.00    0.00     5  listener
12:00:44 PM  1000     29138    0.00    1.00    0.00    0.00    1.00     0  listener
12:00:44 PM  1000     29145    0.00    1.00    0.00    0.00    1.00     1  listener
12:00:44 PM  1000     29147    1.00    1.00    0.00    0.00    2.00    18  listener
12:00:44 PM  1000     29197    1.00    0.00    0.00    0.00    1.00     3  listener
12:00:44 PM  1000     29243    1.00    1.00    0.00    0.00    2.00     8  listener
12:00:44 PM  1000     29255    0.00    1.00    0.00    0.00    1.00     3  listener
12:00:44 PM  1000     29300    1.00    1.00    0.00    0.00    2.00     3  listener
12:00:44 PM  1000     29313    0.00    0.00    0.00    0.00    0.00     1  listener
12:00:44 PM  1000     29369    0.00    1.00    0.00    0.00    1.00     5  listener
12:00:44 PM  1000     29389    0.00    1.00    0.00    0.00    1.00     4  listener
12:00:44 PM  1000     29418    0.00    1.00    0.00    0.00    1.00    10  listener
12:00:44 PM  1000     29439    0.00    0.00    0.00    0.00    0.00    19  listener
12:00:44 PM  1000     29442    1.00    1.00    0.00    0.00    2.00     8  listener
12:00:44 PM  1000     29444    0.00    1.00    0.00    0.00    1.00     4  listener
12:00:44 PM  1000     29446    1.00    0.00    0.00    0.00    1.00    14  listener
12:00:44 PM  1000     29498    0.00    1.00    0.00    0.00    1.00    14  listener
12:00:44 PM  1000     29520    1.00    0.00    0.00    0.00    1.00     4  listener
12:00:44 PM  1000     29549    0.00    1.00    0.00    0.00    1.00     3  listener
12:00:44 PM  1000     29551    0.00    0.00    0.00    0.00    0.00    17  listener
12:00:44 PM  1000     29560    1.00    0.00    0.00    0.00    1.00     5  listener
12:00:44 PM  1000     29573    1.00    0.00    0.00    0.00    1.00     1  listener
12:00:44 PM  1000     29584    0.00    1.00    0.00    0.00    1.00     3  listener
12:00:44 PM  1000     29604    0.00    0.00    0.00    0.00    0.00    16  listener
12:00:44 PM  1000     29607    0.00    1.00    0.00    0.00    1.00    14  listener
12:00:44 PM  1000     29644    1.00    0.00    0.00    0.00    1.00     1  listener
12:00:44 PM  1000     29646    0.00    1.00    0.00    0.00    1.00     1  listener
12:00:44 PM  1000     29657    0.00    0.00    0.00    0.00    0.00     3  listener
12:00:44 PM  1000     29731    0.00    0.00    0.00    0.00    0.00     1  listener
12:00:44 PM  1000     29778    0.00    1.00    0.00    0.00    1.00     6  listener
12:00:44 PM  1000     29780    1.00    0.00    0.00    0.00    1.00    15  listener
12:00:44 PM  1000     29791    1.00    0.00    0.00    0.00    1.00    14  listener
12:00:44 PM  1000     29810    0.00    1.00    0.00    0.00    1.00     1  listener
12:00:44 PM  1000     29866    0.00    0.00    0.00    0.00    0.00    14  listener

12:00:44 PM   UID       PID    %usr %system  %guest   %wait    %CPU   CPU  Command
12:00:45 PM  1000     28697    0.00    2.00    0.00    0.00    2.00     8  listener
12:00:45 PM  1000     28699    0.00    1.00    0.00    0.00    1.00     8  listener
12:00:45 PM  1000     28701    1.00    0.00    0.00    0.00    1.00     1  listener
12:00:45 PM  1000     28703    2.00    0.00    0.00    0.00    2.00    18  listener
12:00:45 PM  1000     28705    0.00    1.00    0.00    0.00    1.00    11  listener
12:00:45 PM  1000     28707    1.00    1.00    0.00    0.00    2.00    13  listener
12:00:45 PM  1000     28709    1.00    0.00    0.00    0.00    1.00    11  listener
12:00:45 PM  1000     28711    0.00    1.00    0.00    0.00    1.00     6  listener
12:00:45 PM  1000     28713    0.00    2.00    0.00    0.00    2.00    18  listener
12:00:45 PM  1000     28715    1.00    0.00    0.00    0.00    1.00     5  listener
12:00:45 PM  1000     28717    0.00    1.00    0.00    0.00    1.00     8  listener
12:00:45 PM  1000     28719    1.00    0.00    0.00    0.00    1.00     5  listener
12:00:45 PM  1000     28721    0.00    1.00    0.00    0.00    1.00    19  listener
12:00:45 PM  1000     28723    1.00    0.00    0.00    0.00    1.00     9  listener
12:00:45 PM  1000     28725    1.00    1.00    0.00    0.00    2.00    16  listener
12:00:45 PM  1000     28727    1.00    1.00    0.00    0.00    2.00    15  listener
12:00:45 PM  1000     28729    0.00    1.00    0.00    0.00    1.00    14  listener
12:00:45 PM  1000     28731    1.00    0.00    0.00    0.00    1.00     5  listener
12:00:45 PM  1000     28743    1.00    0.00    0.00    0.00    1.00    12  listener
12:00:45 PM  1000     28772    0.00    1.00    0.00    0.00    1.00     4  listener
12:00:45 PM  1000     28815    0.00    1.00    0.00    0.00    1.00    19  listener
12:00:45 PM  1000     28891    1.00    1.00    0.00    0.00    2.00    10  listener
12:00:45 PM  1000     28967    0.00    1.00    0.00    0.00    1.00     1  listener
12:00:45 PM  1000     29038    0.00    1.00    0.00    0.00    1.00    16  listener
12:00:45 PM  1000     29041    0.00    1.00    0.00    0.00    1.00    12  listener
12:00:45 PM  1000     29049    0.00    1.00    0.00    0.00    1.00     8  listener
12:00:45 PM  1000     29073    1.00    0.00    0.00    0.00    1.00     1  listener
12:00:45 PM  1000     29075    0.00    2.00    0.00    0.00    2.00    15  listener
12:00:45 PM  1000     29086    0.00    1.00    0.00    0.00    1.00    13  listener
12:00:45 PM  1000     29097    1.00    0.00    0.00    0.00    1.00     9  listener
12:00:45 PM  1000     29126    2.00    0.00    0.00    0.00    2.00     0  listener
12:00:45 PM  1000     29138    0.00    1.00    0.00    0.00    1.00    12  listener
12:00:45 PM  1000     29145    0.00    2.00    0.00    0.00    2.00     2  listener
12:00:45 PM  1000     29147    1.00    0.00    0.00    0.00    1.00     1  listener
12:00:45 PM  1000     29197    1.00    0.00    0.00    0.00    1.00     3  listener
12:00:45 PM  1000     29243    1.00    0.00    0.00    0.00    1.00     8  listener
12:00:45 PM  1000     29255    0.00    2.00    0.00    0.00    2.00    13  listener
12:00:45 PM  1000     29300    0.00    1.00    0.00    0.00    1.00     8  listener
12:00:45 PM  1000     29313    1.00    1.00    0.00    0.00    2.00    15  listener
12:00:45 PM  1000     29369    1.00    0.00    0.00    0.00    1.00    10  listener
12:00:45 PM  1000     29389    0.00    2.00    0.00    0.00    2.00    10  listener
12:00:45 PM  1000     29418    1.00    0.00    0.00    0.00    1.00     2  listener
12:00:45 PM  1000     29439    1.00    1.00    0.00    0.00    2.00    15  listener
12:00:45 PM  1000     29442    0.00    1.00    0.00    0.00    1.00     7  listener
12:00:45 PM  1000     29444    0.00    2.00    0.00    0.00    2.00    18  listener
12:00:45 PM  1000     29446    0.00    2.00    0.00    0.00    2.00     6  listener
12:00:45 PM  1000     29498    1.00    1.00    0.00    0.00    2.00    10  listener
12:00:45 PM  1000     29520    2.00    0.00    0.00    0.00    2.00    16  listener
12:00:45 PM  1000     29549    0.00    1.00    0.00    0.00    1.00    10  listener
12:00:45 PM  1000     29551    0.00    1.00    0.00    0.00    1.00     3  listener
12:00:45 PM  1000     29560    1.00    1.00    0.00    0.00    2.00    14  listener
12:00:45 PM  1000     29573    0.00    2.00    0.00    0.00    2.00     2  listener
12:00:45 PM  1000     29584    0.00    1.00    0.00    0.00    1.00     2  listener
12:00:45 PM  1000     29604    1.00    2.00    0.00    0.00    3.00    19  listener
12:00:45 PM  1000     29607    1.00    0.00    0.00    0.00    1.00    14  listener
12:00:45 PM  1000     29644    0.00    1.00    0.00    0.00    1.00    10  listener
12:00:45 PM  1000     29646    1.00    1.00    0.00    0.00    2.00    10  listener
12:00:45 PM  1000     29657    1.00    1.00    0.00    0.00    2.00     1  listener
12:00:45 PM  1000     29731    1.00    0.00    0.00    0.00    1.00     3  listener
12:00:45 PM  1000     29778    1.00    1.00    0.00    0.00    2.00    11  listener
12:00:45 PM  1000     29780    0.00    0.00    0.00    0.00    0.00    15  listener
12:00:45 PM  1000     29791    0.00    1.00    0.00    0.00    1.00     0  listener
12:00:45 PM  1000     29810    1.00    1.00    0.00    0.00    2.00     4  listener
12:00:45 PM  1000     29866    1.00    0.00    0.00    0.00    1.00    17  listener

12:00:45 PM   UID       PID    %usr %system  %guest   %wait    %CPU   CPU  Command
12:00:46 PM  1000     28697    1.00    0.00    0.00    0.00    1.00    12  listener
12:00:46 PM  1000     28699    1.00    0.00    0.00    0.00    1.00    12  listener
12:00:46 PM  1000     28701    0.00    0.00    0.00    0.00    0.00    10  listener
12:00:46 PM  1000     28703    0.00    1.00    0.00    0.00    1.00    19  listener
12:00:46 PM  1000     28705    0.00    1.00    0.00    0.00    1.00    10  listener
12:00:46 PM  1000     28707    1.00    0.00    0.00    0.00    1.00    17  listener
12:00:46 PM  1000     28709    0.00    1.00    0.00    0.00    1.00    10  listener
12:00:46 PM  1000     28711    1.00    0.00    0.00    0.00    1.00     5  listener
12:00:46 PM  1000     28713    0.00    1.00    0.00    0.00    1.00    15  listener
12:00:46 PM  1000     28715    1.00    1.00    0.00    0.00    2.00     3  listener
12:00:46 PM  1000     28717    1.00    0.00    0.00    0.00    1.00    10  listener
12:00:46 PM  1000     28719    0.00    1.00    0.00    0.00    1.00     4  listener
12:00:46 PM  1000     28721    0.00    3.00    0.00    0.00    3.00    13  listener
12:00:46 PM  1000     28723    0.00    1.00    0.00    0.00    1.00    12  listener
12:00:46 PM  1000     28725    0.00    0.00    0.00    0.00    0.00    12  listener
12:00:46 PM  1000     28727    1.00    0.00    0.00    0.00    1.00    16  listener
12:00:46 PM  1000     28729    0.00    1.00    0.00    0.00    1.00     1  listener
12:00:46 PM  1000     28731    1.00    1.00    0.00    0.00    2.00     1  listener
12:00:46 PM  1000     28743    0.00    1.00    0.00    0.00    1.00     6  listener
12:00:46 PM  1000     28772    1.00    0.00    0.00    0.00    1.00     4  listener
12:00:46 PM  1000     28815    0.00    1.00    0.00    0.00    1.00    10  listener
12:00:46 PM  1000     28891    1.00    0.00    0.00    0.00    1.00    13  listener
12:00:46 PM  1000     28967    1.00    0.00    0.00    0.00    1.00     3  listener
12:00:46 PM  1000     29038    1.00    0.00    0.00    0.00    1.00     3  listener
12:00:46 PM  1000     29041    0.00    1.00    0.00    0.00    1.00     3  listener
12:00:46 PM  1000     29049    1.00    1.00    0.00    0.00    2.00     8  listener
12:00:46 PM  1000     29073    0.00    1.00    0.00    0.00    1.00    20  listener
12:00:46 PM  1000     29075    1.00    1.00    0.00    0.00    2.00     1  listener
12:00:46 PM  1000     29086    0.00    1.00    0.00    0.00    1.00     5  listener
12:00:46 PM  1000     29097    0.00    1.00    0.00    0.00    1.00     1  listener
12:00:46 PM  1000     29126    0.00    0.00    0.00    0.00    0.00    12  listener
12:00:46 PM  1000     29138    0.00    1.00    0.00    0.00    1.00     3  listener
12:00:46 PM  1000     29145    0.00    0.00    0.00    0.00    0.00     0  listener
12:00:46 PM  1000     29147    1.00    1.00    0.00    0.00    2.00     6  listener
12:00:46 PM  1000     29197    0.00    1.00    0.00    0.00    1.00    12  listener
12:00:46 PM  1000     29243    1.00    0.00    0.00    0.00    1.00    15  listener
12:00:46 PM  1000     29255    1.00    0.00    0.00    0.00    1.00    16  listener
12:00:46 PM  1000     29300    1.00    1.00    0.00    0.00    2.00     8  listener
12:00:46 PM  1000     29313    1.00    0.00    0.00    0.00    1.00     6  listener
12:00:46 PM  1000     29369    1.00    0.00    0.00    0.00    1.00    10  listener
12:00:46 PM  1000     29389    0.00    1.00    0.00    0.00    1.00    12  listener
12:00:46 PM  1000     29418    1.00    1.00    0.00    0.00    2.00    12  listener
12:00:46 PM  1000     29439    1.00    0.00    0.00    0.00    1.00    16  listener
12:00:46 PM  1000     29442    1.00    0.00    0.00    0.00    1.00    11  listener
12:00:46 PM  1000     29444    0.00    1.00    0.00    0.00    1.00     6  listener
12:00:46 PM  1000     29446    1.00    0.00    0.00    0.00    1.00    14  listener
12:00:46 PM  1000     29498    0.00    0.00    0.00    0.00    0.00    14  listener
12:00:46 PM  1000     29520    0.00    1.00    0.00    0.00    1.00    17  listener
12:00:46 PM  1000     29549    0.00    1.00    0.00    0.00    1.00     1  listener
12:00:46 PM  1000     29551    1.00    1.00    0.00    0.00    2.00     1  listener
12:00:46 PM  1000     29560    0.00    0.00    0.00    0.00    0.00    14  listener
12:00:46 PM  1000     29573    0.00    0.00    0.00    0.00    0.00    16  listener
12:00:46 PM  1000     29584    1.00    1.00    0.00    0.00    2.00     2  listener
12:00:46 PM  1000     29604    0.00    0.00    0.00    0.00    0.00    18  listener
12:00:46 PM  1000     29607    0.00    1.00    0.00    0.00    1.00     8  listener
12:00:46 PM  1000     29644    1.00    1.00    0.00    0.00    2.00    10  listener
12:00:46 PM  1000     29646    0.00    1.00    0.00    0.00    1.00     5  listener
12:00:46 PM  1000     29657    1.00    0.00    0.00    0.00    1.00     1  listener
12:00:46 PM  1000     29731    1.00    1.00    0.00    0.00    2.00     5  listener
12:00:46 PM  1000     29778    0.00    1.00    0.00    0.00    1.00    11  listener
12:00:46 PM  1000     29780    1.00    0.00    0.00    0.00    1.00     1  listener
12:00:46 PM  1000     29791    1.00    0.00    0.00    0.00    1.00    18  listener
12:00:46 PM  1000     29810    1.00    0.00    0.00    0.00    1.00     6  listener
12:00:46 PM  1000     29866    1.00    1.00    0.00    0.00    2.00    19  listener

12:00:46 PM   UID       PID    %usr %system  %guest   %wait    %CPU   CPU  Command
12:00:47 PM  1000     28697    1.00    0.00    0.00    0.00    1.00     5  listener
12:00:47 PM  1000     28699    0.00    1.00    0.00    0.00    1.00    12  listener
12:00:47 PM  1000     28701    1.00    1.00    0.00    0.00    2.00    10  listener
12:00:47 PM  1000     28703    1.00    0.00    0.00    0.00    1.00     8  listener
12:00:47 PM  1000     28705    1.00    0.00    0.00    0.00    1.00    18  listener
12:00:47 PM  1000     28707    0.00    1.00    0.00    0.00    1.00     1  listener
12:00:47 PM  1000     28709    0.00    0.00    0.00    0.00    0.00     2  listener
12:00:47 PM  1000     28711    0.00    0.00    0.00    0.00    0.00    13  listener
12:00:47 PM  1000     28713    0.00    1.00    0.00    0.00    1.00     8  listener
12:00:47 PM  1000     28715    0.00    0.00    0.00    0.00    0.00     8  listener
12:00:47 PM  1000     28717    0.00    1.00    0.00    0.00    1.00     8  listener
12:00:47 PM  1000     28719    1.00    0.00    0.00    0.00    1.00     4  listener
12:00:47 PM  1000     28721    0.00    1.00    0.00    0.00    1.00     8  listener
12:00:47 PM  1000     28723    1.00    0.00    0.00    0.00    1.00     8  listener
12:00:47 PM  1000     28725    1.00    0.00    0.00    0.00    1.00    15  listener
12:00:47 PM  1000     28727    0.00    1.00    0.00    0.00    1.00     3  listener
12:00:47 PM  1000     28729    0.00    1.00    0.00    0.00    1.00    13  listener
12:00:47 PM  1000     28731    1.00    0.00    0.00    0.00    1.00     3  listener
12:00:47 PM  1000     28743    0.00    0.00    0.00    0.00    0.00     6  listener
12:00:47 PM  1000     28772    0.00    0.00    0.00    0.00    0.00     4  listener
12:00:47 PM  1000     28815    0.00    1.00    0.00    0.00    1.00     1  listener
12:00:47 PM  1000     28891    0.00    1.00    0.00    0.00    1.00    14  listener
12:00:47 PM  1000     28967    0.00    0.00    0.00    0.00    0.00     1  listener
12:00:47 PM  1000     29038    0.00    0.00    0.00    0.00    0.00    19  listener
12:00:47 PM  1000     29041    0.00    1.00    0.00    0.00    1.00     5  listener
12:00:47 PM  1000     29049    0.00    0.00    0.00    0.00    0.00     3  listener
12:00:47 PM  1000     29073    1.00    0.00    0.00    0.00    1.00    10  listener
12:00:47 PM  1000     29075    1.00    0.00    0.00    0.00    1.00     1  listener
12:00:47 PM  1000     29086    0.00    1.00    0.00    0.00    1.00     6  listener
12:00:47 PM  1000     29097    1.00    0.00    0.00    0.00    1.00    16  listener
12:00:47 PM  1000     29126    1.00    1.00    0.00    0.00    2.00    12  listener
12:00:47 PM  1000     29138    1.00    0.00    0.00    0.00    1.00     3  listener
12:00:47 PM  1000     29145    0.00    1.00    0.00    0.00    1.00     2  listener
12:00:47 PM  1000     29147    0.00    0.00    0.00    0.00    0.00    12  listener
12:00:47 PM  1000     29197    1.00    0.00    0.00    0.00    1.00    15  listener
12:00:47 PM  1000     29243    1.00    0.00    0.00    0.00    1.00     0  listener
12:00:47 PM  1000     29255    0.00    1.00    0.00    0.00    1.00    14  listener
12:00:47 PM  1000     29300    0.00    0.00    0.00    0.00    0.00     3  listener
12:00:47 PM  1000     29313    0.00    1.00    0.00    0.00    1.00    13  listener
12:00:47 PM  1000     29369    1.00    0.00    0.00    0.00    1.00    19  listener
12:00:47 PM  1000     29389    0.00    1.00    0.00    0.00    1.00     6  listener
12:00:47 PM  1000     29418    1.00    0.00    0.00    0.00    1.00    15  listener
12:00:47 PM  1000     29439    0.00    1.00    0.00    0.00    1.00    19  listener
12:00:47 PM  1000     29442    0.00    1.00    0.00    0.00    1.00     4  listener
12:00:47 PM  1000     29444    0.00    1.00    0.00    0.00    1.00     6  listener
12:00:47 PM  1000     29446    0.00    1.00    0.00    0.00    1.00     7  listener
12:00:47 PM  1000     29498    1.00    1.00    0.00    0.00    2.00    10  listener
12:00:47 PM  1000     29520    1.00    0.00    0.00    0.00    1.00     6  listener
12:00:47 PM  1000     29549    0.00    1.00    0.00    0.00    1.00     8  listener
12:00:47 PM  1000     29551    0.00    1.00    0.00    0.00    1.00     8  listener
12:00:47 PM  1000     29560    1.00    1.00    0.00    0.00    2.00    14  listener
12:00:47 PM  1000     29573    1.00    0.00    0.00    0.00    1.00    19  listener
12:00:47 PM  1000     29584    1.00    0.00    0.00    0.00    1.00     1  listener
12:00:47 PM  1000     29604    1.00    1.00    0.00    0.00    2.00     5  listener
12:00:47 PM  1000     29607    1.00    0.00    0.00    0.00    1.00     7  listener
12:00:47 PM  1000     29644    0.00    0.00    0.00    0.00    0.00     6  listener
12:00:47 PM  1000     29646    0.00    1.00    0.00    0.00    1.00     7  listener
12:00:47 PM  1000     29657    1.00    1.00    0.00    0.00    2.00     0  listener
12:00:47 PM  1000     29731    0.00    0.00    0.00    0.00    0.00     5  listener
12:00:47 PM  1000     29778    1.00    0.00    0.00    0.00    1.00     1  listener
12:00:47 PM  1000     29780    0.00    1.00    0.00    0.00    1.00     1  listener
12:00:47 PM  1000     29791    1.00    1.00    0.00    0.00    2.00    11  listener
12:00:47 PM  1000     29810    0.00    0.00    0.00    0.00    0.00     4  listener
12:00:47 PM  1000     29866    1.00    0.00    0.00    0.00    1.00     0  listener

12:00:47 PM   UID       PID    %usr %system  %guest   %wait    %CPU   CPU  Command
12:00:48 PM  1000     28697    0.00    0.00    0.00    0.00    0.00     3  listener
12:00:48 PM  1000     28699    1.00    0.00    0.00    0.00    1.00    12  listener
12:00:48 PM  1000     28701    1.00    0.00    0.00    0.00    1.00    13  listener
12:00:48 PM  1000     28703    1.00    0.00    0.00    0.00    1.00     5  listener
12:00:48 PM  1000     28705    0.00    1.00    0.00    0.00    1.00    13  listener
12:00:48 PM  1000     28707    1.00    0.00    0.00    0.00    1.00    16  listener
12:00:48 PM  1000     28709    1.00    0.00    0.00    0.00    1.00     2  listener
12:00:48 PM  1000     28711    1.00    1.00    0.00    0.00    2.00    10  listener
12:00:48 PM  1000     28713    0.00    1.00    0.00    0.00    1.00    15  listener
12:00:48 PM  1000     28715    1.00    0.00    0.00    0.00    1.00     8  listener
12:00:48 PM  1000     28717    1.00    0.00    0.00    0.00    1.00     8  listener
12:00:48 PM  1000     28719    0.00    0.00    0.00    0.00    0.00    10  listener
12:00:48 PM  1000     28721    0.00    1.00    0.00    0.00    1.00    14  listener
12:00:48 PM  1000     28723    0.00    1.00    0.00    0.00    1.00     1  listener
12:00:48 PM  1000     28725    0.00    1.00    0.00    0.00    1.00     1  listener
12:00:48 PM  1000     28727    1.00    0.00    0.00    0.00    1.00     5  listener
12:00:48 PM  1000     28729    0.00    0.00    0.00    0.00    0.00    14  listener
12:00:48 PM  1000     28731    0.00    0.00    0.00    0.00    0.00     6  listener
12:00:48 PM  1000     28743    1.00    0.00    0.00    0.00    1.00    12  listener
12:00:48 PM  1000     28772    1.00    1.00    0.00    0.00    2.00    10  listener
12:00:48 PM  1000     28815    1.00    1.00    0.00    0.00    2.00     1  listener
12:00:48 PM  1000     28891    1.00    0.00    0.00    0.00    1.00    17  listener
12:00:48 PM  1000     28967    1.00    1.00    0.00    0.00    2.00     1  listener
12:00:48 PM  1000     29038    1.00    0.00    0.00    0.00    1.00     3  listener
12:00:48 PM  1000     29041    0.00    1.00    0.00    0.00    1.00     5  listener
12:00:48 PM  1000     29049    1.00    0.00    0.00    0.00    1.00     5  listener
12:00:48 PM  1000     29073    0.00    1.00    0.00    0.00    1.00    14  listener
12:00:48 PM  1000     29075    1.00    0.00    0.00    0.00    1.00     1  listener
12:00:48 PM  1000     29086    0.00    1.00    0.00    0.00    1.00     0  listener
12:00:48 PM  1000     29097    0.00    1.00    0.00    0.00    1.00    18  listener
12:00:48 PM  1000     29126    0.00    1.00    0.00    0.00    1.00    17  listener
12:00:48 PM  1000     29138    0.00    1.00    0.00    0.00    1.00     3  listener
12:00:48 PM  1000     29145    0.00    1.00    0.00    0.00    1.00     2  listener
12:00:48 PM  1000     29147    1.00    1.00    0.00    0.00    2.00    13  listener
12:00:48 PM  1000     29197    0.00    1.00    0.00    0.00    1.00     7  listener
12:00:48 PM  1000     29243    1.00    0.00    0.00    0.00    1.00     0  listener
12:00:48 PM  1000     29255    0.00    1.00    0.00    0.00    1.00    16  listener
12:00:48 PM  1000     29300    1.00    0.00    0.00    0.00    1.00     8  listener
12:00:48 PM  1000     29313    1.00    0.00    0.00    0.00    1.00    12  listener
12:00:48 PM  1000     29369    1.00    0.00    0.00    0.00    1.00    19  listener
12:00:48 PM  1000     29389    0.00    1.00    0.00    0.00    1.00     6  listener
12:00:48 PM  1000     29418    0.00    1.00    0.00    0.00    1.00     1  listener
12:00:48 PM  1000     29439    1.00    0.00    0.00    0.00    1.00     3  listener
12:00:48 PM  1000     29442    1.00    0.00    0.00    0.00    1.00     4  listener
12:00:48 PM  1000     29444    0.00    1.00    0.00    0.00    1.00     0  listener
12:00:48 PM  1000     29446    1.00    0.00    0.00    0.00    1.00     3  listener
12:00:48 PM  1000     29498    0.00    0.00    0.00    0.00    0.00    12  listener
12:00:48 PM  1000     29520    1.00    1.00    0.00    0.00    2.00    16  listener
12:00:48 PM  1000     29549    0.00    1.00    0.00    0.00    1.00     8  listener
12:00:48 PM  1000     29551    1.00    0.00    0.00    0.00    1.00    11  listener
12:00:48 PM  1000     29560    0.00    0.00    0.00    0.00    0.00     5  listener
12:00:48 PM  1000     29573    1.00    0.00    0.00    0.00    1.00     0  listener
12:00:48 PM  1000     29584    0.00    1.00    0.00    0.00    1.00     6  listener
12:00:48 PM  1000     29604    0.00    0.00    0.00    0.00    0.00     3  listener
12:00:48 PM  1000     29607    1.00    0.00    0.00    0.00    1.00    17  listener
12:00:48 PM  1000     29644    1.00    0.00    0.00    0.00    1.00    12  listener
12:00:48 PM  1000     29646    0.00    1.00    0.00    0.00    1.00     7  listener
12:00:48 PM  1000     29657    0.00    0.00    0.00    0.00    0.00     3  listener
12:00:48 PM  1000     29731    1.00    1.00    0.00    0.00    2.00     3  listener
12:00:48 PM  1000     29778    0.00    0.00    0.00    0.00    0.00    11  listener
12:00:48 PM  1000     29780    0.00    1.00    0.00    0.00    1.00     3  listener
12:00:48 PM  1000     29791    0.00    0.00    0.00    0.00    0.00    16  listener
12:00:48 PM  1000     29810    0.00    1.00    0.00    0.00    1.00    12  listener
12:00:48 PM  1000     29866    0.00    0.00    0.00    0.00    0.00    10  listener

12:00:48 PM   UID       PID    %usr %system  %guest   %wait    %CPU   CPU  Command
12:00:49 PM  1000     28697    0.00    1.00    0.00    0.00    1.00     5  listener
12:00:49 PM  1000     28699    0.00    0.00    0.00    0.00    0.00     1  listener
12:00:49 PM  1000     28701    0.00    0.00    0.00    0.00    0.00     7  listener
12:00:49 PM  1000     28703    1.00    1.00    0.00    0.00    2.00    10  listener
12:00:49 PM  1000     28705    0.00    1.00    0.00    0.00    1.00    19  listener
12:00:49 PM  1000     28707    0.00    0.00    0.00    0.00    0.00    14  listener
12:00:49 PM  1000     28709    0.00    0.00    0.00    0.00    0.00    12  listener
12:00:49 PM  1000     28711    1.00    0.00    0.00    0.00    1.00     6  listener
12:00:49 PM  1000     28713    0.00    0.00    0.00    0.00    0.00     6  listener
12:00:49 PM  1000     28715    0.00    1.00    0.00    0.00    1.00     6  listener
12:00:49 PM  1000     28717    0.00    1.00    0.00    0.00    1.00    10  listener
12:00:49 PM  1000     28719    1.00    0.00    0.00    0.00    1.00     1  listener
12:00:49 PM  1000     28721    0.00    1.00    0.00    0.00    1.00     8  listener
12:00:49 PM  1000     28723    1.00    0.00    0.00    0.00    1.00     1  listener
12:00:49 PM  1000     28725    1.00    0.00    0.00    0.00    1.00     8  listener
12:00:49 PM  1000     28727    1.00    0.00    0.00    0.00    1.00    10  listener
12:00:49 PM  1000     28729    0.00    1.00    0.00    0.00    1.00     2  listener
12:00:49 PM  1000     28731    1.00    1.00    0.00    0.00    2.00     6  listener
12:00:49 PM  1000     28743    0.00    1.00    0.00    0.00    1.00    17  listener
12:00:49 PM  1000     28772    1.00    0.00    0.00    0.00    1.00    10  listener
12:00:49 PM  1000     28815    0.00    0.00    0.00    0.00    0.00     1  listener
12:00:49 PM  1000     28891    1.00    0.00    0.00    0.00    1.00    19  listener
12:00:49 PM  1000     28967    0.00    0.00    0.00    0.00    0.00     6  listener
12:00:49 PM  1000     29038    0.00    1.00    0.00    0.00    1.00    12  listener
12:00:49 PM  1000     29041    0.00    0.00    0.00    0.00    0.00     5  listener
12:00:49 PM  1000     29049    0.00    1.00    0.00    0.00    1.00    10  listener
12:00:49 PM  1000     29073    1.00    1.00    0.00    0.00    2.00     3  listener
12:00:49 PM  1000     29075    0.00    1.00    0.00    0.00    1.00     4  listener
12:00:49 PM  1000     29086    0.00    3.00    0.00    0.00    3.00    12  listener
12:00:49 PM  1000     29097    1.00    0.00    0.00    0.00    1.00     0  listener
12:00:49 PM  1000     29126    1.00    0.00    0.00    0.00    1.00     0  listener
12:00:49 PM  1000     29138    1.00    0.00    0.00    0.00    1.00    16  listener
12:00:49 PM  1000     29145    0.00    1.00    0.00    0.00    1.00     2  listener
12:00:49 PM  1000     29147    0.00    0.00    0.00    0.00    0.00     8  listener
12:00:49 PM  1000     29197    1.00    0.00    0.00    0.00    1.00     3  listener
12:00:49 PM  1000     29243    1.00    0.00    0.00    0.00    1.00    17  listener
12:00:49 PM  1000     29255    0.00    0.00    0.00    0.00    0.00     5  listener
12:00:49 PM  1000     29300    0.00    1.00    0.00    0.00    1.00    10  listener
12:00:49 PM  1000     29313    0.00    1.00    0.00    0.00    1.00     3  listener
12:00:49 PM  1000     29369    1.00    0.00    0.00    0.00    1.00    14  listener
12:00:49 PM  1000     29389    0.00    2.00    0.00    0.00    2.00    10  listener
12:00:49 PM  1000     29418    0.00    0.00    0.00    0.00    0.00     1  listener
12:00:49 PM  1000     29439    0.00    1.00    0.00    0.00    1.00    14  listener
12:00:49 PM  1000     29442    1.00    0.00    0.00    0.00    1.00    12  listener
12:00:49 PM  1000     29444    0.00    1.00    0.00    0.00    1.00     3  listener
12:00:49 PM  1000     29446    1.00    0.00    0.00    0.00    1.00     3  listener
12:00:49 PM  1000     29498    1.00    0.00    0.00    0.00    1.00     8  listener
12:00:49 PM  1000     29520    0.00    0.00    0.00    0.00    0.00    12  listener
12:00:49 PM  1000     29549    0.00    1.00    0.00    0.00    1.00    12  listener
12:00:49 PM  1000     29551    0.00    1.00    0.00    0.00    1.00     0  listener
12:00:49 PM  1000     29560    1.00    1.00    0.00    0.00    2.00     4  listener
12:00:49 PM  1000     29573    1.00    0.00    0.00    0.00    1.00     1  listener
12:00:49 PM  1000     29584    0.00    1.00    0.00    0.00    1.00    14  listener
12:00:49 PM  1000     29604    0.00    0.00    0.00    0.00    0.00     5  listener
12:00:49 PM  1000     29607    0.00    0.00    0.00    0.00    0.00     5  listener
12:00:49 PM  1000     29644    1.00    1.00    0.00    0.00    2.00    14  listener
12:00:49 PM  1000     29646    0.00    1.00    0.00    0.00    1.00    13  listener
12:00:49 PM  1000     29657    1.00    0.00    0.00    0.00    1.00    13  listener
12:00:49 PM  1000     29731    0.00    0.00    0.00    0.00    0.00    10  listener
12:00:49 PM  1000     29778    1.00    1.00    0.00    0.00    2.00     1  listener
12:00:49 PM  1000     29780    0.00    1.00    0.00    0.00    1.00     8  listener
12:00:49 PM  1000     29791    1.00    0.00    0.00    0.00    1.00    16  listener
12:00:49 PM  1000     29810    1.00    0.00    0.00    0.00    1.00    12  listener
12:00:49 PM  1000     29866    1.00    0.00    0.00    0.00    1.00    10  listener

12:00:49 PM   UID       PID    %usr %system  %guest   %wait    %CPU   CPU  Command
12:00:50 PM  1000     28697    0.00    1.00    0.00    0.00    1.00     8  listener
12:00:50 PM  1000     28699    1.00    1.00    0.00    0.00    2.00    13  listener
12:00:50 PM  1000     28701    1.00    0.00    0.00    0.00    1.00     7  listener
12:00:50 PM  1000     28703    1.00    0.00    0.00    0.00    1.00    10  listener
12:00:50 PM  1000     28705    0.00    1.00    0.00    0.00    1.00     3  listener
12:00:50 PM  1000     28707    1.00    1.00    0.00    0.00    2.00    14  listener
12:00:50 PM  1000     28709    1.00    1.00    0.00    0.00    2.00     2  listener
12:00:50 PM  1000     28711    0.00    0.00    0.00    0.00    0.00    10  listener
12:00:50 PM  1000     28713    0.00    1.00    0.00    0.00    1.00    17  listener
12:00:50 PM  1000     28715    1.00    0.00    0.00    0.00    1.00     3  listener
12:00:50 PM  1000     28717    1.00    0.00    0.00    0.00    1.00    13  listener
12:00:50 PM  1000     28719    1.00    0.00    0.00    0.00    1.00    19  listener
12:00:50 PM  1000     28721    1.00    0.00    0.00    0.00    1.00     1  listener
12:00:50 PM  1000     28723    1.00    0.00    0.00    0.00    1.00     8  listener
12:00:50 PM  1000     28725    1.00    0.00    0.00    0.00    1.00     1  listener
12:00:50 PM  1000     28727    1.00    1.00    0.00    0.00    2.00     6  listener
12:00:50 PM  1000     28729    0.00    1.00    0.00    0.00    1.00     5  listener
12:00:50 PM  1000     28731    0.00    0.00    0.00    0.00    0.00     8  listener
12:00:50 PM  1000     28743    1.00    0.00    0.00    0.00    1.00     1  listener
12:00:50 PM  1000     28772    0.00    1.00    0.00    0.00    1.00     2  listener
12:00:50 PM  1000     28815    0.00    0.00    0.00    0.00    0.00    10  listener
12:00:50 PM  1000     28891    0.00    1.00    0.00    0.00    1.00     1  listener
12:00:50 PM  1000     28967    0.00    1.00    0.00    0.00    1.00    12  listener
12:00:50 PM  1000     29038    1.00    1.00    0.00    0.00    2.00    13  listener
12:00:50 PM  1000     29041    1.00    1.00    0.00    0.00    2.00     5  listener
12:00:50 PM  1000     29049    1.00    0.00    0.00    0.00    1.00     6  listener
12:00:50 PM  1000     29073    0.00    0.00    0.00    0.00    0.00    16  listener
12:00:50 PM  1000     29075    1.00    1.00    0.00    0.00    2.00    12  listener
12:00:50 PM  1000     29086    0.00    1.00    0.00    0.00    1.00    13  listener
12:00:50 PM  1000     29097    1.00    1.00    0.00    0.00    2.00     8  listener
12:00:50 PM  1000     29126    0.00    0.00    0.00    0.00    0.00     0  listener
12:00:50 PM  1000     29138    1.00    0.00    0.00    0.00    1.00     8  listener
12:00:50 PM  1000     29145    0.00    1.00    0.00    0.00    1.00     6  listener
12:00:50 PM  1000     29147    1.00    1.00    0.00    0.00    2.00     8  listener
12:00:50 PM  1000     29197    0.00    1.00    0.00    0.00    1.00     1  listener
12:00:50 PM  1000     29243    1.00    1.00    0.00    0.00    2.00     6  listener
12:00:50 PM  1000     29255    1.00    1.00    0.00    0.00    2.00     3  listener
12:00:50 PM  1000     29300    1.00    0.00    0.00    0.00    1.00    12  listener
12:00:50 PM  1000     29313    0.00    0.00    0.00    0.00    0.00    16  listener
12:00:50 PM  1000     29369    0.00    1.00    0.00    0.00    1.00    16  listener
12:00:50 PM  1000     29389    0.00    1.00    0.00    0.00    1.00    10  listener
12:00:50 PM  1000     29418    1.00    0.00    0.00    0.00    1.00     2  listener
12:00:50 PM  1000     29439    0.00    1.00    0.00    0.00    1.00     1  listener
12:00:50 PM  1000     29442    0.00    1.00    0.00    0.00    1.00    18  listener
12:00:50 PM  1000     29444    1.00    0.00    0.00    0.00    1.00     5  listener
12:00:50 PM  1000     29446    0.00    0.00    0.00    0.00    0.00     4  listener
12:00:50 PM  1000     29498    0.00    0.00    0.00    0.00    0.00     8  listener
12:00:50 PM  1000     29520    1.00    0.00    0.00    0.00    1.00     1  listener
12:00:50 PM  1000     29549    0.00    0.00    0.00    0.00    0.00    17  listener
12:00:50 PM  1000     29551    1.00    0.00    0.00    0.00    1.00     5  listener
12:00:50 PM  1000     29560    0.00    0.00    0.00    0.00    0.00     4  listener
12:00:50 PM  1000     29573    1.00    1.00    0.00    0.00    2.00     1  listener
12:00:50 PM  1000     29584    0.00    0.00    0.00    0.00    0.00     5  listener
12:00:50 PM  1000     29604    1.00    1.00    0.00    0.00    2.00     5  listener
12:00:50 PM  1000     29607    0.00    1.00    0.00    0.00    1.00     8  listener
12:00:50 PM  1000     29644    1.00    0.00    0.00    0.00    1.00     5  listener
12:00:50 PM  1000     29646    0.00    1.00    0.00    0.00    1.00     8  listener
12:00:50 PM  1000     29657    1.00    1.00    0.00    0.00    2.00     2  listener
12:00:50 PM  1000     29731    1.00    0.00    0.00    0.00    1.00     5  listener
12:00:50 PM  1000     29778    1.00    0.00    0.00    0.00    1.00     1  listener
12:00:50 PM  1000     29780    0.00    0.00    0.00    0.00    0.00    12  listener
12:00:50 PM  1000     29791    0.00    1.00    0.00    0.00    1.00    16  listener
12:00:50 PM  1000     29810    1.00    1.00    0.00    0.00    2.00     3  listener
12:00:50 PM  1000     29866    1.00    1.00    0.00    0.00    2.00    10  listener

12:00:50 PM   UID       PID    %usr %system  %guest   %wait    %CPU   CPU  Command
12:00:51 PM  1000     28697    0.00    1.00    0.00    0.00    1.00    12  listener
12:00:51 PM  1000     28699    1.00    0.00    0.00    0.00    1.00    12  listener
12:00:51 PM  1000     28701    1.00    1.00    0.00    0.00    2.00    15  listener
12:00:51 PM  1000     28703    1.00    0.00    0.00    0.00    1.00    10  listener
12:00:51 PM  1000     28705    0.00    1.00    0.00    0.00    1.00    15  listener
12:00:51 PM  1000     28707    1.00    0.00    0.00    0.00    1.00    14  listener
12:00:51 PM  1000     28709    0.00    0.00    0.00    0.00    0.00     2  listener
12:00:51 PM  1000     28711    1.00    0.00    0.00    0.00    1.00     8  listener
12:00:51 PM  1000     28713    0.00    1.00    0.00    0.00    1.00    10  listener
12:00:51 PM  1000     28715    0.00    1.00    0.00    0.00    1.00     8  listener
12:00:51 PM  1000     28717    0.00    1.00    0.00    0.00    1.00    10  listener
12:00:51 PM  1000     28719    0.00    1.00    0.00    0.00    1.00     1  listener
12:00:51 PM  1000     28721    0.00    1.00    0.00    0.00    1.00     1  listener
12:00:51 PM  1000     28723    1.00    1.00    0.00    0.00    2.00    16  listener
12:00:51 PM  1000     28725    0.00    0.00    0.00    0.00    0.00     6  listener
12:00:51 PM  1000     28727    0.00    0.00    0.00    0.00    0.00    16  listener
12:00:51 PM  1000     28729    0.00    3.00    0.00    0.00    3.00     2  listener
12:00:51 PM  1000     28731    1.00    1.00    0.00    0.00    2.00     7  listener
12:00:51 PM  1000     28743    0.00    1.00    0.00    0.00    1.00     0  listener
12:00:51 PM  1000     28772    1.00    0.00    0.00    0.00    1.00     2  listener
12:00:51 PM  1000     28815    1.00    1.00    0.00    0.00    2.00    12  listener
12:00:51 PM  1000     28891    1.00    0.00    0.00    0.00    1.00     6  listener
12:00:51 PM  1000     28967    1.00    0.00    0.00    0.00    1.00     6  listener
12:00:51 PM  1000     29038    0.00    0.00    0.00    0.00    0.00    13  listener
12:00:51 PM  1000     29041    0.00    0.00    0.00    0.00    0.00    14  listener
12:00:51 PM  1000     29049    1.00    0.00    0.00    0.00    1.00    17  listener
12:00:51 PM  1000     29073    1.00    0.00    0.00    0.00    1.00    17  listener
12:00:51 PM  1000     29075    1.00    0.00    0.00    0.00    1.00    13  listener
12:00:51 PM  1000     29086    0.00    1.00    0.00    0.00    1.00     2  listener
12:00:51 PM  1000     29097    0.00    0.00    0.00    0.00    0.00     8  listener
12:00:51 PM  1000     29126    0.00    1.00    0.00    0.00    1.00     3  listener
12:00:51 PM  1000     29138    1.00    0.00    0.00    0.00    1.00     5  listener
12:00:51 PM  1000     29145    0.00    1.00    0.00    0.00    1.00    13  listener
12:00:51 PM  1000     29147    1.00    0.00    0.00    0.00    1.00    14  listener
12:00:51 PM  1000     29197    0.00    0.00    0.00    0.00    0.00     1  listener
12:00:51 PM  1000     29243    1.00    0.00    0.00    0.00    1.00     6  listener
12:00:51 PM  1000     29255    0.00    1.00    0.00    0.00    1.00    10  listener
12:00:51 PM  1000     29300    1.00    0.00    0.00    0.00    1.00     8  listener
12:00:51 PM  1000     29313    1.00    1.00    0.00    0.00    2.00     1  listener
12:00:51 PM  1000     29369    1.00    0.00    0.00    0.00    1.00    16  listener
12:00:51 PM  1000     29389    0.00    0.00    0.00    0.00    0.00    13  listener
12:00:51 PM  1000     29418    1.00    1.00    0.00    0.00    2.00     2  listener
12:00:51 PM  1000     29439    1.00    0.00    0.00    0.00    1.00     3  listener
12:00:51 PM  1000     29442    1.00    0.00    0.00    0.00    1.00    16  listener
12:00:51 PM  1000     29444    0.00    1.00    0.00    0.00    1.00     5  listener
12:00:51 PM  1000     29446    1.00    1.00    0.00    0.00    2.00     4  listener
12:00:51 PM  1000     29498    1.00    1.00    0.00    0.00    2.00     1  listener
12:00:51 PM  1000     29520    1.00    0.00    0.00    0.00    1.00     8  listener
12:00:51 PM  1000     29549    1.00    1.00    0.00    0.00    2.00    13  listener
12:00:51 PM  1000     29551    1.00    0.00    0.00    0.00    1.00     1  listener
12:00:51 PM  1000     29560    1.00    1.00    0.00    0.00    2.00     5  listener
12:00:51 PM  1000     29573    1.00    0.00    0.00    0.00    1.00    12  listener
12:00:51 PM  1000     29584    1.00    0.00    0.00    0.00    1.00     5  listener
12:00:51 PM  1000     29604    0.00    0.00    0.00    0.00    0.00     5  listener
12:00:51 PM  1000     29607    1.00    0.00    0.00    0.00    1.00     8  listener
12:00:51 PM  1000     29644    0.00    0.00    0.00    0.00    0.00     5  listener
12:00:51 PM  1000     29646    0.00    0.00    0.00    0.00    0.00     8  listener
12:00:51 PM  1000     29657    0.00    1.00    0.00    0.00    1.00    14  listener
12:00:51 PM  1000     29731    0.00    1.00    0.00    0.00    1.00     5  listener
12:00:51 PM  1000     29778    1.00    0.00    0.00    0.00    1.00     1  listener
12:00:51 PM  1000     29780    0.00    1.00    0.00    0.00    1.00     8  listener
12:00:51 PM  1000     29791    1.00    0.00    0.00    0.00    1.00     8  listener
12:00:51 PM  1000     29810    0.00    0.00    0.00    0.00    0.00    13  listener
12:00:51 PM  1000     29866    0.00    0.00    0.00    0.00    0.00    10  listener

12:00:51 PM   UID       PID    %usr %system  %guest   %wait    %CPU   CPU  Command
12:00:52 PM  1000     28697    1.00    0.00    0.00    0.00    1.00    14  listener
12:00:52 PM  1000     28699    0.00    1.00    0.00    0.00    1.00     0  listener
12:00:52 PM  1000     28701    0.00    0.00    0.00    0.00    0.00     1  listener
12:00:52 PM  1000     28703    1.00    0.00    0.00    0.00    1.00    17  listener
12:00:52 PM  1000     28705    0.00    1.00    0.00    0.00    1.00    15  listener
12:00:52 PM  1000     28707    0.00    1.00    0.00    0.00    1.00     3  listener
12:00:52 PM  1000     28709    0.00    1.00    0.00    0.00    1.00     2  listener
12:00:52 PM  1000     28711    1.00    0.00    0.00    0.00    1.00     8  listener
12:00:52 PM  1000     28713    0.00    1.00    0.00    0.00    1.00     8  listener
12:00:52 PM  1000     28715    1.00    0.00    0.00    0.00    1.00     8  listener
12:00:52 PM  1000     28717    1.00    0.00    0.00    0.00    1.00    15  listener
12:00:52 PM  1000     28719    1.00    0.00    0.00    0.00    1.00     1  listener
12:00:52 PM  1000     28721    1.00    0.00    0.00    0.00    1.00     6  listener
12:00:52 PM  1000     28723    0.00    1.00    0.00    0.00    1.00     3  listener
12:00:52 PM  1000     28725    1.00    1.00    0.00    0.00    2.00     6  listener
12:00:52 PM  1000     28727    1.00    1.00    0.00    0.00    2.00    17  listener
12:00:52 PM  1000     28729    1.00    0.00    0.00    0.00    1.00     3  listener
12:00:52 PM  1000     28731    0.00    0.00    0.00    0.00    0.00     3  listener
12:00:52 PM  1000     28743    1.00    0.00    0.00    0.00    1.00    12  listener
12:00:52 PM  1000     28772    1.00    0.00    0.00    0.00    1.00     8  listener
12:00:52 PM  1000     28815    0.00    0.00    0.00    0.00    0.00    12  listener
12:00:52 PM  1000     28891    0.00    0.00    0.00    0.00    0.00    19  listener
12:00:52 PM  1000     28967    0.00    1.00    0.00    0.00    1.00    16  listener
12:00:52 PM  1000     29038    1.00    1.00    0.00    0.00    2.00    15  listener
12:00:52 PM  1000     29041    0.00    1.00    0.00    0.00    1.00    17  listener
12:00:52 PM  1000     29049    0.00    1.00    0.00    0.00    1.00    10  listener
12:00:52 PM  1000     29073    1.00    1.00    0.00    0.00    2.00     0  listener
12:00:52 PM  1000     29075    1.00    0.00    0.00    0.00    1.00    15  listener
12:00:52 PM  1000     29086    0.00    1.00    0.00    0.00    1.00    11  listener
12:00:52 PM  1000     29097    1.00    1.00    0.00    0.00    2.00    16  listener
12:00:52 PM  1000     29126    2.00    1.00    0.00    0.00    3.00     0  listener
12:00:52 PM  1000     29138    0.00    1.00    0.00    0.00    1.00    20  listener
12:00:52 PM  1000     29145    0.00    1.00    0.00    0.00    1.00     8  listener
12:00:52 PM  1000     29147    0.00    1.00    0.00    0.00    1.00    17  listener
12:00:52 PM  1000     29197    1.00    1.00    0.00    0.00    2.00    11  listener
12:00:52 PM  1000     29243    1.00    0.00    0.00    0.00    1.00    13  listener
12:00:52 PM  1000     29255    1.00    0.00    0.00    0.00    1.00    13  listener
12:00:52 PM  1000     29300    0.00    1.00    0.00    0.00    1.00    15  listener
12:00:52 PM  1000     29313    0.00    0.00    0.00    0.00    0.00     2  listener
12:00:52 PM  1000     29369    1.00    0.00    0.00    0.00    1.00     3  listener
12:00:52 PM  1000     29389    0.00    1.00    0.00    0.00    1.00    16  listener
12:00:52 PM  1000     29418    1.00    0.00    0.00    0.00    1.00     6  listener
12:00:52 PM  1000     29439    1.00    0.00    0.00    0.00    1.00     5  listener
12:00:52 PM  1000     29442    1.00    0.00    0.00    0.00    1.00    12  listener
12:00:52 PM  1000     29444    1.00    0.00    0.00    0.00    1.00    10  listener
12:00:52 PM  1000     29446    0.00    0.00    0.00    0.00    0.00     4  listener
12:00:52 PM  1000     29498    1.00    0.00    0.00    0.00    1.00    14  listener
12:00:52 PM  1000     29520    1.00    1.00    0.00    0.00    2.00     8  listener
12:00:52 PM  1000     29549    0.00    0.00    0.00    0.00    0.00     1  listener
12:00:52 PM  1000     29551    0.00    1.00    0.00    0.00    1.00     1  listener
12:00:52 PM  1000     29560    0.00    0.00    0.00    0.00    0.00    18  listener
12:00:52 PM  1000     29573    1.00    0.00    0.00    0.00    1.00    12  listener
12:00:52 PM  1000     29584    0.00    1.00    0.00    0.00    1.00     5  listener
12:00:52 PM  1000     29604    1.00    1.00    0.00    0.00    2.00    16  listener
12:00:52 PM  1000     29607    1.00    1.00    0.00    0.00    2.00     1  listener
12:00:52 PM  1000     29644    1.00    0.00    0.00    0.00    1.00     6  listener
12:00:52 PM  1000     29646    0.00    1.00    0.00    0.00    1.00     8  listener
12:00:52 PM  1000     29657    1.00    0.00    0.00    0.00    1.00    14  listener
12:00:52 PM  1000     29731    0.00    0.00    0.00    0.00    0.00    12  listener
12:00:52 PM  1000     29778    0.00    1.00    0.00    0.00    1.00     1  listener
12:00:52 PM  1000     29780    0.00    1.00    0.00    0.00    1.00    13  listener
12:00:52 PM  1000     29791    1.00    0.00    0.00    0.00    1.00     0  listener
12:00:52 PM  1000     29810    1.00    1.00    0.00    0.00    2.00     3  listener
12:00:52 PM  1000     29866    1.00    0.00    0.00    0.00    1.00    16  listener

12:00:52 PM   UID       PID    %usr %system  %guest   %wait    %CPU   CPU  Command
12:00:53 PM  1000     28697    1.00    1.00    0.00    0.00    2.00    18  listener
12:00:53 PM  1000     28699    1.00    0.00    0.00    0.00    1.00     0  listener
12:00:53 PM  1000     28701    1.00    0.00    0.00    0.00    1.00     4  listener
12:00:53 PM  1000     28703    0.00    2.00    0.00    0.00    2.00     6  listener
12:00:53 PM  1000     28705    0.00    2.00    0.00    0.00    2.00    10  listener
12:00:53 PM  1000     28707    1.00    0.00    0.00    0.00    1.00     1  listener
12:00:53 PM  1000     28709    1.00    0.00    0.00    0.00    1.00    10  listener
12:00:53 PM  1000     28711    0.00    1.00    0.00    0.00    1.00    13  listener
12:00:53 PM  1000     28713    0.00    2.00    0.00    0.00    2.00     0  listener
12:00:53 PM  1000     28715    1.00    1.00    0.00    0.00    2.00     1  listener
12:00:53 PM  1000     28717    1.00    1.00    0.00    0.00    2.00    19  listener
12:00:53 PM  1000     28719    1.00    1.00    0.00    0.00    2.00     5  listener
12:00:53 PM  1000     28721    0.00    1.00    0.00    0.00    1.00    12  listener
12:00:53 PM  1000     28723    1.00    0.00    0.00    0.00    1.00     2  listener
12:00:53 PM  1000     28725    1.00    0.00    0.00    0.00    1.00    16  listener
12:00:53 PM  1000     28727    0.00    1.00    0.00    0.00    1.00     0  listener
12:00:53 PM  1000     28729    0.00    1.00    0.00    0.00    1.00     3  listener
12:00:53 PM  1000     28731    2.00    1.00    0.00    0.00    3.00    18  listener
12:00:53 PM  1000     28743    1.00    1.00    0.00    0.00    2.00     0  listener
12:00:53 PM  1000     28772    1.00    0.00    0.00    0.00    1.00     1  listener
12:00:53 PM  1000     28815    1.00    1.00    0.00    0.00    2.00     5  listener
12:00:53 PM  1000     28891    1.00    1.00    0.00    0.00    2.00    14  listener
12:00:53 PM  1000     28967    1.00    0.00    0.00    0.00    1.00     6  listener
12:00:53 PM  1000     29038    0.00    2.00    0.00    0.00    2.00    16  listener
12:00:53 PM  1000     29041    1.00    0.00    0.00    0.00    1.00     0  listener
12:00:53 PM  1000     29049    1.00    0.00    0.00    0.00    1.00     5  listener
12:00:53 PM  1000     29073    0.00    0.00    0.00    0.00    0.00     3  listener
12:00:53 PM  1000     29075    0.00    1.00    0.00    0.00    1.00    13  listener
12:00:53 PM  1000     29086    0.00    1.00    0.00    0.00    1.00     4  listener
12:00:53 PM  1000     29097    0.00    1.00    0.00    0.00    1.00    13  listener
12:00:53 PM  1000     29126    0.00    1.00    0.00    0.00    1.00    18  listener
12:00:53 PM  1000     29138    2.00    0.00    0.00    0.00    2.00    14  listener
12:00:53 PM  1000     29145    0.00    2.00    0.00    0.00    2.00     6  listener
12:00:53 PM  1000     29147    1.00    0.00    0.00    0.00    1.00     6  listener
12:00:53 PM  1000     29197    0.00    0.00    0.00    0.00    0.00     0  listener
12:00:53 PM  1000     29243    2.00    0.00    0.00    0.00    2.00     3  listener
12:00:53 PM  1000     29255    0.00    1.00    0.00    0.00    1.00     1  listener
12:00:53 PM  1000     29300    1.00    1.00    0.00    0.00    2.00     3  listener
12:00:53 PM  1000     29313    1.00    1.00    0.00    0.00    2.00    17  listener
12:00:53 PM  1000     29369    0.00    2.00    0.00    0.00    2.00    16  listener
12:00:53 PM  1000     29389    0.00    2.00    0.00    0.00    2.00    14  listener
12:00:53 PM  1000     29418    0.00    1.00    0.00    0.00    1.00    10  listener
12:00:53 PM  1000     29439    0.00    1.00    0.00    0.00    1.00    11  listener
12:00:53 PM  1000     29442    2.00    1.00    0.00    0.00    3.00    18  listener
12:00:53 PM  1000     29444    0.00    1.00    0.00    0.00    1.00     5  listener
12:00:53 PM  1000     29446    1.00    1.00    0.00    0.00    2.00     4  listener
12:00:53 PM  1000     29498    0.00    1.00    0.00    0.00    1.00    14  listener
12:00:53 PM  1000     29520    1.00    0.00    0.00    0.00    1.00    13  listener
12:00:53 PM  1000     29549    1.00    1.00    0.00    0.00    2.00     1  listener
12:00:53 PM  1000     29551    1.00    0.00    0.00    0.00    1.00     0  listener
12:00:53 PM  1000     29560    1.00    1.00    0.00    0.00    2.00     8  listener
12:00:53 PM  1000     29573    0.00    1.00    0.00    0.00    1.00    16  listener
12:00:53 PM  1000     29584    1.00    1.00    0.00    0.00    2.00    16  listener
12:00:53 PM  1000     29604    1.00    0.00    0.00    0.00    1.00    19  listener
12:00:53 PM  1000     29607    0.00    1.00    0.00    0.00    1.00     5  listener
12:00:53 PM  1000     29644    2.00    0.00    0.00    0.00    2.00     3  listener
12:00:53 PM  1000     29646    0.00    1.00    0.00    0.00    1.00    11  listener
12:00:53 PM  1000     29657    0.00    1.00    0.00    0.00    1.00     1  listener
12:00:53 PM  1000     29731    1.00    1.00    0.00    0.00    2.00    14  listener
12:00:53 PM  1000     29778    1.00    1.00    0.00    0.00    2.00     0  listener
12:00:53 PM  1000     29780    1.00    1.00    0.00    0.00    2.00     0  listener
12:00:53 PM  1000     29791    0.00    1.00    0.00    0.00    1.00    13  listener
12:00:53 PM  1000     29810    0.00    0.00    0.00    0.00    0.00     6  listener
12:00:53 PM  1000     29866    1.00    0.00    0.00    0.00    1.00     8  listener

12:00:53 PM   UID       PID    %usr %system  %guest   %wait    %CPU   CPU  Command
12:00:54 PM  1000     28697    0.00    0.00    0.00    0.00    0.00    19  listener
12:00:54 PM  1000     28699    0.00    1.00    0.00    0.00    1.00    12  listener
12:00:54 PM  1000     28701    1.00    1.00    0.00    0.00    2.00     4  listener
12:00:54 PM  1000     28703    0.00    0.00    0.00    0.00    0.00    19  listener
12:00:54 PM  1000     28705    0.00    0.00    0.00    0.00    0.00    10  listener
12:00:54 PM  1000     28707    1.00    1.00    0.00    0.00    2.00     3  listener
12:00:54 PM  1000     28709    0.00    1.00    0.00    0.00    1.00     7  listener
12:00:54 PM  1000     28711    1.00    0.00    0.00    0.00    1.00     1  listener
12:00:54 PM  1000     28713    0.00    1.00    0.00    0.00    1.00     1  listener
12:00:54 PM  1000     28715    0.00    0.00    0.00    0.00    0.00     1  listener
12:00:54 PM  1000     28717    0.00    0.00    0.00    0.00    0.00     1  listener
12:00:54 PM  1000     28719    0.00    0.00    0.00    0.00    0.00     1  listener
12:00:54 PM  1000     28721    1.00    0.00    0.00    0.00    1.00    18  listener
12:00:54 PM  1000     28723    1.00    0.00    0.00    0.00    1.00     6  listener
12:00:54 PM  1000     28725    1.00    1.00    0.00    0.00    2.00    15  listener
12:00:54 PM  1000     28727    0.00    1.00    0.00    0.00    1.00     0  listener
12:00:54 PM  1000     28729    1.00    1.00    0.00    0.00    2.00     6  listener
12:00:54 PM  1000     28731    0.00    0.00    0.00    0.00    0.00     3  listener
12:00:54 PM  1000     28743    0.00    0.00    0.00    0.00    0.00     1  listener
12:00:54 PM  1000     28772    1.00    0.00    0.00    0.00    1.00     1  listener
12:00:54 PM  1000     28815    0.00    1.00    0.00    0.00    1.00     5  listener
12:00:54 PM  1000     28891    0.00    1.00    0.00    0.00    1.00    15  listener
12:00:54 PM  1000     28967    0.00    1.00    0.00    0.00    1.00     6  listener
12:00:54 PM  1000     29038    0.00    0.00    0.00    0.00    0.00     2  listener
12:00:54 PM  1000     29041    0.00    1.00    0.00    0.00    1.00     5  listener
12:00:54 PM  1000     29049    1.00    0.00    0.00    0.00    1.00     2  listener
12:00:54 PM  1000     29073    1.00    1.00    0.00    0.00    2.00    13  listener
12:00:54 PM  1000     29075    1.00    1.00    0.00    0.00    2.00    15  listener
12:00:54 PM  1000     29086    0.00    1.00    0.00    0.00    1.00     5  listener
12:00:54 PM  1000     29097    1.00    0.00    0.00    0.00    1.00    14  listener
12:00:54 PM  1000     29126    1.00    0.00    0.00    0.00    1.00    18  listener
12:00:54 PM  1000     29138    0.00    0.00    0.00    0.00    0.00     0  listener
12:00:54 PM  1000     29145    0.00    1.00    0.00    0.00    1.00    15  listener
12:00:54 PM  1000     29147    1.00    1.00    0.00    0.00    2.00     8  listener
12:00:54 PM  1000     29197    1.00    0.00    0.00    0.00    1.00     3  listener
12:00:54 PM  1000     29243    1.00    0.00    0.00    0.00    1.00     3  listener
12:00:54 PM  1000     29255    1.00    0.00    0.00    0.00    1.00     5  listener
12:00:54 PM  1000     29300    0.00    0.00    0.00    0.00    0.00     5  listener
12:00:54 PM  1000     29313    0.00    1.00    0.00    0.00    1.00    17  listener
12:00:54 PM  1000     29369    1.00    0.00    0.00    0.00    1.00    15  listener
12:00:54 PM  1000     29389    0.00    1.00    0.00    0.00    1.00    13  listener
12:00:54 PM  1000     29418    0.00    0.00    0.00    0.00    0.00     9  listener
12:00:54 PM  1000     29439    0.00    1.00    0.00    0.00    1.00    14  listener
12:00:54 PM  1000     29442    0.00    0.00    0.00    0.00    0.00     3  listener
12:00:54 PM  1000     29444    1.00    1.00    0.00    0.00    2.00     0  listener
12:00:54 PM  1000     29446    0.00    0.00    0.00    0.00    0.00     4  listener
12:00:54 PM  1000     29498    1.00    0.00    0.00    0.00    1.00    17  listener
12:00:54 PM  1000     29520    1.00    0.00    0.00    0.00    1.00     8  listener
12:00:54 PM  1000     29549    0.00    0.00    0.00    0.00    0.00     3  listener
12:00:54 PM  1000     29551    1.00    1.00    0.00    0.00    2.00     8  listener
12:00:54 PM  1000     29560    1.00    0.00    0.00    0.00    1.00    13  listener
12:00:54 PM  1000     29573    1.00    1.00    0.00    0.00    2.00    16  listener
12:00:54 PM  1000     29584    0.00    1.00    0.00    0.00    1.00    16  listener
12:00:54 PM  1000     29604    0.00    0.00    0.00    0.00    0.00     0  listener
12:00:54 PM  1000     29607    1.00    0.00    0.00    0.00    1.00     3  listener
12:00:54 PM  1000     29644    1.00    1.00    0.00    0.00    2.00     8  listener
12:00:54 PM  1000     29646    1.00    1.00    0.00    0.00    2.00    11  listener
12:00:54 PM  1000     29657    1.00    0.00    0.00    0.00    1.00     3  listener
12:00:54 PM  1000     29731    1.00    0.00    0.00    0.00    1.00    17  listener
12:00:54 PM  1000     29778    1.00    0.00    0.00    0.00    1.00     7  listener
12:00:54 PM  1000     29780    0.00    1.00    0.00    0.00    1.00    12  listener
12:00:54 PM  1000     29791    1.00    0.00    0.00    0.00    1.00    14  listener
12:00:54 PM  1000     29810    1.00    0.00    0.00    0.00    1.00     8  listener
12:00:54 PM  1000     29866    1.00    0.00    0.00    0.00    1.00    10  listener

12:00:54 PM   UID       PID    %usr %system  %guest   %wait    %CPU   CPU  Command
12:00:55 PM  1000     28697    1.00    1.00    0.00    0.00    2.00    13  listener
12:00:55 PM  1000     28699    1.00    0.00    0.00    0.00    1.00     0  listener
12:00:55 PM  1000     28701    0.00    0.00    0.00    0.00    0.00     4  listener
12:00:55 PM  1000     28703    1.00    0.00    0.00    0.00    1.00    19  listener
12:00:55 PM  1000     28705    1.00    1.00    0.00    0.00    2.00    10  listener
12:00:55 PM  1000     28707    0.00    0.00    0.00    0.00    0.00    10  listener
12:00:55 PM  1000     28709    1.00    0.00    0.00    0.00    1.00     0  listener
12:00:55 PM  1000     28711    1.00    0.00    0.00    0.00    1.00     8  listener
12:00:55 PM  1000     28713    0.00    1.00    0.00    0.00    1.00     0  listener
12:00:55 PM  1000     28715    1.00    0.00    0.00    0.00    1.00    10  listener
12:00:55 PM  1000     28717    1.00    0.00    0.00    0.00    1.00     1  listener
12:00:55 PM  1000     28719    1.00    0.00    0.00    0.00    1.00     8  listener
12:00:55 PM  1000     28721    1.00    1.00    0.00    0.00    2.00    18  listener
12:00:55 PM  1000     28723    0.00    1.00    0.00    0.00    1.00     8  listener
12:00:55 PM  1000     28725    1.00    0.00    0.00    0.00    1.00     1  listener
12:00:55 PM  1000     28727    1.00    0.00    0.00    0.00    1.00     1  listener
12:00:55 PM  1000     28729    0.00    0.00    0.00    0.00    0.00     9  listener
12:00:55 PM  1000     28731    1.00    0.00    0.00    0.00    1.00     3  listener
12:00:55 PM  1000     28743    0.00    0.00    0.00    0.00    0.00    13  listener
12:00:55 PM  1000     28772    0.00    1.00    0.00    0.00    1.00     9  listener
12:00:55 PM  1000     28815    1.00    0.00    0.00    0.00    1.00     3  listener
12:00:55 PM  1000     28891    1.00    0.00    0.00    0.00    1.00     3  listener
12:00:55 PM  1000     28967    1.00    0.00    0.00    0.00    1.00     8  listener
12:00:55 PM  1000     29038    0.00    1.00    0.00    0.00    1.00     2  listener
12:00:55 PM  1000     29041    1.00    0.00    0.00    0.00    1.00     1  listener
12:00:55 PM  1000     29049    1.00    0.00    0.00    0.00    1.00     2  listener
12:00:55 PM  1000     29073    0.00    0.00    0.00    0.00    0.00    14  listener
12:00:55 PM  1000     29075    1.00    0.00    0.00    0.00    1.00    13  listener
12:00:55 PM  1000     29086    0.00    1.00    0.00    0.00    1.00     6  listener
12:00:55 PM  1000     29097    0.00    1.00    0.00    0.00    1.00     9  listener
12:00:55 PM  1000     29126    0.00    1.00    0.00    0.00    1.00    18  listener
12:00:55 PM  1000     29138    1.00    1.00    0.00    0.00    2.00     6  listener
12:00:55 PM  1000     29145    0.00    1.00    0.00    0.00    1.00     6  listener
12:00:55 PM  1000     29147    0.00    0.00    0.00    0.00    0.00    12  listener
12:00:55 PM  1000     29197    0.00    1.00    0.00    0.00    1.00     3  listener
12:00:55 PM  1000     29243    0.00    0.00    0.00    0.00    0.00     6  listener
12:00:55 PM  1000     29255    0.00    1.00    0.00    0.00    1.00     5  listener
12:00:55 PM  1000     29300    1.00    1.00    0.00    0.00    2.00     5  listener
12:00:55 PM  1000     29313    0.00    1.00    0.00    0.00    1.00     1  listener
12:00:55 PM  1000     29369    0.00    1.00    0.00    0.00    1.00    16  listener
12:00:55 PM  1000     29389    0.00    1.00    0.00    0.00    1.00     0  listener
12:00:55 PM  1000     29418    1.00    0.00    0.00    0.00    1.00    10  listener
12:00:55 PM  1000     29439    1.00    0.00    0.00    0.00    1.00     1  listener
12:00:55 PM  1000     29442    1.00    0.00    0.00    0.00    1.00     5  listener
12:00:55 PM  1000     29444    0.00    0.00    0.00    0.00    0.00     0  listener
12:00:55 PM  1000     29446    1.00    1.00    0.00    0.00    2.00     3  listener
12:00:55 PM  1000     29498    0.00    0.00    0.00    0.00    0.00     3  listener
12:00:55 PM  1000     29520    1.00    1.00    0.00    0.00    2.00    13  listener
12:00:55 PM  1000     29549    1.00    1.00    0.00    0.00    2.00    13  listener
12:00:55 PM  1000     29551    0.00    0.00    0.00    0.00    0.00     6  listener
12:00:55 PM  1000     29560    0.00    0.00    0.00    0.00    0.00     0  listener
12:00:55 PM  1000     29573    1.00    0.00    0.00    0.00    1.00     1  listener
12:00:55 PM  1000     29584    1.00    0.00    0.00    0.00    1.00     8  listener
12:00:55 PM  1000     29604    1.00    1.00    0.00    0.00    2.00     0  listener
12:00:55 PM  1000     29607    0.00    0.00    0.00    0.00    0.00     3  listener
12:00:55 PM  1000     29644    1.00    0.00    0.00    0.00    1.00     8  listener
12:00:55 PM  1000     29646    0.00    0.00    0.00    0.00    0.00    11  listener
12:00:55 PM  1000     29657    1.00    1.00    0.00    0.00    2.00     3  listener
12:00:55 PM  1000     29731    0.00    0.00    0.00    0.00    0.00     6  listener
12:00:55 PM  1000     29778    0.00    0.00    0.00    0.00    0.00     7  listener
12:00:55 PM  1000     29780    1.00    1.00    0.00    0.00    2.00     6  listener
12:00:55 PM  1000     29791    0.00    1.00    0.00    0.00    1.00    17  listener
12:00:55 PM  1000     29810    0.00    1.00    0.00    0.00    1.00    12  listener
12:00:55 PM  1000     29866    0.00    1.00    0.00    0.00    1.00    12  listener

12:00:55 PM   UID       PID    %usr %system  %guest   %wait    %CPU   CPU  Command
12:00:56 PM  1000     28697    0.00    0.00    0.00    0.00    0.00     0  listener
12:00:56 PM  1000     28699    0.00    0.00    0.00    0.00    0.00     8  listener
12:00:56 PM  1000     28701    1.00    0.00    0.00    0.00    1.00     4  listener
12:00:56 PM  1000     28703    1.00    0.00    0.00    0.00    1.00    19  listener
12:00:56 PM  1000     28705    0.00    0.00    0.00    0.00    0.00    10  listener
12:00:56 PM  1000     28707    1.00    0.00    0.00    0.00    1.00    19  listener
12:00:56 PM  1000     28709    0.00    0.00    0.00    0.00    0.00    13  listener
12:00:56 PM  1000     28711    0.00    0.00    0.00    0.00    0.00    12  listener
12:00:56 PM  1000     28713    0.00    0.00    0.00    0.00    0.00     6  listener
12:00:56 PM  1000     28715    0.00    1.00    0.00    0.00    1.00     1  listener
12:00:56 PM  1000     28717    0.00    1.00    0.00    0.00    1.00    19  listener
12:00:56 PM  1000     28719    1.00    0.00    0.00    0.00    1.00     8  listener
12:00:56 PM  1000     28721    0.00    0.00    0.00    0.00    0.00     1  listener
12:00:56 PM  1000     28723    0.00    0.00    0.00    0.00    0.00     3  listener
12:00:56 PM  1000     28725    0.00    0.00    0.00    0.00    0.00     1  listener
12:00:56 PM  1000     28727    1.00    0.00    0.00    0.00    1.00    14  listener
12:00:56 PM  1000     28729    0.00    0.00    0.00    0.00    0.00     9  listener
12:00:56 PM  1000     28731    0.00    1.00    0.00    0.00    1.00     8  listener
12:00:56 PM  1000     28743    1.00    1.00    0.00    0.00    2.00     9  listener
12:00:56 PM  1000     28772    1.00    0.00    0.00    0.00    1.00     9  listener
12:00:56 PM  1000     28815    0.00    0.00    0.00    0.00    0.00    10  listener
12:00:56 PM  1000     28891    0.00    1.00    0.00    0.00    1.00    14  listener
12:00:56 PM  1000     28967    1.00    0.00    0.00    0.00    1.00    12  listener
12:00:56 PM  1000     29038    1.00    0.00    0.00    0.00    1.00     6  listener
12:00:56 PM  1000     29041    0.00    1.00    0.00    0.00    1.00    12  listener
12:00:56 PM  1000     29049    0.00    1.00    0.00    0.00    1.00     2  listener
12:00:56 PM  1000     29073    0.00    1.00    0.00    0.00    1.00    13  listener
12:00:56 PM  1000     29075    1.00    0.00    0.00    0.00    1.00    14  listener
12:00:56 PM  1000     29086    0.00    1.00    0.00    0.00    1.00     6  listener
12:00:56 PM  1000     29097    1.00    0.00    0.00    0.00    1.00     6  listener
12:00:56 PM  1000     29126    1.00    0.00    0.00    0.00    1.00     0  listener
12:00:56 PM  1000     29138    1.00    0.00    0.00    0.00    1.00    10  listener
12:00:56 PM  1000     29145    1.00    0.00    0.00    0.00    1.00     8  listener
12:00:56 PM  1000     29147    0.00    1.00    0.00    0.00    1.00     8  listener
12:00:56 PM  1000     29197    1.00    0.00    0.00    0.00    1.00     3  listener
12:00:56 PM  1000     29243    0.00    1.00    0.00    0.00    1.00     6  listener
12:00:56 PM  1000     29255    1.00    0.00    0.00    0.00    1.00     5  listener
12:00:56 PM  1000     29300    0.00    0.00    0.00    0.00    0.00    10  listener
12:00:56 PM  1000     29313    1.00    0.00    0.00    0.00    1.00    17  listener
12:00:56 PM  1000     29369    0.00    0.00    0.00    0.00    0.00    18  listener
12:00:56 PM  1000     29389    0.00    0.00    0.00    0.00    0.00    13  listener
12:00:56 PM  1000     29418    1.00    1.00    0.00    0.00    2.00     9  listener
12:00:56 PM  1000     29439    0.00    1.00    0.00    0.00    1.00     5  listener
12:00:56 PM  1000     29442    0.00    1.00    0.00    0.00    1.00     3  listener
12:00:56 PM  1000     29444    0.00    1.00    0.00    0.00    1.00    14  listener
12:00:56 PM  1000     29446    0.00    0.00    0.00    0.00    0.00     4  listener
12:00:56 PM  1000     29498    1.00    0.00    0.00    0.00    1.00    10  listener
12:00:56 PM  1000     29520    1.00    0.00    0.00    0.00    1.00    14  listener
12:00:56 PM  1000     29549    0.00    1.00    0.00    0.00    1.00    14  listener
12:00:56 PM  1000     29551    1.00    0.00    0.00    0.00    1.00    14  listener
12:00:56 PM  1000     29560    1.00    1.00    0.00    0.00    2.00     1  listener
12:00:56 PM  1000     29573    0.00    0.00    0.00    0.00    0.00     1  listener
12:00:56 PM  1000     29584    0.00    0.00    0.00    0.00    0.00     8  listener
12:00:56 PM  1000     29604    1.00    0.00    0.00    0.00    1.00     0  listener
12:00:56 PM  1000     29607    1.00    1.00    0.00    0.00    2.00     5  listener
12:00:56 PM  1000     29644    0.00    0.00    0.00    0.00    0.00     0  listener
12:00:56 PM  1000     29646    1.00    1.00    0.00    0.00    2.00    15  listener
12:00:56 PM  1000     29657    0.00    0.00    0.00    0.00    0.00    18  listener
12:00:56 PM  1000     29731    0.00    1.00    0.00    0.00    1.00     6  listener
12:00:56 PM  1000     29778    1.00    1.00    0.00    0.00    2.00    14  listener
12:00:56 PM  1000     29780    0.00    0.00    0.00    0.00    0.00    10  listener
12:00:56 PM  1000     29791    0.00    0.00    0.00    0.00    0.00     0  listener
12:00:56 PM  1000     29810    1.00    0.00    0.00    0.00    1.00     6  listener
12:00:56 PM  1000     29866    1.00    0.00    0.00    0.00    1.00     8  listener

12:00:56 PM   UID       PID    %usr %system  %guest   %wait    %CPU   CPU  Command
12:00:57 PM  1000     28697    1.00    1.00    0.00    0.00    2.00     0  listener
12:00:57 PM  1000     28699    1.00    1.00    0.00    0.00    2.00     8  listener
12:00:57 PM  1000     28701    1.00    0.00    0.00    0.00    1.00     4  listener
12:00:57 PM  1000     28703    1.00    1.00    0.00    0.00    2.00     6  listener
12:00:57 PM  1000     28705    0.00    1.00    0.00    0.00    1.00     0  listener
12:00:57 PM  1000     28707    0.00    1.00    0.00    0.00    1.00    19  listener
12:00:57 PM  1000     28709    1.00    0.00    0.00    0.00    1.00    10  listener
12:00:57 PM  1000     28711    0.00    1.00    0.00    0.00    1.00    13  listener
12:00:57 PM  1000     28713    0.00    1.00    0.00    0.00    1.00     0  listener
12:00:57 PM  1000     28715    1.00    0.00    0.00    0.00    1.00     8  listener
12:00:57 PM  1000     28717    1.00    0.00    0.00    0.00    1.00     8  listener
12:00:57 PM  1000     28719    0.00    1.00    0.00    0.00    1.00     8  listener
12:00:57 PM  1000     28721    1.00    1.00    0.00    0.00    2.00     1  listener
12:00:57 PM  1000     28723    1.00    1.00    0.00    0.00    2.00     8  listener
12:00:57 PM  1000     28725    0.00    1.00    0.00    0.00    1.00     8  listener
12:00:57 PM  1000     28727    1.00    0.00    0.00    0.00    1.00     8  listener
12:00:57 PM  1000     28729    1.00    1.00    0.00    0.00    2.00     9  listener
12:00:57 PM  1000     28731    1.00    0.00    0.00    0.00    1.00    13  listener
12:00:57 PM  1000     28743    0.00    0.00    0.00    0.00    0.00     9  listener
12:00:57 PM  1000     28772    0.00    0.00    0.00    0.00    0.00     9  listener
12:00:57 PM  1000     28815    1.00    1.00    0.00    0.00    2.00    11  listener
12:00:57 PM  1000     28891    1.00    0.00    0.00    0.00    1.00     3  listener
12:00:57 PM  1000     28967    1.00    0.00    0.00    0.00    1.00    18  listener
12:00:57 PM  1000     29038    0.00    1.00    0.00    0.00    1.00    16  listener
12:00:57 PM  1000     29041    0.00    0.00    0.00    0.00    0.00    12  listener
12:00:57 PM  1000     29049    1.00    0.00    0.00    0.00    1.00     2  listener
12:00:57 PM  1000     29073    1.00    0.00    0.00    0.00    1.00     0  listener
12:00:57 PM  1000     29075    1.00    0.00    0.00    0.00    1.00    14  listener
12:00:57 PM  1000     29086    0.00    1.00    0.00    0.00    1.00     6  listener
12:00:57 PM  1000     29097    0.00    0.00    0.00    0.00    0.00     9  listener
12:00:57 PM  1000     29126    0.00    0.00    0.00    0.00    0.00     0  listener
12:00:57 PM  1000     29138    0.00    1.00    0.00    0.00    1.00    10  listener
12:00:57 PM  1000     29145    0.00    0.00    0.00    0.00    0.00    13  listener
12:00:57 PM  1000     29147    1.00    0.00    0.00    0.00    1.00    14  listener
12:00:57 PM  1000     29197    0.00    1.00    0.00    0.00    1.00     1  listener
12:00:57 PM  1000     29243    0.00    0.00    0.00    0.00    0.00     1  listener
12:00:57 PM  1000     29255    0.00    0.00    0.00    0.00    0.00     8  listener
12:00:57 PM  1000     29300    1.00    0.00    0.00    0.00    1.00    13  listener
12:00:57 PM  1000     29313    0.00    0.00    0.00    0.00    0.00     3  listener
12:00:57 PM  1000     29369    1.00    1.00    0.00    0.00    2.00     0  listener
12:00:57 PM  1000     29389    1.00    1.00    0.00    0.00    2.00     1  listener
12:00:57 PM  1000     29418    0.00    0.00    0.00    0.00    0.00     9  listener
12:00:57 PM  1000     29439    1.00    0.00    0.00    0.00    1.00    16  listener
12:00:57 PM  1000     29442    1.00    0.00    0.00    0.00    1.00     5  listener
12:00:57 PM  1000     29444    1.00    0.00    0.00    0.00    1.00     1  listener
12:00:57 PM  1000     29446    1.00    0.00    0.00    0.00    1.00     4  listener
12:00:57 PM  1000     29498    0.00    1.00    0.00    0.00    1.00     1  listener
12:00:57 PM  1000     29520    0.00    0.00    0.00    0.00    0.00     8  listener
12:00:57 PM  1000     29549    1.00    0.00    0.00    0.00    1.00    14  listener
12:00:57 PM  1000     29551    0.00    1.00    0.00    0.00    1.00     9  listener
12:00:57 PM  1000     29560    0.00    0.00    0.00    0.00    0.00     3  listener
12:00:57 PM  1000     29573    1.00    0.00    0.00    0.00    1.00     0  listener
12:00:57 PM  1000     29584    0.00    1.00    0.00    0.00    1.00     8  listener
12:00:57 PM  1000     29604    0.00    0.00    0.00    0.00    0.00     5  listener
12:00:57 PM  1000     29607    0.00    0.00    0.00    0.00    0.00     5  listener
12:00:57 PM  1000     29644    1.00    0.00    0.00    0.00    1.00    19  listener
12:00:57 PM  1000     29646    0.00    0.00    0.00    0.00    0.00    15  listener
12:00:57 PM  1000     29657    1.00    0.00    0.00    0.00    1.00    19  listener
12:00:57 PM  1000     29731    1.00    0.00    0.00    0.00    1.00     6  listener
12:00:57 PM  1000     29778    1.00    0.00    0.00    0.00    1.00    13  listener
12:00:57 PM  1000     29780    0.00    0.00    0.00    0.00    0.00    19  listener
12:00:57 PM  1000     29791    1.00    0.00    0.00    0.00    1.00     3  listener
12:00:57 PM  1000     29810    0.00    1.00    0.00    0.00    1.00    13  listener
12:00:57 PM  1000     29866    1.00    0.00    0.00    0.00    1.00     1  listener

12:00:57 PM   UID       PID    %usr %system  %guest   %wait    %CPU   CPU  Command
12:00:58 PM  1000     28697    0.00    0.00    0.00    0.00    0.00     3  listener
12:00:58 PM  1000     28699    0.00    0.00    0.00    0.00    0.00    13  listener
12:00:58 PM  1000     28701    0.00    1.00    0.00    0.00    1.00     6  listener
12:00:58 PM  1000     28703    0.00    0.00    0.00    0.00    0.00     7  listener
12:00:58 PM  1000     28705    1.00    0.00    0.00    0.00    1.00    13  listener
12:00:58 PM  1000     28707    1.00    0.00    0.00    0.00    1.00     3  listener
12:00:58 PM  1000     28709    0.00    0.00    0.00    0.00    0.00    12  listener
12:00:58 PM  1000     28711    0.00    1.00    0.00    0.00    1.00    13  listener
12:00:58 PM  1000     28713    0.00    1.00    0.00    0.00    1.00     1  listener
12:00:58 PM  1000     28715    0.00    0.00    0.00    0.00    0.00    10  listener
12:00:58 PM  1000     28717    0.00    0.00    0.00    0.00    0.00    13  listener
12:00:58 PM  1000     28719    1.00    0.00    0.00    0.00    1.00     4  listener
12:00:58 PM  1000     28721    0.00    0.00    0.00    0.00    0.00    18  listener
12:00:58 PM  1000     28723    0.00    0.00    0.00    0.00    0.00     8  listener
12:00:58 PM  1000     28725    1.00    0.00    0.00    0.00    1.00    10  listener
12:00:58 PM  1000     28727    1.00    1.00    0.00    0.00    2.00    13  listener
12:00:58 PM  1000     28729    0.00    0.00    0.00    0.00    0.00     9  listener
12:00:58 PM  1000     28731    0.00    1.00    0.00    0.00    1.00     8  listener
12:00:58 PM  1000     28743    0.00    0.00    0.00    0.00    0.00     0  listener
12:00:58 PM  1000     28772    0.00    1.00    0.00    0.00    1.00    13  listener
12:00:58 PM  1000     28815    0.00    0.00    0.00    0.00    0.00     1  listener
12:00:58 PM  1000     28891    0.00    1.00    0.00    0.00    1.00     3  listener
12:00:58 PM  1000     28967    0.00    0.00    0.00    0.00    0.00     3  listener
12:00:58 PM  1000     29038    1.00    0.00    0.00    0.00    1.00     3  listener
12:00:58 PM  1000     29041    1.00    1.00    0.00    0.00    2.00    18  listener
12:00:58 PM  1000     29049    0.00    0.00    0.00    0.00    0.00     8  listener
12:00:58 PM  1000     29073    0.00    1.00    0.00    0.00    1.00     5  listener
12:00:58 PM  1000     29075    0.00    1.00    0.00    0.00    1.00    16  listener
12:00:58 PM  1000     29086    0.00    1.00    0.00    0.00    1.00    10  listener
12:00:58 PM  1000     29097    1.00    1.00    0.00    0.00    2.00     6  listener
12:00:58 PM  1000     29126    1.00    1.00    0.00    0.00    2.00     6  listener
12:00:58 PM  1000     29138    1.00    0.00    0.00    0.00    1.00    13  listener
12:00:58 PM  1000     29145    1.00    1.00    0.00    0.00    2.00     1  listener
12:00:58 PM  1000     29147    0.00    1.00    0.00    0.00    1.00     0  listener
12:00:58 PM  1000     29197    1.00    0.00    0.00    0.00    1.00     1  listener
12:00:58 PM  1000     29243    1.00    0.00    0.00    0.00    1.00     1  listener
12:00:58 PM  1000     29255    0.00    1.00    0.00    0.00    1.00     5  listener
12:00:58 PM  1000     29300    0.00    1.00    0.00    0.00    1.00     3  listener
12:00:58 PM  1000     29313    1.00    1.00    0.00    0.00    2.00     8  listener
12:00:58 PM  1000     29369    0.00    1.00    0.00    0.00    1.00     5  listener
12:00:58 PM  1000     29389    0.00    0.00    0.00    0.00    0.00     3  listener
12:00:58 PM  1000     29418    1.00    0.00    0.00    0.00    1.00    10  listener
12:00:58 PM  1000     29439    0.00    1.00    0.00    0.00    1.00    10  listener
12:00:58 PM  1000     29442    0.00    0.00    0.00    0.00    0.00     6  listener
12:00:58 PM  1000     29444    0.00    1.00    0.00    0.00    1.00     8  listener
12:00:58 PM  1000     29446    0.00    1.00    0.00    0.00    1.00     0  listener
12:00:58 PM  1000     29498    0.00    0.00    0.00    0.00    0.00    19  listener
12:00:58 PM  1000     29520    1.00    0.00    0.00    0.00    1.00     8  listener
12:00:58 PM  1000     29549    0.00    0.00    0.00    0.00    0.00     3  listener
12:00:58 PM  1000     29551    1.00    0.00    0.00    0.00    1.00    14  listener
12:00:58 PM  1000     29560    1.00    1.00    0.00    0.00    2.00    19  listener
12:00:58 PM  1000     29573    1.00    1.00    0.00    0.00    2.00     3  listener
12:00:58 PM  1000     29584    1.00    0.00    0.00    0.00    1.00     1  listener
12:00:58 PM  1000     29604    0.00    1.00    0.00    0.00    1.00     3  listener
12:00:58 PM  1000     29607    1.00    1.00    0.00    0.00    2.00     6  listener
12:00:58 PM  1000     29644    1.00    0.00    0.00    0.00    1.00     3  listener
12:00:58 PM  1000     29646    1.00    1.00    0.00    0.00    2.00     7  listener
12:00:58 PM  1000     29657    0.00    1.00    0.00    0.00    1.00    15  listener
12:00:58 PM  1000     29731    0.00    1.00    0.00    0.00    1.00     3  listener
12:00:58 PM  1000     29778    0.00    0.00    0.00    0.00    0.00    18  listener
12:00:58 PM  1000     29780    1.00    1.00    0.00    0.00    2.00     1  listener
12:00:58 PM  1000     29791    0.00    0.00    0.00    0.00    0.00     5  listener
12:00:58 PM  1000     29810    0.00    0.00    0.00    0.00    0.00     6  listener
12:00:58 PM  1000     29866    0.00    0.00    0.00    0.00    0.00    10  listener

12:00:58 PM   UID       PID    %usr %system  %guest   %wait    %CPU   CPU  Command
12:00:59 PM  1000     28697    1.00    1.00    0.00    0.00    2.00     5  listener
12:00:59 PM  1000     28699    1.00    1.00    0.00    0.00    2.00    13  listener
12:00:59 PM  1000     28701    1.00    0.00    0.00    0.00    1.00     6  listener
12:00:59 PM  1000     28703    1.00    0.00    0.00    0.00    1.00     8  listener
12:00:59 PM  1000     28705    0.00    1.00    0.00    0.00    1.00     6  listener
12:00:59 PM  1000     28707    0.00    0.00    0.00    0.00    0.00    10  listener
12:00:59 PM  1000     28709    1.00    1.00    0.00    0.00    2.00    12  listener
12:00:59 PM  1000     28711    1.00    0.00    0.00    0.00    1.00     0  listener
12:00:59 PM  1000     28713    0.00    1.00    0.00    0.00    1.00     8  listener
12:00:59 PM  1000     28715    0.00    0.00    0.00    0.00    0.00    15  listener
12:00:59 PM  1000     28717    1.00    1.00    0.00    0.00    2.00    15  listener
12:00:59 PM  1000     28719    1.00    1.00    0.00    0.00    2.00     6  listener
12:00:59 PM  1000     28721    1.00    0.00    0.00    0.00    1.00     5  listener
12:00:59 PM  1000     28723    1.00    1.00    0.00    0.00    2.00     8  listener
12:00:59 PM  1000     28725    0.00    1.00    0.00    0.00    1.00    19  listener
12:00:59 PM  1000     28727    1.00    0.00    0.00    0.00    1.00    10  listener
12:00:59 PM  1000     28729    0.00    0.00    0.00    0.00    0.00     3  listener
12:00:59 PM  1000     28731    1.00    0.00    0.00    0.00    1.00     8  listener
12:00:59 PM  1000     28743    1.00    1.00    0.00    0.00    2.00     0  listener
12:00:59 PM  1000     28772    0.00    0.00    0.00    0.00    0.00    10  listener
12:00:59 PM  1000     28815    1.00    0.00    0.00    0.00    1.00     1  listener
12:00:59 PM  1000     28891    1.00    0.00    0.00    0.00    1.00    16  listener
12:00:59 PM  1000     28967    1.00    1.00    0.00    0.00    2.00    12  listener
12:00:59 PM  1000     29038    1.00    0.00    0.00    0.00    1.00     1  listener
12:00:59 PM  1000     29041    0.00    0.00    0.00    0.00    0.00     5  listener
12:00:59 PM  1000     29049    1.00    1.00    0.00    0.00    2.00     2  listener
12:00:59 PM  1000     29073    1.00    0.00    0.00    0.00    1.00     0  listener
12:00:59 PM  1000     29075    1.00    0.00    0.00    0.00    1.00    18  listener
12:00:59 PM  1000     29086    0.00    1.00    0.00    0.00    1.00    19  listener
12:00:59 PM  1000     29097    0.00    0.00    0.00    0.00    0.00     6  listener
12:00:59 PM  1000     29126    1.00    0.00    0.00    0.00    1.00     1  listener
12:00:59 PM  1000     29138    1.00    1.00    0.00    0.00    2.00     0  listener
12:00:59 PM  1000     29145    0.00    0.00    0.00    0.00    0.00    10  listener
12:00:59 PM  1000     29147    1.00    0.00    0.00    0.00    1.00     0  listener
12:00:59 PM  1000     29197    0.00    1.00    0.00    0.00    1.00     8  listener
12:00:59 PM  1000     29243    1.00    0.00    0.00    0.00    1.00    10  listener
12:00:59 PM  1000     29255    1.00    0.00    0.00    0.00    1.00    19  listener
12:00:59 PM  1000     29300    1.00    0.00    0.00    0.00    1.00    12  listener
12:00:59 PM  1000     29313    0.00    1.00    0.00    0.00    1.00    12  listener
12:00:59 PM  1000     29369    1.00    0.00    0.00    0.00    1.00     3  listener
12:00:59 PM  1000     29389    1.00    1.00    0.00    0.00    2.00     3  listener
12:00:59 PM  1000     29418    0.00    1.00    0.00    0.00    1.00     8  listener
12:00:59 PM  1000     29439    0.00    0.00    0.00    0.00    0.00     3  listener
12:00:59 PM  1000     29442    2.00    0.00    0.00    0.00    2.00     6  listener
12:00:59 PM  1000     29444    1.00    0.00    0.00    0.00    1.00     3  listener
12:00:59 PM  1000     29446    1.00    0.00    0.00    0.00    1.00     0  listener
12:00:59 PM  1000     29498    1.00    1.00    0.00    0.00    2.00    17  listener
12:00:59 PM  1000     29520    1.00    1.00    0.00    0.00    2.00    14  listener
12:00:59 PM  1000     29549    1.00    1.00    0.00    0.00    2.00     0  listener
12:00:59 PM  1000     29551    1.00    0.00    0.00    0.00    1.00    15  listener
12:00:59 PM  1000     29560    0.00    0.00    0.00    0.00    0.00    19  listener
12:00:59 PM  1000     29573    0.00    0.00    0.00    0.00    0.00     0  listener
12:00:59 PM  1000     29584    0.00    0.00    0.00    0.00    0.00     5  listener
12:00:59 PM  1000     29604    1.00    1.00    0.00    0.00    2.00    17  listener
12:00:59 PM  1000     29607    0.00    0.00    0.00    0.00    0.00     1  listener
12:00:59 PM  1000     29644    1.00    1.00    0.00    0.00    2.00     5  listener
12:00:59 PM  1000     29646    0.00    0.00    0.00    0.00    0.00     1  listener
12:00:59 PM  1000     29657    1.00    0.00    0.00    0.00    1.00    10  listener
12:00:59 PM  1000     29731    1.00    0.00    0.00    0.00    1.00    10  listener
12:00:59 PM  1000     29778    1.00    0.00    0.00    0.00    1.00    18  listener
12:00:59 PM  1000     29780    0.00    1.00    0.00    0.00    1.00     8  listener
12:00:59 PM  1000     29791    1.00    1.00    0.00    0.00    2.00     5  listener
12:00:59 PM  1000     29810    0.00    1.00    0.00    0.00    1.00     8  listener
12:00:59 PM  1000     29866    1.00    0.00    0.00    0.00    1.00     3  listener

12:00:59 PM   UID       PID    %usr %system  %guest   %wait    %CPU   CPU  Command
12:01:00 PM  1000     28697    0.00    0.00    0.00    0.00    0.00     3  listener
12:01:00 PM  1000     28699    0.00    0.00    0.00    0.00    0.00    15  listener
12:01:00 PM  1000     28701    0.00    1.00    0.00    0.00    1.00     1  listener
12:01:00 PM  1000     28703    1.00    1.00    0.00    0.00    2.00     6  listener
12:01:00 PM  1000     28705    1.00    0.00    0.00    0.00    1.00     6  listener
12:01:00 PM  1000     28707    1.00    1.00    0.00    0.00    2.00    10  listener
12:01:00 PM  1000     28709    0.00    0.00    0.00    0.00    0.00     3  listener
12:01:00 PM  1000     28711    1.00    0.00    0.00    0.00    1.00    19  listener
12:01:00 PM  1000     28713    0.00    1.00    0.00    0.00    1.00    14  listener
12:01:00 PM  1000     28715    1.00    1.00    0.00    0.00    2.00     6  listener
12:01:00 PM  1000     28717    1.00    0.00    0.00    0.00    1.00     1  listener
12:01:00 PM  1000     28719    0.00    0.00    0.00    0.00    0.00     4  listener
12:01:00 PM  1000     28721    0.00    1.00    0.00    0.00    1.00     1  listener
12:01:00 PM  1000     28723    1.00    0.00    0.00    0.00    1.00    14  listener
12:01:00 PM  1000     28725    1.00    0.00    0.00    0.00    1.00    10  listener
12:01:00 PM  1000     28727    1.00    0.00    0.00    0.00    1.00    15  listener
12:01:00 PM  1000     28729    1.00    1.00    0.00    0.00    2.00     9  listener
12:01:00 PM  1000     28731    0.00    1.00    0.00    0.00    1.00     8  listener
12:01:00 PM  1000     28743    0.00    0.00    0.00    0.00    0.00     0  listener
12:01:00 PM  1000     28772    1.00    1.00    0.00    0.00    2.00    10  listener
12:01:00 PM  1000     28815    0.00    1.00    0.00    0.00    1.00     3  listener
12:01:00 PM  1000     28891    0.00    0.00    0.00    0.00    0.00    18  listener
12:01:00 PM  1000     28967    1.00    0.00    0.00    0.00    1.00     6  listener
12:01:00 PM  1000     29038    0.00    1.00    0.00    0.00    1.00    12  listener
12:01:00 PM  1000     29041    1.00    1.00    0.00    0.00    2.00     3  listener
12:01:00 PM  1000     29049    0.00    0.00    0.00    0.00    0.00     2  listener
12:01:00 PM  1000     29073    0.00    0.00    0.00    0.00    0.00     1  listener
12:01:00 PM  1000     29075    1.00    0.00    0.00    0.00    1.00    14  listener
12:01:00 PM  1000     29086    1.00    0.00    0.00    0.00    1.00     3  listener
12:01:00 PM  1000     29097    1.00    1.00    0.00    0.00    2.00     9  listener
12:01:00 PM  1000     29126    0.00    1.00    0.00    0.00    1.00     1  listener
12:01:00 PM  1000     29138    0.00    0.00    0.00    0.00    0.00    12  listener
12:01:00 PM  1000     29145    1.00    1.00    0.00    0.00    2.00     5  listener
12:01:00 PM  1000     29147    0.00    1.00    0.00    0.00    1.00    17  listener
12:01:00 PM  1000     29197    1.00    1.00    0.00    0.00    2.00     8  listener
12:01:00 PM  1000     29243    0.00    1.00    0.00    0.00    1.00     6  listener
12:01:00 PM  1000     29255    0.00    1.00    0.00    0.00    1.00     5  listener
12:01:00 PM  1000     29300    0.00    1.00    0.00    0.00    1.00     3  listener
12:01:00 PM  1000     29313    1.00    0.00    0.00    0.00    1.00    14  listener
12:01:00 PM  1000     29369    0.00    1.00    0.00    0.00    1.00    18  listener
12:01:00 PM  1000     29389    0.00    0.00    0.00    0.00    0.00     1  listener
12:01:00 PM  1000     29418    1.00    0.00    0.00    0.00    1.00     8  listener
12:01:00 PM  1000     29439    1.00    1.00    0.00    0.00    2.00     0  listener
12:01:00 PM  1000     29442    0.00    1.00    0.00    0.00    1.00    13  listener
12:01:00 PM  1000     29444    1.00    0.00    0.00    0.00    1.00     3  listener
12:01:00 PM  1000     29446    1.00    0.00    0.00    0.00    1.00     0  listener
12:01:00 PM  1000     29498    0.00    0.00    0.00    0.00    0.00    13  listener
12:01:00 PM  1000     29520    1.00    0.00    0.00    0.00    1.00     8  listener
12:01:00 PM  1000     29549    0.00    0.00    0.00    0.00    0.00     1  listener
12:01:00 PM  1000     29551    1.00    1.00    0.00    0.00    2.00    10  listener
12:01:00 PM  1000     29560    1.00    1.00    0.00    0.00    2.00     0  listener
12:01:00 PM  1000     29573    1.00    1.00    0.00    0.00    2.00     1  listener
12:01:00 PM  1000     29584    1.00    1.00    0.00    0.00    2.00     1  listener
12:01:00 PM  1000     29604    1.00    0.00    0.00    0.00    1.00     3  listener
12:01:00 PM  1000     29607    1.00    1.00    0.00    0.00    2.00     3  listener
12:01:00 PM  1000     29644    0.00    0.00    0.00    0.00    0.00    10  listener
12:01:00 PM  1000     29646    1.00    0.00    0.00    0.00    1.00    17  listener
12:01:00 PM  1000     29657    0.00    1.00    0.00    0.00    1.00    16  listener
12:01:00 PM  1000     29731    0.00    0.00    0.00    0.00    0.00    19  listener
12:01:00 PM  1000     29778    1.00    1.00    0.00    0.00    2.00    19  listener
12:01:00 PM  1000     29780    0.00    0.00    0.00    0.00    0.00     1  listener
12:01:00 PM  1000     29791    1.00    0.00    0.00    0.00    1.00     6  listener
12:01:00 PM  1000     29810    1.00    0.00    0.00    0.00    1.00    10  listener
12:01:00 PM  1000     29866    0.00    0.00    0.00    0.00    0.00    12  listener

12:01:00 PM   UID       PID    %usr %system  %guest   %wait    %CPU   CPU  Command
12:01:01 PM  1000     28697    1.00    1.00    0.00    0.00    2.00     2  listener
12:01:01 PM  1000     28699    1.00    1.00    0.00    0.00    2.00     8  listener
12:01:01 PM  1000     28701    1.00    0.00    0.00    0.00    1.00     5  listener
12:01:01 PM  1000     28703    1.00    0.00    0.00    0.00    1.00     8  listener
12:01:01 PM  1000     28705    1.00    1.00    0.00    0.00    2.00     2  listener
12:01:01 PM  1000     28707    1.00    1.00    0.00    0.00    2.00     3  listener
12:01:01 PM  1000     28709    1.00    0.00    0.00    0.00    1.00     3  listener
12:01:01 PM  1000     28711    1.00    0.00    0.00    0.00    1.00    10  listener
12:01:01 PM  1000     28713    0.00    1.00    0.00    0.00    1.00    16  listener
12:01:01 PM  1000     28715    1.00    0.00    0.00    0.00    1.00     6  listener
12:01:01 PM  1000     28717    1.00    1.00    0.00    0.00    2.00     1  listener
12:01:01 PM  1000     28719    2.00    0.00    0.00    0.00    2.00    14  listener
12:01:01 PM  1000     28721    1.00    1.00    0.00    0.00    2.00    13  listener
12:01:01 PM  1000     28723    1.00    0.00    0.00    0.00    1.00    10  listener
12:01:01 PM  1000     28725    0.00    1.00    0.00    0.00    1.00    12  listener
12:01:01 PM  1000     28727    0.00    2.00    0.00    0.00    2.00    10  listener
12:01:01 PM  1000     28729    0.00    0.00    0.00    0.00    0.00     9  listener
12:01:01 PM  1000     28731    1.00    0.00    0.00    0.00    1.00     3  listener
12:01:01 PM  1000     28743    1.00    1.00    0.00    0.00    2.00     5  listener
12:01:01 PM  1000     28772    0.00    0.00    0.00    0.00    0.00    11  listener
12:01:01 PM  1000     28815    1.00    0.00    0.00    0.00    1.00    14  listener
12:01:01 PM  1000     28891    1.00    1.00    0.00    0.00    2.00    16  listener
12:01:01 PM  1000     28967    1.00    0.00    0.00    0.00    1.00     0  listener
12:01:01 PM  1000     29038    1.00    1.00    0.00    0.00    2.00     0  listener
12:01:01 PM  1000     29041    0.00    1.00    0.00    0.00    1.00    16  listener
12:01:01 PM  1000     29049    1.00    1.00    0.00    0.00    2.00     8  listener
12:01:01 PM  1000     29073    1.00    1.00    0.00    0.00    2.00    19  listener
12:01:01 PM  1000     29075    1.00    1.00    0.00    0.00    2.00     1  listener
12:01:01 PM  1000     29086    1.00    1.00    0.00    0.00    2.00    12  listener
12:01:01 PM  1000     29097    1.00    0.00    0.00    0.00    1.00    11  listener
12:01:01 PM  1000     29126    1.00    0.00    0.00    0.00    1.00     1  listener
12:01:01 PM  1000     29138    2.00    0.00    0.00    0.00    2.00    13  listener
12:01:01 PM  1000     29145    0.00    0.00    0.00    0.00    0.00     3  listener
12:01:01 PM  1000     29147    1.00    0.00    0.00    0.00    1.00    17  listener
12:01:01 PM  1000     29197    0.00    0.00    0.00    0.00    0.00    18  listener
12:01:01 PM  1000     29243    2.00    0.00    0.00    0.00    2.00    19  listener
12:01:01 PM  1000     29255    1.00    1.00    0.00    0.00    2.00    18  listener
12:01:01 PM  1000     29300    1.00    1.00    0.00    0.00    2.00     1  listener
12:01:01 PM  1000     29313    1.00    0.00    0.00    0.00    1.00    16  listener
12:01:01 PM  1000     29369    1.00    1.00    0.00    0.00    2.00     8  listener
12:01:01 PM  1000     29389    1.00    1.00    0.00    0.00    2.00     4  listener
12:01:01 PM  1000     29418    0.00    1.00    0.00    0.00    1.00     5  listener
12:01:01 PM  1000     29439    1.00    0.00    0.00    0.00    1.00     0  listener
12:01:01 PM  1000     29442    2.00    0.00    0.00    0.00    2.00    15  listener
12:01:01 PM  1000     29444    0.00    1.00    0.00    0.00    1.00    12  listener
12:01:01 PM  1000     29446    1.00    1.00    0.00    0.00    2.00     1  listener
12:01:01 PM  1000     29498    1.00    1.00    0.00    0.00    2.00    14  listener
12:01:01 PM  1000     29520    1.00    1.00    0.00    0.00    2.00    19  listener
12:01:01 PM  1000     29549    0.00    1.00    0.00    0.00    1.00     9  listener
12:01:01 PM  1000     29551    0.00    1.00    0.00    0.00    1.00     0  listener
12:01:01 PM  1000     29560    1.00    0.00    0.00    0.00    1.00     5  listener
12:01:01 PM  1000     29573    0.00    1.00    0.00    0.00    1.00    14  listener
12:01:01 PM  1000     29584    0.00    0.00    0.00    0.00    0.00     3  listener
12:01:01 PM  1000     29604    0.00    1.00    0.00    0.00    1.00     1  listener
12:01:01 PM  1000     29607    1.00    0.00    0.00    0.00    1.00     3  listener
12:01:01 PM  1000     29644    0.00    2.00    0.00    0.00    2.00    13  listener
12:01:01 PM  1000     29646    0.00    1.00    0.00    0.00    1.00    10  listener
12:01:01 PM  1000     29657    1.00    1.00    0.00    0.00    2.00    18  listener
12:01:01 PM  1000     29731    1.00    1.00    0.00    0.00    2.00     3  listener
12:01:01 PM  1000     29778    2.00    0.00    0.00    0.00    2.00    12  listener
12:01:01 PM  1000     29780    2.00    0.00    0.00    0.00    2.00    12  listener
12:01:01 PM  1000     29791    0.00    1.00    0.00    0.00    1.00    12  listener
12:01:01 PM  1000     29810    1.00    1.00    0.00    0.00    2.00    10  listener
12:01:01 PM  1000     29866    1.00    0.00    0.00    0.00    1.00     8  listener

12:01:01 PM   UID       PID    %usr %system  %guest   %wait    %CPU   CPU  Command
12:01:02 PM  1000     28697    0.00    0.00    0.00    0.00    0.00     2  listener
12:01:02 PM  1000     28699    0.00    0.00    0.00    0.00    0.00     8  listener
12:01:02 PM  1000     28701    1.00    0.00    0.00    0.00    1.00     5  listener
12:01:02 PM  1000     28703    1.00    0.00    0.00    0.00    1.00    15  listener
12:01:02 PM  1000     28705    0.00    0.00    0.00    0.00    0.00     3  listener
12:01:02 PM  1000     28707    0.00    0.00    0.00    0.00    0.00    15  listener
12:01:02 PM  1000     28709    1.00    1.00    0.00    0.00    2.00     8  listener
12:01:02 PM  1000     28711    0.00    1.00    0.00    0.00    1.00    10  listener
12:01:02 PM  1000     28713    0.00    1.00    0.00    0.00    1.00    16  listener
12:01:02 PM  1000     28715    1.00    1.00    0.00    0.00    2.00     8  listener
12:01:02 PM  1000     28717    0.00    0.00    0.00    0.00    0.00    15  listener
12:01:02 PM  1000     28719    1.00    0.00    0.00    0.00    1.00    15  listener
12:01:02 PM  1000     28721    0.00    0.00    0.00    0.00    0.00     0  listener
12:01:02 PM  1000     28723    0.00    1.00    0.00    0.00    1.00     7  listener
12:01:02 PM  1000     28725    1.00    0.00    0.00    0.00    1.00    13  listener
12:01:02 PM  1000     28727    1.00    0.00    0.00    0.00    1.00     2  listener
12:01:02 PM  1000     28729    1.00    1.00    0.00    0.00    2.00     9  listener
12:01:02 PM  1000     28731    0.00    1.00    0.00    0.00    1.00     6  listener
12:01:02 PM  1000     28743    0.00    0.00    0.00    0.00    0.00     4  listener
12:01:02 PM  1000     28772    1.00    0.00    0.00    0.00    1.00     8  listener
12:01:02 PM  1000     28815    0.00    1.00    0.00    0.00    1.00     8  listener
12:01:02 PM  1000     28891    0.00    0.00    0.00    0.00    0.00     0  listener
12:01:02 PM  1000     28967    0.00    0.00    0.00    0.00    0.00    12  listener
12:01:02 PM  1000     29038    0.00    0.00    0.00    0.00    0.00     0  listener
12:01:02 PM  1000     29041    1.00    0.00    0.00    0.00    1.00    10  listener
12:01:02 PM  1000     29049    0.00    0.00    0.00    0.00    0.00     8  listener
12:01:02 PM  1000     29073    1.00    0.00    0.00    0.00    1.00    10  listener
12:01:02 PM  1000     29075    0.00    1.00    0.00    0.00    1.00    10  listener
12:01:02 PM  1000     29086    0.00    1.00    0.00    0.00    1.00    15  listener
12:01:02 PM  1000     29097    0.00    0.00    0.00    0.00    0.00     9  listener
12:01:02 PM  1000     29126    1.00    0.00    0.00    0.00    1.00     4  listener
12:01:02 PM  1000     29138    0.00    1.00    0.00    0.00    1.00    10  listener
12:01:02 PM  1000     29145    1.00    1.00    0.00    0.00    2.00    13  listener
12:01:02 PM  1000     29147    0.00    1.00    0.00    0.00    1.00    17  listener
12:01:02 PM  1000     29197    1.00    1.00    0.00    0.00    2.00     3  listener
12:01:02 PM  1000     29243    1.00    0.00    0.00    0.00    1.00    19  listener
12:01:02 PM  1000     29255    1.00    0.00    0.00    0.00    1.00     2  listener
12:01:02 PM  1000     29300    0.00    0.00    0.00    0.00    0.00     3  listener
12:01:02 PM  1000     29313    0.00    1.00    0.00    0.00    1.00    14  listener
12:01:02 PM  1000     29369    1.00    0.00    0.00    0.00    1.00     8  listener
12:01:02 PM  1000     29389    0.00    1.00    0.00    0.00    1.00     3  listener
12:01:02 PM  1000     29418    1.00    0.00    0.00    0.00    1.00    14  listener
12:01:02 PM  1000     29439    0.00    1.00    0.00    0.00    1.00    10  listener
12:01:02 PM  1000     29442    0.00    0.00    0.00    0.00    0.00     0  listener
12:01:02 PM  1000     29444    1.00    0.00    0.00    0.00    1.00    14  listener
12:01:02 PM  1000     29446    0.00    0.00    0.00    0.00    0.00     8  listener
12:01:02 PM  1000     29498    1.00    0.00    0.00    0.00    1.00    16  listener
12:01:02 PM  1000     29520    1.00    0.00    0.00    0.00    1.00     7  listener
12:01:02 PM  1000     29549    1.00    1.00    0.00    0.00    2.00     5  listener
12:01:02 PM  1000     29551    1.00    0.00    0.00    0.00    1.00     6  listener
12:01:02 PM  1000     29560    0.00    1.00    0.00    0.00    1.00    15  listener
12:01:02 PM  1000     29573    1.00    0.00    0.00    0.00    1.00     7  listener
12:01:02 PM  1000     29584    1.00    1.00    0.00    0.00    2.00     3  listener
12:01:02 PM  1000     29604    1.00    1.00    0.00    0.00    2.00     3  listener
12:01:02 PM  1000     29607    0.00    1.00    0.00    0.00    1.00     3  listener
12:01:02 PM  1000     29644    0.00    1.00    0.00    0.00    1.00     3  listener
12:01:02 PM  1000     29646    1.00    1.00    0.00    0.00    2.00    10  listener
12:01:02 PM  1000     29657    0.00    0.00    0.00    0.00    0.00     3  listener
12:01:02 PM  1000     29731    1.00    0.00    0.00    0.00    1.00    15  listener
12:01:02 PM  1000     29778    0.00    0.00    0.00    0.00    0.00     6  listener
12:01:02 PM  1000     29780    0.00    0.00    0.00    0.00    0.00     3  listener
12:01:02 PM  1000     29791    1.00    1.00    0.00    0.00    2.00    12  listener
12:01:02 PM  1000     29810    0.00    0.00    0.00    0.00    0.00    14  listener
12:01:02 PM  1000     29866    1.00    0.00    0.00    0.00    1.00    14  listener

12:01:02 PM   UID       PID    %usr %system  %guest   %wait    %CPU   CPU  Command
12:01:03 PM  1000     28697    0.00    0.00    0.00    0.00    0.00     1  listener
12:01:03 PM  1000     28699    1.00    0.00    0.00    0.00    1.00    10  listener
12:01:03 PM  1000     28701    1.00    0.00    0.00    0.00    1.00     8  listener
12:01:03 PM  1000     28703    1.00    0.00    0.00    0.00    1.00     0  listener
12:01:03 PM  1000     28705    1.00    1.00    0.00    0.00    2.00     5  listener
12:01:03 PM  1000     28707    1.00    1.00    0.00    0.00    2.00     1  listener
12:01:03 PM  1000     28709    0.00    0.00    0.00    0.00    0.00     1  listener
12:01:03 PM  1000     28711    1.00    0.00    0.00    0.00    1.00    12  listener
12:01:03 PM  1000     28713    0.00    0.00    0.00    0.00    0.00     1  listener
12:01:03 PM  1000     28715    0.00    0.00    0.00    0.00    0.00     3  listener
12:01:03 PM  1000     28717    1.00    1.00    0.00    0.00    2.00     1  listener
12:01:03 PM  1000     28719    1.00    1.00    0.00    0.00    2.00     8  listener
12:01:03 PM  1000     28721    1.00    0.00    0.00    0.00    1.00     0  listener
12:01:03 PM  1000     28723    1.00    0.00    0.00    0.00    1.00    12  listener
12:01:03 PM  1000     28725    0.00    1.00    0.00    0.00    1.00    13  listener
12:01:03 PM  1000     28727    0.00    1.00    0.00    0.00    1.00     2  listener
12:01:03 PM  1000     28729    0.00    0.00    0.00    0.00    0.00     3  listener
12:01:03 PM  1000     28731    1.00    0.00    0.00    0.00    1.00     6  listener
12:01:03 PM  1000     28743    1.00    1.00    0.00    0.00    2.00    16  listener
12:01:03 PM  1000     28772    1.00    1.00    0.00    0.00    2.00    10  listener
12:01:03 PM  1000     28815    1.00    0.00    0.00    0.00    1.00    17  listener
12:01:03 PM  1000     28891    1.00    1.00    0.00    0.00    2.00     5  listener
12:01:03 PM  1000     28967    1.00    1.00    0.00    0.00    2.00     4  listener
12:01:03 PM  1000     29038    1.00    0.00    0.00    0.00    1.00    12  listener
12:01:03 PM  1000     29041    0.00    1.00    0.00    0.00    1.00     3  listener
12:01:03 PM  1000     29049    0.00    1.00    0.00    0.00    1.00    10  listener
12:01:03 PM  1000     29073    0.00    0.00    0.00    0.00    0.00     5  listener
12:01:03 PM  1000     29075    1.00    0.00    0.00    0.00    1.00    14  listener
12:01:03 PM  1000     29086    0.00    0.00    0.00    0.00    0.00    19  listener
12:01:03 PM  1000     29097    1.00    0.00    0.00    0.00    1.00    11  listener
12:01:03 PM  1000     29126    0.00    0.00    0.00    0.00    0.00    10  listener
12:01:03 PM  1000     29138    1.00    0.00    0.00    0.00    1.00     1  listener
12:01:03 PM  1000     29145    0.00    0.00    0.00    0.00    0.00     6  listener
12:01:03 PM  1000     29147    1.00    0.00    0.00    0.00    1.00     8  listener
12:01:03 PM  1000     29197    0.00    0.00    0.00    0.00    0.00     8  listener
12:01:03 PM  1000     29243    0.00    1.00    0.00    0.00    1.00     1  listener
12:01:03 PM  1000     29255    0.00    0.00    0.00    0.00    0.00    12  listener
12:01:03 PM  1000     29300    1.00    0.00    0.00    0.00    1.00     5  listener
12:01:03 PM  1000     29313    1.00    0.00    0.00    0.00    1.00    14  listener
12:01:03 PM  1000     29369    0.00    1.00    0.00    0.00    1.00     6  listener
12:01:03 PM  1000     29389    1.00    0.00    0.00    0.00    1.00     5  listener
12:01:03 PM  1000     29418    0.00    1.00    0.00    0.00    1.00    15  listener
12:01:03 PM  1000     29439    1.00    0.00    0.00    0.00    1.00    16  listener
12:01:03 PM  1000     29442    1.00    1.00    0.00    0.00    2.00     1  listener
12:01:03 PM  1000     29444    1.00    1.00    0.00    0.00    2.00     0  listener
12:01:03 PM  1000     29446    1.00    1.00    0.00    0.00    2.00    10  listener
12:01:03 PM  1000     29498    0.00    1.00    0.00    0.00    1.00     0  listener
12:01:03 PM  1000     29520    0.00    0.00    0.00    0.00    0.00     8  listener
12:01:03 PM  1000     29549    0.00    0.00    0.00    0.00    0.00     5  listener
12:01:03 PM  1000     29551    0.00    1.00    0.00    0.00    1.00     0  listener
12:01:03 PM  1000     29560    1.00    0.00    0.00    0.00    1.00     5  listener
12:01:03 PM  1000     29573    1.00    0.00    0.00    0.00    1.00     7  listener
12:01:03 PM  1000     29584    0.00    0.00    0.00    0.00    0.00    13  listener
12:01:03 PM  1000     29604    0.00    0.00    0.00    0.00    0.00     3  listener
12:01:03 PM  1000     29607    1.00    0.00    0.00    0.00    1.00     3  listener
12:01:03 PM  1000     29644    0.00    0.00    0.00    0.00    0.00    15  listener
12:01:03 PM  1000     29646    0.00    0.00    0.00    0.00    0.00    13  listener
12:01:03 PM  1000     29657    1.00    0.00    0.00    0.00    1.00     3  listener
12:01:03 PM  1000     29731    0.00    0.00    0.00    0.00    0.00    16  listener
12:01:03 PM  1000     29778    1.00    0.00    0.00    0.00    1.00    15  listener
12:01:03 PM  1000     29780    1.00    1.00    0.00    0.00    2.00     6  listener
12:01:03 PM  1000     29791    0.00    0.00    0.00    0.00    0.00    15  listener
12:01:03 PM  1000     29810    0.00    1.00    0.00    0.00    1.00    14  listener
12:01:03 PM  1000     29866    1.00    0.00    0.00    0.00    1.00    14  listener

12:01:03 PM   UID       PID    %usr %system  %guest   %wait    %CPU   CPU  Command
12:01:04 PM  1000     28697    1.00    1.00    0.00    0.00    2.00     4  listener
12:01:04 PM  1000     28699    1.00    0.00    0.00    0.00    1.00     1  listener
12:01:04 PM  1000     28701    0.00    1.00    0.00    0.00    1.00     8  listener
12:01:04 PM  1000     28703    1.00    0.00    0.00    0.00    1.00     6  listener
12:01:04 PM  1000     28705    0.00    0.00    0.00    0.00    0.00     5  listener
12:01:04 PM  1000     28707    0.00    0.00    0.00    0.00    0.00     1  listener
12:01:04 PM  1000     28709    0.00    0.00    0.00    0.00    0.00     3  listener
12:01:04 PM  1000     28711    0.00    0.00    0.00    0.00    0.00    13  listener
12:01:04 PM  1000     28713    1.00    1.00    0.00    0.00    2.00     8  listener
12:01:04 PM  1000     28715    1.00    1.00    0.00    0.00    2.00    15  listener
12:01:04 PM  1000     28717    0.00    0.00    0.00    0.00    0.00     5  listener
12:01:04 PM  1000     28719    1.00    0.00    0.00    0.00    1.00     6  listener
12:01:04 PM  1000     28721    0.00    1.00    0.00    0.00    1.00     2  listener
12:01:04 PM  1000     28723    1.00    0.00    0.00    0.00    1.00     0  listener
12:01:04 PM  1000     28725    1.00    0.00    0.00    0.00    1.00    18  listener
12:01:04 PM  1000     28727    1.00    0.00    0.00    0.00    1.00     2  listener
12:01:04 PM  1000     28729    1.00    0.00    0.00    0.00    1.00     3  listener
12:01:04 PM  1000     28731    0.00    1.00    0.00    0.00    1.00     1  listener
12:01:04 PM  1000     28743    0.00    0.00    0.00    0.00    0.00     7  listener
12:01:04 PM  1000     28772    0.00    0.00    0.00    0.00    0.00    17  listener
12:01:04 PM  1000     28815    0.00    1.00    0.00    0.00    1.00    18  listener
12:01:04 PM  1000     28891    0.00    0.00    0.00    0.00    0.00     3  listener
12:01:04 PM  1000     28967    0.00    0.00    0.00    0.00    0.00     4  listener
12:01:04 PM  1000     29038    1.00    0.00    0.00    0.00    1.00    17  listener
12:01:04 PM  1000     29041    0.00    0.00    0.00    0.00    0.00     6  listener
12:01:04 PM  1000     29049    1.00    0.00    0.00    0.00    1.00    17  listener
12:01:04 PM  1000     29073    1.00    1.00    0.00    0.00    2.00     1  listener
12:01:04 PM  1000     29075    1.00    0.00    0.00    0.00    1.00     1  listener
12:01:04 PM  1000     29086    1.00    1.00    0.00    0.00    2.00    19  listener
12:01:04 PM  1000     29097    0.00    1.00    0.00    0.00    1.00     1  listener
12:01:04 PM  1000     29126    1.00    1.00    0.00    0.00    2.00     4  listener
12:01:04 PM  1000     29138    0.00    0.00    0.00    0.00    0.00     3  listener
12:01:04 PM  1000     29145    1.00    1.00    0.00    0.00    2.00    11  listener
12:01:04 PM  1000     29147    1.00    1.00    0.00    0.00    2.00     8  listener
12:01:04 PM  1000     29197    0.00    1.00    0.00    0.00    1.00     6  listener
12:01:04 PM  1000     29243    1.00    0.00    0.00    0.00    1.00     6  listener
12:01:04 PM  1000     29255    1.00    1.00    0.00    0.00    2.00     1  listener
12:01:04 PM  1000     29300    1.00    0.00    0.00    0.00    1.00     5  listener
12:01:04 PM  1000     29313    0.00    1.00    0.00    0.00    1.00    14  listener
12:01:04 PM  1000     29369    1.00    0.00    0.00    0.00    1.00    13  listener
12:01:04 PM  1000     29389    0.00    1.00    0.00    0.00    1.00     3  listener
12:01:04 PM  1000     29418    1.00    0.00    0.00    0.00    1.00     3  listener
12:01:04 PM  1000     29439    0.00    0.00    0.00    0.00    0.00    16  listener
12:01:04 PM  1000     29442    0.00    0.00    0.00    0.00    0.00     6  listener
12:01:04 PM  1000     29444    0.00    0.00    0.00    0.00    0.00     0  listener
12:01:04 PM  1000     29446    0.00    0.00    0.00    0.00    0.00     8  listener
12:01:04 PM  1000     29498    1.00    0.00    0.00    0.00    1.00    12  listener
12:01:04 PM  1000     29520    1.00    0.00    0.00    0.00    1.00     7  listener
12:01:04 PM  1000     29549    1.00    1.00    0.00    0.00    2.00    13  listener
12:01:04 PM  1000     29551    1.00    0.00    0.00    0.00    1.00     1  listener
12:01:04 PM  1000     29560    0.00    0.00    0.00    0.00    0.00    10  listener
12:01:04 PM  1000     29573    0.00    1.00    0.00    0.00    1.00     7  listener
12:01:04 PM  1000     29584    0.00    1.00    0.00    0.00    1.00    15  listener
12:01:04 PM  1000     29604    0.00    0.00    0.00    0.00    0.00    10  listener
12:01:04 PM  1000     29607    0.00    0.00    0.00    0.00    0.00     3  listener
12:01:04 PM  1000     29644    1.00    0.00    0.00    0.00    1.00     6  listener
12:01:04 PM  1000     29646    1.00    0.00    0.00    0.00    1.00    17  listener
12:01:04 PM  1000     29657    0.00    1.00    0.00    0.00    1.00    13  listener
12:01:04 PM  1000     29731    0.00    1.00    0.00    0.00    1.00     1  listener
12:01:04 PM  1000     29778    1.00    0.00    0.00    0.00    1.00     8  listener
12:01:04 PM  1000     29780    0.00    0.00    0.00    0.00    0.00    15  listener
12:01:04 PM  1000     29791    0.00    1.00    0.00    0.00    1.00    14  listener
12:01:04 PM  1000     29810    1.00    0.00    0.00    0.00    1.00     1  listener
12:01:04 PM  1000     29866    1.00    0.00    0.00    0.00    1.00    15  listener

12:01:04 PM   UID       PID    %usr %system  %guest   %wait    %CPU   CPU  Command
12:01:05 PM  1000     28697    0.00    0.00    0.00    0.00    0.00     4  listener
12:01:05 PM  1000     28699    0.00    0.00    0.00    0.00    0.00     8  listener
12:01:05 PM  1000     28701    0.00    0.00    0.00    0.00    0.00     6  listener
12:01:05 PM  1000     28703    1.00    0.00    0.00    0.00    1.00     6  listener
12:01:05 PM  1000     28705    0.00    0.00    0.00    0.00    0.00    18  listener
12:01:05 PM  1000     28707    1.00    0.00    0.00    0.00    1.00     5  listener
12:01:05 PM  1000     28709    1.00    1.00    0.00    0.00    2.00     3  listener
12:01:05 PM  1000     28711    1.00    1.00    0.00    0.00    2.00    10  listener
12:01:05 PM  1000     28713    0.00    0.00    0.00    0.00    0.00     5  listener
12:01:05 PM  1000     28715    0.00    0.00    0.00    0.00    0.00     1  listener
12:01:05 PM  1000     28717    1.00    0.00    0.00    0.00    1.00    10  listener
12:01:05 PM  1000     28719    0.00    0.00    0.00    0.00    0.00     8  listener
12:01:05 PM  1000     28721    0.00    0.00    0.00    0.00    0.00     3  listener
12:01:05 PM  1000     28723    0.00    0.00    0.00    0.00    0.00     3  listener
12:01:05 PM  1000     28725    1.00    0.00    0.00    0.00    1.00    13  listener
12:01:05 PM  1000     28727    1.00    1.00    0.00    0.00    2.00     2  listener
12:01:05 PM  1000     28729    0.00    1.00    0.00    0.00    1.00    10  listener
12:01:05 PM  1000     28731    1.00    0.00    0.00    0.00    1.00     6  listener
12:01:05 PM  1000     28743    1.00    0.00    0.00    0.00    1.00     7  listener
12:01:05 PM  1000     28772    1.00    0.00    0.00    0.00    1.00    17  listener
12:01:05 PM  1000     28815    0.00    0.00    0.00    0.00    0.00    16  listener
12:01:05 PM  1000     28891    1.00    0.00    0.00    0.00    1.00     1  listener
12:01:05 PM  1000     28967    1.00    0.00    0.00    0.00    1.00     4  listener
12:01:05 PM  1000     29038    0.00    1.00    0.00    0.00    1.00     3  listener
12:01:05 PM  1000     29041    1.00    0.00    0.00    0.00    1.00     6  listener
12:01:05 PM  1000     29049    1.00    0.00    0.00    0.00    1.00     5  listener
12:01:05 PM  1000     29073    0.00    0.00    0.00    0.00    0.00     8  listener
12:01:05 PM  1000     29075    0.00    1.00    0.00    0.00    1.00     0  listener
12:01:05 PM  1000     29086    0.00    0.00    0.00    0.00    0.00     3  listener
12:01:05 PM  1000     29097    1.00    0.00    0.00    0.00    1.00    10  listener
12:01:05 PM  1000     29126    1.00    0.00    0.00    0.00    1.00     4  listener
12:01:05 PM  1000     29138    1.00    1.00    0.00    0.00    2.00    10  listener
12:01:05 PM  1000     29145    0.00    0.00    0.00    0.00    0.00    15  listener
12:01:05 PM  1000     29147    0.00    0.00    0.00    0.00    0.00    10  listener
12:01:05 PM  1000     29197    1.00    1.00    0.00    0.00    2.00     1  listener
12:01:05 PM  1000     29243    0.00    0.00    0.00    0.00    0.00    10  listener
12:01:05 PM  1000     29255    0.00    0.00    0.00    0.00    0.00     3  listener
12:01:05 PM  1000     29300    0.00    0.00    0.00    0.00    0.00    10  listener
12:01:05 PM  1000     29313    1.00    0.00    0.00    0.00    1.00     0  listener
12:01:05 PM  1000     29369    0.00    0.00    0.00    0.00    0.00    13  listener
12:01:05 PM  1000     29389    1.00    0.00    0.00    0.00    1.00     6  listener
12:01:05 PM  1000     29418    0.00    0.00    0.00    0.00    0.00     1  listener
12:01:05 PM  1000     29439    1.00    1.00    0.00    1.00    2.00     1  listener
12:01:05 PM  1000     29442    1.00    0.00    0.00    0.00    1.00     6  listener
12:01:05 PM  1000     29444    0.00    1.00    0.00    0.00    1.00     1  listener
12:01:05 PM  1000     29446    0.00    1.00    0.00    0.00    1.00     8  listener
12:01:05 PM  1000     29498    0.00    0.00    0.00    0.00    0.00    12  listener
12:01:05 PM  1000     29520    1.00    1.00    0.00    0.00    2.00    14  listener
12:01:05 PM  1000     29549    0.00    0.00    0.00    0.00    0.00    13  listener
12:01:05 PM  1000     29551    0.00    1.00    0.00    0.00    1.00     5  listener
12:01:05 PM  1000     29560    1.00    1.00    0.00    0.00    2.00     3  listener
12:01:05 PM  1000     29573    1.00    0.00    0.00    0.00    1.00     1  listener
12:01:05 PM  1000     29584    1.00    0.00    0.00    0.00    1.00    14  listener
12:01:05 PM  1000     29604    1.00    1.00    0.00    0.00    2.00     5  listener
12:01:05 PM  1000     29607    0.00    1.00    0.00    0.00    1.00     5  listener
12:01:05 PM  1000     29644    1.00    0.00    0.00    0.00    1.00    16  listener
12:01:05 PM  1000     29646    0.00    1.00    0.00    0.00    1.00    18  listener
12:01:05 PM  1000     29657    1.00    0.00    0.00    0.00    1.00    13  listener
12:01:05 PM  1000     29731    1.00    0.00    0.00    0.00    1.00    14  listener
12:01:05 PM  1000     29778    1.00    1.00    0.00    0.00    2.00     1  listener
12:01:05 PM  1000     29780    0.00    0.00    0.00    0.00    0.00    15  listener
12:01:05 PM  1000     29791    0.00    0.00    0.00    0.00    0.00    13  listener
12:01:05 PM  1000     29810    0.00    1.00    0.00    0.00    1.00    13  listener
12:01:05 PM  1000     29866    1.00    1.00    0.00    0.00    2.00    15  listener

12:01:05 PM   UID       PID    %usr %system  %guest   %wait    %CPU   CPU  Command
12:01:06 PM  1000     28697    1.00    0.00    0.00    0.00    1.00     4  listener
12:01:06 PM  1000     28699    0.00    1.00    0.00    0.00    1.00     1  listener
12:01:06 PM  1000     28701    1.00    0.00    0.00    0.00    1.00    12  listener
12:01:06 PM  1000     28703    0.00    1.00    0.00    0.00    1.00    10  listener
12:01:06 PM  1000     28705    1.00    0.00    0.00    0.00    1.00     9  listener
12:01:06 PM  1000     28707    0.00    1.00    0.00    0.00    1.00     3  listener
12:01:06 PM  1000     28709    1.00    0.00    0.00    0.00    1.00    10  listener
12:01:06 PM  1000     28711    1.00    0.00    0.00    0.00    1.00    13  listener
12:01:06 PM  1000     28713    1.00    1.00    0.00    0.00    2.00     8  listener
12:01:06 PM  1000     28715    0.00    0.00    0.00    0.00    0.00    11  listener
12:01:06 PM  1000     28717    0.00    1.00    0.00    0.00    1.00     6  listener
12:01:06 PM  1000     28719    1.00    0.00    0.00    0.00    1.00    12  listener
12:01:06 PM  1000     28721    1.00    1.00    0.00    0.00    2.00    16  listener
12:01:06 PM  1000     28723    1.00    1.00    0.00    0.00    2.00     7  listener
12:01:06 PM  1000     28725    0.00    1.00    0.00    0.00    1.00     3  listener
12:01:06 PM  1000     28727    0.00    0.00    0.00    0.00    0.00     3  listener
12:01:06 PM  1000     28729    0.00    0.00    0.00    0.00    0.00    13  listener
12:01:06 PM  1000     28731    1.00    0.00    0.00    0.00    1.00    12  listener
12:01:06 PM  1000     28743    1.00    0.00    0.00    0.00    1.00     7  listener
12:01:06 PM  1000     28772    0.00    0.00    0.00    0.00    0.00     2  listener
12:01:06 PM  1000     28815    1.00    0.00    0.00    0.00    1.00    18  listener
12:01:06 PM  1000     28891    1.00    0.00    0.00    0.00    1.00     6  listener
12:01:06 PM  1000     28967    0.00    1.00    0.00    0.00    1.00     6  listener
12:01:06 PM  1000     29038    1.00    0.00    0.00    0.00    1.00    13  listener
12:01:06 PM  1000     29041    0.00    1.00    0.00    0.00    1.00    12  listener
12:01:06 PM  1000     29049    0.00    0.00    0.00    0.00    0.00    10  listener
12:01:06 PM  1000     29073    0.00    1.00    0.00    0.00    1.00    12  listener
12:01:06 PM  1000     29075    1.00    0.00    0.00    0.00    1.00     6  listener
12:01:06 PM  1000     29086    1.00    1.00    0.00    0.00    2.00     5  listener
12:01:06 PM  1000     29097    0.00    0.00    0.00    0.00    0.00     9  listener
12:01:06 PM  1000     29126    0.00    1.00    0.00    0.00    1.00     4  listener
12:01:06 PM  1000     29138    0.00    0.00    0.00    0.00    0.00     6  listener
12:01:06 PM  1000     29145    1.00    1.00    0.00    0.00    2.00     4  listener
12:01:06 PM  1000     29147    0.00    0.00    0.00    0.00    0.00    10  listener
12:01:06 PM  1000     29197    1.00    0.00    0.00    0.00    1.00     5  listener
12:01:06 PM  1000     29243    1.00    1.00    0.00    0.00    2.00    12  listener
12:01:06 PM  1000     29255    1.00    1.00    0.00    0.00    2.00     5  listener
12:01:06 PM  1000     29300    1.00    0.00    0.00    0.00    1.00    19  listener
12:01:06 PM  1000     29313    0.00    1.00    0.00    0.00    1.00    19  listener
12:01:06 PM  1000     29369    0.00    1.00    0.00    0.00    1.00    13  listener
12:01:06 PM  1000     29389    0.00    1.00    0.00    0.00    1.00     1  listener
12:01:06 PM  1000     29418    1.00    0.00    0.00    0.00    1.00     3  listener
12:01:06 PM  1000     29439    1.00    0.00    0.00    0.00    1.00     2  listener
12:01:06 PM  1000     29442    1.00    0.00    0.00    0.00    1.00    18  listener
12:01:06 PM  1000     29444    1.00    0.00    0.00    0.00    1.00     1  listener
12:01:06 PM  1000     29446    1.00    0.00    0.00    0.00    1.00     3  listener
12:01:06 PM  1000     29498    0.00    1.00    0.00    0.00    1.00     1  listener
12:01:06 PM  1000     29520    1.00    0.00    0.00    0.00    1.00    17  listener
12:01:06 PM  1000     29549    0.00    1.00    0.00    0.00    1.00    13  listener
12:01:06 PM  1000     29551    0.00    0.00    0.00    0.00    0.00     5  listener
12:01:06 PM  1000     29560    0.00    0.00    0.00    0.00    0.00    12  listener
12:01:06 PM  1000     29573    0.00    1.00    0.00    0.00    1.00     5  listener
12:01:06 PM  1000     29584    0.00    1.00    0.00    0.00    1.00     0  listener
12:01:06 PM  1000     29604    0.00    0.00    0.00    0.00    0.00     5  listener
12:01:06 PM  1000     29607    0.00    1.00    0.00    0.00    1.00    17  listener
12:01:06 PM  1000     29644    1.00    0.00    0.00    0.00    1.00     0  listener
12:01:06 PM  1000     29646    1.00    0.00    0.00    0.00    1.00     0  listener
12:01:06 PM  1000     29657    1.00    0.00    0.00    0.00    1.00    14  listener
12:01:06 PM  1000     29731    0.00    1.00    0.00    0.00    1.00     9  listener
12:01:06 PM  1000     29778    1.00    0.00    0.00    0.00    1.00    17  listener
12:01:06 PM  1000     29780    1.00    1.00    0.00    0.00    2.00     4  listener
12:01:06 PM  1000     29791    1.00    0.00    0.00    0.00    1.00     8  listener
12:01:06 PM  1000     29810    1.00    0.00    0.00    0.00    1.00     8  listener
12:01:06 PM  1000     29866    1.00    0.00    0.00    0.00    1.00     6  listener

12:01:06 PM   UID       PID    %usr %system  %guest   %wait    %CPU   CPU  Command
12:01:07 PM  1000     28697    0.00    1.00    0.00    0.00    1.00     4  listener
12:01:07 PM  1000     28699    1.00    0.00    0.00    0.00    1.00     5  listener
12:01:07 PM  1000     28701    0.00    1.00    0.00    0.00    1.00    16  listener
12:01:07 PM  1000     28703    1.00    1.00    0.00    0.00    2.00    17  listener
12:01:07 PM  1000     28705    0.00    1.00    0.00    0.00    1.00     9  listener
12:01:07 PM  1000     28707    1.00    1.00    0.00    0.00    2.00    13  listener
12:01:07 PM  1000     28709    0.00    0.00    0.00    0.00    0.00    19  listener
12:01:07 PM  1000     28711    0.00    0.00    0.00    0.00    0.00    19  listener
12:01:07 PM  1000     28713    0.00    0.00    0.00    0.00    0.00    10  listener
12:01:07 PM  1000     28715    1.00    0.00    0.00    0.00    1.00     3  listener
12:01:07 PM  1000     28717    0.00    1.00    0.00    0.00    1.00     6  listener
12:01:07 PM  1000     28719    1.00    0.00    0.00    0.00    1.00     0  listener
12:01:07 PM  1000     28721    1.00    0.00    0.00    0.00    1.00    12  listener
12:01:07 PM  1000     28723    0.00    1.00    0.00    0.00    1.00    18  listener
12:01:07 PM  1000     28725    0.00    1.00    0.00    0.00    1.00     3  listener
12:01:07 PM  1000     28727    1.00    0.00    0.00    0.00    1.00     3  listener
12:01:07 PM  1000     28729    1.00    0.00    0.00    0.00    1.00     8  listener
12:01:07 PM  1000     28731    0.00    1.00    0.00    0.00    1.00     6  listener
12:01:07 PM  1000     28743    0.00    1.00    0.00    0.00    1.00    17  listener
12:01:07 PM  1000     28772    1.00    0.00    0.00    0.00    1.00     2  listener
12:01:07 PM  1000     28815    1.00    1.00    0.00    0.00    2.00     2  listener
12:01:07 PM  1000     28891    0.00    1.00    0.00    0.00    1.00    14  listener
12:01:07 PM  1000     28967    0.00    0.00    0.00    0.00    0.00    13  listener
12:01:07 PM  1000     29038    1.00    0.00    0.00    0.00    1.00    14  listener
12:01:07 PM  1000     29041    1.00    0.00    0.00    0.00    1.00     6  listener
12:01:07 PM  1000     29049    0.00    1.00    0.00    0.00    1.00    13  listener
12:01:07 PM  1000     29073    1.00    0.00    0.00    0.00    1.00    12  listener
12:01:07 PM  1000     29075    1.00    0.00    0.00    0.00    1.00     1  listener
12:01:07 PM  1000     29086    0.00    0.00    0.00    0.00    0.00     3  listener
12:01:07 PM  1000     29097    1.00    0.00    0.00    0.00    1.00     9  listener
12:01:07 PM  1000     29126    0.00    0.00    0.00    0.00    0.00    10  listener
12:01:07 PM  1000     29138    1.00    0.00    0.00    0.00    1.00     3  listener
12:01:07 PM  1000     29145    0.00    0.00    0.00    0.00    0.00     5  listener
12:01:07 PM  1000     29147    1.00    1.00    0.00    0.00    2.00    10  listener
12:01:07 PM  1000     29197    0.00    1.00    0.00    0.00    1.00     8  listener
12:01:07 PM  1000     29243    1.00    0.00    0.00    0.00    1.00    17  listener
12:01:07 PM  1000     29255    0.00    0.00    0.00    0.00    0.00    10  listener
12:01:07 PM  1000     29300    0.00    1.00    0.00    0.00    1.00     1  listener
12:01:07 PM  1000     29313    1.00    0.00    0.00    0.00    1.00     1  listener
12:01:07 PM  1000     29369    2.00    0.00    0.00    0.00    2.00     1  listener
12:01:07 PM  1000     29389    1.00    0.00    0.00    0.00    1.00    18  listener
12:01:07 PM  1000     29418    1.00    1.00    0.00    0.00    2.00     6  listener
12:01:07 PM  1000     29439    0.00    0.00    0.00    0.00    0.00     6  listener
12:01:07 PM  1000     29442    1.00    0.00    0.00    0.00    1.00    18  listener
12:01:07 PM  1000     29444    0.00    1.00    0.00    0.00    1.00     5  listener
12:01:07 PM  1000     29446    0.00    0.00    0.00    0.00    0.00     0  listener
12:01:07 PM  1000     29498    1.00    0.00    0.00    0.00    1.00     5  listener
12:01:07 PM  1000     29520    0.00    0.00    0.00    0.00    0.00     5  listener
12:01:07 PM  1000     29549    1.00    0.00    0.00    0.00    1.00    13  listener
12:01:07 PM  1000     29551    1.00    1.00    0.00    0.00    2.00     3  listener
12:01:07 PM  1000     29560    1.00    1.00    0.00    0.00    2.00    10  listener
12:01:07 PM  1000     29573    1.00    0.00    0.00    0.00    1.00     5  listener
12:01:07 PM  1000     29584    0.00    0.00    0.00    0.00    0.00     0  listener
12:01:07 PM  1000     29604    1.00    0.00    0.00    0.00    1.00     5  listener
12:01:07 PM  1000     29607    0.00    1.00    0.00    0.00    1.00     8  listener
12:01:07 PM  1000     29644    0.00    0.00    0.00    0.00    0.00     0  listener
12:01:07 PM  1000     29646    0.00    1.00    0.00    0.00    1.00    10  listener
12:01:07 PM  1000     29657    1.00    0.00    0.00    0.00    1.00    18  listener
12:01:07 PM  1000     29731    0.00    0.00    0.00    0.00    0.00     5  listener
12:01:07 PM  1000     29778    0.00    1.00    0.00    0.00    1.00     3  listener
12:01:07 PM  1000     29780    0.00    0.00    0.00    0.00    0.00     5  listener
12:01:07 PM  1000     29791    1.00    0.00    0.00    0.00    1.00     0  listener
12:01:07 PM  1000     29810    1.00    0.00    0.00    0.00    1.00     8  listener
12:01:07 PM  1000     29866    1.00    0.00    0.00    0.00    1.00    15  listener

12:01:07 PM   UID       PID    %usr %system  %guest   %wait    %CPU   CPU  Command
12:01:08 PM  1000     28697    1.00    0.00    0.00    0.00    1.00    19  listener
12:01:08 PM  1000     28699    0.00    0.00    0.00    0.00    0.00     3  listener
12:01:08 PM  1000     28701    1.00    0.00    0.00    0.00    1.00     3  listener
12:01:08 PM  1000     28703    1.00    0.00    0.00    0.00    1.00    15  listener
12:01:08 PM  1000     28705    1.00    0.00    0.00    0.00    1.00     3  listener
12:01:08 PM  1000     28707    0.00    0.00    0.00    0.00    0.00    19  listener
12:01:08 PM  1000     28709    1.00    1.00    0.00    0.00    2.00     0  listener
12:01:08 PM  1000     28711    1.00    0.00    0.00    0.00    1.00     8  listener
12:01:08 PM  1000     28713    1.00    1.00    0.00    0.00    2.00     2  listener
12:01:08 PM  1000     28715    0.00    1.00    0.00    0.00    1.00    11  listener
12:01:08 PM  1000     28717    1.00    0.00    0.00    0.00    1.00    14  listener
12:01:08 PM  1000     28719    1.00    0.00    0.00    0.00    1.00     4  listener
12:01:08 PM  1000     28721    0.00    0.00    0.00    0.00    0.00     8  listener
12:01:08 PM  1000     28723    0.00    1.00    0.00    0.00    1.00     8  listener
12:01:08 PM  1000     28725    0.00    1.00    0.00    0.00    1.00    18  listener
12:01:08 PM  1000     28727    0.00    1.00    0.00    0.00    1.00     2  listener
12:01:08 PM  1000     28729    1.00    1.00    0.00    0.00    2.00    13  listener
12:01:08 PM  1000     28731    1.00    0.00    0.00    0.00    1.00     8  listener
12:01:08 PM  1000     28743    0.00    0.00    0.00    0.00    0.00    17  listener
12:01:08 PM  1000     28772    1.00    0.00    0.00    0.00    1.00    10  listener
12:01:08 PM  1000     28815    0.00    0.00    0.00    0.00    0.00     2  listener
12:01:08 PM  1000     28891    0.00    1.00    0.00    0.00    1.00     7  listener
12:01:08 PM  1000     28967    0.00    1.00    0.00    0.00    1.00     6  listener
12:01:08 PM  1000     29038    0.00    1.00    0.00    0.00    1.00    16  listener
12:01:08 PM  1000     29041    0.00    1.00    0.00    0.00    1.00     6  listener
12:01:08 PM  1000     29049    1.00    0.00    0.00    0.00    1.00    18  listener
12:01:08 PM  1000     29073    0.00    1.00    0.00    0.00    1.00     6  listener
12:01:08 PM  1000     29075    1.00    1.00    0.00    0.00    2.00    10  listener
12:01:08 PM  1000     29086    1.00    0.00    0.00    0.00    1.00     3  listener
12:01:08 PM  1000     29097    0.00    1.00    0.00    0.00    1.00    13  listener
12:01:08 PM  1000     29126    1.00    0.00    0.00    0.00    1.00    13  listener
12:01:08 PM  1000     29138    1.00    1.00    0.00    0.00    2.00     5  listener
12:01:08 PM  1000     29145    1.00    1.00    0.00    0.00    2.00     4  listener
12:01:08 PM  1000     29147    0.00    0.00    0.00    0.00    0.00    12  listener
12:01:08 PM  1000     29197    0.00    1.00    0.00    0.00    1.00     8  listener
12:01:08 PM  1000     29243    1.00    0.00    0.00    0.00    1.00     0  listener
12:01:08 PM  1000     29255    0.00    1.00    0.00    0.00    1.00     3  listener
12:01:08 PM  1000     29300    1.00    1.00    0.00    0.00    2.00     0  listener
12:01:08 PM  1000     29313    0.00    1.00    0.00    0.00    1.00    14  listener
12:01:08 PM  1000     29369    1.00    1.00    0.00    0.00    2.00     1  listener
12:01:08 PM  1000     29389    0.00    1.00    0.00    0.00    1.00     1  listener
12:01:08 PM  1000     29418    0.00    1.00    0.00    0.00    1.00    10  listener
12:01:08 PM  1000     29439    0.00    1.00    0.00    0.00    1.00     8  listener
12:01:08 PM  1000     29442    0.00    1.00    0.00    0.00    1.00     9  listener
12:01:08 PM  1000     29444    1.00    0.00    0.00    0.00    1.00     5  listener
12:01:08 PM  1000     29446    1.00    0.00    0.00    0.00    1.00     0  listener
12:01:08 PM  1000     29498    1.00    1.00    0.00    0.00    2.00     5  listener
12:01:08 PM  1000     29520    1.00    1.00    0.00    0.00    2.00     8  listener
12:01:08 PM  1000     29549    0.00    1.00    0.00    0.00    1.00     0  listener
12:01:08 PM  1000     29551    0.00    0.00    0.00    0.00    0.00    16  listener
12:01:08 PM  1000     29560    0.00    0.00    0.00    0.00    0.00    17  listener
12:01:08 PM  1000     29573    0.00    0.00    0.00    0.00    0.00     6  listener
12:01:08 PM  1000     29584    1.00    1.00    0.00    0.00    2.00     1  listener
12:01:08 PM  1000     29604    0.00    1.00    0.00    0.00    1.00     1  listener
12:01:08 PM  1000     29607    1.00    0.00    0.00    0.00    1.00    16  listener
12:01:08 PM  1000     29644    1.00    0.00    0.00    0.00    1.00    10  listener
12:01:08 PM  1000     29646    1.00    0.00    0.00    0.00    1.00    10  listener
12:01:08 PM  1000     29657    1.00    0.00    0.00    0.00    1.00     3  listener
12:01:08 PM  1000     29731    1.00    1.00    0.00    0.00    2.00     5  listener
12:01:08 PM  1000     29778    1.00    0.00    0.00    0.00    1.00     3  listener
12:01:08 PM  1000     29780    0.00    0.00    0.00    0.00    0.00     5  listener
12:01:08 PM  1000     29791    1.00    0.00    0.00    0.00    1.00     0  listener
12:01:08 PM  1000     29810    0.00    0.00    0.00    0.00    0.00    12  listener
12:01:08 PM  1000     29866    0.00    1.00    0.00    0.00    1.00    17  listener

12:01:08 PM   UID       PID    %usr %system  %guest   %wait    %CPU   CPU  Command
12:01:09 PM  1000     28697    0.00    1.00    0.00    0.00    1.00     7  listener
12:01:09 PM  1000     28699    0.00    1.00    0.00    0.00    1.00     1  listener
12:01:09 PM  1000     28701    0.00    1.00    0.00    0.00    1.00     5  listener
12:01:09 PM  1000     28703    2.00    0.00    0.00    0.00    2.00    11  listener
12:01:09 PM  1000     28705    0.00    1.00    0.00    0.00    1.00     1  listener
12:01:09 PM  1000     28707    0.00    2.00    0.00    0.00    2.00    13  listener
12:01:09 PM  1000     28709    1.00    0.00    0.00    0.00    1.00    19  listener
12:01:09 PM  1000     28711    1.00    1.00    0.00    0.00    2.00     8  listener
12:01:09 PM  1000     28713    0.00    1.00    0.00    0.00    1.00    18  listener
12:01:09 PM  1000     28715    1.00    1.00    0.00    0.00    2.00    13  listener
12:01:09 PM  1000     28717    0.00    1.00    0.00    0.00    1.00    12  listener
12:01:09 PM  1000     28719    0.00    1.00    0.00    0.00    1.00     2  listener
12:01:09 PM  1000     28721    1.00    1.00    0.00    0.00    2.00     9  listener
12:01:09 PM  1000     28723    0.00    1.00    0.00    0.00    1.00    12  listener
12:01:09 PM  1000     28725    0.00    1.00    0.00    0.00    1.00    10  listener
12:01:09 PM  1000     28727    2.00    0.00    0.00    0.00    2.00    10  listener
12:01:09 PM  1000     28729    0.00    1.00    0.00    0.00    1.00     1  listener
12:01:09 PM  1000     28731    0.00    1.00    0.00    0.00    1.00     0  listener
12:01:09 PM  1000     28743    1.00    1.00    0.00    0.00    2.00     6  listener
12:01:09 PM  1000     28772    0.00    2.00    0.00    0.00    2.00     3  listener
12:01:09 PM  1000     28815    1.00    0.00    0.00    0.00    1.00     8  listener
12:01:09 PM  1000     28891    1.00    1.00    0.00    0.00    2.00     3  listener
12:01:09 PM  1000     28967    1.00    1.00    0.00    0.00    2.00    12  listener
12:01:09 PM  1000     29038    1.00    1.00    0.00    0.00    2.00     1  listener
12:01:09 PM  1000     29041    1.00    1.00    0.00    0.00    2.00    10  listener
12:01:09 PM  1000     29049    0.00    2.00    0.00    0.00    2.00     0  listener
12:01:09 PM  1000     29073    0.00    1.00    0.00    1.00    1.00     1  listener
12:01:09 PM  1000     29075    0.00    1.00    0.00    0.00    1.00    16  listener
12:01:09 PM  1000     29086    0.00    1.00    0.00    0.00    1.00    19  listener
12:01:09 PM  1000     29097    0.00    2.00    0.00    0.00    2.00     9  listener
12:01:09 PM  1000     29126    1.00    1.00    0.00    0.00    2.00     4  listener
12:01:09 PM  1000     29138    1.00    1.00    0.00    0.00    2.00     0  listener
12:01:09 PM  1000     29145    0.00    0.00    0.00    1.00    0.00     3  listener
12:01:09 PM  1000     29147    1.00    2.00    0.00    0.00    3.00    17  listener
12:01:09 PM  1000     29197    0.00    1.00    0.00    0.00    1.00     5  listener
12:01:09 PM  1000     29243    1.00    0.00    0.00    0.00    1.00     2  listener
12:01:09 PM  1000     29255    1.00    0.00    0.00    0.00    1.00     5  listener
12:01:09 PM  1000     29300    0.00    1.00    0.00    0.00    1.00    16  listener
12:01:09 PM  1000     29313    0.00    1.00    0.00    0.00    1.00    14  listener
12:01:09 PM  1000     29369    1.00    0.00    0.00    0.00    1.00     8  listener
12:01:09 PM  1000     29389    0.00    1.00    0.00    0.00    1.00    19  listener
12:01:09 PM  1000     29418    0.00    1.00    0.00    0.00    1.00     2  listener
12:01:09 PM  1000     29439    1.00    0.00    0.00    0.00    1.00     6  listener
12:01:09 PM  1000     29442    1.00    1.00    0.00    0.00    2.00     9  listener
12:01:09 PM  1000     29444    0.00    1.00    0.00    0.00    1.00    17  listener
12:01:09 PM  1000     29446    0.00    2.00    0.00    0.00    2.00     8  listener
12:01:09 PM  1000     29498    0.00    1.00    0.00    0.00    1.00     3  listener
12:01:09 PM  1000     29520    2.00    0.00    0.00    0.00    2.00    17  listener
12:01:09 PM  1000     29549    1.00    1.00    0.00    0.00    2.00     3  listener
12:01:09 PM  1000     29551    1.00    1.00    0.00    0.00    2.00     6  listener
12:01:09 PM  1000     29560    1.00    1.00    0.00    0.00    2.00    17  listener
12:01:09 PM  1000     29573    1.00    1.00    0.00    0.00    2.00    15  listener
12:01:09 PM  1000     29584    0.00    0.00    0.00    0.00    0.00     2  listener
12:01:09 PM  1000     29604    1.00    0.00    0.00    0.00    1.00    13  listener
12:01:09 PM  1000     29607    0.00    1.00    0.00    0.00    1.00    11  listener
12:01:09 PM  1000     29644    1.00    1.00    0.00    0.00    2.00     1  listener
12:01:09 PM  1000     29646    1.00    1.00    0.00    0.00    2.00    16  listener
12:01:09 PM  1000     29657    0.00    2.00    0.00    0.00    2.00    18  listener
12:01:09 PM  1000     29731    0.00    1.00    0.00    0.00    1.00     7  listener
12:01:09 PM  1000     29778    1.00    0.00    0.00    0.00    1.00     3  listener
12:01:09 PM  1000     29780    1.00    1.00    0.00    0.00    2.00     8  listener
12:01:09 PM  1000     29791    0.00    1.00    0.00    0.00    1.00    10  listener
12:01:09 PM  1000     29810    1.00    1.00    0.00    0.00    2.00     3  listener
12:01:09 PM  1000     29866    1.00    0.00    0.00    0.00    1.00    12  listener

12:01:09 PM   UID       PID    %usr %system  %guest   %wait    %CPU   CPU  Command
12:01:10 PM  1000     28697    1.00    0.00    0.00    0.00    1.00     7  listener
12:01:10 PM  1000     28699    0.00    1.00    0.00    0.00    1.00    13  listener
12:01:10 PM  1000     28701    0.00    0.00    0.00    0.00    0.00    13  listener
12:01:10 PM  1000     28703    0.00    0.00    0.00    0.00    0.00    14  listener
12:01:10 PM  1000     28705    1.00    0.00    0.00    0.00    1.00     1  listener
12:01:10 PM  1000     28707    0.00    1.00    0.00    0.00    1.00    13  listener
12:01:10 PM  1000     28709    0.00    1.00    0.00    0.00    1.00     3  listener
12:01:10 PM  1000     28711    1.00    0.00    0.00    0.00    1.00    13  listener
12:01:10 PM  1000     28713    0.00    0.00    0.00    0.00    0.00     2  listener
12:01:10 PM  1000     28715    0.00    0.00    0.00    0.00    0.00    14  listener
12:01:10 PM  1000     28717    0.00    1.00    0.00    0.00    1.00     5  listener
12:01:10 PM  1000     28719    1.00    1.00    0.00    0.00    2.00    18  listener
12:01:10 PM  1000     28721    1.00    0.00    0.00    0.00    1.00     9  listener
12:01:10 PM  1000     28723    0.00    1.00    0.00    0.00    1.00     0  listener
12:01:10 PM  1000     28725    1.00    1.00    0.00    0.00    2.00    10  listener
12:01:10 PM  1000     28727    0.00    0.00    0.00    0.00    0.00    11  listener
12:01:10 PM  1000     28729    0.00    0.00    0.00    0.00    0.00    13  listener
12:01:10 PM  1000     28731    0.00    1.00    0.00    0.00    1.00     3  listener
12:01:10 PM  1000     28743    0.00    1.00    0.00    0.00    1.00    12  listener
12:01:10 PM  1000     28772    1.00    0.00    0.00    0.00    1.00    13  listener
12:01:10 PM  1000     28815    0.00    1.00    0.00    0.00    1.00    12  listener
12:01:10 PM  1000     28891    0.00    0.00    0.00    0.00    0.00     3  listener
12:01:10 PM  1000     28967    0.00    1.00    0.00    0.00    1.00    18  listener
12:01:10 PM  1000     29038    0.00    0.00    0.00    0.00    0.00     3  listener
12:01:10 PM  1000     29041    0.00    0.00    0.00    0.00    0.00    12  listener
12:01:10 PM  1000     29049    0.00    1.00    0.00    0.00    1.00    17  listener
12:01:10 PM  1000     29073    0.00    1.00    0.00    0.00    1.00    15  listener
12:01:10 PM  1000     29075    1.00    0.00    0.00    0.00    1.00    11  listener
12:01:10 PM  1000     29086    0.00    1.00    0.00    0.00    1.00     6  listener
12:01:10 PM  1000     29097    0.00    1.00    0.00    0.00    1.00     1  listener
12:01:10 PM  1000     29126    0.00    0.00    0.00    0.00    0.00    13  listener
12:01:10 PM  1000     29138    0.00    0.00    0.00    0.00    0.00     0  listener
12:01:10 PM  1000     29145    1.00    1.00    0.00    0.00    2.00     1  listener
12:01:10 PM  1000     29147    0.00    0.00    0.00    0.00    0.00     1  listener
12:01:10 PM  1000     29197    0.00    0.00    0.00    0.00    0.00     5  listener
12:01:10 PM  1000     29243    1.00    1.00    0.00    0.00    2.00     2  listener
12:01:10 PM  1000     29255    1.00    1.00    0.00    0.00    2.00     5  listener
12:01:10 PM  1000     29300    0.00    1.00    0.00    0.00    1.00     0  listener
12:01:10 PM  1000     29313    0.00    1.00    0.00    0.00    1.00    17  listener
12:01:10 PM  1000     29369    0.00    1.00    0.00    0.00    1.00    17  listener
12:01:10 PM  1000     29389    1.00    0.00    0.00    0.00    1.00    13  listener
12:01:10 PM  1000     29418    0.00    1.00    0.00    0.00    1.00    10  listener
12:01:10 PM  1000     29439    1.00    0.00    0.00    0.00    1.00     6  listener
12:01:10 PM  1000     29442    1.00    0.00    0.00    0.00    1.00    12  listener
12:01:10 PM  1000     29444    1.00    0.00    0.00    0.00    1.00     3  listener
12:01:10 PM  1000     29446    0.00    1.00    0.00    0.00    1.00     7  listener
12:01:10 PM  1000     29498    0.00    1.00    0.00    0.00    1.00     5  listener
12:01:10 PM  1000     29520    1.00    0.00    0.00    0.00    1.00    19  listener
12:01:10 PM  1000     29549    0.00    0.00    0.00    0.00    0.00     1  listener
12:01:10 PM  1000     29551    1.00    0.00    0.00    0.00    1.00     6  listener
12:01:10 PM  1000     29560    0.00    1.00    0.00    0.00    1.00    17  listener
12:01:10 PM  1000     29573    1.00    1.00    0.00    0.00    2.00    15  listener
12:01:10 PM  1000     29584    1.00    1.00    0.00    0.00    2.00     2  listener
12:01:10 PM  1000     29604    1.00    0.00    0.00    0.00    1.00    17  listener
12:01:10 PM  1000     29607    1.00    0.00    0.00    0.00    1.00     1  listener
12:01:10 PM  1000     29644    0.00    1.00    0.00    0.00    1.00     0  listener
12:01:10 PM  1000     29646    0.00    1.00    0.00    0.00    1.00    16  listener
12:01:10 PM  1000     29657    0.00    1.00    0.00    0.00    1.00     2  listener
12:01:10 PM  1000     29731    1.00    0.00    0.00    0.00    1.00    10  listener
12:01:10 PM  1000     29778    1.00    1.00    0.00    0.00    2.00    17  listener
12:01:10 PM  1000     29780    1.00    0.00    0.00    0.00    1.00     8  listener
12:01:10 PM  1000     29791    1.00    0.00    0.00    0.00    1.00     0  listener
12:01:10 PM  1000     29810    1.00    0.00    0.00    0.00    1.00     3  listener
12:01:10 PM  1000     29866    1.00    0.00    0.00    0.00    1.00    12  listener

12:01:10 PM   UID       PID    %usr %system  %guest   %wait    %CPU   CPU  Command
12:01:11 PM  1000     28697    0.00    1.00    0.00    0.00    1.00     8  listener
12:01:11 PM  1000     28699    1.00    0.00    0.00    0.00    1.00    15  listener
12:01:11 PM  1000     28701    0.00    1.00    0.00    0.00    1.00    10  listener
12:01:11 PM  1000     28703    1.00    0.00    0.00    0.00    1.00    14  listener
12:01:11 PM  1000     28705    0.00    0.00    0.00    0.00    0.00     8  listener
12:01:11 PM  1000     28707    0.00    1.00    0.00    0.00    1.00     4  listener
12:01:11 PM  1000     28709    0.00    0.00    0.00    0.00    0.00     5  listener
12:01:11 PM  1000     28711    1.00    0.00    0.00    0.00    1.00    12  listener
12:01:11 PM  1000     28713    1.00    0.00    0.00    0.00    1.00    13  listener
12:01:11 PM  1000     28715    1.00    0.00    0.00    0.00    1.00    14  listener
12:01:11 PM  1000     28717    1.00    0.00    0.00    0.00    1.00    12  listener
12:01:11 PM  1000     28719    0.00    1.00    0.00    0.00    1.00     1  listener
12:01:11 PM  1000     28721    0.00    0.00    0.00    0.00    0.00     9  listener
12:01:11 PM  1000     28723    1.00    0.00    0.00    0.00    1.00     3  listener
12:01:11 PM  1000     28725    0.00    0.00    0.00    0.00    0.00    14  listener
12:01:11 PM  1000     28727    1.00    1.00    0.00    0.00    2.00     1  listener
12:01:11 PM  1000     28729    1.00    1.00    0.00    0.00    2.00    13  listener
12:01:11 PM  1000     28731    0.00    1.00    0.00    0.00    1.00     0  listener
12:01:11 PM  1000     28743    1.00    0.00    0.00    0.00    1.00    10  listener
12:01:11 PM  1000     28772    0.00    0.00    0.00    0.00    0.00     0  listener
12:01:11 PM  1000     28815    1.00    0.00    0.00    0.00    1.00    10  listener
12:01:11 PM  1000     28891    1.00    1.00    0.00    0.00    2.00     2  listener
12:01:11 PM  1000     28967    0.00    1.00    0.00    0.00    1.00    10  listener
12:01:11 PM  1000     29038    1.00    0.00    0.00    0.00    1.00     0  listener
12:01:11 PM  1000     29041    0.00    0.00    0.00    0.00    0.00     0  listener
12:01:11 PM  1000     29049    0.00    1.00    0.00    0.00    1.00    12  listener
12:01:11 PM  1000     29073    0.00    1.00    0.00    0.00    1.00    14  listener
12:01:11 PM  1000     29075    1.00    0.00    0.00    0.00    1.00    19  listener
12:01:11 PM  1000     29086    1.00    0.00    0.00    0.00    1.00    14  listener
12:01:11 PM  1000     29097    0.00    0.00    0.00    0.00    0.00     1  listener
12:01:11 PM  1000     29126    1.00    0.00    0.00    0.00    1.00    13  listener
12:01:11 PM  1000     29138    1.00    0.00    0.00    0.00    1.00     3  listener
12:01:11 PM  1000     29145    0.00    0.00    0.00    0.00    0.00    10  listener
12:01:11 PM  1000     29147    0.00    0.00    0.00    0.00    0.00    19  listener
12:01:11 PM  1000     29197    1.00    1.00    0.00    0.00    2.00     5  listener
12:01:11 PM  1000     29243    0.00    0.00    0.00    0.00    0.00     2  listener
12:01:11 PM  1000     29255    0.00    0.00    0.00    0.00    0.00     5  listener
12:01:11 PM  1000     29300    0.00    1.00    0.00    0.00    1.00     3  listener
12:01:11 PM  1000     29313    1.00    0.00    0.00    0.00    1.00    18  listener
12:01:11 PM  1000     29369    0.00    0.00    0.00    0.00    0.00    11  listener
12:01:11 PM  1000     29389    0.00    1.00    0.00    0.00    1.00    16  listener
12:01:11 PM  1000     29418    0.00    0.00    0.00    0.00    0.00    10  listener
12:01:11 PM  1000     29439    0.00    1.00    0.00    0.00    1.00     5  listener
12:01:11 PM  1000     29442    0.00    0.00    0.00    0.00    0.00    10  listener
12:01:11 PM  1000     29444    0.00    1.00    0.00    0.00    1.00     3  listener
12:01:11 PM  1000     29446    0.00    1.00    0.00    0.00    1.00    12  listener
12:01:11 PM  1000     29498    1.00    0.00    0.00    0.00    1.00    12  listener
12:01:11 PM  1000     29520    1.00    0.00    0.00    0.00    1.00    12  listener
12:01:11 PM  1000     29549    1.00    0.00    0.00    0.00    1.00     5  listener
12:01:11 PM  1000     29551    0.00    1.00    0.00    0.00    1.00    13  listener
12:01:11 PM  1000     29560    0.00    0.00    0.00    0.00    0.00     3  listener
12:01:11 PM  1000     29573    1.00    0.00    0.00    0.00    1.00     3  listener
12:01:11 PM  1000     29584    0.00    0.00    0.00    0.00    0.00     2  listener
12:01:11 PM  1000     29604    1.00    0.00    0.00    0.00    1.00    12  listener
12:01:11 PM  1000     29607    1.00    0.00    0.00    0.00    1.00     2  listener
12:01:11 PM  1000     29644    1.00    0.00    0.00    0.00    1.00     3  listener
12:01:11 PM  1000     29646    1.00    0.00    0.00    0.00    1.00    18  listener
12:01:11 PM  1000     29657    0.00    1.00    0.00    0.00    1.00     3  listener
12:01:11 PM  1000     29731    1.00    0.00    0.00    0.00    1.00     3  listener
12:01:11 PM  1000     29778    1.00    0.00    0.00    0.00    1.00     3  listener
12:01:11 PM  1000     29780    0.00    1.00    0.00    0.00    1.00    14  listener
12:01:11 PM  1000     29791    0.00    1.00    0.00    0.00    1.00    13  listener
12:01:11 PM  1000     29810    0.00    0.00    0.00    0.00    0.00    13  listener
12:01:11 PM  1000     29866    1.00    0.00    0.00    0.00    1.00    15  listener

12:01:11 PM   UID       PID    %usr %system  %guest   %wait    %CPU   CPU  Command
12:01:12 PM  1000     28697    1.00    0.00    0.00    0.00    1.00    17  listener
12:01:12 PM  1000     28699    0.00    0.00    0.00    0.00    0.00     8  listener
12:01:12 PM  1000     28701    1.00    0.00    0.00    0.00    1.00     1  listener
12:01:12 PM  1000     28703    2.00    0.00    0.00    0.00    2.00    10  listener
12:01:12 PM  1000     28705    1.00    1.00    0.00    0.00    2.00    16  listener
12:01:12 PM  1000     28707    1.00    0.00    0.00    0.00    1.00    10  listener
12:01:12 PM  1000     28709    1.00    0.00    0.00    0.00    1.00     1  listener
12:01:12 PM  1000     28711    1.00    0.00    0.00    0.00    1.00     3  listener
12:01:12 PM  1000     28713    0.00    1.00    0.00    0.00    1.00     3  listener
12:01:12 PM  1000     28715    0.00    1.00    0.00    0.00    1.00     8  listener
12:01:12 PM  1000     28717    0.00    1.00    0.00    0.00    1.00     8  listener
12:01:12 PM  1000     28719    0.00    0.00    0.00    0.00    0.00     8  listener
12:01:12 PM  1000     28721    0.00    1.00    0.00    0.00    1.00    10  listener
12:01:12 PM  1000     28723    0.00    1.00    0.00    0.00    1.00     3  listener
12:01:12 PM  1000     28725    0.00    1.00    0.00    0.00    1.00    16  listener
12:01:12 PM  1000     28727    1.00    0.00    0.00    0.00    1.00    19  listener
12:01:12 PM  1000     28729    0.00    0.00    0.00    0.00    0.00     3  listener
12:01:12 PM  1000     28731    0.00    1.00    0.00    0.00    1.00     3  listener
12:01:12 PM  1000     28743    0.00    1.00    0.00    0.00    1.00    16  listener
12:01:12 PM  1000     28772    1.00    1.00    0.00    0.00    2.00     8  listener
12:01:12 PM  1000     28815    0.00    1.00    0.00    0.00    1.00    13  listener
12:01:12 PM  1000     28891    0.00    0.00    0.00    0.00    0.00     6  listener
12:01:12 PM  1000     28967    0.00    1.00    0.00    0.00    1.00     3  listener
12:01:12 PM  1000     29038    1.00    0.00    0.00    0.00    1.00     0  listener
12:01:12 PM  1000     29041    1.00    1.00    0.00    0.00    2.00     0  listener
12:01:12 PM  1000     29049    0.00    0.00    0.00    0.00    0.00     6  listener
12:01:12 PM  1000     29073    0.00    1.00    0.00    0.00    1.00    14  listener
12:01:12 PM  1000     29075    1.00    0.00    0.00    0.00    1.00     6  listener
12:01:12 PM  1000     29086    0.00    1.00    0.00    0.00    1.00     3  listener
12:01:12 PM  1000     29097    0.00    1.00    0.00    0.00    1.00     1  listener
12:01:12 PM  1000     29126    0.00    1.00    0.00    0.00    1.00    13  listener
12:01:12 PM  1000     29138    0.00    1.00    0.00    0.00    1.00     6  listener
12:01:12 PM  1000     29145    1.00    1.00    0.00    0.00    2.00     1  listener
12:01:12 PM  1000     29147    0.00    1.00    0.00    0.00    1.00     6  listener
12:01:12 PM  1000     29197    0.00    0.00    0.00    0.00    0.00     6  listener
12:01:12 PM  1000     29243    1.00    0.00    0.00    0.00    1.00    12  listener
12:01:12 PM  1000     29255    0.00    1.00    0.00    0.00    1.00     3  listener
12:01:12 PM  1000     29300    0.00    1.00    0.00    0.00    1.00     6  listener
12:01:12 PM  1000     29313    0.00    1.00    0.00    0.00    1.00    10  listener
12:01:12 PM  1000     29369    1.00    0.00    0.00    0.00    1.00    11  listener
12:01:12 PM  1000     29389    1.00    0.00    0.00    0.00    1.00     1  listener
12:01:12 PM  1000     29418    0.00    1.00    0.00    0.00    1.00     3  listener
12:01:12 PM  1000     29439    0.00    1.00    0.00    0.00    1.00     5  listener
12:01:12 PM  1000     29442    0.00    1.00    0.00    0.00    1.00     1  listener
12:01:12 PM  1000     29444    1.00    0.00    0.00    0.00    1.00     6  listener
12:01:12 PM  1000     29446    0.00    1.00    0.00    0.00    1.00     0  listener
12:01:12 PM  1000     29498    0.00    1.00    0.00    0.00    1.00     8  listener
12:01:12 PM  1000     29520    1.00    0.00    0.00    0.00    1.00     4  listener
12:01:12 PM  1000     29549    0.00    1.00    0.00    0.00    1.00     6  listener
12:01:12 PM  1000     29551    0.00    4.00    0.00    0.00    4.00    13  listener
12:01:12 PM  1000     29560    0.00    1.00    0.00    0.00    1.00    13  listener
12:01:12 PM  1000     29573    0.00    0.00    0.00    0.00    0.00     6  listener
12:01:12 PM  1000     29584    1.00    0.00    0.00    0.00    1.00     2  listener
12:01:12 PM  1000     29604    1.00    1.00    0.00    0.00    2.00    19  listener
12:01:12 PM  1000     29607    0.00    1.00    0.00    0.00    1.00     5  listener
12:01:12 PM  1000     29644    0.00    0.00    0.00    0.00    0.00     8  listener
12:01:12 PM  1000     29646    0.00    0.00    0.00    0.00    0.00     4  listener
12:01:12 PM  1000     29657    0.00    1.00    0.00    0.00    1.00     5  listener
12:01:12 PM  1000     29731    0.00    0.00    0.00    0.00    0.00    14  listener
12:01:12 PM  1000     29778    0.00    0.00    0.00    0.00    0.00     4  listener
12:01:12 PM  1000     29780    0.00    0.00    0.00    0.00    0.00    10  listener
12:01:12 PM  1000     29791    1.00    0.00    0.00    0.00    1.00    13  listener
12:01:12 PM  1000     29810    0.00    1.00    0.00    0.00    1.00     3  listener
12:01:12 PM  1000     29866    1.00    0.00    0.00    0.00    1.00     6  listener

12:01:12 PM   UID       PID    %usr %system  %guest   %wait    %CPU   CPU  Command
12:01:13 PM  1000     28697    0.00    1.00    0.00    0.00    1.00     8  listener
12:01:13 PM  1000     28699    1.00    1.00    0.00    0.00    2.00    14  listener
12:01:13 PM  1000     28701    0.00    1.00    0.00    0.00    1.00    19  listener
12:01:13 PM  1000     28703    0.00    0.00    0.00    0.00    0.00    10  listener
12:01:13 PM  1000     28705    0.00    0.00    0.00    0.00    0.00    12  listener
12:01:13 PM  1000     28707    0.00    1.00    0.00    0.00    1.00     4  listener
12:01:13 PM  1000     28709    0.00    1.00    0.00    0.00    1.00    10  listener
12:01:13 PM  1000     28711    1.00    0.00    0.00    0.00    1.00     3  listener
12:01:13 PM  1000     28713    1.00    1.00    0.00    0.00    2.00     3  listener
12:01:13 PM  1000     28715    0.00    0.00    0.00    0.00    0.00    12  listener
12:01:13 PM  1000     28717    0.00    1.00    0.00    0.00    1.00     2  listener
12:01:13 PM  1000     28719    0.00    1.00    0.00    0.00    1.00    10  listener
12:01:13 PM  1000     28721    1.00    0.00    0.00    0.00    1.00    10  listener
12:01:13 PM  1000     28723    0.00    1.00    0.00    0.00    1.00     5  listener
12:01:13 PM  1000     28725    0.00    1.00    0.00    0.00    1.00     6  listener
12:01:13 PM  1000     28727    0.00    0.00    0.00    0.00    0.00    18  listener
12:01:13 PM  1000     28729    1.00    0.00    0.00    0.00    1.00    14  listener
12:01:13 PM  1000     28731    0.00    1.00    0.00    0.00    1.00     1  listener
12:01:13 PM  1000     28743    0.00    1.00    0.00    0.00    1.00     8  listener
12:01:13 PM  1000     28772    0.00    0.00    0.00    0.00    0.00    13  listener
12:01:13 PM  1000     28815    1.00    0.00    0.00    0.00    1.00    13  listener
12:01:13 PM  1000     28891    0.00    0.00    0.00    0.00    0.00     1  listener
12:01:13 PM  1000     28967    0.00    0.00    0.00    0.00    0.00     1  listener
12:01:13 PM  1000     29038    1.00    0.00    0.00    0.00    1.00     1  listener
12:01:13 PM  1000     29041    0.00    0.00    0.00    0.00    0.00     6  listener
12:01:13 PM  1000     29049    0.00    1.00    0.00    0.00    1.00    10  listener
12:01:13 PM  1000     29073    0.00    1.00    0.00    0.00    1.00     8  listener
12:01:13 PM  1000     29075    1.00    0.00    0.00    0.00    1.00    18  listener
12:01:13 PM  1000     29086    0.00    0.00    0.00    0.00    0.00     0  listener
12:01:13 PM  1000     29097    0.00    1.00    0.00    0.00    1.00     1  listener
12:01:13 PM  1000     29126    0.00    1.00    0.00    0.00    1.00    13  listener
12:01:13 PM  1000     29138    1.00    0.00    0.00    0.00    1.00     5  listener
12:01:13 PM  1000     29145    0.00    0.00    0.00    0.00    0.00     1  listener
12:01:13 PM  1000     29147    0.00    1.00    0.00    0.00    1.00    12  listener
12:01:13 PM  1000     29197    0.00    1.00    0.00    0.00    1.00    15  listener
12:01:13 PM  1000     29243    0.00    1.00    0.00    0.00    1.00    13  listener
12:01:13 PM  1000     29255    1.00    0.00    0.00    0.00    1.00    19  listener
12:01:13 PM  1000     29300    0.00    1.00    0.00    0.00    1.00     0  listener
12:01:13 PM  1000     29313    0.00    1.00    0.00    0.00    1.00    12  listener
12:01:13 PM  1000     29369    1.00    0.00    0.00    0.00    1.00     5  listener
12:01:13 PM  1000     29389    0.00    0.00    0.00    0.00    0.00    10  listener
12:01:13 PM  1000     29418    0.00    1.00    0.00    0.00    1.00     4  listener
12:01:13 PM  1000     29439    0.00    1.00    0.00    0.00    1.00     7  listener
12:01:13 PM  1000     29442    1.00    0.00    0.00    0.00    1.00    10  listener
12:01:13 PM  1000     29444    0.00    0.00    0.00    0.00    0.00     8  listener
12:01:13 PM  1000     29446    0.00    0.00    0.00    0.00    0.00    10  listener
12:01:13 PM  1000     29498    0.00    1.00    0.00    0.00    1.00     5  listener
12:01:13 PM  1000     29520    1.00    0.00    0.00    0.00    1.00     4  listener
12:01:13 PM  1000     29549    1.00    0.00    0.00    0.00    1.00     6  listener
12:01:13 PM  1000     29551    0.00    1.00    0.00    0.00    1.00     1  listener
12:01:13 PM  1000     29560    0.00    1.00    0.00    0.00    1.00    16  listener
12:01:13 PM  1000     29573    0.00    1.00    0.00    0.00    1.00     6  listener
12:01:13 PM  1000     29584    0.00    1.00    0.00    0.00    1.00     2  listener
12:01:13 PM  1000     29604    0.00    1.00    0.00    0.00    1.00     8  listener
12:01:13 PM  1000     29607    0.00    1.00    0.00    0.00    1.00     3  listener
12:01:13 PM  1000     29644    1.00    0.00    0.00    0.00    1.00     8  listener
12:01:13 PM  1000     29646    0.00    1.00    0.00    0.00    1.00     4  listener
12:01:13 PM  1000     29657    0.00    1.00    0.00    0.00    1.00    12  listener
12:01:13 PM  1000     29731    1.00    0.00    0.00    0.00    1.00     5  listener
12:01:13 PM  1000     29778    1.00    0.00    0.00    0.00    1.00     5  listener
12:01:13 PM  1000     29780    1.00    0.00    0.00    0.00    1.00    10  listener
12:01:13 PM  1000     29791    0.00    0.00    0.00    0.00    0.00    16  listener
12:01:13 PM  1000     29810    0.00    1.00    0.00    0.00    1.00     3  listener
12:01:13 PM  1000     29866    1.00    0.00    0.00    0.00    1.00     8  listener

12:01:13 PM   UID       PID    %usr %system  %guest   %wait    %CPU   CPU  Command
12:01:14 PM  1000     28697    1.00    0.00    0.00    0.00    1.00     3  listener
12:01:14 PM  1000     28699    0.00    1.00    0.00    0.00    1.00    14  listener
12:01:14 PM  1000     28701    0.00    1.00    0.00    0.00    1.00     3  listener
12:01:14 PM  1000     28703    0.00    1.00    0.00    0.00    1.00     8  listener
12:01:14 PM  1000     28705    1.00    1.00    0.00    0.00    2.00     5  listener
12:01:14 PM  1000     28707    0.00    1.00    0.00    0.00    1.00     4  listener
12:01:14 PM  1000     28709    0.00    1.00    0.00    0.00    1.00     4  listener
12:01:14 PM  1000     28711    1.00    0.00    0.00    0.00    1.00    10  listener
12:01:14 PM  1000     28713    0.00    0.00    0.00    0.00    0.00    12  listener
12:01:14 PM  1000     28715    1.00    1.00    0.00    0.00    2.00    12  listener
12:01:14 PM  1000     28717    0.00    1.00    0.00    0.00    1.00     1  listener
12:01:14 PM  1000     28719    1.00    0.00    0.00    0.00    1.00     2  listener
12:01:14 PM  1000     28721    0.00    1.00    0.00    0.00    1.00    17  listener
12:01:14 PM  1000     28723    0.00    1.00    0.00    0.00    1.00     2  listener
12:01:14 PM  1000     28725    0.00    1.00    0.00    0.00    1.00    16  listener
12:01:14 PM  1000     28727    1.00    1.00    0.00    0.00    2.00    19  listener
12:01:14 PM  1000     28729    0.00    1.00    0.00    0.00    1.00    10  listener
12:01:14 PM  1000     28731    0.00    1.00    0.00    0.00    1.00     6  listener
12:01:14 PM  1000     28743    0.00    1.00    0.00    0.00    1.00     5  listener
12:01:14 PM  1000     28772    1.00    0.00    0.00    0.00    1.00     4  listener
12:01:14 PM  1000     28815    0.00    0.00    0.00    0.00    0.00    10  listener
12:01:14 PM  1000     28891    1.00    0.00    0.00    0.00    1.00     0  listener
12:01:14 PM  1000     28967    0.00    1.00    0.00    0.00    1.00    19  listener
12:01:14 PM  1000     29038    0.00    1.00    0.00    0.00    1.00     1  listener
12:01:14 PM  1000     29041    0.00    1.00    0.00    0.00    1.00     4  listener
12:01:14 PM  1000     29049    0.00    1.00    0.00    0.00    1.00    11  listener
12:01:14 PM  1000     29073    0.00    1.00    0.00    0.00    1.00    12  listener
12:01:14 PM  1000     29075    1.00    0.00    0.00    0.00    1.00    18  listener
12:01:14 PM  1000     29086    1.00    1.00    0.00    0.00    2.00    14  listener
12:01:14 PM  1000     29097    0.00    1.00    0.00    0.00    1.00    14  listener
12:01:14 PM  1000     29126    0.00    1.00    0.00    0.00    1.00    18  listener
12:01:14 PM  1000     29138    0.00    0.00    0.00    0.00    0.00    16  listener
12:01:14 PM  1000     29145    1.00    1.00    0.00    0.00    2.00    17  listener
12:01:14 PM  1000     29147    0.00    1.00    0.00    0.00    1.00     6  listener
12:01:14 PM  1000     29197    0.00    1.00    0.00    0.00    1.00    14  listener
12:01:14 PM  1000     29243    1.00    0.00    0.00    0.00    1.00    16  listener
12:01:14 PM  1000     29255    0.00    1.00    0.00    0.00    1.00     4  listener
12:01:14 PM  1000     29300    0.00    2.00    0.00    0.00    2.00     3  listener
12:01:14 PM  1000     29313    0.00    2.00    0.00    0.00    2.00    15  listener
12:01:14 PM  1000     29369    1.00    0.00    0.00    0.00    1.00     8  listener
12:01:14 PM  1000     29389    1.00    1.00    0.00    0.00    2.00    12  listener
12:01:14 PM  1000     29418    0.00    1.00    0.00    0.00    1.00     4  listener
12:01:14 PM  1000     29439    0.00    1.00    0.00    0.00    1.00     8  listener
12:01:14 PM  1000     29442    1.00    0.00    0.00    0.00    1.00    13  listener
12:01:14 PM  1000     29444    1.00    1.00    0.00    0.00    2.00    13  listener
12:01:14 PM  1000     29446    0.00    1.00    0.00    0.00    1.00     7  listener
12:01:14 PM  1000     29498    0.00    1.00    0.00    0.00    1.00     6  listener
12:01:14 PM  1000     29520    1.00    0.00    0.00    0.00    1.00    15  listener
12:01:14 PM  1000     29549    0.00    0.00    0.00    0.00    0.00    12  listener
12:01:14 PM  1000     29551    0.00    1.00    0.00    0.00    1.00    12  listener
12:01:14 PM  1000     29560    0.00    1.00    0.00    0.00    1.00    15  listener
12:01:14 PM  1000     29573    1.00    0.00    0.00    0.00    1.00     3  listener
12:01:14 PM  1000     29584    1.00    0.00    0.00    0.00    1.00    12  listener
12:01:14 PM  1000     29604    0.00    1.00    0.00    0.00    1.00     1  listener
12:01:14 PM  1000     29607    0.00    1.00    0.00    0.00    1.00     2  listener
12:01:14 PM  1000     29644    0.00    1.00    0.00    0.00    1.00    13  listener
12:01:14 PM  1000     29646    1.00    0.00    0.00    0.00    1.00     3  listener
12:01:14 PM  1000     29657    0.00    1.00    0.00    0.00    1.00    10  listener
12:01:14 PM  1000     29731    0.00    1.00    0.00    0.00    1.00     8  listener
12:01:14 PM  1000     29778    1.00    0.00    0.00    0.00    1.00     3  listener
12:01:14 PM  1000     29780    1.00    1.00    0.00    0.00    2.00    15  listener
12:01:14 PM  1000     29791    0.00    1.00    0.00    0.00    1.00    17  listener
12:01:14 PM  1000     29810    0.00    1.00    0.00    0.00    1.00     1  listener
12:01:14 PM  1000     29866    0.00    1.00    0.00    0.00    1.00     8  listener

12:01:14 PM   UID       PID    %usr %system  %guest   %wait    %CPU   CPU  Command
12:01:15 PM  1000     28697    0.00    1.00    0.00    0.00    1.00     3  listener
12:01:15 PM  1000     28699    0.00    1.00    0.00    0.00    1.00    17  listener
12:01:15 PM  1000     28701    0.00    1.00    0.00    0.00    1.00     8  listener
12:01:15 PM  1000     28703    1.00    1.00    0.00    0.00    2.00     8  listener
12:01:15 PM  1000     28705    0.00    0.00    0.00    0.00    0.00     3  listener
12:01:15 PM  1000     28707    0.00    0.00    0.00    0.00    0.00    16  listener
12:01:15 PM  1000     28709    0.00    0.00    0.00    0.00    0.00     4  listener
12:01:15 PM  1000     28711    0.00    1.00    0.00    0.00    1.00    12  listener
12:01:15 PM  1000     28713    1.00    0.00    0.00    0.00    1.00    14  listener
12:01:15 PM  1000     28715    0.00    1.00    0.00    0.00    1.00     6  listener
12:01:15 PM  1000     28717    0.00    1.00    0.00    0.00    1.00    12  listener
12:01:15 PM  1000     28719    1.00    0.00    0.00    0.00    1.00    12  listener
12:01:15 PM  1000     28721    1.00    0.00    0.00    0.00    1.00    14  listener
12:01:15 PM  1000     28723    0.00    1.00    0.00    0.00    1.00     3  listener
12:01:15 PM  1000     28725    1.00    1.00    0.00    0.00    2.00     1  listener
12:01:15 PM  1000     28727    0.00    0.00    0.00    0.00    0.00     3  listener
12:01:15 PM  1000     28729    0.00    0.00    0.00    0.00    0.00    16  listener
12:01:15 PM  1000     28731    0.00    1.00    0.00    0.00    1.00     6  listener
12:01:15 PM  1000     28743    0.00    1.00    0.00    0.00    1.00     5  listener
12:01:15 PM  1000     28772    1.00    0.00    0.00    0.00    1.00    18  listener
12:01:15 PM  1000     28815    0.00    1.00    0.00    0.00    1.00    10  listener
12:01:15 PM  1000     28891    0.00    1.00    0.00    0.00    1.00     6  listener
12:01:15 PM  1000     28967    0.00    1.00    0.00    0.00    1.00     6  listener
12:01:15 PM  1000     29038    1.00    0.00    0.00    0.00    1.00    15  listener
12:01:15 PM  1000     29041    1.00    0.00    0.00    0.00    1.00     3  listener
12:01:15 PM  1000     29049    0.00    1.00    0.00    0.00    1.00    11  listener
12:01:15 PM  1000     29073    0.00    0.00    0.00    0.00    0.00     3  listener
12:01:15 PM  1000     29075    1.00    0.00    0.00    0.00    1.00     1  listener
12:01:15 PM  1000     29086    0.00    0.00    0.00    0.00    0.00     6  listener
12:01:15 PM  1000     29097    1.00    0.00    0.00    0.00    1.00    14  listener
12:01:15 PM  1000     29126    0.00    1.00    0.00    0.00    1.00     5  listener
12:01:15 PM  1000     29138    1.00    0.00    0.00    0.00    1.00    13  listener
12:01:15 PM  1000     29145    0.00    0.00    0.00    0.00    0.00     6  listener
12:01:15 PM  1000     29147    0.00    1.00    0.00    0.00    1.00    15  listener
12:01:15 PM  1000     29197    0.00    1.00    0.00    0.00    1.00     0  listener
12:01:15 PM  1000     29243    1.00    0.00    0.00    0.00    1.00     3  listener
12:01:15 PM  1000     29255    0.00    0.00    0.00    0.00    0.00     4  listener
12:01:15 PM  1000     29300    0.00    1.00    0.00    0.00    1.00    16  listener
12:01:15 PM  1000     29313    0.00    1.00    0.00    0.00    1.00    11  listener
12:01:15 PM  1000     29369    1.00    0.00    0.00    0.00    1.00    16  listener
12:01:15 PM  1000     29389    0.00    0.00    0.00    0.00    0.00    12  listener
12:01:15 PM  1000     29418    0.00    1.00    0.00    0.00    1.00     4  listener
12:01:15 PM  1000     29439    0.00    1.00    0.00    0.00    1.00    14  listener
12:01:15 PM  1000     29442    0.00    1.00    0.00    0.00    1.00    13  listener
12:01:15 PM  1000     29444    0.00    0.00    0.00    0.00    0.00     8  listener
12:01:15 PM  1000     29446    0.00    1.00    0.00    0.00    1.00    10  listener
12:01:15 PM  1000     29498    0.00    1.00    0.00    0.00    1.00     4  listener
12:01:15 PM  1000     29520    0.00    0.00    0.00    0.00    0.00     0  listener
12:01:15 PM  1000     29549    1.00    0.00    0.00    0.00    1.00    12  listener
12:01:15 PM  1000     29551    0.00    1.00    0.00    0.00    1.00     0  listener
12:01:15 PM  1000     29560    0.00    1.00    0.00    0.00    1.00     3  listener
12:01:15 PM  1000     29573    1.00    0.00    0.00    0.00    1.00     5  listener
12:01:15 PM  1000     29584    0.00    1.00    0.00    0.00    1.00    12  listener
12:01:15 PM  1000     29604    0.00    1.00    0.00    0.00    1.00    14  listener
12:01:15 PM  1000     29607    0.00    1.00    0.00    0.00    1.00     2  listener
12:01:15 PM  1000     29644    0.00    1.00    0.00    0.00    1.00    10  listener
12:01:15 PM  1000     29646    0.00    1.00    0.00    0.00    1.00    10  listener
12:01:15 PM  1000     29657    0.00    1.00    0.00    0.00    1.00    18  listener
12:01:15 PM  1000     29731    0.00    1.00    0.00    0.00    1.00     1  listener
12:01:15 PM  1000     29778    1.00    0.00    0.00    0.00    1.00     3  listener
12:01:15 PM  1000     29780    0.00    0.00    0.00    0.00    0.00     5  listener
12:01:15 PM  1000     29791    1.00    3.00    0.00    0.00    4.00     1  listener
12:01:15 PM  1000     29810    0.00    1.00    0.00    0.00    1.00     5  listener
12:01:15 PM  1000     29866    0.00    1.00    0.00    0.00    1.00     8  listener

12:01:15 PM   UID       PID    %usr %system  %guest   %wait    %CPU   CPU  Command
12:01:16 PM  1000     28697    0.00    0.00    0.00    0.00    0.00     6  listener
12:01:16 PM  1000     28699    0.00    0.00    0.00    0.00    0.00    16  listener
12:01:16 PM  1000     28701    0.00    1.00    0.00    0.00    1.00     6  listener
12:01:16 PM  1000     28703    1.00    0.00    0.00    0.00    1.00     2  listener
12:01:16 PM  1000     28705    1.00    0.00    0.00    0.00    1.00     1  listener
12:01:16 PM  1000     28707    0.00    1.00    0.00    0.00    1.00    19  listener
12:01:16 PM  1000     28709    0.00    1.00    0.00    0.00    1.00    12  listener
12:01:16 PM  1000     28711    1.00    0.00    0.00    0.00    1.00    14  listener
12:01:16 PM  1000     28713    1.00    0.00    0.00    0.00    1.00     8  listener
12:01:16 PM  1000     28715    0.00    1.00    0.00    0.00    1.00     5  listener
12:01:16 PM  1000     28717    0.00    1.00    0.00    0.00    1.00     6  listener
12:01:16 PM  1000     28719    0.00    1.00    0.00    0.00    1.00     6  listener
12:01:16 PM  1000     28721    0.00    1.00    0.00    0.00    1.00     8  listener
12:01:16 PM  1000     28723    0.00    1.00    0.00    0.00    1.00     2  listener
12:01:16 PM  1000     28725    0.00    0.00    0.00    0.00    0.00    10  listener
12:01:16 PM  1000     28727    1.00    1.00    0.00    0.00    2.00     6  listener
12:01:16 PM  1000     28729    1.00    1.00    0.00    0.00    2.00     5  listener
12:01:16 PM  1000     28731    0.00    1.00    0.00    0.00    1.00     6  listener
12:01:16 PM  1000     28743    0.00    1.00    0.00    0.00    1.00     8  listener
12:01:16 PM  1000     28772    0.00    0.00    0.00    0.00    0.00    19  listener
12:01:16 PM  1000     28815    1.00    0.00    0.00    0.00    1.00     9  listener
12:01:16 PM  1000     28891    0.00    1.00    0.00    0.00    1.00     6  listener
12:01:16 PM  1000     28967    0.00    1.00    0.00    0.00    1.00    12  listener
12:01:16 PM  1000     29038    1.00    0.00    0.00    0.00    1.00     6  listener
12:01:16 PM  1000     29041    0.00    1.00    0.00    0.00    1.00     3  listener
12:01:16 PM  1000     29049    0.00    1.00    0.00    0.00    1.00    12  listener
12:01:16 PM  1000     29073    0.00    1.00    0.00    0.00    1.00     6  listener
12:01:16 PM  1000     29075    0.00    1.00    0.00    0.00    1.00     1  listener
12:01:16 PM  1000     29086    0.00    1.00    0.00    0.00    1.00    15  listener
12:01:16 PM  1000     29097    0.00    1.00    0.00    0.00    1.00     8  listener
12:01:16 PM  1000     29126    0.00    1.00    0.00    0.00    1.00    10  listener
12:01:16 PM  1000     29138    1.00    0.00    0.00    0.00    1.00    18  listener
12:01:16 PM  1000     29145    1.00    0.00    0.00    0.00    1.00    10  listener
12:01:16 PM  1000     29147    0.00    1.00    0.00    0.00    1.00     3  listener
12:01:16 PM  1000     29197    0.00    1.00    0.00    0.00    1.00     8  listener
12:01:16 PM  1000     29243    1.00    0.00    0.00    0.00    1.00    10  listener
12:01:16 PM  1000     29255    1.00    1.00    0.00    0.00    2.00     4  listener
12:01:16 PM  1000     29300    0.00    1.00    0.00    0.00    1.00    17  listener
12:01:16 PM  1000     29313    0.00    0.00    0.00    0.00    0.00    11  listener
12:01:16 PM  1000     29369    0.00    1.00    0.00    0.00    1.00    12  listener
12:01:16 PM  1000     29389    1.00    1.00    0.00    0.00    2.00     8  listener
12:01:16 PM  1000     29418    0.00    1.00    0.00    0.00    1.00     6  listener
12:01:16 PM  1000     29439    0.00    1.00    0.00    0.00    1.00    13  listener
12:01:16 PM  1000     29442    1.00    0.00    0.00    0.00    1.00     3  listener
12:01:16 PM  1000     29444    1.00    1.00    0.00    0.00    2.00     8  listener
12:01:16 PM  1000     29446    0.00    1.00    0.00    0.00    1.00    10  listener
12:01:16 PM  1000     29498    0.00    0.00    0.00    0.00    0.00     5  listener
12:01:16 PM  1000     29520    1.00    0.00    0.00    0.00    1.00     1  listener
12:01:16 PM  1000     29549    0.00    1.00    0.00    0.00    1.00     5  listener
12:01:16 PM  1000     29551    0.00    1.00    0.00    0.00    1.00     0  listener
12:01:16 PM  1000     29560    0.00    1.00    0.00    0.00    1.00    17  listener
12:01:16 PM  1000     29573    0.00    1.00    0.00    0.00    1.00     2  listener
12:01:16 PM  1000     29584    0.00    0.00    0.00    0.00    0.00    10  listener
12:01:16 PM  1000     29604    0.00    0.00    0.00    0.00    0.00     0  listener
12:01:16 PM  1000     29607    0.00    1.00    0.00    0.00    1.00     5  listener
12:01:16 PM  1000     29644    1.00    0.00    0.00    0.00    1.00     0  listener
12:01:16 PM  1000     29646    1.00    0.00    0.00    0.00    1.00    19  listener
12:01:16 PM  1000     29657    0.00    1.00    0.00    0.00    1.00    18  listener
12:01:16 PM  1000     29731    0.00    0.00    0.00    0.00    0.00    10  listener
12:01:16 PM  1000     29778    1.00    0.00    0.00    0.00    1.00    15  listener
12:01:16 PM  1000     29780    0.00    0.00    0.00    0.00    0.00     3  listener
12:01:16 PM  1000     29791    0.00    1.00    0.00    0.00    1.00    15  listener
12:01:16 PM  1000     29810    0.00    1.00    0.00    0.00    1.00    10  listener
12:01:16 PM  1000     29866    1.00    0.00    0.00    0.00    1.00     9  listener

12:01:16 PM   UID       PID    %usr %system  %guest   %wait    %CPU   CPU  Command
12:01:17 PM  1000     28697    1.00    0.00    0.00    0.00    1.00     4  listener
12:01:17 PM  1000     28699    1.00    1.00    0.00    0.00    2.00     6  listener
12:01:17 PM  1000     28701    0.00    1.00    0.00    0.00    1.00     1  listener
12:01:17 PM  1000     28703    0.00    1.00    0.00    0.00    1.00     3  listener
12:01:17 PM  1000     28705    0.00    1.00    0.00    0.00    1.00     6  listener
12:01:17 PM  1000     28707    0.00    2.00    0.00    0.00    2.00    10  listener
12:01:17 PM  1000     28709    0.00    2.00    0.00    0.00    2.00    19  listener
12:01:17 PM  1000     28711    0.00    1.00    0.00    0.00    1.00    16  listener
12:01:17 PM  1000     28713    0.00    1.00    0.00    0.00    1.00     8  listener
12:01:17 PM  1000     28715    0.00    1.00    0.00    0.00    1.00    12  listener
12:01:17 PM  1000     28717    0.00    2.00    0.00    0.00    2.00     9  listener
12:01:17 PM  1000     28719    1.00    1.00    0.00    0.00    2.00    17  listener
12:01:17 PM  1000     28721    1.00    0.00    0.00    0.00    1.00    18  listener
12:01:17 PM  1000     28723    0.00    1.00    0.00    0.00    1.00     1  listener
12:01:17 PM  1000     28725    1.00    1.00    0.00    0.00    2.00     7  listener
12:01:17 PM  1000     28727    0.00    1.00    0.00    0.00    1.00     9  listener
12:01:17 PM  1000     28729    1.00    1.00    0.00    0.00    2.00    14  listener
12:01:17 PM  1000     28731    0.00    2.00    0.00    0.00    2.00     0  listener
12:01:17 PM  1000     28743    0.00    1.00    0.00    0.00    1.00     1  listener
12:01:17 PM  1000     28772    1.00    1.00    0.00    0.00    2.00     0  listener
12:01:17 PM  1000     28815    0.00    1.00    0.00    0.00    1.00    16  listener
12:01:17 PM  1000     28891    0.00    1.00    0.00    0.00    1.00     8  listener
12:01:17 PM  1000     28967    0.00    1.00    0.00    0.00    1.00    17  listener
12:01:17 PM  1000     29038    1.00    0.00    0.00    0.00    1.00     2  listener
12:01:17 PM  1000     29041    1.00    0.00    0.00    0.00    1.00     5  listener
12:01:17 PM  1000     29049    0.00    2.00    0.00    0.00    2.00    14  listener
12:01:17 PM  1000     29073    0.00    2.00    0.00    0.00    2.00    19  listener
12:01:17 PM  1000     29075    2.00    0.00    0.00    0.00    2.00    13  listener
12:01:17 PM  1000     29086    1.00    1.00    0.00    0.00    2.00    15  listener
12:01:17 PM  1000     29097    0.00    2.00    0.00    0.00    2.00    12  listener
12:01:17 PM  1000     29126    0.00    1.00    0.00    0.00    1.00    16  listener
12:01:17 PM  1000     29138    0.00    2.00    0.00    0.00    2.00    12  listener
12:01:17 PM  1000     29145    0.00    1.00    0.00    0.00    1.00    10  listener
12:01:17 PM  1000     29147    0.00    2.00    0.00    0.00    2.00     0  listener
12:01:17 PM  1000     29197    0.00    1.00    0.00    0.00    1.00     3  listener
12:01:17 PM  1000     29243    0.00    1.00    0.00    0.00    1.00     4  listener
12:01:17 PM  1000     29255    0.00    1.00    0.00    0.00    1.00    10  listener
12:01:17 PM  1000     29300    0.00    2.00    0.00    0.00    2.00    17  listener
12:01:17 PM  1000     29313    0.00    2.00    0.00    0.00    2.00     1  listener
12:01:17 PM  1000     29369    1.00    1.00    0.00    0.00    2.00     0  listener
12:01:17 PM  1000     29389    1.00    1.00    0.00    0.00    2.00     3  listener
12:01:17 PM  1000     29418    0.00    2.00    0.00    0.00    2.00    15  listener
12:01:17 PM  1000     29439    0.00    1.00    0.00    0.00    1.00     0  listener
12:01:17 PM  1000     29442    2.00    0.00    0.00    0.00    2.00     6  listener
12:01:17 PM  1000     29444    1.00    0.00    0.00    0.00    1.00    13  listener
12:01:17 PM  1000     29446    0.00    1.00    0.00    0.00    1.00     3  listener
12:01:17 PM  1000     29498    0.00    2.00    0.00    0.00    2.00    13  listener
12:01:17 PM  1000     29520    2.00    0.00    0.00    0.00    2.00    12  listener
12:01:17 PM  1000     29549    0.00    1.00    0.00    0.00    1.00    12  listener
12:01:17 PM  1000     29551    0.00    2.00    0.00    0.00    2.00     0  listener
12:01:17 PM  1000     29560    1.00    1.00    0.00    0.00    2.00    15  listener
12:01:17 PM  1000     29573    1.00    0.00    0.00    0.00    1.00     4  listener
12:01:17 PM  1000     29584    1.00    1.00    0.00    0.00    2.00    12  listener
12:01:17 PM  1000     29604    0.00    2.00    0.00    0.00    2.00     3  listener
12:01:17 PM  1000     29607    0.00    1.00    0.00    0.00    1.00     2  listener
12:01:17 PM  1000     29644    1.00    1.00    0.00    0.00    2.00    10  listener
12:01:17 PM  1000     29646    1.00    0.00    0.00    0.00    1.00    16  listener
12:01:17 PM  1000     29657    0.00    1.00    0.00    0.00    1.00    10  listener
12:01:17 PM  1000     29731    0.00    2.00    0.00    0.00    2.00    10  listener
12:01:17 PM  1000     29778    2.00    0.00    0.00    0.00    2.00     5  listener
12:01:17 PM  1000     29780    1.00    1.00    0.00    0.00    2.00     3  listener
12:01:17 PM  1000     29791    0.00    1.00    0.00    0.00    1.00     5  listener
12:01:17 PM  1000     29810    0.00    2.00    0.00    0.00    2.00     5  listener
12:01:17 PM  1000     29866    1.00    0.00    0.00    0.00    1.00     9  listener

12:01:17 PM   UID       PID    %usr %system  %guest   %wait    %CPU   CPU  Command
12:01:18 PM  1000     28697    1.00    1.00    0.00    0.00    2.00     4  listener
12:01:18 PM  1000     28699    0.00    1.00    0.00    0.00    1.00    14  listener
12:01:18 PM  1000     28701    0.00    1.00    0.00    0.00    1.00     6  listener
12:01:18 PM  1000     28703    0.00    1.00    0.00    0.00    1.00    10  listener
12:01:18 PM  1000     28705    1.00    1.00    0.00    0.00    2.00     6  listener
12:01:18 PM  1000     28707    0.00    1.00    0.00    0.00    1.00    10  listener
12:01:18 PM  1000     28709    0.00    0.00    0.00    0.00    0.00    19  listener
12:01:18 PM  1000     28711    1.00    0.00    0.00    0.00    1.00     1  listener
12:01:18 PM  1000     28713    1.00    1.00    0.00    0.00    2.00    12  listener
12:01:18 PM  1000     28715    0.00    1.00    0.00    0.00    1.00    12  listener
12:01:18 PM  1000     28717    0.00    1.00    0.00    0.00    1.00    16  listener
12:01:18 PM  1000     28719    1.00    1.00    0.00    0.00    2.00    17  listener
12:01:18 PM  1000     28721    0.00    1.00    0.00    0.00    1.00     1  listener
12:01:18 PM  1000     28723    0.00    1.00    0.00    0.00    1.00    10  listener
12:01:18 PM  1000     28725    0.00    0.00    0.00    0.00    0.00     3  listener
12:01:18 PM  1000     28727    0.00    1.00    0.00    0.00    1.00     9  listener
12:01:18 PM  1000     28729    0.00    0.00    0.00    0.00    0.00     4  listener
12:01:18 PM  1000     28731    0.00    1.00    0.00    0.00    1.00     3  listener
12:01:18 PM  1000     28743    0.00    1.00    0.00    0.00    1.00     2  listener
12:01:18 PM  1000     28772    1.00    0.00    0.00    0.00    1.00     3  listener
12:01:18 PM  1000     28815    0.00    1.00    0.00    0.00    1.00     9  listener
12:01:18 PM  1000     28891    0.00    1.00    0.00    0.00    1.00     8  listener
12:01:18 PM  1000     28967    1.00    0.00    0.00    0.00    1.00     3  listener
12:01:18 PM  1000     29038    1.00    0.00    0.00    0.00    1.00     2  listener
12:01:18 PM  1000     29041    0.00    1.00    0.00    0.00    1.00     5  listener
12:01:18 PM  1000     29049    0.00    2.00    0.00    0.00    2.00    16  listener
12:01:18 PM  1000     29073    0.00    1.00    0.00    0.00    1.00     0  listener
12:01:18 PM  1000     29075    1.00    0.00    0.00    0.00    1.00     5  listener
12:01:18 PM  1000     29086    0.00    1.00    0.00    0.00    1.00     2  listener
12:01:18 PM  1000     29097    0.00    0.00    0.00    0.00    0.00    13  listener
12:01:18 PM  1000     29126    0.00    1.00    0.00    0.00    1.00    10  listener
12:01:18 PM  1000     29138    1.00    0.00    0.00    0.00    1.00    15  listener
12:01:18 PM  1000     29145    1.00    0.00    0.00    0.00    1.00    10  listener
12:01:18 PM  1000     29147    0.00    1.00    0.00    0.00    1.00     0  listener
12:01:18 PM  1000     29197    0.00    1.00    0.00    0.00    1.00    14  listener
12:01:18 PM  1000     29243    1.00    1.00    0.00    0.00    2.00     6  listener
12:01:18 PM  1000     29255    0.00    0.00    0.00    0.00    0.00    13  listener
12:01:18 PM  1000     29300    0.00    1.00    0.00    0.00    1.00     8  listener
12:01:18 PM  1000     29313    0.00    1.00    0.00    0.00    1.00    13  listener
12:01:18 PM  1000     29369    1.00    0.00    0.00    0.00    1.00     1  listener
12:01:18 PM  1000     29389    0.00    0.00    0.00    0.00    0.00     6  listener
12:01:18 PM  1000     29418    0.00    1.00    0.00    0.00    1.00     4  listener
12:01:18 PM  1000     29439    1.00    1.00    0.00    0.00    2.00     6  listener
12:01:18 PM  1000     29442    1.00    0.00    0.00    0.00    1.00    13  listener
12:01:18 PM  1000     29444    0.00    0.00    0.00    0.00    0.00     5  listener
12:01:18 PM  1000     29446    0.00    1.00    0.00    0.00    1.00     8  listener
12:01:18 PM  1000     29498    0.00    1.00    0.00    0.00    1.00    14  listener
12:01:18 PM  1000     29520    1.00    0.00    0.00    0.00    1.00    16  listener
12:01:18 PM  1000     29549    1.00    1.00    0.00    0.00    2.00     8  listener
12:01:18 PM  1000     29551    0.00    1.00    0.00    0.00    1.00    13  listener
12:01:18 PM  1000     29560    0.00    1.00    0.00    0.00    1.00     6  listener
12:01:18 PM  1000     29573    1.00    1.00    0.00    0.00    2.00    18  listener
12:01:18 PM  1000     29584    1.00    0.00    0.00    0.00    1.00     0  listener
12:01:18 PM  1000     29604    0.00    1.00    0.00    0.00    1.00     1  listener
12:01:18 PM  1000     29607    1.00    0.00    0.00    0.00    1.00    12  listener
12:01:18 PM  1000     29644    1.00    0.00    0.00    0.00    1.00    10  listener
12:01:18 PM  1000     29646    0.00    1.00    0.00    0.00    1.00     6  listener
12:01:18 PM  1000     29657    0.00    1.00    0.00    0.00    1.00     6  listener
12:01:18 PM  1000     29731    0.00    1.00    0.00    0.00    1.00     3  listener
12:01:18 PM  1000     29778    0.00    1.00    0.00    0.00    1.00     6  listener
12:01:18 PM  1000     29780    1.00    0.00    0.00    0.00    1.00     3  listener
12:01:18 PM  1000     29791    0.00    1.00    0.00    0.00    1.00     4  listener
12:01:18 PM  1000     29810    0.00    0.00    0.00    0.00    0.00     5  listener
12:01:18 PM  1000     29866    0.00    1.00    0.00    0.00    1.00     8  listener

12:01:18 PM   UID       PID    %usr %system  %guest   %wait    %CPU   CPU  Command
12:01:19 PM  1000     28697    0.00    0.00    0.00    0.00    0.00    10  listener
12:01:19 PM  1000     28699    0.00    1.00    0.00    0.00    1.00    16  listener
12:01:19 PM  1000     28701    0.00    1.00    0.00    0.00    1.00    13  listener
12:01:19 PM  1000     28703    1.00    0.00    0.00    0.00    1.00    15  listener
12:01:19 PM  1000     28705    0.00    0.00    0.00    0.00    0.00     0  listener
12:01:19 PM  1000     28707    0.00    0.00    0.00    0.00    0.00    10  listener
12:01:19 PM  1000     28709    0.00    1.00    0.00    0.00    1.00     3  listener
12:01:19 PM  1000     28711    0.00    0.00    0.00    0.00    0.00     1  listener
12:01:19 PM  1000     28713    0.00    0.00    0.00    0.00    0.00    10  listener
12:01:19 PM  1000     28715    0.00    1.00    0.00    0.00    1.00     5  listener
12:01:19 PM  1000     28717    0.00    1.00    0.00    0.00    1.00    14  listener
12:01:19 PM  1000     28719    1.00    0.00    0.00    0.00    1.00     3  listener
12:01:19 PM  1000     28721    1.00    0.00    0.00    0.00    1.00    10  listener
12:01:19 PM  1000     28723    0.00    1.00    0.00    0.00    1.00     8  listener
12:01:19 PM  1000     28725    1.00    0.00    0.00    0.00    1.00     3  listener
12:01:19 PM  1000     28727    1.00    1.00    0.00    0.00    2.00    15  listener
12:01:19 PM  1000     28729    0.00    0.00    0.00    0.00    0.00     4  listener
12:01:19 PM  1000     28731    0.00    1.00    0.00    0.00    1.00     5  listener
12:01:19 PM  1000     28743    0.00    0.00    0.00    0.00    0.00     2  listener
12:01:19 PM  1000     28772    1.00    0.00    0.00    0.00    1.00     1  listener
12:01:19 PM  1000     28815    1.00    0.00    0.00    0.00    1.00    16  listener
12:01:19 PM  1000     28891    0.00    1.00    0.00    0.00    1.00     9  listener
12:01:19 PM  1000     28967    0.00    1.00    0.00    0.00    1.00     8  listener
12:01:19 PM  1000     29038    0.00    1.00    0.00    0.00    1.00    12  listener
12:01:19 PM  1000     29041    1.00    0.00    0.00    0.00    1.00     6  listener
12:01:19 PM  1000     29049    0.00    2.00    0.00    0.00    2.00    16  listener
12:01:19 PM  1000     29073    0.00    1.00    0.00    0.00    1.00    19  listener
12:01:19 PM  1000     29075    1.00    1.00    0.00    0.00    2.00    12  listener
12:01:19 PM  1000     29086    0.00    0.00    0.00    0.00    0.00     3  listener
12:01:19 PM  1000     29097    0.00    1.00    0.00    0.00    1.00    15  listener
12:01:19 PM  1000     29126    0.00    1.00    0.00    0.00    1.00    10  listener
12:01:19 PM  1000     29138    0.00    0.00    0.00    0.00    0.00    10  listener
12:01:19 PM  1000     29145    0.00    1.00    0.00    0.00    1.00     3  listener
12:01:19 PM  1000     29147    0.00    1.00    0.00    0.00    1.00     8  listener
12:01:19 PM  1000     29197    0.00    1.00    0.00    0.00    1.00     6  listener
12:01:19 PM  1000     29243    1.00    0.00    0.00    0.00    1.00    10  listener
12:01:19 PM  1000     29255    1.00    1.00    0.00    0.00    2.00    16  listener
12:01:19 PM  1000     29300    1.00    0.00    0.00    0.00    1.00    17  listener
12:01:19 PM  1000     29313    0.00    1.00    0.00    0.00    1.00     3  listener
12:01:19 PM  1000     29369    1.00    0.00    0.00    0.00    1.00     0  listener
12:01:19 PM  1000     29389    1.00    0.00    0.00    0.00    1.00    17  listener
12:01:19 PM  1000     29418    0.00    1.00    0.00    0.00    1.00    10  listener
12:01:19 PM  1000     29439    0.00    0.00    0.00    0.00    0.00     3  listener
12:01:19 PM  1000     29442    1.00    0.00    0.00    0.00    1.00    14  listener
12:01:19 PM  1000     29444    1.00    1.00    0.00    0.00    2.00     5  listener
12:01:19 PM  1000     29446    0.00    1.00    0.00    0.00    1.00     0  listener
12:01:19 PM  1000     29498    0.00    1.00    0.00    0.00    1.00    14  listener
12:01:19 PM  1000     29520    1.00    0.00    0.00    0.00    1.00    15  listener
12:01:19 PM  1000     29549    0.00    0.00    0.00    0.00    0.00    12  listener
12:01:19 PM  1000     29551    0.00    0.00    0.00    0.00    0.00     3  listener
12:01:19 PM  1000     29560    1.00    0.00    0.00    0.00    1.00    15  listener
12:01:19 PM  1000     29573    0.00    0.00    0.00    0.00    0.00     3  listener
12:01:19 PM  1000     29584    0.00    1.00    0.00    0.00    1.00     3  listener
12:01:19 PM  1000     29604    0.00    2.00    0.00    0.00    2.00     3  listener
12:01:19 PM  1000     29607    0.00    1.00    0.00    0.00    1.00    10  listener
12:01:19 PM  1000     29644    1.00    0.00    0.00    0.00    1.00     6  listener
12:01:19 PM  1000     29646    1.00    0.00    0.00    0.00    1.00    12  listener
12:01:19 PM  1000     29657    0.00    1.00    0.00    0.00    1.00    10  listener
12:01:19 PM  1000     29731    0.00    1.00    0.00    0.00    1.00    13  listener
12:01:19 PM  1000     29778    1.00    0.00    0.00    0.00    1.00     8  listener
12:01:19 PM  1000     29780    1.00    0.00    0.00    0.00    1.00     5  listener
12:01:19 PM  1000     29791    0.00    1.00    0.00    0.00    1.00     4  listener
12:01:19 PM  1000     29810    0.00    1.00    0.00    0.00    1.00     6  listener
12:01:19 PM  1000     29866    0.00    1.00    0.00    0.00    1.00    19  listener

12:01:19 PM   UID       PID    %usr %system  %guest   %wait    %CPU   CPU  Command
12:01:20 PM  1000     28697    1.00    1.00    0.00    0.00    2.00     4  listener
12:01:20 PM  1000     28699    0.00    0.00    0.00    0.00    0.00    19  listener
12:01:20 PM  1000     28701    0.00    0.00    0.00    0.00    0.00     5  listener
12:01:20 PM  1000     28703    1.00    0.00    0.00    0.00    1.00     6  listener
12:01:20 PM  1000     28705    0.00    0.00    0.00    0.00    0.00     0  listener
12:01:20 PM  1000     28707    0.00    1.00    0.00    0.00    1.00    12  listener
12:01:20 PM  1000     28709    0.00    1.00    0.00    0.00    1.00    13  listener
12:01:20 PM  1000     28711    1.00    0.00    0.00    0.00    1.00     3  listener
12:01:20 PM  1000     28713    0.00    1.00    0.00    0.00    1.00    16  listener
12:01:20 PM  1000     28715    0.00    1.00    0.00    0.00    1.00     5  listener
12:01:20 PM  1000     28717    0.00    1.00    0.00    0.00    1.00     0  listener
12:01:20 PM  1000     28719    0.00    0.00    0.00    0.00    0.00     5  listener
12:01:20 PM  1000     28721    0.00    1.00    0.00    0.00    1.00     5  listener
12:01:20 PM  1000     28723    0.00    1.00    0.00    0.00    1.00     1  listener
12:01:20 PM  1000     28725    0.00    1.00    0.00    0.00    1.00     1  listener
12:01:20 PM  1000     28727    1.00    0.00    0.00    0.00    1.00    15  listener
12:01:20 PM  1000     28729    1.00    1.00    0.00    0.00    2.00     4  listener
12:01:20 PM  1000     28731    0.00    1.00    0.00    0.00    1.00     8  listener
12:01:20 PM  1000     28743    0.00    1.00    0.00    0.00    1.00     2  listener
12:01:20 PM  1000     28772    0.00    0.00    0.00    0.00    0.00     0  listener
12:01:20 PM  1000     28815    0.00    0.00    0.00    0.00    0.00     1  listener
12:01:20 PM  1000     28891    0.00    1.00    0.00    0.00    1.00     7  listener
12:01:20 PM  1000     28967    0.00    0.00    0.00    0.00    0.00    15  listener
12:01:20 PM  1000     29038    1.00    0.00    0.00    0.00    1.00     0  listener
12:01:20 PM  1000     29041    0.00    1.00    0.00    0.00    1.00     6  listener
12:01:20 PM  1000     29049    0.00    0.00    0.00    0.00    0.00     6  listener
12:01:20 PM  1000     29073    0.00    0.00    0.00    0.00    0.00     1  listener
12:01:20 PM  1000     29075    1.00    0.00    0.00    0.00    1.00    15  listener
12:01:20 PM  1000     29086    1.00    1.00    0.00    0.00    2.00     3  listener
12:01:20 PM  1000     29097    0.00    1.00    0.00    0.00    1.00    15  listener
12:01:20 PM  1000     29126    0.00    1.00    0.00    0.00    1.00    10  listener
12:01:20 PM  1000     29138    1.00    1.00    0.00    0.00    2.00     5  listener
12:01:20 PM  1000     29145    1.00    0.00    0.00    0.00    1.00     3  listener
12:01:20 PM  1000     29147    0.00    1.00    0.00    0.00    1.00     3  listener
12:01:20 PM  1000     29197    0.00    1.00    0.00    0.00    1.00     6  listener
12:01:20 PM  1000     29243    0.00    0.00    0.00    0.00    0.00    12  listener
12:01:20 PM  1000     29255    1.00    0.00    0.00    0.00    1.00    16  listener
12:01:20 PM  1000     29300    0.00    1.00    0.00    0.00    1.00     6  listener
12:01:20 PM  1000     29313    0.00    0.00    0.00    0.00    0.00     8  listener
12:01:20 PM  1000     29369    0.00    1.00    0.00    0.00    1.00     0  listener
12:01:20 PM  1000     29389    0.00    1.00    0.00    0.00    1.00     5  listener
12:01:20 PM  1000     29418    0.00    0.00    0.00    0.00    0.00     0  listener
12:01:20 PM  1000     29439    0.00    1.00    0.00    0.00    1.00     5  listener
12:01:20 PM  1000     29442    0.00    0.00    0.00    0.00    0.00     1  listener
12:01:20 PM  1000     29444    0.00    0.00    0.00    0.00    0.00     5  listener
12:01:20 PM  1000     29446    0.00    1.00    0.00    0.00    1.00     0  listener
12:01:20 PM  1000     29498    0.00    0.00    0.00    0.00    0.00     6  listener
12:01:20 PM  1000     29520    1.00    0.00    0.00    0.00    1.00     8  listener
12:01:20 PM  1000     29549    1.00    1.00    0.00    0.00    2.00    10  listener
12:01:20 PM  1000     29551    0.00    1.00    0.00    0.00    1.00     8  listener
12:01:20 PM  1000     29560    0.00    1.00    0.00    0.00    1.00     3  listener
12:01:20 PM  1000     29573    1.00    0.00    0.00    0.00    1.00     5  listener
12:01:20 PM  1000     29584    1.00    0.00    0.00    0.00    1.00    12  listener
12:01:20 PM  1000     29604    0.00    0.00    0.00    0.00    0.00     5  listener
12:01:20 PM  1000     29607    1.00    0.00    0.00    0.00    1.00     8  listener
12:01:20 PM  1000     29644    0.00    1.00    0.00    0.00    1.00     8  listener
12:01:20 PM  1000     29646    0.00    1.00    0.00    0.00    1.00     5  listener
12:01:20 PM  1000     29657    1.00    0.00    0.00    0.00    1.00     6  listener
12:01:20 PM  1000     29731    0.00    1.00    0.00    0.00    1.00    15  listener
12:01:20 PM  1000     29778    1.00    0.00    0.00    0.00    1.00    15  listener
12:01:20 PM  1000     29780    0.00    1.00    0.00    0.00    1.00     5  listener
12:01:20 PM  1000     29791    0.00    1.00    0.00    0.00    1.00     6  listener
12:01:20 PM  1000     29810    0.00    1.00    0.00    0.00    1.00     6  listener
12:01:20 PM  1000     29866    1.00    0.00    0.00    0.00    1.00     0  listener

12:01:20 PM   UID       PID    %usr %system  %guest   %wait    %CPU   CPU  Command
12:01:21 PM  1000     28697    0.00    0.00    0.00    0.00    0.00    13  listener
12:01:21 PM  1000     28699    1.00    4.00    0.00    0.00    5.00     1  listener
12:01:21 PM  1000     28701    0.00    1.00    0.00    0.00    1.00     2  listener
12:01:21 PM  1000     28703    1.00    0.00    0.00    0.00    1.00     6  listener
12:01:21 PM  1000     28705    1.00    0.00    0.00    0.00    1.00    13  listener
12:01:21 PM  1000     28707    0.00    1.00    0.00    0.00    1.00     2  listener
12:01:21 PM  1000     28709    0.00    1.00    0.00    0.00    1.00     8  listener
12:01:21 PM  1000     28711    0.00    1.00    0.00    0.00    1.00     6  listener
12:01:21 PM  1000     28713    1.00    0.00    0.00    0.00    1.00    17  listener
12:01:21 PM  1000     28715    0.00    1.00    0.00    0.00    1.00    15  listener
12:01:21 PM  1000     28717    0.00    1.00    0.00    0.00    1.00     6  listener
12:01:21 PM  1000     28719    1.00    0.00    0.00    0.00    1.00     5  listener
12:01:21 PM  1000     28721    1.00    0.00    0.00    0.00    1.00     8  listener
12:01:21 PM  1000     28723    0.00    1.00    0.00    0.00    1.00    10  listener
12:01:21 PM  1000     28725    1.00    0.00    0.00    0.00    1.00    12  listener
12:01:21 PM  1000     28727    0.00    1.00    0.00    0.00    1.00    17  listener
12:01:21 PM  1000     28729    0.00    0.00    0.00    0.00    0.00    14  listener
12:01:21 PM  1000     28731    0.00    1.00    0.00    0.00    1.00     5  listener
12:01:21 PM  1000     28743    0.00    1.00    0.00    0.00    1.00     5  listener
12:01:21 PM  1000     28772    1.00    1.00    0.00    0.00    2.00     1  listener
12:01:21 PM  1000     28815    1.00    1.00    0.00    0.00    2.00     8  listener
12:01:21 PM  1000     28891    0.00    0.00    0.00    0.00    0.00     7  listener
12:01:21 PM  1000     28967    1.00    1.00    0.00    0.00    2.00    18  listener
12:01:21 PM  1000     29038    1.00    0.00    0.00    0.00    1.00    11  listener
12:01:21 PM  1000     29041    0.00    0.00    0.00    0.00    0.00     4  listener
12:01:21 PM  1000     29049    0.00    1.00    0.00    0.00    1.00     0  listener
12:01:21 PM  1000     29073    0.00    1.00    0.00    0.00    1.00     3  listener
12:01:21 PM  1000     29075    0.00    0.00    0.00    0.00    0.00    10  listener
12:01:21 PM  1000     29086    0.00    0.00    0.00    0.00    0.00     3  listener
12:01:21 PM  1000     29097    1.00    1.00    0.00    0.00    2.00    15  listener
12:01:21 PM  1000     29126    0.00    1.00    0.00    0.00    1.00    12  listener
12:01:21 PM  1000     29138    1.00    0.00    0.00    0.00    1.00    12  listener
12:01:21 PM  1000     29145    0.00    0.00    0.00    0.00    0.00    10  listener
12:01:21 PM  1000     29147    0.00    1.00    0.00    0.00    1.00     3  listener
12:01:21 PM  1000     29197    0.00    1.00    0.00    0.00    1.00     3  listener
12:01:21 PM  1000     29243    1.00    0.00    0.00    0.00    1.00    16  listener
12:01:21 PM  1000     29255    0.00    0.00    0.00    0.00    0.00     6  listener
12:01:21 PM  1000     29300    0.00    0.00    0.00    0.00    0.00    13  listener
12:01:21 PM  1000     29313    1.00    1.00    0.00    0.00    2.00     6  listener
12:01:21 PM  1000     29369    1.00    0.00    0.00    0.00    1.00     5  listener
12:01:21 PM  1000     29389    0.00    0.00    0.00    0.00    0.00     8  listener
12:01:21 PM  1000     29418    0.00    1.00    0.00    0.00    1.00     0  listener
12:01:21 PM  1000     29439    0.00    0.00    0.00    0.00    0.00     5  listener
12:01:21 PM  1000     29442    1.00    1.00    0.00    0.00    2.00     6  listener
12:01:21 PM  1000     29444    0.00    1.00    0.00    0.00    1.00     4  listener
12:01:21 PM  1000     29446    0.00    1.00    0.00    0.00    1.00     6  listener
12:01:21 PM  1000     29498    0.00    1.00    0.00    0.00    1.00     6  listener
12:01:21 PM  1000     29520    1.00    1.00    0.00    0.00    2.00     3  listener
12:01:21 PM  1000     29549    0.00    0.00    0.00    0.00    0.00    13  listener
12:01:21 PM  1000     29551    1.00    0.00    0.00    0.00    1.00    10  listener
12:01:21 PM  1000     29560    1.00    0.00    0.00    0.00    1.00     3  listener
12:01:21 PM  1000     29573    0.00    1.00    0.00    0.00    1.00     6  listener
12:01:21 PM  1000     29584    0.00    0.00    0.00    0.00    0.00     1  listener
12:01:21 PM  1000     29604    1.00    1.00    0.00    0.00    2.00     5  listener
12:01:21 PM  1000     29607    0.00    1.00    0.00    0.00    1.00     8  listener
12:01:21 PM  1000     29644    1.00    0.00    0.00    0.00    1.00     6  listener
12:01:21 PM  1000     29646    0.00    0.00    0.00    0.00    0.00     5  listener
12:01:21 PM  1000     29657    0.00    1.00    0.00    0.00    1.00     6  listener
12:01:21 PM  1000     29731    0.00    0.00    0.00    0.00    0.00    15  listener
12:01:21 PM  1000     29778    1.00    0.00    0.00    0.00    1.00    15  listener
12:01:21 PM  1000     29780    0.00    0.00    0.00    0.00    0.00     6  listener
12:01:21 PM  1000     29791    0.00    1.00    0.00    0.00    1.00     8  listener
12:01:21 PM  1000     29810    0.00    1.00    0.00    0.00    1.00    10  listener
12:01:21 PM  1000     29866    1.00    0.00    0.00    0.00    1.00     8  listener

12:01:21 PM   UID       PID    %usr %system  %guest   %wait    %CPU   CPU  Command
12:01:22 PM  1000     28697    0.00    1.00    0.00    0.00    1.00     3  listener
12:01:22 PM  1000     28699    0.00    0.00    0.00    0.00    0.00     8  listener
12:01:22 PM  1000     28701    0.00    1.00    0.00    0.00    1.00     1  listener
12:01:22 PM  1000     28703    1.00    1.00    0.00    0.00    2.00     8  listener
12:01:22 PM  1000     28705    0.00    1.00    0.00    0.00    1.00    13  listener
12:01:22 PM  1000     28707    0.00    1.00    0.00    0.00    1.00     2  listener
12:01:22 PM  1000     28709    0.00    1.00    0.00    0.00    1.00     3  listener
12:01:22 PM  1000     28711    1.00    0.00    0.00    0.00    1.00     8  listener
12:01:22 PM  1000     28713    0.00    1.00    0.00    0.00    1.00     3  listener
12:01:22 PM  1000     28715    0.00    1.00    0.00    0.00    1.00     3  listener
12:01:22 PM  1000     28717    0.00    1.00    0.00    0.00    1.00     1  listener
12:01:22 PM  1000     28719    1.00    1.00    0.00    0.00    2.00     6  listener
12:01:22 PM  1000     28721    1.00    0.00    0.00    0.00    1.00     1  listener
12:01:22 PM  1000     28723    0.00    1.00    0.00    0.00    1.00    15  listener
12:01:22 PM  1000     28725    1.00    0.00    0.00    0.00    1.00     3  listener
12:01:22 PM  1000     28727    1.00    0.00    0.00    0.00    1.00    15  listener
12:01:22 PM  1000     28729    1.00    0.00    0.00    0.00    1.00     1  listener
12:01:22 PM  1000     28731    0.00    1.00    0.00    0.00    1.00    12  listener
12:01:22 PM  1000     28743    0.00    1.00    0.00    0.00    1.00     3  listener
12:01:22 PM  1000     28772    0.00    0.00    0.00    0.00    0.00    11  listener
12:01:22 PM  1000     28815    0.00    0.00    0.00    0.00    0.00    19  listener
12:01:22 PM  1000     28891    0.00    1.00    0.00    0.00    1.00    13  listener
12:01:22 PM  1000     28967    0.00    0.00    0.00    0.00    0.00     3  listener
12:01:22 PM  1000     29038    0.00    1.00    0.00    0.00    1.00    15  listener
12:01:22 PM  1000     29041    1.00    1.00    0.00    0.00    2.00     6  listener
12:01:22 PM  1000     29049    0.00    1.00    0.00    0.00    1.00     3  listener
12:01:22 PM  1000     29073    0.00    1.00    0.00    0.00    1.00    13  listener
12:01:22 PM  1000     29075    1.00    1.00    0.00    0.00    2.00    12  listener
12:01:22 PM  1000     29086    1.00    1.00    0.00    0.00    2.00     8  listener
12:01:22 PM  1000     29097    1.00    0.00    0.00    0.00    1.00    19  listener
12:01:22 PM  1000     29126    0.00    1.00    0.00    0.00    1.00    12  listener
12:01:22 PM  1000     29138    0.00    0.00    0.00    0.00    0.00    13  listener
12:01:22 PM  1000     29145    1.00    1.00    0.00    0.00    2.00     7  listener
12:01:22 PM  1000     29147    0.00    1.00    0.00    0.00    1.00     1  listener
12:01:22 PM  1000     29197    0.00    0.00    0.00    0.00    0.00     4  listener
12:01:22 PM  1000     29243    2.00    0.00    0.00    0.00    2.00     8  listener
12:01:22 PM  1000     29255    1.00    1.00    0.00    0.00    2.00    12  listener
12:01:22 PM  1000     29300    1.00    1.00    0.00    0.00    2.00     0  listener
12:01:22 PM  1000     29313    0.00    0.00    0.00    0.00    0.00     8  listener
12:01:22 PM  1000     29369    0.00    1.00    0.00    0.00    1.00    16  listener
12:01:22 PM  1000     29389    1.00    1.00    0.00    0.00    2.00     8  listener
12:01:22 PM  1000     29418    0.00    1.00    0.00    0.00    1.00     3  listener
12:01:22 PM  1000     29439    1.00    1.00    0.00    0.00    2.00     3  listener
12:01:22 PM  1000     29442    1.00    0.00    0.00    0.00    1.00     2  listener
12:01:22 PM  1000     29444    1.00    0.00    0.00    0.00    1.00     0  listener
12:01:22 PM  1000     29446    0.00    1.00    0.00    0.00    1.00    19  listener
12:01:22 PM  1000     29498    0.00    1.00    0.00    0.00    1.00     5  listener
12:01:22 PM  1000     29520    1.00    0.00    0.00    0.00    1.00    17  listener
12:01:22 PM  1000     29549    0.00    1.00    0.00    0.00    1.00     4  listener
12:01:22 PM  1000     29551    0.00    1.00    0.00    0.00    1.00    10  listener
12:01:22 PM  1000     29560    0.00    1.00    0.00    0.00    1.00     5  listener
12:01:22 PM  1000     29573    1.00    0.00    0.00    0.00    1.00     3  listener
12:01:22 PM  1000     29584    1.00    1.00    0.00    0.00    2.00     4  listener
12:01:22 PM  1000     29604    0.00    0.00    0.00    0.00    0.00     5  listener
12:01:22 PM  1000     29607    0.00    1.00    0.00    0.00    1.00     9  listener
12:01:22 PM  1000     29644    1.00    0.00    0.00    0.00    1.00    12  listener
12:01:22 PM  1000     29646    1.00    1.00    0.00    0.00    2.00    17  listener
12:01:22 PM  1000     29657    1.00    0.00    0.00    0.00    1.00     7  listener
12:01:22 PM  1000     29731    0.00    2.00    0.00    0.00    2.00    15  listener
12:01:22 PM  1000     29778    0.00    1.00    0.00    0.00    1.00     1  listener
12:01:22 PM  1000     29780    1.00    1.00    0.00    0.00    2.00     6  listener
12:01:22 PM  1000     29791    0.00    0.00    0.00    0.00    0.00     7  listener
12:01:22 PM  1000     29810    0.00    1.00    0.00    0.00    1.00     5  listener
12:01:22 PM  1000     29866    0.00    1.00    0.00    0.00    1.00     3  listener

Average:      UID       PID    %usr %system  %guest   %wait    %CPU   CPU  Command
Average:     1000     28697    0.47    0.47    0.00    0.00    0.93     -  listener
Average:     1000     28699    0.47    0.47    0.00    0.00    0.93     -  listener
Average:     1000     28701    0.45    0.45    0.00    0.00    0.90     -  listener
Average:     1000     28703    0.78    0.33    0.00    0.00    1.12     -  listener
Average:     1000     28705    0.40    0.52    0.00    0.00    0.92     -  listener
Average:     1000     28707    0.47    0.53    0.00    0.00    1.00     -  listener
Average:     1000     28709    0.42    0.43    0.00    0.00    0.85     -  listener
Average:     1000     28711    0.65    0.28    0.00    0.00    0.93     -  listener
Average:     1000     28713    0.35    0.62    0.00    0.00    0.97     -  listener
Average:     1000     28715    0.45    0.45    0.00    0.00    0.90     -  listener
Average:     1000     28717    0.43    0.57    0.00    0.00    1.00     -  listener
Average:     1000     28719    0.65    0.38    0.00    0.00    1.03     -  listener
Average:     1000     28721    0.48    0.52    0.00    0.00    1.00     -  listener
Average:     1000     28723    0.47    0.53    0.00    0.00    1.00     -  listener
Average:     1000     28725    0.48    0.50    0.00    0.00    0.98     -  listener
Average:     1000     28727    0.68    0.45    0.00    0.00    1.13     -  listener
Average:     1000     28729    0.43    0.48    0.00    0.00    0.92     -  listener
Average:     1000     28731    0.43    0.57    0.00    0.00    1.00     -  listener
Average:     1000     28743    0.38    0.48    0.00    0.00    0.87     -  listener
Average:     1000     28772    0.63    0.32    0.00    0.00    0.95     -  listener
Average:     1000     28815    0.38    0.48    0.00    0.00    0.87     -  listener
Average:     1000     28891    0.45    0.45    0.00    0.00    0.90     -  listener
Average:     1000     28967    0.43    0.45    0.00    0.00    0.88     -  listener
Average:     1000     29038    0.60    0.38    0.00    0.02    0.98     -  listener
Average:     1000     29041    0.37    0.55    0.00    0.00    0.92     -  listener
Average:     1000     29049    0.42    0.53    0.00    0.00    0.95     -  listener
Average:     1000     29073    0.38    0.55    0.00    0.02    0.93     -  listener
Average:     1000     29075    0.73    0.42    0.00    0.00    1.15     -  listener
Average:     1000     29086    0.32    0.70    0.00    0.00    1.02     -  listener
Average:     1000     29097    0.47    0.50    0.00    0.00    0.97     -  listener
Average:     1000     29126    0.48    0.52    0.00    0.00    1.00     -  listener
Average:     1000     29138    0.60    0.45    0.00    0.00    1.05     -  listener
Average:     1000     29145    0.40    0.58    0.00    0.02    0.98     -  listener
Average:     1000     29147    0.45    0.55    0.00    0.00    1.00     -  listener
Average:     1000     29197    0.38    0.55    0.00    0.00    0.93     -  listener
Average:     1000     29243    0.80    0.27    0.00    0.00    1.07     -  listener
Average:     1000     29255    0.45    0.52    0.00    0.00    0.97     -  listener
Average:     1000     29300    0.45    0.57    0.00    0.00    1.02     -  listener
Average:     1000     29313    0.40    0.60    0.00    0.00    1.00     -  listener
Average:     1000     29369    0.65    0.42    0.00    0.00    1.07     -  listener
Average:     1000     29389    0.40    0.65    0.00    0.00    1.05     -  listener
Average:     1000     29418    0.43    0.53    0.00    0.00    0.97     -  listener
Average:     1000     29439    0.42    0.55    0.00    0.02    0.97     -  listener
Average:     1000     29442    0.63    0.42    0.00    0.00    1.05     -  listener
Average:     1000     29444    0.45    0.52    0.00    0.00    0.97     -  listener
Average:     1000     29446    0.40    0.53    0.00    0.00    0.93     -  listener
Average:     1000     29498    0.40    0.53    0.00    0.00    0.93     -  listener
Average:     1000     29520    0.87    0.25    0.00    0.00    1.12     -  listener
Average:     1000     29549    0.38    0.58    0.00    0.00    0.97     -  listener
Average:     1000     29551    0.45    0.60    0.00    0.00    1.05     -  listener
Average:     1000     29560    0.48    0.52    0.00    0.00    1.00     -  listener
Average:     1000     29573    0.65    0.40    0.00    0.00    1.05     -  listener
Average:     1000     29584    0.45    0.48    0.00    0.02    0.93     -  listener
Average:     1000     29604    0.45    0.52    0.00    0.00    0.97     -  listener
Average:     1000     29607    0.45    0.52    0.00    0.00    0.97     -  listener
Average:     1000     29644    0.67    0.35    0.00    0.00    1.02     -  listener
Average:     1000     29646    0.45    0.52    0.00    0.02    0.97     -  listener
Average:     1000     29657    0.48    0.53    0.00    0.00    1.02     -  listener
Average:     1000     29731    0.42    0.48    0.00    0.00    0.90     -  listener
Average:     1000     29778    0.75    0.35    0.00    0.00    1.10     -  listener
Average:     1000     29780    0.47    0.45    0.00    0.00    0.92     -  listener
Average:     1000     29791    0.42    0.48    0.00    0.00    0.90     -  listener
Average:     1000     29810    0.42    0.53    0.00    0.00    0.95     -  listener
Average:     1000     29866    0.67    0.27    0.00    0.00    0.93     -  listener
